task_id,constraints_hash,constraint_type,n_x,n_c,qubo_string,families,n_qubits_pc,n_slack_pc,n_struct_pc,n_pen_pc,has_vcg_pc,vcg_missing_pc,sp_total_pc,sp_1q_pc,sp_2q_pc,sp_gates_pc,vcg_sp_gates_pc,layer_total_pc,layer_1q_pc,layer_2q_pc,layer_gates_pc,vcg_layer_gates_pc,n_qubits_p,n_slack_p,sp_total_p,sp_1q_p,sp_2q_p,sp_gates_p,layer_total_p,layer_1q_p,layer_2q_p,layer_gates_p
1,"['3*x_2*x_2 + 1*x_2*x_3 + 3*x_2*x_4 + 4*x_2*x_5 + 5*x_3*x_3 + 4*x_3*x_4 + 2*x_3*x_5 + 2*x_4*x_4 + 4*x_4*x_5 + 4*x_5*x_5 <= 17', 'x_0 + x_1 <= 0']",cardinality+quadratic_knapsack,6,2, -2*x_0 + -4*x_0 x_1 + 2*x_0 x_2 + 2*x_0 x_3 + 3*x_0 x_4 + -5*x_0 x_5 + -1*x_1 + 1*x_1 x_3 + -2*x_1 x_4 + -5*x_2 x_3 + 4*x_2 x_4 + 3*x_2 x_5 + 3*x_3 + -3*x_3 x_4 + 2*x_3 x_5 + -1*x_4 + 2*x_4 x_5 + 3*x_5,"['cardinality', 'quadratic_knapsack']",6,0,2,0,True,False,19,1,16,"{'RY': 1, 'CRY': 4, 'SWAP': 2, 'CNOT': 10, 'CC_RY': 2, 'CSWAP': 0}","{'RY': 1, 'CRY': 4, 'SWAP': 2, 'CNOT': 10, 'CC_RY': 2, 'CSWAP': 0}",93,30,59,"{'CNOT': 46, 'RZ': 19, 'X': 4, 'PhaseShift': 1, 'CRZ': 1, 'RX': 4, 'RY': 2, 'CRY': 8, 'SWAP': 4, 'CC_RY': 4, 'CSWAP': 0}","{'RY': 2, 'CRY': 8, 'SWAP': 4, 'CNOT': 20, 'CC_RY': 4, 'CSWAP': 0}",11,5,5,5,0,{'Hadamard': 5},664,664,790,"{'CNOT': 790, 'RZ': 653, 'RX': 11}"
2,"['x_0 + x_1 + x_2 + x_3 <= 2', 'x_4 + x_5 + x_6 >= 0']",cardinality+cardinality,7,2, -4*x_0 + -1*x_0 x_1 + 4*x_0 x_2 + 2*x_0 x_3 + -5*x_0 x_4 + 2*x_0 x_5 + -5*x_0 x_6 + 3*x_1 + 3*x_1 x_2 + 4*x_1 x_4 + 3*x_1 x_5 + -2*x_1 x_6 + -5*x_2 + 2*x_2 x_3 + -5*x_2 x_4 + 1*x_2 x_5 + 3*x_2 x_6 + -5*x_3 + -4*x_3 x_4 + 4*x_3 x_5 + 1*x_3 x_6 + -4*x_4 + -5*x_4 x_5 + -5*x_4 x_6 + -3*x_5 x_6 + 3*x_6,"['cardinality', 'cardinality']",7,0,2,0,True,True,19,1,16,"{'RY': 1, 'CRY': 4, 'SWAP': 2, 'CNOT': 10, 'C(RY, num_ctrl_wires=2,num_zero_ctrl=0)': 2}",{},120,41,73,"{'CNOT': 60, 'RZ': 27, 'RY': 2, 'CRY': 8, 'SWAP': 4, 'C(RY, num_ctrl_wires=2,num_zero_ctrl=0)': 4, 'X': 8, 'PhaseShift': 1, 'CRZ': 1, 'C(RZ, num_ctrl_wires=2,num_zero_ctrl=0)': 1, 'C(RZ, num_ctrl_wires=3,num_zero_ctrl=0)': 1, 'RX': 3}",{},11,4,4,4,0,{'Hadamard': 4},130,130,90,"{'CNOT': 90, 'RZ': 119, 'RX': 11}"
3,"['6*x_5 + 2*x_6 + 2*x_7 <= 3', '9*x_0 + 2*x_1 + 1*x_2 + 9*x_3 + 6*x_4 <= 13']",knapsack+knapsack,8,2, 2*x_0 + 3*x_0 x_1 + -2*x_0 x_3 + -1*x_0 x_4 + 3*x_0 x_5 + 4*x_0 x_6 + -5*x_0 x_7 + 4*x_1 + 2*x_1 x_2 + -4*x_1 x_3 + -2*x_1 x_4 + -4*x_1 x_5 + -3*x_1 x_6 + -2*x_1 x_7 + -4*x_2 x_3 + 2*x_2 x_4 + 3*x_2 x_5 + 1*x_2 x_6 + -4*x_2 x_7 + 1*x_3 + -1*x_3 x_4 + 3*x_3 x_5 + -1*x_3 x_6 + -5*x_4 + -4*x_4 x_5 + -5*x_4 x_6 + -3*x_4 x_7 + 3*x_5 + 4*x_5 x_6 + -3*x_5 x_7 + -3*x_7,"['knapsack', 'knapsack']",8,0,2,0,True,False,67,45,22,"{'Hadamard': 8, 'CNOT': 22, 'RZ': 19, 'RX': 18}","{'Hadamard': 8, 'CNOT': 22, 'RZ': 19, 'RX': 18}",223,129,94,"{'CNOT': 94, 'RZ': 69, 'RX': 44, 'Hadamard': 16}","{'Hadamard': 16, 'CNOT': 44, 'RZ': 38, 'RX': 36}",14,6,6,6,0,{'Hadamard': 6},211,211,142,"{'CNOT': 142, 'RZ': 197, 'RX': 14}"
4,"['x_0 + x_1 + x_2 == 2', 'x_3 + x_4 + x_5 + x_6 <= 1']",cardinality+cardinality,7,2, -3*x_0 + -4*x_0 x_1 + -4*x_0 x_2 + -1*x_0 x_4 + 4*x_0 x_5 + 2*x_0 x_6 + 4*x_1 + 4*x_1 x_2 + -1*x_1 x_3 + -1*x_1 x_4 + 1*x_1 x_5 + -1*x_1 x_6 + -3*x_2 + -4*x_2 x_3 + -2*x_2 x_4 + 1*x_2 x_6 + -1*x_3 + 4*x_3 x_4 + -1*x_3 x_5 + -3*x_3 x_6 + -1*x_4 + -3*x_4 x_5 + 2*x_5 + 3*x_5 x_6 + -1*x_6,"['cardinality', 'cardinality']",7,0,2,0,False,False,24,3,20,"{'X': 2, 'CNOT': 11, 'CRY': 6, 'CSWAP': 1, 'SWAP': 3, 'RY': 1}",{},108,41,65,"{'CNOT': 54, 'RZ': 24, 'RY': 8, 'CRY': 6, 'SWAP': 4, 'X': 8, 'PhaseShift': 1, 'CRZ': 1, 'C(RZ, num_ctrl_wires=2,num_zero_ctrl=0)': 1, 'C(RZ, num_ctrl_wires=3,num_zero_ctrl=0)': 1}",{},8,1,1,1,0,{'Hadamard': 1},87,87,62,"{'CNOT': 62, 'RZ': 79, 'RX': 8}"
5,"['3*x_0 + 1*x_1 + 4*x_2 + 8*x_3 <= 7', 'x_4 + x_5 + x_6 + x_7 == 4']",knapsack+cardinality,8,2, 1*x_0 + -5*x_0 x_1 + -1*x_0 x_2 + 4*x_0 x_3 + -2*x_0 x_4 + 2*x_0 x_5 + -1*x_0 x_6 + 1*x_1 x_2 + -5*x_1 x_3 + -1*x_1 x_4 + 2*x_1 x_5 + 3*x_1 x_6 + -4*x_1 x_7 + -4*x_2 + -5*x_2 x_3 + -5*x_2 x_4 + -3*x_2 x_5 + 3*x_2 x_7 + -5*x_3 + -2*x_3 x_4 + -1*x_3 x_5 + -2*x_3 x_6 + -4*x_3 x_7 + -2*x_4 + 3*x_4 x_5 + -4*x_4 x_6 + 4*x_4 x_7 + -5*x_5 + -3*x_5 x_7 + -5*x_6 + -1*x_6 x_7,"['knapsack', 'cardinality']",8,0,2,0,True,False,61,27,34,"{'X': 4, 'Hadamard': 4, 'CNOT': 34, 'RZ': 15, 'RX': 4}","{'Hadamard': 4, 'CNOT': 34, 'RZ': 15, 'RX': 4}",217,91,126,"{'CNOT': 126, 'RZ': 63, 'RY': 8, 'RX': 12, 'Hadamard': 8}","{'Hadamard': 8, 'CNOT': 68, 'RZ': 30, 'RX': 8}",11,3,3,3,0,{'Hadamard': 3},147,147,104,"{'CNOT': 104, 'RZ': 136, 'RX': 11}"
6,"['5*x_0*x_0 + 1*x_0*x_1 + 2*x_0*x_2 + 5*x_1*x_1 + 1*x_1*x_2 + 3*x_2*x_2 <= 6', '6*x_3 + 2*x_4 + 2*x_5 <= 3']",quadratic_knapsack+knapsack,6,2, -4*x_0 + 2*x_0 x_1 + -4*x_0 x_2 + 1*x_0 x_3 + -4*x_0 x_4 + 1*x_1 + 4*x_1 x_2 + -3*x_1 x_3 + -1*x_1 x_5 + 2*x_2 + 4*x_2 x_3 + -1*x_2 x_4 + 3*x_3 + 4*x_3 x_4 + -4*x_3 x_5 + -1*x_4 + 3*x_4 x_5 + -1*x_5,"['quadratic_knapsack', 'knapsack']",6,0,2,0,True,False,31,14,17,"{'RY': 1, 'CRY': 2, 'SWAP': 1, 'CNOT': 14, 'CC_RY': 0, 'CSWAP': 0, 'Hadamard': 3, 'RZ': 7, 'RX': 3}","{'RY': 1, 'CRY': 2, 'SWAP': 1, 'CNOT': 14, 'CC_RY': 0, 'CSWAP': 0, 'Hadamard': 3, 'RZ': 7, 'RX': 3}",109,51,58,"{'CNOT': 52, 'RZ': 31, 'RX': 12, 'RY': 2, 'CRY': 4, 'SWAP': 2, 'CC_RY': 0, 'CSWAP': 0, 'Hadamard': 6}","{'RY': 2, 'CRY': 4, 'SWAP': 2, 'CNOT': 28, 'CC_RY': 0, 'CSWAP': 0, 'Hadamard': 6, 'RZ': 14, 'RX': 6}",11,5,5,5,0,{'Hadamard': 5},272,272,248,"{'CNOT': 248, 'RZ': 261, 'RX': 11}"
7,"['2*x_3 + 5*x_4 + 2*x_5 <= 5', '5*x_0*x_0 + 3*x_0*x_1 + 5*x_0*x_2 + 4*x_1*x_1 + 5*x_1*x_2 + 3*x_2*x_2 <= 14']",quadratic_knapsack+knapsack,6,2, 4*x_0 + 4*x_0 x_1 + -3*x_0 x_2 + -2*x_0 x_3 + -5*x_0 x_4 + 4*x_0 x_5 + -2*x_1 + -5*x_1 x_2 + -2*x_1 x_3 + 3*x_1 x_4 + -5*x_1 x_5 + -1*x_2 + -3*x_2 x_3 + -5*x_2 x_4 + 2*x_2 x_5 + 2*x_3 + 3*x_3 x_4 + -1*x_3 x_5 + -4*x_4 + -2*x_4 x_5 + -2*x_5,"['quadratic_knapsack', 'knapsack']",6,0,2,0,True,False,75,34,40,"{'RY': 1, 'CRY': 3, 'SWAP': 1, 'CNOT': 36, 'CC_RY': 1, 'CSWAP': 0, 'Hadamard': 3, 'RZ': 21, 'RX': 9}","{'RY': 1, 'CRY': 3, 'SWAP': 1, 'CNOT': 36, 'CC_RY': 1, 'CSWAP': 0, 'Hadamard': 3, 'RZ': 21, 'RX': 9}",207,95,110,"{'CNOT': 102, 'RZ': 63, 'RX': 24, 'RY': 2, 'CRY': 6, 'SWAP': 2, 'CC_RY': 2, 'CSWAP': 0, 'Hadamard': 6}","{'RY': 2, 'CRY': 6, 'SWAP': 2, 'CNOT': 72, 'CC_RY': 2, 'CSWAP': 0, 'Hadamard': 6, 'RZ': 42, 'RX': 18}",13,7,7,7,0,{'Hadamard': 7},336,336,306,"{'CNOT': 306, 'RZ': 323, 'RX': 13}"
8,"['x_0 + x_1 + x_2 == 1', 'x_3 + x_4 - x_5 - x_6 == 0']",assignment+flow,7,2, -4*x_0 + 4*x_0 x_1 + -2*x_0 x_2 + -2*x_0 x_3 + 4*x_0 x_4 + -5*x_0 x_5 + -1*x_0 x_6 + -3*x_1 x_2 + 4*x_1 x_3 + 2*x_1 x_4 + 1*x_1 x_5 + -5*x_1 x_6 + -5*x_2 + -4*x_2 x_3 + 1*x_2 x_4 + -3*x_2 x_5 + 2*x_2 x_6 + -3*x_3 + 3*x_3 x_4 + 4*x_4 + -2*x_4 x_5 + 1*x_4 x_6 + -4*x_5 + -4*x_5 x_6 + -5*x_6,"['assignment', 'flow']",7,0,2,0,False,False,17,2,15,"{'X': 1, 'CNOT': 8, 'CRY': 5, 'SWAP': 2, 'RY': 1}",{},92,40,52,"{'CNOT': 52, 'RZ': 26, 'RY': 14}",{},7,0,0,0,0,{},70,70,56,"{'CNOT': 56, 'RZ': 63, 'RX': 7}"
9,"['1*x_2*x_2 + 5*x_2*x_3 + 4*x_2*x_4 + 2*x_3*x_3 + 2*x_3*x_4 + 2*x_4*x_4 <= 8', 'x_0 + x_1 <= 2']",cardinality+quadratic_knapsack,5,2, 1*x_0 + 2*x_0 x_1 + -2*x_0 x_2 + 1*x_0 x_3 + 2*x_0 x_4 + -2*x_1 + -1*x_1 x_2 + -2*x_1 x_3 + 2*x_1 x_4 + -1*x_2 + -1*x_2 x_3 + -2*x_2 x_4 + -4*x_3 + 4*x_3 x_4 + 3*x_4,"['cardinality', 'quadratic_knapsack']",5,0,2,0,True,False,18,2,15,"{'RY': 2, 'CRY': 5, 'SWAP': 2, 'CNOT': 8, 'CC_RY': 1, 'CSWAP': 0}","{'RY': 1, 'CRY': 3, 'SWAP': 1, 'CNOT': 6, 'CC_RY': 1, 'CSWAP': 0}",80,27,51,"{'CNOT': 36, 'RZ': 15, 'RY': 4, 'CRY': 10, 'SWAP': 4, 'X': 4, 'PhaseShift': 1, 'CRZ': 1, 'RX': 3, 'CC_RY': 2, 'CSWAP': 0}","{'RY': 2, 'CRY': 6, 'SWAP': 2, 'CNOT': 12, 'CC_RY': 2, 'CSWAP': 0}",11,6,6,6,0,{'Hadamard': 6},297,297,278,"{'CNOT': 278, 'RZ': 286, 'RX': 11}"
10,"['1*x_0*x_0 + 5*x_0*x_1 + 3*x_0*x_2 + 4*x_1*x_1 + 2*x_1*x_2 + 4*x_2*x_2 <= 7', 'x_3 + x_4 + x_5 + x_6 >= 3']",quadratic_knapsack+cardinality,7,2, -4*x_0 + -1*x_0 x_1 + 4*x_0 x_2 + 2*x_0 x_3 + -5*x_0 x_4 + 2*x_0 x_5 + -5*x_0 x_6 + 3*x_1 + 3*x_1 x_2 + 4*x_1 x_4 + 3*x_1 x_5 + -2*x_1 x_6 + -5*x_2 + 2*x_2 x_3 + -5*x_2 x_4 + 1*x_2 x_5 + 3*x_2 x_6 + -5*x_3 + -4*x_3 x_4 + 4*x_3 x_5 + 1*x_3 x_6 + -4*x_4 + -5*x_4 x_5 + -5*x_4 x_6 + -3*x_5 x_6 + 3*x_6,"['quadratic_knapsack', 'cardinality']",7,0,2,0,True,True,8,1,7,"{'RY': 1, 'CRY': 2, 'SWAP': 1, 'CNOT': 4, 'CC_RY': 0, 'CSWAP': 0}","{'RY': 1, 'CRY': 2, 'SWAP': 1, 'CNOT': 4, 'CC_RY': 0, 'CSWAP': 0}",90,36,54,"{'CNOT': 48, 'RZ': 27, 'RX': 7, 'RY': 2, 'CRY': 4, 'SWAP': 2, 'CC_RY': 0, 'CSWAP': 0}","{'RY': 2, 'CRY': 4, 'SWAP': 2, 'CNOT': 8, 'CC_RY': 0, 'CSWAP': 0}",11,4,4,4,0,{'Hadamard': 4},282,282,264,"{'CNOT': 264, 'RZ': 271, 'RX': 11}"
11,"['5*x_4*x_4 + 3*x_4*x_5 + 5*x_4*x_6 + 4*x_5*x_5 + 5*x_5*x_6 + 3*x_6*x_6 <= 14', '7*x_0 + 7*x_1 + 10*x_2 + 2*x_3 <= 10']",knapsack+quadratic_knapsack,7,2, -3*x_0 + -4*x_0 x_1 + -4*x_0 x_2 + -1*x_0 x_4 + 4*x_0 x_5 + 2*x_0 x_6 + 4*x_1 + 4*x_1 x_2 + -1*x_1 x_3 + -1*x_1 x_4 + 1*x_1 x_5 + -1*x_1 x_6 + -3*x_2 + -4*x_2 x_3 + -2*x_2 x_4 + 1*x_2 x_6 + -1*x_3 + 4*x_3 x_4 + -1*x_3 x_5 + -3*x_3 x_6 + -1*x_4 + -3*x_4 x_5 + 2*x_5 + 3*x_5 x_6 + -1*x_6,"['knapsack', 'quadratic_knapsack']",7,0,2,0,True,False,281,100,180,"{'Hadamard': 4, 'CNOT': 176, 'RZ': 75, 'RX': 20, 'RY': 1, 'CRY': 3, 'SWAP': 1, 'CC_RY': 1, 'CSWAP': 0}","{'Hadamard': 4, 'CNOT': 176, 'RZ': 75, 'RX': 20, 'RY': 1, 'CRY': 3, 'SWAP': 1, 'CC_RY': 1, 'CSWAP': 0}",629,231,396,"{'CNOT': 388, 'RZ': 174, 'RX': 47, 'Hadamard': 8, 'RY': 2, 'CRY': 6, 'SWAP': 2, 'CC_RY': 2, 'CSWAP': 0}","{'Hadamard': 8, 'CNOT': 352, 'RZ': 150, 'RX': 40, 'RY': 2, 'CRY': 6, 'SWAP': 2, 'CC_RY': 2, 'CSWAP': 0}",15,8,8,8,0,{'Hadamard': 8},384,384,338,"{'CNOT': 338, 'RZ': 369, 'RX': 15}"
12,"['3*x_0 + 8*x_1 + 3*x_2 <= 5', 'x_3 + x_4 + x_5 + x_6 + x_7 >= 0']",knapsack+cardinality,8,2, -1*x_0 + -4*x_0 x_1 + 1*x_0 x_2 + 3*x_0 x_3 + -1*x_0 x_4 + -1*x_0 x_5 + -1*x_0 x_6 + 1*x_0 x_7 + 4*x_1 + -3*x_1 x_2 + 3*x_1 x_3 + 4*x_1 x_4 + -5*x_1 x_5 + -2*x_1 x_6 + -1*x_1 x_7 + -3*x_2 x_3 + -5*x_2 x_4 + 2*x_2 x_5 + -4*x_2 x_6 + -3*x_2 x_7 + -2*x_3 + 4*x_3 x_4 + -1*x_3 x_6 + -5*x_3 x_7 + -5*x_4 + -4*x_4 x_5 + 4*x_4 x_6 + -1*x_4 x_7 + -1*x_5 + 2*x_5 x_6 + 3*x_5 x_7 + -4*x_6 + -5*x_6 x_7,"['knapsack', 'cardinality']",8,0,2,0,True,True,103,53,50,"{'Hadamard': 3, 'CNOT': 50, 'RZ': 35, 'RX': 15}","{'Hadamard': 3, 'CNOT': 50, 'RZ': 35, 'RX': 15}",302,148,154,"{'CNOT': 154, 'RZ': 104, 'RX': 38, 'Hadamard': 6}","{'Hadamard': 6, 'CNOT': 100, 'RZ': 70, 'RX': 30}",14,6,6,6,0,{'Hadamard': 6},197,197,140,"{'CNOT': 140, 'RZ': 183, 'RX': 14}"
13,"['2*x_0*x_0 + 5*x_0*x_1 + 2*x_0*x_2 + 2*x_1*x_1 + 1*x_1*x_2 + 1*x_2*x_2 <= 7', 'x_3 + x_4 + x_5 + x_6 + x_7 == 5']",quadratic_knapsack+cardinality,8,2, 2*x_0 + 3*x_0 x_1 + -2*x_0 x_3 + -1*x_0 x_4 + 3*x_0 x_5 + 4*x_0 x_6 + -5*x_0 x_7 + 4*x_1 + 2*x_1 x_2 + -4*x_1 x_3 + -2*x_1 x_4 + -4*x_1 x_5 + -3*x_1 x_6 + -2*x_1 x_7 + -4*x_2 x_3 + 2*x_2 x_4 + 3*x_2 x_5 + 1*x_2 x_6 + -4*x_2 x_7 + 1*x_3 + -1*x_3 x_4 + 3*x_3 x_5 + -1*x_3 x_6 + -5*x_4 + -4*x_4 x_5 + -5*x_4 x_6 + -3*x_4 x_7 + 3*x_5 + 4*x_5 x_6 + -3*x_5 x_7 + -3*x_7,"['quadratic_knapsack', 'cardinality']",8,0,2,0,True,False,56,44,12,"{'X': 5, 'Hadamard': 3, 'CNOT': 12, 'RZ': 18, 'RX': 18}","{'Hadamard': 3, 'CNOT': 12, 'RZ': 18, 'RX': 18}",206,122,84,"{'CNOT': 84, 'RZ': 67, 'RY': 10, 'RX': 39, 'Hadamard': 6}","{'Hadamard': 6, 'CNOT': 24, 'RZ': 36, 'RX': 36}",11,3,3,3,0,{'Hadamard': 3},286,286,274,"{'CNOT': 274, 'RZ': 275, 'RX': 11}"
14,"['2*x_0*x_0 + 5*x_0*x_1 + 4*x_0*x_2 + 2*x_0*x_3 + 4*x_0*x_4 + 5*x_1*x_1 + 5*x_1*x_2 + 2*x_1*x_3 + 1*x_1*x_4 + 4*x_2*x_2 + 1*x_2*x_3 + 2*x_2*x_4 + 5*x_3*x_3 + 4*x_3*x_4 + 2*x_4*x_4 <= 29', 'x_5 + x_6 <= 1']",quadratic_knapsack+cardinality,7,2, 3*x_0 x_2 + 3*x_0 x_3 + 3*x_0 x_4 + -1*x_0 x_5 + 4*x_0 x_6 + -2*x_1 + -2*x_1 x_3 + 2*x_1 x_4 + -5*x_1 x_5 + 3*x_1 x_6 + 1*x_2 + -3*x_2 x_3 + -5*x_2 x_4 + 2*x_2 x_5 + 1*x_2 x_6 + 4*x_3 + -1*x_3 x_5 + -2*x_3 x_6 + -4*x_4 + 3*x_4 x_5 + -1*x_4 x_6 + -4*x_5 + 2*x_5 x_6 + -1*x_6,"['quadratic_knapsack', 'cardinality']",7,0,2,0,True,False,37,2,30,"{'RY': 2, 'CRY': 7, 'SWAP': 3, 'CNOT': 20, 'CC_RY': 5, 'CSWAP': 0}","{'RY': 1, 'CRY': 6, 'SWAP': 2, 'CNOT': 18, 'CC_RY': 5, 'CSWAP': 0}",145,38,97,"{'CNOT': 76, 'RZ': 24, 'RY': 4, 'CRY': 14, 'SWAP': 6, 'X': 4, 'PhaseShift': 1, 'CRZ': 1, 'RX': 5, 'CC_RY': 10, 'CSWAP': 0}","{'RY': 2, 'CRY': 12, 'SWAP': 4, 'CNOT': 36, 'CC_RY': 10, 'CSWAP': 0}",13,6,6,6,0,{'Hadamard': 6},1332,1332,1822,"{'CNOT': 1822, 'RZ': 1319, 'RX': 13}"
15,"['1*x_0*x_0 + 4*x_0*x_1 + 1*x_0*x_2 + 5*x_0*x_3 + 2*x_1*x_1 + 3*x_1*x_2 + 3*x_1*x_3 + 5*x_2*x_2 + 4*x_2*x_3 + 5*x_3*x_3 <= 22', '3*x_4 + 1*x_5 + 4*x_6 + 8*x_7 <= 7']",quadratic_knapsack+knapsack,8,2, 1*x_0 + -5*x_0 x_1 + -1*x_0 x_2 + 4*x_0 x_3 + -2*x_0 x_4 + 2*x_0 x_5 + -1*x_0 x_6 + 1*x_1 x_2 + -5*x_1 x_3 + -1*x_1 x_4 + 2*x_1 x_5 + 3*x_1 x_6 + -4*x_1 x_7 + -4*x_2 + -5*x_2 x_3 + -5*x_2 x_4 + -3*x_2 x_5 + 3*x_2 x_7 + -5*x_3 + -2*x_3 x_4 + -1*x_3 x_5 + -2*x_3 x_6 + -4*x_3 x_7 + -2*x_4 + 3*x_4 x_5 + -4*x_4 x_6 + 4*x_4 x_7 + -5*x_5 + -3*x_5 x_7 + -5*x_6 + -1*x_6 x_7,"['quadratic_knapsack', 'knapsack']",8,0,2,0,True,False,80,24,53,"{'RY': 1, 'CRY': 5, 'SWAP': 2, 'CNOT': 46, 'CC_RY': 3, 'CSWAP': 0, 'Hadamard': 4, 'RZ': 15, 'RX': 4}","{'RY': 1, 'CRY': 5, 'SWAP': 2, 'CNOT': 46, 'CC_RY': 3, 'CSWAP': 0, 'Hadamard': 4, 'RZ': 15, 'RX': 4}",251,89,156,"{'CNOT': 142, 'RZ': 63, 'RX': 16, 'RY': 2, 'CRY': 10, 'SWAP': 4, 'CC_RY': 6, 'CSWAP': 0, 'Hadamard': 8}","{'RY': 2, 'CRY': 10, 'SWAP': 4, 'CNOT': 92, 'CC_RY': 6, 'CSWAP': 0, 'Hadamard': 8, 'RZ': 30, 'RX': 8}",16,8,8,8,0,{'Hadamard': 8},755,755,854,"{'CNOT': 854, 'RZ': 739, 'RX': 16}"
16,"['2*x_3 + 2*x_4 + 9*x_5 + 10*x_6 + 4*x_7 <= 18', 'x_0 + x_1 + x_2 >= 2']",cardinality+knapsack,8,2, 2*x_0 + -5*x_0 x_1 + 2*x_0 x_2 + 3*x_0 x_3 + -4*x_0 x_4 + -1*x_0 x_5 + -3*x_0 x_6 + -2*x_0 x_7 + 2*x_1 + -5*x_1 x_2 + 3*x_1 x_3 + -2*x_1 x_4 + 4*x_1 x_5 + -5*x_1 x_6 + 1*x_1 x_7 + -5*x_2 + 4*x_2 x_3 + 4*x_2 x_4 + -1*x_2 x_5 + -5*x_2 x_7 + -1*x_3 + 1*x_3 x_4 + 1*x_3 x_5 + 4*x_3 x_6 + 3*x_3 x_7 + -1*x_4 + -5*x_4 x_5 + -2*x_4 x_6 + -2*x_4 x_7 + -3*x_5 + -4*x_5 x_7 + 4*x_6 + 3*x_6 x_7 + -1*x_7,"['cardinality', 'knapsack']",8,0,2,0,True,True,35,29,6,"{'Hadamard': 5, 'CNOT': 6, 'RZ': 9, 'RX': 15}","{'Hadamard': 5, 'CNOT': 6, 'RZ': 9, 'RX': 15}",164,100,64,"{'CNOT': 64, 'RZ': 52, 'RX': 38, 'Hadamard': 10}","{'Hadamard': 10, 'CNOT': 12, 'RZ': 18, 'RX': 30}",14,6,6,6,0,{'Hadamard': 6},229,229,154,"{'CNOT': 154, 'RZ': 215, 'RX': 14}"
17,"['2*x_0*x_0 + 5*x_0*x_1 + 2*x_0*x_2 + 2*x_1*x_1 + 1*x_1*x_2 + 1*x_2*x_2 <= 7', '3*x_3*x_3 + 1*x_3*x_4 + 3*x_3*x_5 + 5*x_4*x_4 + 2*x_4*x_5 + 2*x_5*x_5 <= 8']",quadratic_knapsack+quadratic_knapsack,6,2, 2*x_0 + -5*x_0 x_1 + 2*x_0 x_2 + -4*x_0 x_3 + -2*x_0 x_4 + 4*x_0 x_5 + -4*x_1 + -5*x_1 x_2 + -5*x_1 x_3 + -5*x_1 x_4 + -5*x_1 x_5 + 1*x_2 + 4*x_2 x_3 + -1*x_2 x_4 + -1*x_2 x_5 + -5*x_3 + -5*x_3 x_5 + -1*x_4 + 1*x_4 x_5 + -1*x_5,"['quadratic_knapsack', 'quadratic_knapsack']",6,0,2,0,True,False,74,52,22,"{'Hadamard': 6, 'CNOT': 22, 'RZ': 25, 'RX': 21}","{'Hadamard': 6, 'CNOT': 22, 'RZ': 25, 'RX': 21}",202,130,72,"{'CNOT': 72, 'RZ': 70, 'RX': 48, 'Hadamard': 12}","{'Hadamard': 12, 'CNOT': 44, 'RZ': 50, 'RX': 42}",13,7,7,7,0,{'Hadamard': 7},482,482,478,"{'CNOT': 478, 'RZ': 469, 'RX': 13}"
18,"['2*x_5 + 7*x_6 + 7*x_7 <= 7', 'x_0 + x_1 + x_2 + x_3 + x_4 == 1']",cardinality+knapsack,8,2, 2*x_0 + -5*x_0 x_1 + 2*x_0 x_2 + 3*x_0 x_3 + -4*x_0 x_4 + -1*x_0 x_5 + -3*x_0 x_6 + -2*x_0 x_7 + 2*x_1 + -5*x_1 x_2 + 3*x_1 x_3 + -2*x_1 x_4 + 4*x_1 x_5 + -5*x_1 x_6 + 1*x_1 x_7 + -5*x_2 + 4*x_2 x_3 + 4*x_2 x_4 + -1*x_2 x_5 + -5*x_2 x_7 + -1*x_3 + 1*x_3 x_4 + 1*x_3 x_5 + 4*x_3 x_6 + 3*x_3 x_7 + -1*x_4 + -5*x_4 x_5 + -2*x_4 x_6 + -2*x_4 x_7 + -3*x_5 + -4*x_5 x_7 + 4*x_6 + 3*x_6 x_7 + -1*x_7,"['cardinality', 'knapsack']",8,0,2,0,True,False,17,2,15,"{'X': 1, 'CNOT': 8, 'CRY': 6, 'RY': 1, 'SWAP': 1, 'CC_RY': 0, 'CSWAP': 0}","{'RY': 1, 'CRY': 2, 'SWAP': 1, 'CNOT': 4, 'CC_RY': 0, 'CSWAP': 0}",125,49,76,"{'CNOT': 70, 'RZ': 34, 'RY': 12, 'RX': 3, 'CRY': 4, 'SWAP': 2, 'CC_RY': 0, 'CSWAP': 0}","{'RY': 2, 'CRY': 4, 'SWAP': 2, 'CNOT': 8, 'CC_RY': 0, 'CSWAP': 0}",11,3,3,3,0,{'Hadamard': 3},142,142,102,"{'CNOT': 102, 'RZ': 131, 'RX': 11}"
19,"['9*x_0 + 9*x_1 + 4*x_2 + 1*x_3 <= 9', 'x_4 - x_5 - x_6 - x_7 == 0']",knapsack+flow,8,2, -3*x_0 + -3*x_0 x_1 + 2*x_0 x_2 + 2*x_0 x_3 + 3*x_0 x_4 + -5*x_0 x_5 + -5*x_0 x_6 + -5*x_0 x_7 + -4*x_1 + -2*x_1 x_2 + 1*x_1 x_3 + -4*x_1 x_4 + 2*x_1 x_6 + 1*x_1 x_7 + -4*x_2 x_3 + 4*x_2 x_4 + -2*x_2 x_5 + 3*x_2 x_6 + -3*x_2 x_7 + -1*x_3 + -3*x_3 x_4 + -2*x_3 x_5 + -2*x_3 x_6 + -3*x_3 x_7 + -2*x_4 + 1*x_4 x_5 + -5*x_4 x_6 + -1*x_4 x_7 + -4*x_5 + 3*x_5 x_6 + 2*x_5 x_7 + -2*x_6 x_7 + -3*x_7,"['knapsack', 'flow']",8,0,2,0,True,False,75,31,44,"{'RY': 1, 'CRY': 2, 'CNOT': 41, 'SWAP': 1, 'Hadamard': 4, 'RZ': 18, 'RX': 8}","{'Hadamard': 4, 'CNOT': 36, 'RZ': 18, 'RX': 8}",241,107,134,"{'CNOT': 134, 'RZ': 71, 'RY': 8, 'RX': 20, 'Hadamard': 8}","{'Hadamard': 8, 'CNOT': 72, 'RZ': 36, 'RX': 16}",12,4,4,4,0,{'Hadamard': 4},169,169,122,"{'CNOT': 122, 'RZ': 157, 'RX': 12}"
20,"['x_0 + x_1 + x_2 >= 2', 'x_3 + x_4 + x_5 + x_6 + x_7 <= 5']",cardinality+cardinality,8,2, 2*x_0 + -5*x_0 x_1 + 2*x_0 x_2 + 3*x_0 x_3 + -4*x_0 x_4 + -1*x_0 x_5 + -3*x_0 x_6 + -2*x_0 x_7 + 2*x_1 + -5*x_1 x_2 + 3*x_1 x_3 + -2*x_1 x_4 + 4*x_1 x_5 + -5*x_1 x_6 + 1*x_1 x_7 + -5*x_2 + 4*x_2 x_3 + 4*x_2 x_4 + -1*x_2 x_5 + -5*x_2 x_7 + -1*x_3 + 1*x_3 x_4 + 1*x_3 x_5 + 4*x_3 x_6 + 3*x_3 x_7 + -1*x_4 + -5*x_4 x_5 + -2*x_4 x_6 + -2*x_4 x_7 + -3*x_5 + -4*x_5 x_7 + 4*x_6 + 3*x_6 x_7 + -1*x_7,"['cardinality', 'cardinality']",8,0,2,0,True,True,37,1,30,"{'RY': 1, 'CRY': 8, 'SWAP': 2, 'CNOT': 20, 'C(RY, num_ctrl_wires=2,num_zero_ctrl=0)': 6}",{},178,50,113,"{'CNOT': 92, 'RZ': 34, 'RY': 2, 'CRY': 16, 'SWAP': 4, 'C(RY, num_ctrl_wires=2,num_zero_ctrl=0)': 12, 'X': 10, 'PhaseShift': 1, 'CRZ': 1, 'C(RZ, num_ctrl_wires=2,num_zero_ctrl=0)': 1, 'C(RZ, num_ctrl_wires=3,num_zero_ctrl=0)': 1, 'C(RZ, num_ctrl_wires=4,num_zero_ctrl=0)': 1, 'RX': 3}",{},12,4,4,4,0,{'Hadamard': 4},172,172,120,"{'CNOT': 120, 'RZ': 160, 'RX': 12}"
21,"['5*x_3*x_3 + 3*x_3*x_4 + 5*x_3*x_5 + 4*x_4*x_4 + 5*x_4*x_5 + 3*x_5*x_5 <= 14', 'x_0 + x_1 + x_2 == 1']",cardinality+quadratic_knapsack,6,2, 4*x_0 + -1*x_0 x_1 + 3*x_0 x_2 + -1*x_0 x_3 + -4*x_0 x_4 + 1*x_0 x_5 + 3*x_1 + 1*x_1 x_2 + -3*x_1 x_3 + -5*x_1 x_4 + -2*x_1 x_5 + -2*x_2 + -4*x_2 x_3 + -3*x_2 x_4 + 2*x_2 x_5 + -5*x_3 + -2*x_3 x_4 + 4*x_4 + -5*x_5,"['cardinality', 'quadratic_knapsack']",6,0,2,0,True,False,17,2,14,"{'X': 1, 'CNOT': 8, 'CRY': 5, 'RY': 1, 'SWAP': 1, 'CC_RY': 1, 'CSWAP': 0}","{'RY': 1, 'CRY': 3, 'SWAP': 1, 'CNOT': 6, 'CC_RY': 1, 'CSWAP': 0}",84,30,52,"{'CNOT': 44, 'RZ': 19, 'RY': 8, 'RX': 3, 'CRY': 6, 'SWAP': 2, 'CC_RY': 2, 'CSWAP': 0}","{'RY': 2, 'CRY': 6, 'SWAP': 2, 'CNOT': 12, 'CC_RY': 2, 'CSWAP': 0}",10,4,4,4,0,{'Hadamard': 4},289,289,278,"{'CNOT': 278, 'RZ': 279, 'RX': 10}"
22,"['1*x_2*x_2 + 1*x_2*x_3 + 3*x_2*x_4 + 2*x_2*x_5 + 1*x_3*x_3 + 2*x_3*x_4 + 3*x_3*x_5 + 2*x_4*x_4 + 3*x_4*x_5 + 3*x_5*x_5 <= 7', 'x_0*x_1 == 0']",independent_set+quadratic_knapsack,6,2, 4*x_0 + 4*x_0 x_1 + -3*x_0 x_2 + -2*x_0 x_3 + -5*x_0 x_4 + 4*x_0 x_5 + -2*x_1 + -5*x_1 x_2 + -2*x_1 x_3 + 3*x_1 x_4 + -5*x_1 x_5 + -1*x_2 + -3*x_2 x_3 + -5*x_2 x_4 + 2*x_2 x_5 + 2*x_3 + 3*x_3 x_4 + -1*x_3 x_5 + -4*x_4 + -2*x_4 x_5 + -2*x_5,"['independent_set', 'quadratic_knapsack']",6,0,2,0,True,False,133,57,76,"{'RY': 1, 'CRY': 1, 'SWAP': 1, 'CNOT': 74, 'Hadamard': 4, 'RZ': 36, 'RX': 16}","{'Hadamard': 4, 'CNOT': 72, 'RZ': 36, 'RX': 16}",327,144,183,"{'CNOT': 178, 'RZ': 93, 'RY': 2, 'CRY': 2, 'SWAP': 2, 'X': 4, 'PhaseShift': 1, 'CRZ': 1, 'RX': 36, 'Hadamard': 8}","{'Hadamard': 8, 'CNOT': 144, 'RZ': 72, 'RX': 32}",9,3,3,3,0,{'Hadamard': 3},529,529,644,"{'CNOT': 644, 'RZ': 520, 'RX': 9}"
23,"['1*x_3*x_3 + 5*x_3*x_4 + 4*x_3*x_5 + 2*x_4*x_4 + 2*x_4*x_5 + 2*x_5*x_5 <= 8', 'x_0 + x_1 + x_2 <= 3']",cardinality+quadratic_knapsack,6,2, 4*x_0 + -1*x_0 x_1 + 3*x_0 x_2 + -1*x_0 x_3 + -4*x_0 x_4 + 1*x_0 x_5 + 3*x_1 + 1*x_1 x_2 + -3*x_1 x_3 + -5*x_1 x_4 + -2*x_1 x_5 + -2*x_2 + -4*x_2 x_3 + -3*x_2 x_4 + 2*x_2 x_5 + -5*x_3 + -2*x_3 x_4 + 4*x_4 + -5*x_5,"['cardinality', 'quadratic_knapsack']",6,0,2,0,True,False,25,2,21,"{'RY': 2, 'CRY': 7, 'SWAP': 2, 'CNOT': 12, 'C(RY, num_ctrl_wires=2,num_zero_ctrl=0)': 1, 'CC_RY': 1, 'CSWAP': 0}","{'RY': 1, 'CRY': 3, 'SWAP': 1, 'CNOT': 6, 'CC_RY': 1, 'CSWAP': 0}",107,33,69,"{'CNOT': 50, 'RZ': 19, 'RY': 4, 'CRY': 14, 'SWAP': 4, 'C(RY, num_ctrl_wires=2,num_zero_ctrl=0)': 2, 'X': 6, 'PhaseShift': 1, 'CRZ': 1, 'C(RZ, num_ctrl_wires=2,num_zero_ctrl=0)': 1, 'RX': 3, 'CC_RY': 2, 'CSWAP': 0}","{'RY': 2, 'CRY': 6, 'SWAP': 2, 'CNOT': 12, 'CC_RY': 2, 'CSWAP': 0}",12,6,6,6,0,{'Hadamard': 6},316,316,292,"{'CNOT': 292, 'RZ': 304, 'RX': 12}"
24,"['8*x_4 + 5*x_5 + 7*x_6 + 4*x_7 <= 11', 'x_0 + x_1 + x_2 + x_3 >= 2']",cardinality+knapsack,8,2, 1*x_0 + -3*x_0 x_1 + -5*x_0 x_2 + -2*x_0 x_3 + -2*x_0 x_4 + -4*x_0 x_5 + -5*x_0 x_6 + -2*x_0 x_7 + -2*x_1 + 2*x_1 x_4 + 4*x_1 x_5 + -2*x_1 x_6 + -4*x_1 x_7 + -1*x_2 + -5*x_2 x_4 + 4*x_2 x_5 + 2*x_2 x_6 + 2*x_2 x_7 + -5*x_3 + -5*x_3 x_4 + 2*x_3 x_5 + 1*x_3 x_6 + -3*x_3 x_7 + -2*x_4 + -1*x_4 x_5 + 1*x_4 x_6 + 4*x_4 x_7 + 3*x_5 + -2*x_5 x_6 + -2*x_5 x_7 + -5*x_6 + 1*x_6 x_7 + -3*x_7,"['cardinality', 'knapsack']",8,0,2,0,True,True,57,23,34,"{'Hadamard': 4, 'CNOT': 34, 'RZ': 15, 'RX': 4}","{'Hadamard': 4, 'CNOT': 34, 'RZ': 15, 'RX': 4}",205,87,118,"{'CNOT': 118, 'RZ': 63, 'RX': 16, 'Hadamard': 8}","{'Hadamard': 8, 'CNOT': 68, 'RZ': 30, 'RX': 8}",14,6,6,6,0,{'Hadamard': 6},204,204,136,"{'CNOT': 136, 'RZ': 190, 'RX': 14}"
25,"['3*x_0*x_0 + 1*x_0*x_1 + 3*x_0*x_2 + 1*x_1*x_1 + 4*x_1*x_2 + 3*x_2*x_2 <= 5', 'x_3 + x_4 + x_5 + x_6 + x_7 == 3']",quadratic_knapsack+cardinality,8,2, 4*x_0 + 4*x_0 x_1 + -3*x_0 x_2 + -3*x_0 x_3 + -1*x_0 x_4 + 2*x_0 x_5 + 1*x_0 x_6 + -2*x_0 x_7 + -4*x_1 + -4*x_1 x_2 + 4*x_1 x_3 + 4*x_1 x_4 + -2*x_1 x_5 + 3*x_1 x_6 + -5*x_1 x_7 + -3*x_2 + 4*x_2 x_3 + -1*x_2 x_4 + 4*x_2 x_5 + -1*x_2 x_7 + -2*x_3 + 3*x_3 x_4 + 4*x_3 x_5 + 4*x_3 x_6 + -1*x_4 + 4*x_4 x_5 + -1*x_4 x_6 + 4*x_4 x_7 + -3*x_5 + 4*x_5 x_6 + 3*x_5 x_7 + -5*x_6 + 4*x_6 x_7 + 4*x_7,"['quadratic_knapsack', 'cardinality']",8,0,2,0,True,False,114,46,62,"{'X': 3, 'CNOT': 54, 'CRY': 6, 'C(RY, num_ctrl_wires=2,num_zero_ctrl=0)': 3, 'CSWAP': 3, 'SWAP': 2, 'Hadamard': 3, 'RZ': 28, 'RX': 12}","{'Hadamard': 3, 'CNOT': 40, 'RZ': 28, 'RX': 12}",275,133,142,"{'CNOT': 142, 'RZ': 90, 'RY': 10, 'RX': 27, 'Hadamard': 6}","{'Hadamard': 6, 'CNOT': 80, 'RZ': 56, 'RX': 24}",11,3,3,3,0,{'Hadamard': 3},289,289,276,"{'CNOT': 276, 'RZ': 278, 'RX': 11}"
26,"['x_0 + x_1 + x_2 + x_3 + x_4 <= 1', 'x_5 + x_6 == 2']",cardinality+cardinality,7,2, 4*x_0 + 4*x_0 x_1 + 1*x_0 x_2 + 3*x_0 x_3 + 1*x_0 x_4 + -3*x_0 x_5 + -3*x_0 x_6 + -5*x_1 + -2*x_1 x_2 + -5*x_1 x_3 + -4*x_1 x_4 + -4*x_1 x_5 + 1*x_2 + 4*x_2 x_3 + 2*x_2 x_4 + -4*x_2 x_5 + -4*x_2 x_6 + -2*x_3 + 2*x_3 x_4 + -5*x_3 x_5 + -2*x_3 x_6 + 2*x_4 + 1*x_4 x_5 + 3*x_4 x_6 + 4*x_5 + -4*x_5 x_6 + -2*x_6,"['cardinality', 'cardinality']",7,0,2,0,False,False,17,3,14,"{'RY': 1, 'CRY': 4, 'SWAP': 2, 'CNOT': 8, 'X': 2}",{},120,44,73,"{'CNOT': 60, 'RZ': 27, 'RY': 6, 'CRY': 8, 'SWAP': 4, 'X': 10, 'PhaseShift': 1, 'CRZ': 1, 'C(RZ, num_ctrl_wires=2,num_zero_ctrl=0)': 1, 'C(RZ, num_ctrl_wires=3,num_zero_ctrl=0)': 1, 'C(RZ, num_ctrl_wires=4,num_zero_ctrl=0)': 1}",{},8,1,1,1,0,{'Hadamard': 1},99,99,72,"{'CNOT': 72, 'RZ': 91, 'RX': 8}"
27,"['1*x_3*x_3 + 2*x_3*x_4 + 1*x_3*x_5 + 1*x_4*x_4 + 5*x_4*x_5 + 1*x_5*x_5 <= 6', 'x_0 + x_1 + x_2 == 0']",cardinality+quadratic_knapsack,6,2, -2*x_0 x_1 + -2*x_0 x_2 + -4*x_0 x_3 + 2*x_0 x_4 + -4*x_0 x_5 + 1*x_1 + 3*x_1 x_2 + 1*x_1 x_3 + -1*x_1 x_4 + 3*x_1 x_5 + -4*x_2 + -1*x_2 x_3 + -3*x_2 x_5 + -4*x_3 + 4*x_3 x_4 + 4*x_3 x_5 + -2*x_4 + 2*x_4 x_5 + -2*x_5,"['cardinality', 'quadratic_knapsack']",6,0,2,0,True,False,43,33,10,"{'Hadamard': 3, 'CNOT': 10, 'RZ': 15, 'RX': 15}","{'Hadamard': 3, 'CNOT': 10, 'RZ': 15, 'RX': 15}",149,95,54,"{'CNOT': 54, 'RZ': 50, 'RY': 6, 'RX': 33, 'Hadamard': 6}","{'Hadamard': 6, 'CNOT': 20, 'RZ': 30, 'RX': 30}",9,3,3,3,0,{'Hadamard': 3},245,245,238,"{'CNOT': 238, 'RZ': 236, 'RX': 9}"
28,"['x_0 + x_1 >= 2', 'x_2 - x_3 - x_4 == 0']",cardinality+flow,5,2, -3*x_0 + -4*x_0 x_1 + -5*x_0 x_2 + -4*x_0 x_3 + -2*x_0 x_4 + -4*x_1 + -1*x_1 x_2 + -3*x_1 x_3 + -2*x_1 x_4 + -5*x_2 + 4*x_2 x_3 + 1*x_2 x_4 + -2*x_3 + -4*x_3 x_4 + 1*x_4,"['cardinality', 'flow']",5,0,2,0,False,False,8,3,5,"{'X': 2, 'RY': 1, 'CRY': 1, 'CNOT': 3, 'SWAP': 1}",{},47,21,26,"{'CNOT': 26, 'RZ': 15, 'RY': 6}",{},5,0,0,0,0,{},39,39,28,"{'CNOT': 28, 'RZ': 34, 'RX': 5}"
29,"['3*x_0*x_0 + 1*x_0*x_1 + 3*x_0*x_2 + 5*x_1*x_1 + 2*x_1*x_2 + 2*x_2*x_2 <= 8', 'x_3 + x_4 - x_5 - x_6 - x_7 == 0']",quadratic_knapsack+flow,8,2, 1*x_0 + -3*x_0 x_1 + -5*x_0 x_2 + -2*x_0 x_3 + -2*x_0 x_4 + -4*x_0 x_5 + -5*x_0 x_6 + -2*x_0 x_7 + -2*x_1 + 2*x_1 x_4 + 4*x_1 x_5 + -2*x_1 x_6 + -4*x_1 x_7 + -1*x_2 + -5*x_2 x_4 + 4*x_2 x_5 + 2*x_2 x_6 + 2*x_2 x_7 + -5*x_3 + -5*x_3 x_4 + 2*x_3 x_5 + 1*x_3 x_6 + -3*x_3 x_7 + -2*x_4 + -1*x_4 x_5 + 1*x_4 x_6 + 4*x_4 x_7 + 3*x_5 + -2*x_5 x_6 + -2*x_5 x_7 + -5*x_6 + 1*x_6 x_7 + -3*x_7,"['quadratic_knapsack', 'flow']",8,0,2,0,True,False,41,14,26,"{'RY': 1, 'CRY': 4, 'CNOT': 20, 'SWAP': 2, 'C(RY, num_ctrl_wires=2,num_zero_ctrl=0)': 1, 'Hadamard': 3, 'RZ': 7, 'RX': 3}","{'Hadamard': 3, 'CNOT': 10, 'RZ': 7, 'RX': 3}",152,72,80,"{'CNOT': 80, 'RZ': 47, 'RY': 10, 'RX': 9, 'Hadamard': 6}","{'Hadamard': 6, 'CNOT': 20, 'RZ': 14, 'RX': 6}",12,4,4,4,0,{'Hadamard': 4},325,325,316,"{'CNOT': 316, 'RZ': 313, 'RX': 12}"
30,"['x_0 + x_1 >= 1', 'x_2 + x_3 + x_4 + x_5 + x_6 >= 3']",cardinality+cardinality,7,2, 3*x_0 x_2 + 3*x_0 x_3 + 3*x_0 x_4 + -1*x_0 x_5 + 4*x_0 x_6 + -2*x_1 + -2*x_1 x_3 + 2*x_1 x_4 + -5*x_1 x_5 + 3*x_1 x_6 + 1*x_2 + -3*x_2 x_3 + -5*x_2 x_4 + 2*x_2 x_5 + 1*x_2 x_6 + 4*x_3 + -1*x_3 x_5 + -2*x_3 x_6 + -4*x_4 + 3*x_4 x_5 + -1*x_4 x_6 + -4*x_5 + 2*x_5 x_6 + -1*x_6,"['cardinality', 'cardinality']",7,0,2,0,True,True,0,0,0,{},{},67,31,36,"{'CNOT': 36, 'RZ': 24, 'RX': 7}",{},10,3,3,3,0,{'Hadamard': 3},126,126,84,"{'CNOT': 84, 'RZ': 116, 'RX': 10}"
31,"['x_0 + x_1 + x_2 + x_3 >= 0', 'x_4 + x_5 + x_6 + x_7 == 3']",cardinality+cardinality,8,2, 4*x_0 + 1*x_0 x_1 + -3*x_0 x_2 + -4*x_0 x_3 + -5*x_0 x_4 + -2*x_0 x_5 + -1*x_0 x_6 + 2*x_0 x_7 + -4*x_1 + 1*x_1 x_2 + 3*x_1 x_3 + 3*x_1 x_4 + -1*x_1 x_5 + -1*x_1 x_6 + -1*x_1 x_7 + -5*x_2 + 4*x_2 x_3 + -3*x_2 x_4 + 4*x_2 x_5 + -2*x_2 x_6 + -3*x_2 x_7 + -5*x_3 + -5*x_3 x_4 + -5*x_3 x_5 + -1*x_3 x_6 + -2*x_3 x_7 + -1*x_4 + -2*x_4 x_5 + 1*x_4 x_6 + -5*x_4 x_7 + -4*x_5 + -5*x_5 x_6 + 3*x_5 x_7 + 4*x_6 + -1*x_6 x_7 + 4*x_7,"['cardinality', 'cardinality']",8,0,2,0,True,True,23,3,17,"{'X': 3, 'CNOT': 11, 'CRY': 5, 'C(RY, num_ctrl_wires=2,num_zero_ctrl=0)': 1, 'CSWAP': 2, 'SWAP': 1}",{},112,48,64,"{'CNOT': 64, 'RZ': 36, 'RY': 8, 'RX': 4}",{},11,3,3,3,0,{'Hadamard': 3},143,143,110,"{'CNOT': 110, 'RZ': 132, 'RX': 11}"
32,"['1*x_3*x_3 + 4*x_3*x_4 + 1*x_3*x_5 + 2*x_3*x_6 + 5*x_4*x_4 + 4*x_4*x_5 + 3*x_4*x_6 + 5*x_5*x_5 + 4*x_5*x_6 + 2*x_6*x_6 <= 18', '5*x_0 + 4*x_1 + 1*x_2 <= 6']",knapsack+quadratic_knapsack,7,2, 3*x_0 + 4*x_0 x_1 + 1*x_0 x_2 + -5*x_0 x_3 + -5*x_0 x_4 + -4*x_1 + -4*x_1 x_2 + -3*x_1 x_3 + -4*x_1 x_4 + 1*x_1 x_6 + 3*x_2 + 3*x_2 x_3 + 1*x_2 x_4 + -1*x_2 x_5 + -4*x_3 + 2*x_3 x_4 + 1*x_3 x_5 + -5*x_3 x_6 + -5*x_4 + -3*x_4 x_5 + 4*x_4 x_6 + -4*x_5 + -3*x_5 x_6 + 4*x_6,"['knapsack', 'quadratic_knapsack']",7,0,2,0,True,False,386,146,240,"{'Hadamard': 7, 'CNOT': 240, 'RZ': 108, 'RX': 31}","{'Hadamard': 7, 'CNOT': 240, 'RZ': 108, 'RX': 31}",837,323,514,"{'CNOT': 514, 'RZ': 240, 'RX': 69, 'Hadamard': 14}","{'Hadamard': 14, 'CNOT': 480, 'RZ': 216, 'RX': 62}",15,8,8,8,0,{'Hadamard': 8},725,725,826,"{'CNOT': 826, 'RZ': 710, 'RX': 15}"
33,"['1*x_2 + 6*x_3 + 9*x_4 + 8*x_5 + 9*x_6 <= 18', 'x_0 + x_1 >= 0']",cardinality+knapsack,7,2, 3*x_0 + 4*x_0 x_1 + 1*x_0 x_2 + -5*x_0 x_3 + -5*x_0 x_4 + -4*x_1 + -4*x_1 x_2 + -3*x_1 x_3 + -4*x_1 x_4 + 1*x_1 x_6 + 3*x_2 + 3*x_2 x_3 + 1*x_2 x_4 + -1*x_2 x_5 + -4*x_3 + 2*x_3 x_4 + 1*x_3 x_5 + -5*x_3 x_6 + -5*x_4 + -3*x_4 x_5 + 4*x_4 x_6 + -4*x_5 + -3*x_5 x_6 + 4*x_6,"['cardinality', 'knapsack']",7,0,2,0,True,True,139,41,98,"{'Hadamard': 5, 'CNOT': 98, 'RZ': 31, 'RX': 5}","{'Hadamard': 5, 'CNOT': 98, 'RZ': 31, 'RX': 5}",343,113,230,"{'CNOT': 230, 'RZ': 86, 'RX': 17, 'Hadamard': 10}","{'Hadamard': 10, 'CNOT': 196, 'RZ': 62, 'RX': 10}",14,7,7,7,0,{'Hadamard': 7},215,215,136,"{'CNOT': 136, 'RZ': 201, 'RX': 14}"
34,"['x_0 + x_1 + x_2 == 1', 'x_3 + x_4 + x_5 == 2']",assignment+cardinality,6,2, 1*x_0 + 4*x_0 x_1 + 3*x_0 x_2 + -1*x_0 x_3 + -3*x_0 x_4 + -1*x_1 + -5*x_1 x_2 + -3*x_1 x_3 + -2*x_1 x_4 + -1*x_1 x_5 + -1*x_2 + 4*x_2 x_4 + -5*x_2 x_5 + 3*x_3 + 4*x_3 x_4 + -1*x_3 x_5 + -3*x_4 + 3*x_4 x_5 + 2*x_5,"['assignment', 'cardinality']",6,0,2,0,False,False,17,3,13,"{'X': 3, 'CNOT': 7, 'CRY': 5, 'CSWAP': 1, 'SWAP': 1}",{},67,29,38,"{'CNOT': 38, 'RZ': 17, 'RY': 12}",{},6,0,0,0,0,{},53,53,38,"{'CNOT': 38, 'RZ': 47, 'RX': 6}"
35,"['7*x_5 + 10*x_6 + 9*x_7 <= 8', 'x_0 + x_1 + x_2 + x_3 + x_4 >= 4']",cardinality+knapsack,8,2, -5*x_0 + 4*x_0 x_1 + 3*x_0 x_3 + -3*x_0 x_4 + 4*x_0 x_5 + 3*x_0 x_6 + 2*x_0 x_7 + -1*x_1 + 2*x_1 x_2 + -5*x_1 x_3 + 1*x_1 x_4 + 2*x_1 x_5 + 2*x_1 x_6 + -4*x_1 x_7 + 4*x_2 + -1*x_2 x_3 + -3*x_2 x_4 + 3*x_2 x_5 + 2*x_2 x_6 + -3*x_3 x_4 + 1*x_3 x_5 + -4*x_3 x_6 + -2*x_3 x_7 + -3*x_4 + 1*x_4 x_6 + -3*x_4 x_7 + -3*x_5 + 2*x_5 x_6 + 1*x_5 x_7 + 3*x_6 + 4*x_6 x_7 + 4*x_7,"['cardinality', 'knapsack']",8,0,2,0,True,True,11,9,2,"{'Hadamard': 3, 'CNOT': 2, 'RZ': 3, 'RX': 3}","{'Hadamard': 3, 'CNOT': 2, 'RZ': 3, 'RX': 3}",112,58,54,"{'CNOT': 54, 'RZ': 38, 'RX': 14, 'Hadamard': 6}","{'Hadamard': 6, 'CNOT': 4, 'RZ': 6, 'RX': 6}",13,5,5,5,0,{'Hadamard': 5},179,179,122,"{'CNOT': 122, 'RZ': 166, 'RX': 13}"
36,"['x_0 + x_1 == 1', 'x_2 + x_3 >= 1']",assignment+cardinality,4,2, -3*x_0 + -1*x_0 x_1 + -1*x_0 x_2 + 3*x_0 x_3 + -4*x_1 + -3*x_1 x_2 + -3*x_1 x_3 + 1*x_2 + 2*x_2 x_3 + -5*x_3,"['assignment', 'cardinality']",4,0,2,0,True,True,3,1,2,"{'X': 1, 'CNOT': 1, 'CRY': 1}",{},31,15,16,"{'CNOT': 16, 'RZ': 9, 'RY': 4, 'RX': 2}",{},5,1,1,1,0,{'Hadamard': 1},36,36,20,"{'CNOT': 20, 'RZ': 31, 'RX': 5}"
37,"['5*x_2 + 10*x_3 + 1*x_4 + 9*x_5 + 6*x_6 <= 19', 'x_0 + x_1 >= 0']",cardinality+knapsack,7,2, -1*x_0 + 4*x_0 x_1 + 1*x_0 x_2 + -2*x_0 x_3 + 3*x_0 x_4 + -1*x_0 x_5 + 4*x_0 x_6 + 2*x_1 + 2*x_1 x_2 + -1*x_1 x_3 + -2*x_1 x_4 + -1*x_1 x_5 + 3*x_1 x_6 + -1*x_2 + -5*x_2 x_3 + -2*x_2 x_4 + 2*x_2 x_5 + -1*x_2 x_6 + 2*x_3 + -1*x_3 x_5 + -3*x_4 + 3*x_4 x_5 + -2*x_4 x_6 + -1*x_5 x_6 + -5*x_6,"['cardinality', 'knapsack']",7,0,2,0,True,True,407,113,294,"{'Hadamard': 5, 'CNOT': 294, 'RZ': 93, 'RX': 15}","{'Hadamard': 5, 'CNOT': 294, 'RZ': 93, 'RX': 15}",885,259,626,"{'CNOT': 626, 'RZ': 212, 'RX': 37, 'Hadamard': 10}","{'Hadamard': 10, 'CNOT': 588, 'RZ': 186, 'RX': 30}",14,7,7,7,0,{'Hadamard': 7},217,217,140,"{'CNOT': 140, 'RZ': 203, 'RX': 14}"
38,"['x_0 + x_1 >= 1', 'x_2 + x_3 + x_4 - x_5 - x_6 - x_7 == 0']",cardinality+flow,8,2, 1*x_0 + -5*x_0 x_1 + -1*x_0 x_2 + 4*x_0 x_3 + -2*x_0 x_4 + 2*x_0 x_5 + -1*x_0 x_6 + 1*x_1 x_2 + -5*x_1 x_3 + -1*x_1 x_4 + 2*x_1 x_5 + 3*x_1 x_6 + -4*x_1 x_7 + -4*x_2 + -5*x_2 x_3 + -5*x_2 x_4 + -3*x_2 x_5 + 3*x_2 x_7 + -5*x_3 + -2*x_3 x_4 + -1*x_3 x_5 + -2*x_3 x_6 + -4*x_3 x_7 + -2*x_4 + 3*x_4 x_5 + -4*x_4 x_6 + 4*x_4 x_7 + -5*x_5 + -3*x_5 x_7 + -5*x_6 + -1*x_6 x_7,"['cardinality', 'flow']",8,0,2,0,True,True,26,1,23,"{'RY': 1, 'CRY': 6, 'CNOT': 15, 'SWAP': 2, 'C(RY, num_ctrl_wires=2,num_zero_ctrl=0)': 2}",{},109,47,62,"{'CNOT': 62, 'RZ': 33, 'RY': 12, 'RX': 2}",{},9,1,1,1,0,{'Hadamard': 1},108,108,86,"{'CNOT': 86, 'RZ': 99, 'RX': 9}"
39,"['1*x_0 + 9*x_1 + 5*x_2 + 2*x_3 + 10*x_4 <= 10', 'x_5 + x_6 >= 2']",knapsack+cardinality,7,2, -3*x_0 + -4*x_0 x_1 + -4*x_0 x_2 + -1*x_0 x_4 + 4*x_0 x_5 + 2*x_0 x_6 + 4*x_1 + 4*x_1 x_2 + -1*x_1 x_3 + -1*x_1 x_4 + 1*x_1 x_5 + -1*x_1 x_6 + -3*x_2 + -4*x_2 x_3 + -2*x_2 x_4 + 1*x_2 x_6 + -1*x_3 + 4*x_3 x_4 + -1*x_3 x_5 + -3*x_3 x_6 + -1*x_4 + -3*x_4 x_5 + 2*x_5 + 3*x_5 x_6 + -1*x_6,"['knapsack', 'cardinality']",7,0,2,0,True,False,141,43,98,"{'X': 2, 'Hadamard': 5, 'CNOT': 98, 'RZ': 31, 'RX': 5}","{'Hadamard': 5, 'CNOT': 98, 'RZ': 31, 'RX': 5}",343,111,232,"{'CNOT': 232, 'RZ': 86, 'RX': 15, 'Hadamard': 10}","{'Hadamard': 10, 'CNOT': 196, 'RZ': 62, 'RX': 10}",11,4,4,4,0,{'Hadamard': 4},168,168,110,"{'CNOT': 110, 'RZ': 157, 'RX': 11}"
40,"['1*x_0 + 4*x_1 + 8*x_2 + 10*x_3 + 8*x_4 <= 16', 'x_5 + x_6 + x_7 == 1']",knapsack+cardinality,8,2, 4*x_0 + 4*x_0 x_1 + -3*x_0 x_2 + -3*x_0 x_3 + -1*x_0 x_4 + 2*x_0 x_5 + 1*x_0 x_6 + -2*x_0 x_7 + -4*x_1 + -4*x_1 x_2 + 4*x_1 x_3 + 4*x_1 x_4 + -2*x_1 x_5 + 3*x_1 x_6 + -5*x_1 x_7 + -3*x_2 + 4*x_2 x_3 + -1*x_2 x_4 + 4*x_2 x_5 + -1*x_2 x_7 + -2*x_3 + 3*x_3 x_4 + 4*x_3 x_5 + 4*x_3 x_6 + -1*x_4 + 4*x_4 x_5 + -1*x_4 x_6 + 4*x_4 x_7 + -3*x_5 + 4*x_5 x_6 + 3*x_5 x_7 + -5*x_6 + 4*x_6 x_7 + 4*x_7,"['knapsack', 'cardinality']",8,0,2,0,True,False,412,114,298,"{'X': 1, 'CNOT': 296, 'CRY': 2, 'Hadamard': 5, 'RZ': 93, 'RX': 15}","{'Hadamard': 5, 'CNOT': 294, 'RZ': 93, 'RX': 15}",917,271,646,"{'CNOT': 646, 'RZ': 220, 'RY': 6, 'RX': 35, 'Hadamard': 10}","{'Hadamard': 10, 'CNOT': 588, 'RZ': 186, 'RX': 30}",13,5,5,5,0,{'Hadamard': 5},217,217,148,"{'CNOT': 148, 'RZ': 204, 'RX': 13}"
41,"['1*x_0*x_0 + 5*x_0*x_1 + 3*x_0*x_2 + 4*x_1*x_1 + 2*x_1*x_2 + 4*x_2*x_2 <= 7', '6*x_3 + 7*x_4 + 8*x_5 + 9*x_6 + 5*x_7 <= 14']",quadratic_knapsack+knapsack,8,2, -1*x_0 + -4*x_0 x_1 + 1*x_0 x_2 + 3*x_0 x_3 + -1*x_0 x_4 + -1*x_0 x_5 + -1*x_0 x_6 + 1*x_0 x_7 + 4*x_1 + -3*x_1 x_2 + 3*x_1 x_3 + 4*x_1 x_4 + -5*x_1 x_5 + -2*x_1 x_6 + -1*x_1 x_7 + -3*x_2 x_3 + -5*x_2 x_4 + 2*x_2 x_5 + -4*x_2 x_6 + -3*x_2 x_7 + -2*x_3 + 4*x_3 x_4 + -1*x_3 x_6 + -5*x_3 x_7 + -5*x_4 + -4*x_4 x_5 + 4*x_4 x_6 + -1*x_4 x_7 + -1*x_5 + 2*x_5 x_6 + 3*x_5 x_7 + -4*x_6 + -5*x_6 x_7,"['quadratic_knapsack', 'knapsack']",8,0,2,0,True,False,511,156,355,"{'RY': 1, 'CRY': 2, 'SWAP': 1, 'CNOT': 352, 'CC_RY': 0, 'CSWAP': 0, 'Hadamard': 5, 'RZ': 120, 'RX': 30}","{'RY': 1, 'CRY': 2, 'SWAP': 1, 'CNOT': 352, 'CC_RY': 0, 'CSWAP': 0, 'Hadamard': 5, 'RZ': 120, 'RX': 30}",1118,354,764,"{'CNOT': 758, 'RZ': 274, 'RX': 68, 'RY': 2, 'CRY': 4, 'SWAP': 2, 'CC_RY': 0, 'CSWAP': 0, 'Hadamard': 10}","{'RY': 2, 'CRY': 4, 'SWAP': 2, 'CNOT': 704, 'CC_RY': 0, 'CSWAP': 0, 'Hadamard': 10, 'RZ': 240, 'RX': 60}",15,7,7,7,0,{'Hadamard': 7},379,379,330,"{'CNOT': 330, 'RZ': 364, 'RX': 15}"
42,"['2*x_2 + 5*x_3 + 2*x_4 <= 5', 'x_0 + x_1 == 1']",cardinality+knapsack,5,2, -2*x_0 + -3*x_0 x_1 + -2*x_0 x_2 + -3*x_0 x_3 + -1*x_0 x_4 + -5*x_1 + 2*x_1 x_2 + -1*x_1 x_3 + -4*x_1 x_4 + -2*x_2 + -4*x_2 x_3 + -1*x_2 x_4 + -5*x_3 + -5*x_3 x_4,"['cardinality', 'knapsack']",5,0,2,0,True,False,66,34,32,"{'X': 1, 'CNOT': 31, 'CRY': 1, 'Hadamard': 3, 'RZ': 21, 'RX': 9}","{'Hadamard': 3, 'CNOT': 30, 'RZ': 21, 'RX': 9}",172,88,84,"{'CNOT': 84, 'RZ': 57, 'RY': 4, 'RX': 21, 'Hadamard': 6}","{'Hadamard': 6, 'CNOT': 60, 'RZ': 42, 'RX': 18}",8,3,3,3,0,{'Hadamard': 3},87,87,52,"{'CNOT': 52, 'RZ': 79, 'RX': 8}"
43,"['7*x_3 + 7*x_4 + 10*x_5 + 2*x_6 <= 10', 'x_0 + x_1 + x_2 == 0']",cardinality+knapsack,7,2, -3*x_0 + -4*x_0 x_1 + -4*x_0 x_2 + -1*x_0 x_4 + 4*x_0 x_5 + 2*x_0 x_6 + 4*x_1 + 4*x_1 x_2 + -1*x_1 x_3 + -1*x_1 x_4 + 1*x_1 x_5 + -1*x_1 x_6 + -3*x_2 + -4*x_2 x_3 + -2*x_2 x_4 + 1*x_2 x_6 + -1*x_3 + 4*x_3 x_4 + -1*x_3 x_5 + -3*x_3 x_6 + -1*x_4 + -3*x_4 x_5 + 2*x_5 + 3*x_5 x_6 + -1*x_6,"['cardinality', 'knapsack']",7,0,2,0,True,False,269,99,170,"{'Hadamard': 4, 'CNOT': 170, 'RZ': 75, 'RX': 20}","{'Hadamard': 4, 'CNOT': 170, 'RZ': 75, 'RX': 20}",614,232,382,"{'CNOT': 382, 'RZ': 174, 'RY': 6, 'RX': 44, 'Hadamard': 8}","{'Hadamard': 8, 'CNOT': 340, 'RZ': 150, 'RX': 40}",11,4,4,4,0,{'Hadamard': 4},147,147,98,"{'CNOT': 98, 'RZ': 136, 'RX': 11}"
44,"['1*x_0*x_0 + 5*x_0*x_1 + 3*x_0*x_2 + 4*x_1*x_1 + 2*x_1*x_2 + 4*x_2*x_2 <= 7', '3*x_3*x_3 + 1*x_3*x_4 + 5*x_3*x_5 + 2*x_3*x_6 + 5*x_3*x_7 + 2*x_4*x_4 + 5*x_4*x_5 + 5*x_4*x_6 + 5*x_4*x_7 + 2*x_5*x_5 + 3*x_5*x_6 + 3*x_5*x_7 + 4*x_6*x_6 + 1*x_6*x_7 + 5*x_7*x_7 <= 18']",quadratic_knapsack+quadratic_knapsack,8,2, 1*x_0 + -5*x_0 x_1 + -1*x_0 x_2 + 4*x_0 x_3 + -2*x_0 x_4 + 2*x_0 x_5 + -1*x_0 x_6 + 1*x_1 x_2 + -5*x_1 x_3 + -1*x_1 x_4 + 2*x_1 x_5 + 3*x_1 x_6 + -4*x_1 x_7 + -4*x_2 + -5*x_2 x_3 + -5*x_2 x_4 + -3*x_2 x_5 + 3*x_2 x_7 + -5*x_3 + -2*x_3 x_4 + -1*x_3 x_5 + -2*x_3 x_6 + -4*x_3 x_7 + -2*x_4 + 3*x_4 x_5 + -4*x_4 x_6 + 4*x_4 x_7 + -5*x_5 + -3*x_5 x_7 + -5*x_6 + -1*x_6 x_7,"['quadratic_knapsack', 'quadratic_knapsack']",8,0,2,0,True,False,415,114,301,"{'RY': 1, 'CRY': 2, 'SWAP': 1, 'CNOT': 298, 'CC_RY': 0, 'CSWAP': 0, 'Hadamard': 5, 'RZ': 93, 'RX': 15}","{'RY': 1, 'CRY': 2, 'SWAP': 1, 'CNOT': 298, 'CC_RY': 0, 'CSWAP': 0, 'Hadamard': 5, 'RZ': 93, 'RX': 15}",921,269,652,"{'CNOT': 646, 'RZ': 219, 'RX': 38, 'RY': 2, 'CRY': 4, 'SWAP': 2, 'CC_RY': 0, 'CSWAP': 0, 'Hadamard': 10}","{'RY': 2, 'CRY': 4, 'SWAP': 2, 'CNOT': 596, 'CC_RY': 0, 'CSWAP': 0, 'Hadamard': 10, 'RZ': 186, 'RX': 30}",16,8,8,8,0,{'Hadamard': 8},1533,1533,2034,"{'CNOT': 2034, 'RZ': 1517, 'RX': 16}"
45,"['x_0 + x_1 + x_2 + x_3 >= 2', 'x_4 + x_5 + x_6 <= 1']",cardinality+cardinality,7,2, -4*x_0 + -1*x_0 x_1 + 4*x_0 x_2 + 2*x_0 x_3 + -5*x_0 x_4 + 2*x_0 x_5 + -5*x_0 x_6 + 3*x_1 + 3*x_1 x_2 + 4*x_1 x_4 + 3*x_1 x_5 + -2*x_1 x_6 + -5*x_2 + 2*x_2 x_3 + -5*x_2 x_4 + 1*x_2 x_5 + 3*x_2 x_6 + -5*x_3 + -4*x_3 x_4 + 4*x_3 x_5 + 1*x_3 x_6 + -4*x_4 + -5*x_4 x_5 + -5*x_4 x_6 + -3*x_5 x_6 + 3*x_6,"['cardinality', 'cardinality']",7,0,2,0,True,True,8,1,7,"{'RY': 1, 'CRY': 2, 'SWAP': 1, 'CNOT': 4}",{},96,40,55,"{'CNOT': 48, 'RZ': 27, 'RY': 2, 'CRY': 4, 'SWAP': 2, 'X': 6, 'PhaseShift': 1, 'CRZ': 1, 'C(RZ, num_ctrl_wires=2,num_zero_ctrl=0)': 1, 'RX': 4}",{},10,3,3,3,0,{'Hadamard': 3},120,120,82,"{'CNOT': 82, 'RZ': 110, 'RX': 10}"
46,"['3*x_0*x_0 + 1*x_0*x_1 + 3*x_0*x_2 + 1*x_1*x_1 + 4*x_1*x_2 + 3*x_2*x_2 <= 5', 'x_3 + x_4 + x_5 + x_6 + x_7 <= 1']",quadratic_knapsack+cardinality,8,2, 4*x_0 + 1*x_0 x_1 + -3*x_0 x_2 + -4*x_0 x_3 + -5*x_0 x_4 + -2*x_0 x_5 + -1*x_0 x_6 + 2*x_0 x_7 + -4*x_1 + 1*x_1 x_2 + 3*x_1 x_3 + 3*x_1 x_4 + -1*x_1 x_5 + -1*x_1 x_6 + -1*x_1 x_7 + -5*x_2 + 4*x_2 x_3 + -3*x_2 x_4 + 4*x_2 x_5 + -2*x_2 x_6 + -3*x_2 x_7 + -5*x_3 + -5*x_3 x_4 + -5*x_3 x_5 + -1*x_3 x_6 + -2*x_3 x_7 + -1*x_4 + -2*x_4 x_5 + 1*x_4 x_6 + -5*x_4 x_7 + -4*x_5 + -5*x_5 x_6 + 3*x_5 x_7 + 4*x_6 + -1*x_6 x_7 + 4*x_7,"['quadratic_knapsack', 'cardinality']",8,0,2,0,True,False,98,44,54,"{'RY': 1, 'CRY': 4, 'SWAP': 2, 'CNOT': 48, 'Hadamard': 3, 'RZ': 28, 'RX': 12}","{'Hadamard': 3, 'CNOT': 40, 'RZ': 28, 'RX': 12}",306,138,165,"{'CNOT': 152, 'RZ': 92, 'RY': 2, 'CRY': 8, 'SWAP': 4, 'X': 10, 'PhaseShift': 1, 'CRZ': 1, 'C(RZ, num_ctrl_wires=2,num_zero_ctrl=0)': 1, 'C(RZ, num_ctrl_wires=3,num_zero_ctrl=0)': 1, 'C(RZ, num_ctrl_wires=4,num_zero_ctrl=0)': 1, 'RX': 27, 'Hadamard': 6}","{'Hadamard': 6, 'CNOT': 80, 'RZ': 56, 'RX': 24}",12,4,4,4,0,{'Hadamard': 4},309,309,290,"{'CNOT': 290, 'RZ': 297, 'RX': 12}"
47,"['1*x_3 + 10*x_4 + 3*x_5 + 5*x_6 + 1*x_7 <= 12', 'x_0 + x_1 + x_2 == 2']",cardinality+knapsack,8,2, 4*x_0 + 4*x_0 x_1 + -3*x_0 x_2 + -3*x_0 x_3 + -1*x_0 x_4 + 2*x_0 x_5 + 1*x_0 x_6 + -2*x_0 x_7 + -4*x_1 + -4*x_1 x_2 + 4*x_1 x_3 + 4*x_1 x_4 + -2*x_1 x_5 + 3*x_1 x_6 + -5*x_1 x_7 + -3*x_2 + 4*x_2 x_3 + -1*x_2 x_4 + 4*x_2 x_5 + -1*x_2 x_7 + -2*x_3 + 3*x_3 x_4 + 4*x_3 x_5 + 4*x_3 x_6 + -1*x_4 + 4*x_4 x_5 + -1*x_4 x_6 + 4*x_4 x_7 + -3*x_5 + 4*x_5 x_6 + 3*x_5 x_7 + -5*x_6 + 4*x_6 x_7 + 4*x_7,"['cardinality', 'knapsack']",8,0,2,0,True,False,83,43,39,"{'X': 2, 'CNOT': 35, 'CRY': 3, 'CSWAP': 1, 'SWAP': 1, 'Hadamard': 5, 'RZ': 21, 'RX': 15}","{'Hadamard': 5, 'CNOT': 30, 'RZ': 21, 'RX': 15}",245,127,118,"{'CNOT': 118, 'RZ': 76, 'RY': 6, 'RX': 35, 'Hadamard': 10}","{'Hadamard': 10, 'CNOT': 60, 'RZ': 42, 'RX': 30}",12,4,4,4,0,{'Hadamard': 4},187,187,130,"{'CNOT': 130, 'RZ': 175, 'RX': 12}"
48,"['1*x_0 + 10*x_1 + 3*x_2 + 5*x_3 + 1*x_4 <= 12', 'x_5*x_6 == 0']",knapsack+independent_set,7,2, 3*x_0 + -2*x_0 x_2 + -1*x_0 x_3 + -5*x_0 x_4 + 1*x_0 x_5 + 2*x_0 x_6 + -5*x_1 x_2 + -4*x_1 x_3 + -3*x_1 x_4 + -2*x_1 x_5 + 2*x_1 x_6 + 4*x_2 + 3*x_2 x_3 + -2*x_2 x_4 + -1*x_2 x_5 + 4*x_3 + 3*x_3 x_4 + 4*x_3 x_6 + -3*x_4 + -3*x_4 x_5 + 3*x_4 x_6 + 3*x_5 + 4*x_5 x_6 + -4*x_6,"['knapsack', 'independent_set']",7,0,2,0,True,False,76,42,34,"{'RY': 1, 'CRY': 1, 'SWAP': 1, 'CNOT': 32, 'Hadamard': 5, 'RZ': 21, 'RX': 15}","{'Hadamard': 5, 'CNOT': 30, 'RZ': 21, 'RX': 15}",224,119,105,"{'CNOT': 100, 'RZ': 67, 'RY': 2, 'CRY': 2, 'SWAP': 2, 'X': 4, 'PhaseShift': 1, 'CRZ': 1, 'RX': 35, 'Hadamard': 10}","{'Hadamard': 10, 'CNOT': 60, 'RZ': 42, 'RX': 30}",11,4,4,4,0,{'Hadamard': 4},165,165,110,"{'CNOT': 110, 'RZ': 154, 'RX': 11}"
49,"['3*x_0*x_0 + 1*x_0*x_1 + 3*x_0*x_2 + 4*x_0*x_3 + 5*x_1*x_1 + 4*x_1*x_2 + 2*x_1*x_3 + 2*x_2*x_2 + 4*x_2*x_3 + 4*x_3*x_3 <= 17', '5*x_4 + 4*x_5 + 1*x_6 <= 6']",quadratic_knapsack+knapsack,7,2, 3*x_0 + 4*x_0 x_1 + 1*x_0 x_2 + -5*x_0 x_3 + -5*x_0 x_4 + -4*x_1 + -4*x_1 x_2 + -3*x_1 x_3 + -4*x_1 x_4 + 1*x_1 x_6 + 3*x_2 + 3*x_2 x_3 + 1*x_2 x_4 + -1*x_2 x_5 + -4*x_3 + 2*x_3 x_4 + 1*x_3 x_5 + -5*x_3 x_6 + -5*x_4 + -3*x_4 x_5 + 4*x_4 x_6 + -4*x_5 + -3*x_5 x_6 + 4*x_6,"['quadratic_knapsack', 'knapsack']",7,0,2,0,True,False,30,10,18,"{'RY': 1, 'CRY': 4, 'SWAP': 2, 'CNOT': 12, 'CC_RY': 2, 'CSWAP': 0, 'Hadamard': 3, 'RZ': 3, 'RX': 3}","{'RY': 1, 'CRY': 4, 'SWAP': 2, 'CNOT': 12, 'CC_RY': 2, 'CSWAP': 0, 'Hadamard': 3, 'RZ': 3, 'RX': 3}",125,51,70,"{'CNOT': 58, 'RZ': 30, 'RX': 13, 'RY': 2, 'CRY': 8, 'SWAP': 4, 'CC_RY': 4, 'CSWAP': 0, 'Hadamard': 6}","{'RY': 2, 'CRY': 8, 'SWAP': 4, 'CNOT': 24, 'CC_RY': 4, 'CSWAP': 0, 'Hadamard': 6, 'RZ': 6, 'RX': 6}",15,8,8,8,0,{'Hadamard': 8},725,725,826,"{'CNOT': 826, 'RZ': 710, 'RX': 15}"
50,"['1*x_0 + 3*x_1 + 9*x_2 + 8*x_3 <= 10', 'x_4 + x_5 <= 1']",knapsack+cardinality,6,2, -4*x_0 + 2*x_0 x_1 + -4*x_0 x_2 + 1*x_0 x_3 + -4*x_0 x_4 + 1*x_1 + 4*x_1 x_2 + -3*x_1 x_3 + -1*x_1 x_5 + 2*x_2 + 4*x_2 x_3 + -1*x_2 x_4 + 3*x_3 + 4*x_3 x_4 + -4*x_3 x_5 + -1*x_4 + 3*x_4 x_5 + -1*x_5,"['knapsack', 'cardinality']",6,0,2,0,True,False,105,69,36,"{'RY': 1, 'CRY': 1, 'SWAP': 1, 'CNOT': 34, 'Hadamard': 4, 'RZ': 32, 'RX': 32}","{'Hadamard': 4, 'CNOT': 32, 'RZ': 32, 'RX': 32}",261,164,97,"{'CNOT': 92, 'RZ': 81, 'RY': 2, 'CRY': 2, 'SWAP': 2, 'X': 4, 'PhaseShift': 1, 'CRZ': 1, 'RX': 68, 'Hadamard': 8}","{'Hadamard': 8, 'CNOT': 64, 'RZ': 64, 'RX': 64}",11,5,5,5,0,{'Hadamard': 5},143,143,86,"{'CNOT': 86, 'RZ': 132, 'RX': 11}"
51,"['2*x_0 + 7*x_1 + 7*x_2 <= 7', 'x_3 + x_4 + x_5 <= 3']",knapsack+cardinality,6,2, -2*x_0 x_1 + -2*x_0 x_2 + -4*x_0 x_3 + 2*x_0 x_4 + -4*x_0 x_5 + 1*x_1 + 3*x_1 x_2 + 1*x_1 x_3 + -1*x_1 x_4 + 3*x_1 x_5 + -4*x_2 + -1*x_2 x_3 + -3*x_2 x_5 + -4*x_3 + 4*x_3 x_4 + 4*x_3 x_5 + -2*x_4 + 2*x_4 x_5 + -2*x_5,"['knapsack', 'cardinality']",6,0,2,0,True,False,21,2,18,"{'RY': 2, 'CRY': 6, 'SWAP': 2, 'CNOT': 10, 'C(RY, num_ctrl_wires=2,num_zero_ctrl=0)': 1, 'CC_RY': 0, 'CSWAP': 0}","{'RY': 1, 'CRY': 2, 'SWAP': 1, 'CNOT': 4, 'CC_RY': 0, 'CSWAP': 0}",102,34,65,"{'CNOT': 48, 'RZ': 20, 'RY': 4, 'CRY': 12, 'SWAP': 4, 'C(RY, num_ctrl_wires=2,num_zero_ctrl=0)': 2, 'X': 6, 'PhaseShift': 1, 'CRZ': 1, 'C(RZ, num_ctrl_wires=2,num_zero_ctrl=0)': 1, 'RX': 3, 'CC_RY': 0, 'CSWAP': 0}","{'RY': 2, 'CRY': 4, 'SWAP': 2, 'CNOT': 8, 'CC_RY': 0, 'CSWAP': 0}",11,5,5,5,0,{'Hadamard': 5},128,128,78,"{'CNOT': 78, 'RZ': 117, 'RX': 11}"
52,"['x_0 - x_1 - x_2 == 0', 'x_3 + x_4 + x_5 + x_6 + x_7 <= 3']",flow+cardinality,8,2, 4*x_0 + 1*x_0 x_1 + -3*x_0 x_2 + -4*x_0 x_3 + -5*x_0 x_4 + -2*x_0 x_5 + -1*x_0 x_6 + 2*x_0 x_7 + -4*x_1 + 1*x_1 x_2 + 3*x_1 x_3 + 3*x_1 x_4 + -1*x_1 x_5 + -1*x_1 x_6 + -1*x_1 x_7 + -5*x_2 + 4*x_2 x_3 + -3*x_2 x_4 + 4*x_2 x_5 + -2*x_2 x_6 + -3*x_2 x_7 + -5*x_3 + -5*x_3 x_4 + -5*x_3 x_5 + -1*x_3 x_6 + -2*x_3 x_7 + -1*x_4 + -2*x_4 x_5 + 1*x_4 x_6 + -5*x_4 x_7 + -4*x_5 + -5*x_5 x_6 + 3*x_5 x_7 + 4*x_6 + -1*x_6 x_7 + 4*x_7,"['flow', 'cardinality']",8,0,2,0,False,False,38,2,31,"{'RY': 2, 'CRY': 7, 'CNOT': 21, 'SWAP': 3, 'C(RY, num_ctrl_wires=2,num_zero_ctrl=0)': 5}",{},183,55,115,"{'CNOT': 98, 'RZ': 36, 'RY': 8, 'CRY': 12, 'SWAP': 4, 'C(RY, num_ctrl_wires=2,num_zero_ctrl=0)': 10, 'X': 10, 'PhaseShift': 1, 'CRZ': 1, 'C(RZ, num_ctrl_wires=2,num_zero_ctrl=0)': 1, 'C(RZ, num_ctrl_wires=3,num_zero_ctrl=0)': 1, 'C(RZ, num_ctrl_wires=4,num_zero_ctrl=0)': 1}",{},10,2,2,2,0,{'Hadamard': 2},135,135,104,"{'CNOT': 104, 'RZ': 125, 'RX': 10}"
53,"['1*x_0*x_0 + 5*x_0*x_1 + 3*x_0*x_2 + 4*x_1*x_1 + 2*x_1*x_2 + 4*x_2*x_2 <= 7', 'x_3 + x_4 + x_5 <= 0']",quadratic_knapsack+cardinality,6,2, -4*x_0 + 2*x_0 x_1 + -4*x_0 x_2 + 1*x_0 x_3 + -4*x_0 x_4 + 1*x_1 + 4*x_1 x_2 + -3*x_1 x_3 + -1*x_1 x_5 + 2*x_2 + 4*x_2 x_3 + -1*x_2 x_4 + 3*x_3 + 4*x_3 x_4 + -4*x_3 x_5 + -1*x_4 + 3*x_4 x_5 + -1*x_5,"['quadratic_knapsack', 'cardinality']",6,0,2,0,True,False,8,1,7,"{'RY': 1, 'CRY': 2, 'SWAP': 1, 'CNOT': 4, 'CC_RY': 0, 'CSWAP': 0}","{'RY': 1, 'CRY': 2, 'SWAP': 1, 'CNOT': 4, 'CC_RY': 0, 'CSWAP': 0}",69,29,39,"{'CNOT': 32, 'RZ': 17, 'X': 6, 'PhaseShift': 1, 'CRZ': 1, 'C(RZ, num_ctrl_wires=2,num_zero_ctrl=0)': 1, 'RX': 3, 'RY': 2, 'CRY': 4, 'SWAP': 2, 'CC_RY': 0, 'CSWAP': 0}","{'RY': 2, 'CRY': 4, 'SWAP': 2, 'CNOT': 8, 'CC_RY': 0, 'CSWAP': 0}",9,3,3,3,0,{'Hadamard': 3},242,242,234,"{'CNOT': 234, 'RZ': 233, 'RX': 9}"
54,"['2*x_0*x_0 + 5*x_0*x_1 + 4*x_0*x_2 + 4*x_0*x_3 + 3*x_0*x_4 + 4*x_1*x_1 + 4*x_1*x_2 + 1*x_1*x_3 + 2*x_1*x_4 + 3*x_2*x_2 + 1*x_2*x_3 + 4*x_2*x_4 + 3*x_3*x_3 + 4*x_3*x_4 + 3*x_4*x_4 <= 16', 'x_5 + x_6 + x_7 >= 3']",quadratic_knapsack+cardinality,8,2, 2*x_0 + -5*x_0 x_1 + 2*x_0 x_2 + 3*x_0 x_3 + -4*x_0 x_4 + -1*x_0 x_5 + -3*x_0 x_6 + -2*x_0 x_7 + 2*x_1 + -5*x_1 x_2 + 3*x_1 x_3 + -2*x_1 x_4 + 4*x_1 x_5 + -5*x_1 x_6 + 1*x_1 x_7 + -5*x_2 + 4*x_2 x_3 + 4*x_2 x_4 + -1*x_2 x_5 + -5*x_2 x_7 + -1*x_3 + 1*x_3 x_4 + 1*x_3 x_5 + 4*x_3 x_6 + 3*x_3 x_7 + -1*x_4 + -5*x_4 x_5 + -2*x_4 x_6 + -2*x_4 x_7 + -3*x_5 + -4*x_5 x_7 + 4*x_6 + 3*x_6 x_7 + -1*x_7,"['quadratic_knapsack', 'cardinality']",8,0,2,0,True,False,1080,296,784,"{'X': 3, 'Hadamard': 5, 'CNOT': 784, 'RZ': 248, 'RX': 40}","{'Hadamard': 5, 'CNOT': 784, 'RZ': 248, 'RX': 40}",2245,625,1620,"{'CNOT': 1620, 'RZ': 530, 'RX': 85, 'Hadamard': 10}","{'Hadamard': 10, 'CNOT': 1568, 'RZ': 496, 'RX': 80}",13,5,5,5,0,{'Hadamard': 5},1342,1342,1838,"{'CNOT': 1838, 'RZ': 1329, 'RX': 13}"
55,"['x_0 + x_1 + x_2 + x_3 >= 3', 'x_4 + x_5 + x_6 >= 3']",cardinality+cardinality,7,2, -4*x_0 + -1*x_0 x_1 + 4*x_0 x_2 + 2*x_0 x_3 + -5*x_0 x_4 + 2*x_0 x_5 + -5*x_0 x_6 + 3*x_1 + 3*x_1 x_2 + 4*x_1 x_4 + 3*x_1 x_5 + -2*x_1 x_6 + -5*x_2 + 2*x_2 x_3 + -5*x_2 x_4 + 1*x_2 x_5 + 3*x_2 x_6 + -5*x_3 + -4*x_3 x_4 + 4*x_3 x_5 + 1*x_3 x_6 + -4*x_4 + -5*x_4 x_5 + -5*x_4 x_6 + -3*x_5 x_6 + 3*x_6,"['cardinality', 'cardinality']",7,0,2,0,True,True,3,3,0,{'X': 3},{},71,31,40,"{'CNOT': 40, 'RZ': 27, 'RX': 4}",{},8,1,1,1,0,{'Hadamard': 1},90,90,66,"{'CNOT': 66, 'RZ': 82, 'RX': 8}"
56,"['x_0 + x_1 + x_2 + x_3 <= 2', 'x_4 + x_5 <= 0']",cardinality+cardinality,6,2, 1*x_0 + 4*x_0 x_1 + 3*x_0 x_2 + -1*x_0 x_3 + -3*x_0 x_4 + -1*x_1 + -5*x_1 x_2 + -3*x_1 x_3 + -2*x_1 x_4 + -1*x_1 x_5 + -1*x_2 + 4*x_2 x_4 + -5*x_2 x_5 + 3*x_3 + 4*x_3 x_4 + -1*x_3 x_5 + -3*x_4 + 3*x_4 x_5 + 2*x_5,"['cardinality', 'cardinality']",6,0,2,0,False,False,19,1,16,"{'RY': 1, 'CRY': 4, 'SWAP': 2, 'CNOT': 10, 'C(RY, num_ctrl_wires=2,num_zero_ctrl=0)': 2}",{},99,33,60,"{'CNOT': 46, 'RZ': 17, 'RY': 2, 'CRY': 8, 'SWAP': 4, 'C(RY, num_ctrl_wires=2,num_zero_ctrl=0)': 4, 'X': 12, 'PhaseShift': 2, 'CRZ': 2, 'C(RZ, num_ctrl_wires=2,num_zero_ctrl=0)': 1, 'C(RZ, num_ctrl_wires=3,num_zero_ctrl=0)': 1}",{},8,2,2,2,0,{'Hadamard': 2},87,87,58,"{'CNOT': 58, 'RZ': 79, 'RX': 8}"
57,"['5*x_2*x_2 + 3*x_2*x_3 + 1*x_2*x_4 + 5*x_2*x_5 + 3*x_3*x_3 + 1*x_3*x_4 + 4*x_3*x_5 + 5*x_4*x_4 + 5*x_4*x_5 + 1*x_5*x_5 <= 20', 'x_0 + x_1 == 1']",assignment+quadratic_knapsack,6,2, -2*x_0 + -4*x_0 x_1 + 2*x_0 x_2 + 2*x_0 x_3 + 3*x_0 x_4 + -5*x_0 x_5 + -1*x_1 + 1*x_1 x_3 + -2*x_1 x_4 + -5*x_2 x_3 + 4*x_2 x_4 + 3*x_2 x_5 + 3*x_3 + -3*x_3 x_4 + 2*x_3 x_5 + -1*x_4 + 2*x_4 x_5 + 3*x_5,"['assignment', 'quadratic_knapsack']",6,0,2,0,True,False,378,138,240,"{'X': 1, 'CNOT': 239, 'CRY': 1, 'Hadamard': 4, 'RZ': 105, 'RX': 28}","{'Hadamard': 4, 'CNOT': 238, 'RZ': 105, 'RX': 28}",807,301,506,"{'CNOT': 506, 'RZ': 229, 'RY': 4, 'RX': 60, 'Hadamard': 8}","{'Hadamard': 8, 'CNOT': 476, 'RZ': 210, 'RX': 56}",11,5,5,5,0,{'Hadamard': 5},666,666,790,"{'CNOT': 790, 'RZ': 655, 'RX': 11}"
58,"['x_0 + x_1 + x_2 + x_3 + x_4 >= 1', 'x_5 - x_6 - x_7 == 0']",cardinality+flow,8,2, 1*x_0 + -3*x_0 x_1 + -5*x_0 x_2 + -2*x_0 x_3 + -2*x_0 x_4 + -4*x_0 x_5 + -5*x_0 x_6 + -2*x_0 x_7 + -2*x_1 + 2*x_1 x_4 + 4*x_1 x_5 + -2*x_1 x_6 + -4*x_1 x_7 + -1*x_2 + -5*x_2 x_4 + 4*x_2 x_5 + 2*x_2 x_6 + 2*x_2 x_7 + -5*x_3 + -5*x_3 x_4 + 2*x_3 x_5 + 1*x_3 x_6 + -3*x_3 x_7 + -2*x_4 + -1*x_4 x_5 + 1*x_4 x_6 + 4*x_4 x_7 + 3*x_5 + -2*x_5 x_6 + -2*x_5 x_7 + -5*x_6 + 1*x_6 x_7 + -3*x_7,"['cardinality', 'flow']",8,0,2,0,True,True,6,1,5,"{'RY': 1, 'CRY': 1, 'CNOT': 3, 'SWAP': 1}",{},100,44,56,"{'CNOT': 56, 'RZ': 33, 'RY': 6, 'RX': 5}",{},11,3,3,3,0,{'Hadamard': 3},156,156,112,"{'CNOT': 112, 'RZ': 145, 'RX': 11}"
59,"['x_0 + x_1 + x_2 + x_3 >= 1', 'x_4 + x_5 <= 2']",cardinality+cardinality,6,2, -5*x_0 + -4*x_0 x_1 + -3*x_0 x_2 + -5*x_0 x_3 + 1*x_0 x_4 + -4*x_0 x_5 + -3*x_1 + -1*x_1 x_2 + 3*x_1 x_3 + -2*x_1 x_4 + 4*x_1 x_5 + -2*x_2 + -1*x_2 x_3 + -4*x_2 x_4 + 4*x_3 + -5*x_3 x_4 + 4*x_3 x_5 + -2*x_4 + -5*x_5,"['cardinality', 'cardinality']",6,0,2,0,True,True,6,1,5,"{'RY': 1, 'CRY': 2, 'SWAP': 1, 'CNOT': 2}",{},67,30,37,"{'CNOT': 30, 'RZ': 19, 'RY': 2, 'CRY': 4, 'SWAP': 2, 'X': 4, 'PhaseShift': 1, 'CRZ': 1, 'RX': 4}",{},10,4,4,4,0,{'Hadamard': 4},112,112,68,"{'CNOT': 68, 'RZ': 102, 'RX': 10}"
60,"['4*x_0 + 6*x_1 + 1*x_2 + 1*x_3 <= 6', 'x_4 + x_5 - x_6 - x_7 == 0']",knapsack+flow,8,2, 1*x_0 + -5*x_0 x_1 + -1*x_0 x_2 + 4*x_0 x_3 + -2*x_0 x_4 + 2*x_0 x_5 + -1*x_0 x_6 + 1*x_1 x_2 + -5*x_1 x_3 + -1*x_1 x_4 + 2*x_1 x_5 + 3*x_1 x_6 + -4*x_1 x_7 + -4*x_2 + -5*x_2 x_3 + -5*x_2 x_4 + -3*x_2 x_5 + 3*x_2 x_7 + -5*x_3 + -2*x_3 x_4 + -1*x_3 x_5 + -2*x_3 x_6 + -4*x_3 x_7 + -2*x_4 + 3*x_4 x_5 + -4*x_4 x_6 + 4*x_4 x_7 + -5*x_5 + -3*x_5 x_7 + -5*x_6 + -1*x_6 x_7,"['knapsack', 'flow']",8,0,2,0,True,False,281,100,181,"{'RY': 1, 'CRY': 3, 'CNOT': 176, 'SWAP': 2, 'Hadamard': 4, 'RZ': 75, 'RX': 20}","{'Hadamard': 4, 'CNOT': 170, 'RZ': 75, 'RX': 20}",641,243,398,"{'CNOT': 398, 'RZ': 183, 'RY': 8, 'RX': 44, 'Hadamard': 8}","{'Hadamard': 8, 'CNOT': 340, 'RZ': 150, 'RX': 40}",11,3,3,3,0,{'Hadamard': 3},143,143,104,"{'CNOT': 104, 'RZ': 132, 'RX': 11}"
61,"['2*x_5 + 7*x_6 + 7*x_7 <= 7', 'x_0 + x_1 + x_2 + x_3 + x_4 <= 4']",cardinality+knapsack,8,2, -3*x_0 + -3*x_0 x_1 + 2*x_0 x_2 + 2*x_0 x_3 + 3*x_0 x_4 + -5*x_0 x_5 + -5*x_0 x_6 + -5*x_0 x_7 + -4*x_1 + -2*x_1 x_2 + 1*x_1 x_3 + -4*x_1 x_4 + 2*x_1 x_6 + 1*x_1 x_7 + -4*x_2 x_3 + 4*x_2 x_4 + -2*x_2 x_5 + 3*x_2 x_6 + -3*x_2 x_7 + -1*x_3 + -3*x_3 x_4 + -2*x_3 x_5 + -2*x_3 x_6 + -3*x_3 x_7 + -2*x_4 + 1*x_4 x_5 + -5*x_4 x_6 + -1*x_4 x_7 + -4*x_5 + 3*x_5 x_6 + 2*x_5 x_7 + -2*x_6 x_7 + -3*x_7,"['cardinality', 'knapsack']",8,0,2,0,True,False,44,2,36,"{'RY': 2, 'CRY': 9, 'SWAP': 3, 'CNOT': 24, 'C(RY, num_ctrl_wires=2,num_zero_ctrl=0)': 6, 'CC_RY': 0, 'CSWAP': 0}","{'RY': 1, 'CRY': 2, 'SWAP': 1, 'CNOT': 4, 'CC_RY': 0, 'CSWAP': 0}",195,53,127,"{'CNOT': 102, 'RZ': 35, 'RY': 4, 'CRY': 18, 'SWAP': 6, 'C(RY, num_ctrl_wires=2,num_zero_ctrl=0)': 12, 'X': 10, 'PhaseShift': 1, 'CRZ': 1, 'C(RZ, num_ctrl_wires=2,num_zero_ctrl=0)': 1, 'C(RZ, num_ctrl_wires=3,num_zero_ctrl=0)': 1, 'C(RZ, num_ctrl_wires=4,num_zero_ctrl=0)': 1, 'RX': 3, 'CC_RY': 0, 'CSWAP': 0}","{'RY': 2, 'CRY': 4, 'SWAP': 2, 'CNOT': 8, 'CC_RY': 0, 'CSWAP': 0}",14,6,6,6,0,{'Hadamard': 6},206,206,140,"{'CNOT': 140, 'RZ': 192, 'RX': 14}"
62,"['3*x_0*x_0 + 1*x_0*x_1 + 3*x_0*x_2 + 5*x_1*x_1 + 2*x_1*x_2 + 2*x_2*x_2 <= 8', 'x_3 - x_4 - x_5 == 0']",quadratic_knapsack+flow,6,2, -2*x_0 + -4*x_0 x_1 + 2*x_0 x_2 + 2*x_0 x_3 + 3*x_0 x_4 + -5*x_0 x_5 + -1*x_1 + 1*x_1 x_3 + -2*x_1 x_4 + -5*x_2 x_3 + 4*x_2 x_4 + 3*x_2 x_5 + 3*x_3 + -3*x_3 x_4 + 2*x_3 x_5 + -1*x_4 + 2*x_4 x_5 + 3*x_5,"['quadratic_knapsack', 'flow']",6,0,2,0,True,False,29,14,15,"{'RY': 1, 'CRY': 1, 'CNOT': 13, 'SWAP': 1, 'Hadamard': 3, 'RZ': 7, 'RX': 3}","{'Hadamard': 3, 'CNOT': 10, 'RZ': 7, 'RX': 3}",106,54,52,"{'CNOT': 52, 'RZ': 33, 'RY': 6, 'RX': 9, 'Hadamard': 6}","{'Hadamard': 6, 'CNOT': 20, 'RZ': 14, 'RX': 6}",10,4,4,4,0,{'Hadamard': 4},286,286,278,"{'CNOT': 278, 'RZ': 276, 'RX': 10}"
63,"['2*x_0 + 7*x_1 + 7*x_2 <= 7', '5*x_3*x_3 + 1*x_3*x_4 + 3*x_3*x_5 + 1*x_3*x_6 + 4*x_4*x_4 + 1*x_4*x_5 + 5*x_4*x_6 + 4*x_5*x_5 + 2*x_5*x_6 + 3*x_6*x_6 <= 19']",knapsack+quadratic_knapsack,7,2, 4*x_0 + 4*x_0 x_1 + 1*x_0 x_2 + 3*x_0 x_3 + 1*x_0 x_4 + -3*x_0 x_5 + -3*x_0 x_6 + -5*x_1 + -2*x_1 x_2 + -5*x_1 x_3 + -4*x_1 x_4 + -4*x_1 x_5 + 1*x_2 + 4*x_2 x_3 + 2*x_2 x_4 + -4*x_2 x_5 + -4*x_2 x_6 + -2*x_3 + 2*x_3 x_4 + -5*x_3 x_5 + -2*x_3 x_6 + 2*x_4 + 1*x_4 x_5 + 3*x_4 x_6 + 4*x_5 + -4*x_5 x_6 + -2*x_6,"['knapsack', 'quadratic_knapsack']",7,0,2,0,True,False,31,2,26,"{'RY': 2, 'CRY': 7, 'SWAP': 3, 'CNOT': 16, 'CC_RY': 3, 'CSWAP': 0}","{'RY': 2, 'CRY': 7, 'SWAP': 3, 'CNOT': 16, 'CC_RY': 3, 'CSWAP': 0}",136,38,92,"{'CNOT': 72, 'RZ': 27, 'RX': 7, 'RY': 4, 'CRY': 14, 'SWAP': 6, 'CC_RY': 6, 'CSWAP': 0}","{'RY': 4, 'CRY': 14, 'SWAP': 6, 'CNOT': 32, 'CC_RY': 6, 'CSWAP': 0}",15,8,8,8,0,{'Hadamard': 8},728,728,832,"{'CNOT': 832, 'RZ': 713, 'RX': 15}"
64,"['10*x_4 + 8*x_5 + 10*x_6 <= 9', '4*x_0 + 6*x_1 + 2*x_2 + 10*x_3 <= 7']",knapsack+knapsack,7,2, 4*x_0 + 2*x_0 x_1 + -5*x_0 x_3 + 2*x_0 x_4 + -3*x_0 x_5 + 1*x_0 x_6 + -3*x_1 + -4*x_1 x_2 + -1*x_1 x_3 + 1*x_1 x_4 + 3*x_1 x_5 + 2*x_1 x_6 + 4*x_2 x_3 + -1*x_2 x_4 + -3*x_2 x_5 + 4*x_2 x_6 + 2*x_3 + -2*x_3 x_4 + 4*x_3 x_5 + -2*x_3 x_6 + 3*x_4 + -1*x_4 x_6 + 2*x_5 + -2*x_5 x_6 + -1*x_6,"['knapsack', 'knapsack']",7,0,2,0,True,False,68,32,36,"{'Hadamard': 7, 'CNOT': 36, 'RZ': 18, 'RX': 7}","{'Hadamard': 7, 'CNOT': 36, 'RZ': 18, 'RX': 7}",205,95,110,"{'CNOT': 110, 'RZ': 60, 'RX': 21, 'Hadamard': 14}","{'Hadamard': 14, 'CNOT': 72, 'RZ': 36, 'RX': 14}",14,7,7,7,0,{'Hadamard': 7},192,192,122,"{'CNOT': 122, 'RZ': 178, 'RX': 14}"
65,"['1*x_0*x_0 + 5*x_0*x_1 + 1*x_0*x_2 + 3*x_1*x_1 + 3*x_1*x_2 + 5*x_2*x_2 <= 10', 'x_3 + x_4 + x_5 + x_6 + x_7 == 3']",quadratic_knapsack+cardinality,8,2, 4*x_0 + 1*x_0 x_1 + -3*x_0 x_2 + -4*x_0 x_3 + -5*x_0 x_4 + -2*x_0 x_5 + -1*x_0 x_6 + 2*x_0 x_7 + -4*x_1 + 1*x_1 x_2 + 3*x_1 x_3 + 3*x_1 x_4 + -1*x_1 x_5 + -1*x_1 x_6 + -1*x_1 x_7 + -5*x_2 + 4*x_2 x_3 + -3*x_2 x_4 + 4*x_2 x_5 + -2*x_2 x_6 + -3*x_2 x_7 + -5*x_3 + -5*x_3 x_4 + -5*x_3 x_5 + -1*x_3 x_6 + -2*x_3 x_7 + -1*x_4 + -2*x_4 x_5 + 1*x_4 x_6 + -5*x_4 x_7 + -4*x_5 + -5*x_5 x_6 + 3*x_5 x_7 + 4*x_6 + -1*x_6 x_7 + 4*x_7,"['quadratic_knapsack', 'cardinality']",8,0,2,0,True,False,42,12,24,"{'X': 3, 'CNOT': 16, 'CRY': 6, 'C(RY, num_ctrl_wires=2,num_zero_ctrl=0)': 3, 'CSWAP': 3, 'SWAP': 2, 'Hadamard': 3, 'RZ': 3, 'RX': 3}","{'Hadamard': 3, 'CNOT': 2, 'RZ': 3, 'RX': 3}",137,67,70,"{'CNOT': 70, 'RZ': 42, 'RY': 10, 'RX': 9, 'Hadamard': 6}","{'Hadamard': 6, 'CNOT': 4, 'RZ': 6, 'RX': 6}",12,4,4,4,0,{'Hadamard': 4},333,333,322,"{'CNOT': 322, 'RZ': 321, 'RX': 12}"
66,"['x_0 + x_1 + x_2 >= 1', 'x_3 + x_4 <= 0']",cardinality+cardinality,5,2, -3*x_0 + -4*x_0 x_1 + -5*x_0 x_2 + -4*x_0 x_3 + -2*x_0 x_4 + -4*x_1 + -1*x_1 x_2 + -3*x_1 x_3 + -2*x_1 x_4 + -5*x_2 + 4*x_2 x_3 + 1*x_2 x_4 + -2*x_3 + -4*x_3 x_4 + 1*x_4,"['cardinality', 'cardinality']",5,0,2,0,True,True,0,0,0,{},{},44,23,21,"{'CNOT': 20, 'RZ': 15, 'X': 4, 'PhaseShift': 1, 'CRZ': 1, 'RX': 3}",{},7,2,2,2,0,{'Hadamard': 2},67,67,42,"{'CNOT': 42, 'RZ': 60, 'RX': 7}"
67,"['10*x_2 + 8*x_3 + 10*x_4 <= 9', 'x_0*x_1 == 0']",independent_set+knapsack,5,2, -2*x_0 + -3*x_0 x_1 + -2*x_0 x_2 + -3*x_0 x_3 + -1*x_0 x_4 + -5*x_1 + 2*x_1 x_2 + -1*x_1 x_3 + -4*x_1 x_4 + -2*x_2 + -4*x_2 x_3 + -1*x_2 x_4 + -5*x_3 + -5*x_3 x_4,"['independent_set', 'knapsack']",5,0,2,0,True,False,16,10,6,"{'RY': 1, 'CRY': 1, 'SWAP': 1, 'CNOT': 4, 'Hadamard': 3, 'RZ': 3, 'RX': 3}","{'Hadamard': 3, 'CNOT': 2, 'RZ': 3, 'RX': 3}",76,43,33,"{'CNOT': 28, 'RZ': 21, 'RY': 2, 'CRY': 2, 'SWAP': 2, 'X': 4, 'PhaseShift': 1, 'CRZ': 1, 'RX': 9, 'Hadamard': 6}","{'Hadamard': 6, 'CNOT': 4, 'RZ': 6, 'RX': 6}",9,4,4,4,0,{'Hadamard': 4},104,104,64,"{'CNOT': 64, 'RZ': 95, 'RX': 9}"
68,"['2*x_0 + 5*x_1 + 2*x_2 <= 5', 'x_3 + x_4 + x_5 + x_6 + x_7 >= 5']",knapsack+cardinality,8,2, 1*x_0 + -3*x_0 x_1 + -5*x_0 x_2 + -2*x_0 x_3 + -2*x_0 x_4 + -4*x_0 x_5 + -5*x_0 x_6 + -2*x_0 x_7 + -2*x_1 + 2*x_1 x_4 + 4*x_1 x_5 + -2*x_1 x_6 + -4*x_1 x_7 + -1*x_2 + -5*x_2 x_4 + 4*x_2 x_5 + 2*x_2 x_6 + 2*x_2 x_7 + -5*x_3 + -5*x_3 x_4 + 2*x_3 x_5 + 1*x_3 x_6 + -3*x_3 x_7 + -2*x_4 + -1*x_4 x_5 + 1*x_4 x_6 + 4*x_4 x_7 + 3*x_5 + -2*x_5 x_6 + -2*x_5 x_7 + -5*x_6 + 1*x_6 x_7 + -3*x_7,"['knapsack', 'cardinality']",8,0,2,0,True,False,68,38,30,"{'X': 5, 'Hadamard': 3, 'CNOT': 30, 'RZ': 21, 'RX': 9}","{'Hadamard': 3, 'CNOT': 30, 'RZ': 21, 'RX': 9}",212,102,110,"{'CNOT': 110, 'RZ': 75, 'RX': 21, 'Hadamard': 6}","{'Hadamard': 6, 'CNOT': 60, 'RZ': 42, 'RX': 18}",11,3,3,3,0,{'Hadamard': 3},141,141,100,"{'CNOT': 100, 'RZ': 130, 'RX': 11}"
69,"['3*x_0*x_0 + 1*x_0*x_1 + 3*x_0*x_2 + 1*x_1*x_1 + 4*x_1*x_2 + 3*x_2*x_2 <= 5', '5*x_3*x_3 + 1*x_3*x_4 + 2*x_3*x_5 + 5*x_4*x_4 + 1*x_4*x_5 + 3*x_5*x_5 <= 6']",quadratic_knapsack+quadratic_knapsack,6,2, -5*x_0 + -4*x_0 x_1 + -3*x_0 x_2 + -5*x_0 x_3 + 1*x_0 x_4 + -4*x_0 x_5 + -3*x_1 + -1*x_1 x_2 + 3*x_1 x_3 + -2*x_1 x_4 + 4*x_1 x_5 + -2*x_2 + -1*x_2 x_3 + -4*x_2 x_4 + 4*x_3 + -5*x_3 x_4 + 4*x_3 x_5 + -2*x_4 + -5*x_5,"['quadratic_knapsack', 'quadratic_knapsack']",6,0,2,0,True,False,91,44,47,"{'Hadamard': 3, 'CNOT': 44, 'RZ': 28, 'RX': 12, 'RY': 1, 'CRY': 2, 'SWAP': 1, 'CC_RY': 0, 'CSWAP': 0}","{'Hadamard': 3, 'CNOT': 44, 'RZ': 28, 'RX': 12, 'RY': 1, 'CRY': 2, 'SWAP': 1, 'CC_RY': 0, 'CSWAP': 0}",233,113,120,"{'CNOT': 114, 'RZ': 75, 'RX': 30, 'Hadamard': 6, 'RY': 2, 'CRY': 4, 'SWAP': 2, 'CC_RY': 0, 'CSWAP': 0}","{'Hadamard': 6, 'CNOT': 88, 'RZ': 56, 'RX': 24, 'RY': 2, 'CRY': 4, 'SWAP': 2, 'CC_RY': 0, 'CSWAP': 0}",12,6,6,6,0,{'Hadamard': 6},439,439,434,"{'CNOT': 434, 'RZ': 427, 'RX': 12}"
70,"['4*x_2*x_2 + 5*x_2*x_3 + 2*x_2*x_4 + 5*x_2*x_5 + 4*x_3*x_3 + 3*x_3*x_4 + 5*x_3*x_5 + 3*x_4*x_4 + 2*x_4*x_5 + 3*x_5*x_5 <= 22', 'x_0 - x_1 == 0']",flow+quadratic_knapsack,6,2, 2*x_0 + -5*x_0 x_1 + 2*x_0 x_2 + -4*x_0 x_3 + -2*x_0 x_4 + 4*x_0 x_5 + -4*x_1 + -5*x_1 x_2 + -5*x_1 x_3 + -5*x_1 x_4 + -5*x_1 x_5 + 1*x_2 + 4*x_2 x_3 + -1*x_2 x_4 + -1*x_2 x_5 + -5*x_3 + -5*x_3 x_5 + -1*x_4 + 1*x_4 x_5 + -1*x_5,"['flow', 'quadratic_knapsack']",6,0,2,0,True,False,27,16,11,"{'RY': 1, 'CNOT': 11, 'Hadamard': 4, 'RZ': 7, 'RX': 4}","{'Hadamard': 4, 'CNOT': 10, 'RZ': 7, 'RX': 4}",110,58,52,"{'CNOT': 52, 'RZ': 34, 'RY': 4, 'RX': 12, 'Hadamard': 8}","{'Hadamard': 8, 'CNOT': 20, 'RZ': 14, 'RX': 8}",11,5,5,5,0,{'Hadamard': 5},665,665,792,"{'CNOT': 792, 'RZ': 654, 'RX': 11}"
71,"['2*x_0 + 5*x_1 + 2*x_2 <= 5', 'x_3 + x_4 + x_5 >= 0']",knapsack+cardinality,6,2, 4*x_0 + -1*x_0 x_1 + 3*x_0 x_2 + -1*x_0 x_3 + -4*x_0 x_4 + 1*x_0 x_5 + 3*x_1 + 1*x_1 x_2 + -3*x_1 x_3 + -5*x_1 x_4 + -2*x_1 x_5 + -2*x_2 + -4*x_2 x_3 + -3*x_2 x_4 + 2*x_2 x_5 + -5*x_3 + -2*x_3 x_4 + 4*x_4 + -5*x_5,"['knapsack', 'cardinality']",6,0,2,0,True,True,63,33,30,"{'Hadamard': 3, 'CNOT': 30, 'RZ': 21, 'RX': 9}","{'Hadamard': 3, 'CNOT': 30, 'RZ': 21, 'RX': 9}",177,91,86,"{'CNOT': 86, 'RZ': 61, 'RX': 24, 'Hadamard': 6}","{'Hadamard': 6, 'CNOT': 60, 'RZ': 42, 'RX': 18}",11,5,5,5,0,{'Hadamard': 5},122,122,76,"{'CNOT': 76, 'RZ': 111, 'RX': 11}"
72,"['x_0 + x_1 + x_2 >= 2', 'x_3 + x_4 + x_5 + x_6 <= 3']",cardinality+cardinality,7,2, -4*x_0 + 4*x_0 x_1 + -2*x_0 x_2 + -2*x_0 x_3 + 4*x_0 x_4 + -5*x_0 x_5 + -1*x_0 x_6 + -3*x_1 x_2 + 4*x_1 x_3 + 2*x_1 x_4 + 1*x_1 x_5 + -5*x_1 x_6 + -5*x_2 + -4*x_2 x_3 + 1*x_2 x_4 + -3*x_2 x_5 + 2*x_2 x_6 + -3*x_3 + 3*x_3 x_4 + 4*x_4 + -2*x_4 x_5 + 1*x_4 x_6 + -4*x_5 + -4*x_5 x_6 + -5*x_6,"['cardinality', 'cardinality']",7,0,2,0,True,True,23,1,19,"{'RY': 1, 'CRY': 5, 'SWAP': 2, 'CNOT': 12, 'C(RY, num_ctrl_wires=2,num_zero_ctrl=0)': 3}",{},125,40,77,"{'CNOT': 62, 'RZ': 26, 'RY': 2, 'CRY': 10, 'SWAP': 4, 'C(RY, num_ctrl_wires=2,num_zero_ctrl=0)': 6, 'X': 8, 'PhaseShift': 1, 'CRZ': 1, 'C(RZ, num_ctrl_wires=2,num_zero_ctrl=0)': 1, 'C(RZ, num_ctrl_wires=3,num_zero_ctrl=0)': 1, 'RX': 3}",{},10,3,3,3,0,{'Hadamard': 3},119,119,80,"{'CNOT': 80, 'RZ': 109, 'RX': 10}"
73,"['1*x_0*x_0 + 2*x_0*x_1 + 1*x_0*x_2 + 1*x_1*x_1 + 5*x_1*x_2 + 1*x_2*x_2 <= 6', 'x_3 + x_4 + x_5 + x_6 <= 1']",quadratic_knapsack+cardinality,7,2, -4*x_0 + -1*x_0 x_1 + 4*x_0 x_2 + 2*x_0 x_3 + -5*x_0 x_4 + 2*x_0 x_5 + -5*x_0 x_6 + 3*x_1 + 3*x_1 x_2 + 4*x_1 x_4 + 3*x_1 x_5 + -2*x_1 x_6 + -5*x_2 + 2*x_2 x_3 + -5*x_2 x_4 + 1*x_2 x_5 + 3*x_2 x_6 + -5*x_3 + -4*x_3 x_4 + 4*x_3 x_5 + 1*x_3 x_6 + -4*x_4 + -5*x_4 x_5 + -5*x_4 x_6 + -3*x_5 x_6 + 3*x_6,"['quadratic_knapsack', 'cardinality']",7,0,2,0,True,False,55,34,21,"{'RY': 1, 'CRY': 3, 'SWAP': 2, 'CNOT': 16, 'Hadamard': 3, 'RZ': 15, 'RX': 15}","{'Hadamard': 3, 'CNOT': 10, 'RZ': 15, 'RX': 15}",192,107,83,"{'CNOT': 72, 'RZ': 57, 'RY': 2, 'CRY': 6, 'SWAP': 4, 'X': 8, 'PhaseShift': 1, 'CRZ': 1, 'C(RZ, num_ctrl_wires=2,num_zero_ctrl=0)': 1, 'C(RZ, num_ctrl_wires=3,num_zero_ctrl=0)': 1, 'RX': 33, 'Hadamard': 6}","{'Hadamard': 6, 'CNOT': 20, 'RZ': 30, 'RX': 30}",11,4,4,4,0,{'Hadamard': 4},282,282,264,"{'CNOT': 264, 'RZ': 271, 'RX': 11}"
74,"['7*x_0 + 10*x_1 + 9*x_2 <= 8', 'x_3 + x_4 + x_5 + x_6 <= 2']",knapsack+cardinality,7,2, 3*x_0 + -2*x_0 x_2 + -1*x_0 x_3 + -5*x_0 x_4 + 1*x_0 x_5 + 2*x_0 x_6 + -5*x_1 x_2 + -4*x_1 x_3 + -3*x_1 x_4 + -2*x_1 x_5 + 2*x_1 x_6 + 4*x_2 + 3*x_2 x_3 + -2*x_2 x_4 + -1*x_2 x_5 + 4*x_3 + 3*x_3 x_4 + 4*x_3 x_6 + -3*x_4 + -3*x_4 x_5 + 3*x_4 x_6 + 3*x_5 + 4*x_5 x_6 + -4*x_6,"['knapsack', 'cardinality']",7,0,2,0,True,False,30,10,18,"{'RY': 1, 'CRY': 4, 'SWAP': 2, 'CNOT': 12, 'C(RY, num_ctrl_wires=2,num_zero_ctrl=0)': 2, 'Hadamard': 3, 'RZ': 3, 'RX': 3}","{'Hadamard': 3, 'CNOT': 2, 'RZ': 3, 'RX': 3}",136,57,73,"{'CNOT': 60, 'RZ': 31, 'RY': 2, 'CRY': 8, 'SWAP': 4, 'C(RY, num_ctrl_wires=2,num_zero_ctrl=0)': 4, 'X': 8, 'PhaseShift': 1, 'CRZ': 1, 'C(RZ, num_ctrl_wires=2,num_zero_ctrl=0)': 1, 'C(RZ, num_ctrl_wires=3,num_zero_ctrl=0)': 1, 'RX': 9, 'Hadamard': 6}","{'Hadamard': 6, 'CNOT': 4, 'RZ': 6, 'RX': 6}",13,6,6,6,0,{'Hadamard': 6},172,172,108,"{'CNOT': 108, 'RZ': 159, 'RX': 13}"
75,"['x_0 + x_1 - x_2 == 0', 'x_3 + x_4 + x_5 <= 3', 'x_6*x_7 == 0']",flow+cardinality+independent_set,8,3, 1*x_0 + -3*x_0 x_1 + -5*x_0 x_2 + -2*x_0 x_3 + -2*x_0 x_4 + -4*x_0 x_5 + -5*x_0 x_6 + -2*x_0 x_7 + -2*x_1 + 2*x_1 x_4 + 4*x_1 x_5 + -2*x_1 x_6 + -4*x_1 x_7 + -1*x_2 + -5*x_2 x_4 + 4*x_2 x_5 + 2*x_2 x_6 + 2*x_2 x_7 + -5*x_3 + -5*x_3 x_4 + 2*x_3 x_5 + 1*x_3 x_6 + -3*x_3 x_7 + -2*x_4 + -1*x_4 x_5 + 1*x_4 x_6 + 4*x_4 x_7 + 3*x_5 + -2*x_5 x_6 + -2*x_5 x_7 + -5*x_6 + 1*x_6 x_7 + -3*x_7,"['flow', 'cardinality', 'independent_set']",8,0,3,0,False,False,24,3,20,"{'RY': 3, 'CRY': 6, 'CNOT': 11, 'SWAP': 3, 'C(RY, num_ctrl_wires=2,num_zero_ctrl=0)': 1}",{},146,55,88,"{'CNOT': 72, 'RZ': 33, 'RY': 10, 'CRY': 10, 'SWAP': 4, 'C(RY, num_ctrl_wires=2,num_zero_ctrl=0)': 2, 'X': 10, 'PhaseShift': 2, 'CRZ': 2, 'C(RZ, num_ctrl_wires=2,num_zero_ctrl=0)': 1}",{},10,2,2,2,0,{'Hadamard': 2},98,98,78,"{'CNOT': 78, 'RZ': 88, 'RX': 10}"
76,"['6*x_3 + 7*x_4 + 8*x_5 + 9*x_6 + 5*x_7 <= 14', 'x_0 + x_1 + x_2 == 1']",cardinality+knapsack,8,2, 4*x_0 + 4*x_0 x_1 + -3*x_0 x_2 + -3*x_0 x_3 + -1*x_0 x_4 + 2*x_0 x_5 + 1*x_0 x_6 + -2*x_0 x_7 + -4*x_1 + -4*x_1 x_2 + 4*x_1 x_3 + 4*x_1 x_4 + -2*x_1 x_5 + 3*x_1 x_6 + -5*x_1 x_7 + -3*x_2 + 4*x_2 x_3 + -1*x_2 x_4 + 4*x_2 x_5 + -1*x_2 x_7 + -2*x_3 + 3*x_3 x_4 + 4*x_3 x_5 + 4*x_3 x_6 + -1*x_4 + 4*x_4 x_5 + -1*x_4 x_6 + 4*x_4 x_7 + -3*x_5 + 4*x_5 x_6 + 3*x_5 x_7 + -5*x_6 + 4*x_6 x_7 + 4*x_7,"['cardinality', 'knapsack']",8,0,2,0,True,False,508,156,352,"{'X': 1, 'CNOT': 350, 'CRY': 2, 'Hadamard': 5, 'RZ': 120, 'RX': 30}","{'Hadamard': 5, 'CNOT': 348, 'RZ': 120, 'RX': 30}",1109,355,754,"{'CNOT': 754, 'RZ': 274, 'RY': 6, 'RX': 65, 'Hadamard': 10}","{'Hadamard': 10, 'CNOT': 696, 'RZ': 240, 'RX': 60}",12,4,4,4,0,{'Hadamard': 4},187,187,130,"{'CNOT': 130, 'RZ': 175, 'RX': 12}"
77,"['2*x_0*x_0 + 5*x_0*x_1 + 4*x_0*x_2 + 4*x_0*x_3 + 3*x_0*x_4 + 4*x_1*x_1 + 4*x_1*x_2 + 1*x_1*x_3 + 2*x_1*x_4 + 3*x_2*x_2 + 1*x_2*x_3 + 4*x_2*x_4 + 3*x_3*x_3 + 4*x_3*x_4 + 3*x_4*x_4 <= 16', '3*x_5 + 8*x_6 + 3*x_7 <= 5']",quadratic_knapsack+knapsack,8,2, 2*x_0 + -5*x_0 x_1 + 2*x_0 x_2 + 3*x_0 x_3 + -4*x_0 x_4 + -1*x_0 x_5 + -3*x_0 x_6 + -2*x_0 x_7 + 2*x_1 + -5*x_1 x_2 + 3*x_1 x_3 + -2*x_1 x_4 + 4*x_1 x_5 + -5*x_1 x_6 + 1*x_1 x_7 + -5*x_2 + 4*x_2 x_3 + 4*x_2 x_4 + -1*x_2 x_5 + -5*x_2 x_7 + -1*x_3 + 1*x_3 x_4 + 1*x_3 x_5 + 4*x_3 x_6 + 3*x_3 x_7 + -1*x_4 + -5*x_4 x_5 + -2*x_4 x_6 + -2*x_4 x_7 + -3*x_5 + -4*x_5 x_7 + 4*x_6 + 3*x_6 x_7 + -1*x_7,"['quadratic_knapsack', 'knapsack']",8,0,2,0,True,False,1180,346,834,"{'Hadamard': 8, 'CNOT': 834, 'RZ': 283, 'RX': 55}","{'Hadamard': 8, 'CNOT': 834, 'RZ': 283, 'RX': 55}",2454,734,1720,"{'CNOT': 1720, 'RZ': 600, 'RX': 118, 'Hadamard': 16}","{'Hadamard': 16, 'CNOT': 1668, 'RZ': 566, 'RX': 110}",16,8,8,8,0,{'Hadamard': 8},1387,1387,1862,"{'CNOT': 1862, 'RZ': 1371, 'RX': 16}"
78,"['1*x_0 + 6*x_1 + 9*x_2 + 8*x_3 + 9*x_4 <= 18', 'x_5 + x_6 >= 2']",knapsack+cardinality,7,2, -5*x_0 + 1*x_0 x_1 + 4*x_0 x_2 + -2*x_0 x_3 + -2*x_0 x_4 + 4*x_0 x_6 + -3*x_1 + -4*x_1 x_2 + -2*x_1 x_3 + 3*x_1 x_4 + 4*x_1 x_5 + 4*x_1 x_6 + 1*x_2 + -5*x_2 x_3 + -5*x_2 x_4 + -3*x_2 x_5 + 3*x_2 x_6 + -3*x_3 + 1*x_3 x_4 + -5*x_3 x_6 + -4*x_4 + 1*x_4 x_5 + -3*x_4 x_6 + 3*x_5 + -1*x_5 x_6 + 1*x_6,"['knapsack', 'cardinality']",7,0,2,0,True,False,141,43,98,"{'X': 2, 'Hadamard': 5, 'CNOT': 98, 'RZ': 31, 'RX': 5}","{'Hadamard': 5, 'CNOT': 98, 'RZ': 31, 'RX': 5}",346,112,234,"{'CNOT': 234, 'RZ': 87, 'RX': 15, 'Hadamard': 10}","{'Hadamard': 10, 'CNOT': 196, 'RZ': 62, 'RX': 10}",12,5,5,5,0,{'Hadamard': 5},199,199,130,"{'CNOT': 130, 'RZ': 187, 'RX': 12}"
79,"['2*x_0*x_0 + 4*x_0*x_1 + 5*x_0*x_2 + 1*x_0*x_3 + 4*x_0*x_4 + 2*x_1*x_1 + 4*x_1*x_2 + 4*x_1*x_3 + 1*x_1*x_4 + 2*x_2*x_2 + 3*x_2*x_3 + 3*x_2*x_4 + 3*x_3*x_3 + 2*x_3*x_4 + 1*x_4*x_4 <= 19', 'x_5 + x_6 == 2']",quadratic_knapsack+cardinality,7,2, 4*x_0 + 4*x_0 x_1 + 1*x_0 x_2 + 3*x_0 x_3 + 1*x_0 x_4 + -3*x_0 x_5 + -3*x_0 x_6 + -5*x_1 + -2*x_1 x_2 + -5*x_1 x_3 + -4*x_1 x_4 + -4*x_1 x_5 + 1*x_2 + 4*x_2 x_3 + 2*x_2 x_4 + -4*x_2 x_5 + -4*x_2 x_6 + -2*x_3 + 2*x_3 x_4 + -5*x_3 x_5 + -2*x_3 x_6 + 2*x_4 + 1*x_4 x_5 + 3*x_4 x_6 + 4*x_5 + -4*x_5 x_6 + -2*x_6,"['quadratic_knapsack', 'cardinality']",7,0,2,0,True,False,34,3,26,"{'X': 2, 'RY': 1, 'CRY': 6, 'SWAP': 2, 'CNOT': 18, 'CC_RY': 5, 'CSWAP': 0}","{'RY': 1, 'CRY': 6, 'SWAP': 2, 'CNOT': 18, 'CC_RY': 5, 'CSWAP': 0}",144,38,96,"{'CNOT': 80, 'RZ': 27, 'RY': 6, 'RX': 5, 'CRY': 12, 'SWAP': 4, 'CC_RY': 10, 'CSWAP': 0}","{'RY': 2, 'CRY': 12, 'SWAP': 4, 'CNOT': 36, 'CC_RY': 10, 'CSWAP': 0}",12,5,5,5,0,{'Hadamard': 5},1326,1326,1822,"{'CNOT': 1822, 'RZ': 1314, 'RX': 12}"
80,"['x_0 + x_1 + x_2 + x_3 <= 4', 'x_4 + x_5 + x_6 <= 3']",cardinality+cardinality,7,2, -1*x_0 + 4*x_0 x_1 + 1*x_0 x_2 + -2*x_0 x_3 + 3*x_0 x_4 + -1*x_0 x_5 + 4*x_0 x_6 + 2*x_1 + 2*x_1 x_2 + -1*x_1 x_3 + -2*x_1 x_4 + -1*x_1 x_5 + 3*x_1 x_6 + -1*x_2 + -5*x_2 x_3 + -2*x_2 x_4 + 2*x_2 x_5 + -1*x_2 x_6 + 2*x_3 + -1*x_3 x_5 + -3*x_4 + 3*x_4 x_5 + -2*x_4 x_6 + -1*x_5 x_6 + -5*x_6,"['cardinality', 'cardinality']",7,0,2,0,False,False,37,2,31,"{'RY': 2, 'CRY': 10, 'SWAP': 3, 'CNOT': 18, 'C(RY, num_ctrl_wires=2,num_zero_ctrl=0)': 4}",{},159,46,102,"{'CNOT': 74, 'RZ': 26, 'RY': 4, 'CRY': 20, 'SWAP': 6, 'C(RY, num_ctrl_wires=2,num_zero_ctrl=0)': 8, 'X': 14, 'PhaseShift': 2, 'CRZ': 2, 'C(RZ, num_ctrl_wires=2,num_zero_ctrl=0)': 2, 'C(RZ, num_ctrl_wires=3,num_zero_ctrl=0)': 1}",{},12,5,5,5,0,{'Hadamard': 5},155,155,100,"{'CNOT': 100, 'RZ': 143, 'RX': 12}"
81,"['3*x_0 + 8*x_1 + 3*x_2 <= 5', '5*x_3*x_3 + 1*x_3*x_4 + 2*x_3*x_5 + 5*x_4*x_4 + 1*x_4*x_5 + 3*x_5*x_5 <= 6']",knapsack+quadratic_knapsack,6,2, -2*x_0 + -4*x_0 x_1 + 2*x_0 x_2 + 2*x_0 x_3 + 3*x_0 x_4 + -5*x_0 x_5 + -1*x_1 + 1*x_1 x_3 + -2*x_1 x_4 + -5*x_2 x_3 + 4*x_2 x_4 + 3*x_2 x_5 + 3*x_3 + -3*x_3 x_4 + 2*x_3 x_5 + -1*x_4 + 2*x_4 x_5 + 3*x_5,"['knapsack', 'quadratic_knapsack']",6,0,2,0,True,False,111,54,57,"{'Hadamard': 3, 'CNOT': 54, 'RZ': 35, 'RX': 15, 'RY': 1, 'CRY': 2, 'SWAP': 1, 'CC_RY': 0, 'CSWAP': 0}","{'Hadamard': 3, 'CNOT': 54, 'RZ': 35, 'RX': 15, 'RY': 1, 'CRY': 2, 'SWAP': 1, 'CC_RY': 0, 'CSWAP': 0}",273,133,140,"{'CNOT': 134, 'RZ': 89, 'RX': 36, 'Hadamard': 6, 'RY': 2, 'CRY': 4, 'SWAP': 2, 'CC_RY': 0, 'CSWAP': 0}","{'Hadamard': 6, 'CNOT': 108, 'RZ': 70, 'RX': 30, 'RY': 2, 'CRY': 4, 'SWAP': 2, 'CC_RY': 0, 'CSWAP': 0}",12,6,6,6,0,{'Hadamard': 6},292,292,260,"{'CNOT': 260, 'RZ': 280, 'RX': 12}"
82,"['x_0 + x_1 == 1', 'x_2 + x_3 + x_4 + x_5 + x_6 == 3']",assignment+cardinality,7,2, -4*x_0 + -1*x_0 x_1 + 4*x_0 x_2 + 2*x_0 x_3 + -5*x_0 x_4 + 2*x_0 x_5 + -5*x_0 x_6 + 3*x_1 + 3*x_1 x_2 + 4*x_1 x_4 + 3*x_1 x_5 + -2*x_1 x_6 + -5*x_2 + 2*x_2 x_3 + -5*x_2 x_4 + 1*x_2 x_5 + 3*x_2 x_6 + -5*x_3 + -4*x_3 x_4 + 4*x_3 x_5 + 1*x_3 x_6 + -4*x_4 + -5*x_4 x_5 + -5*x_4 x_6 + -3*x_5 x_6 + 3*x_6,"['assignment', 'cardinality']",7,0,2,0,False,False,34,4,24,"{'X': 4, 'CNOT': 15, 'CRY': 7, 'C(RY, num_ctrl_wires=2,num_zero_ctrl=0)': 3, 'CSWAP': 3, 'SWAP': 2}",{},95,41,54,"{'CNOT': 54, 'RZ': 27, 'RY': 14}",{},7,0,0,0,0,{},81,81,62,"{'CNOT': 62, 'RZ': 74, 'RX': 7}"
83,"['9*x_3 + 2*x_4 + 1*x_5 + 9*x_6 + 6*x_7 <= 13', 'x_0 + x_1 + x_2 == 0']",cardinality+knapsack,8,2, 4*x_0 + 1*x_0 x_1 + -3*x_0 x_2 + -4*x_0 x_3 + -5*x_0 x_4 + -2*x_0 x_5 + -1*x_0 x_6 + 2*x_0 x_7 + -4*x_1 + 1*x_1 x_2 + 3*x_1 x_3 + 3*x_1 x_4 + -1*x_1 x_5 + -1*x_1 x_6 + -1*x_1 x_7 + -5*x_2 + 4*x_2 x_3 + -3*x_2 x_4 + 4*x_2 x_5 + -2*x_2 x_6 + -3*x_2 x_7 + -5*x_3 + -5*x_3 x_4 + -5*x_3 x_5 + -1*x_3 x_6 + -2*x_3 x_7 + -1*x_4 + -2*x_4 x_5 + 1*x_4 x_6 + -5*x_4 x_7 + -4*x_5 + -5*x_5 x_6 + 3*x_5 x_7 + 4*x_6 + -1*x_6 x_7 + 4*x_7,"['cardinality', 'knapsack']",8,0,2,0,True,False,44,32,12,"{'Hadamard': 5, 'CNOT': 12, 'RZ': 12, 'RX': 15}","{'Hadamard': 5, 'CNOT': 12, 'RZ': 12, 'RX': 15}",197,111,86,"{'CNOT': 86, 'RZ': 60, 'RY': 6, 'RX': 35, 'Hadamard': 10}","{'Hadamard': 10, 'CNOT': 24, 'RZ': 24, 'RX': 30}",12,4,4,4,0,{'Hadamard': 4},186,186,134,"{'CNOT': 134, 'RZ': 174, 'RX': 12}"
84,"['5*x_0*x_0 + 1*x_0*x_1 + 2*x_0*x_2 + 5*x_1*x_1 + 1*x_1*x_2 + 3*x_2*x_2 <= 6', '5*x_3*x_3 + 3*x_3*x_4 + 1*x_3*x_5 + 5*x_3*x_6 + 3*x_4*x_4 + 1*x_4*x_5 + 4*x_4*x_6 + 5*x_5*x_5 + 5*x_5*x_6 + 1*x_6*x_6 <= 20']",quadratic_knapsack+quadratic_knapsack,7,2, 3*x_0 + -2*x_0 x_2 + -1*x_0 x_3 + -5*x_0 x_4 + 1*x_0 x_5 + 2*x_0 x_6 + -5*x_1 x_2 + -4*x_1 x_3 + -3*x_1 x_4 + -2*x_1 x_5 + 2*x_1 x_6 + 4*x_2 + 3*x_2 x_3 + -2*x_2 x_4 + -1*x_2 x_5 + 4*x_3 + 3*x_3 x_4 + 4*x_3 x_6 + -3*x_4 + -3*x_4 x_5 + 3*x_4 x_6 + 3*x_5 + 4*x_5 x_6 + -4*x_6,"['quadratic_knapsack', 'quadratic_knapsack']",7,0,2,0,True,False,383,138,245,"{'RY': 1, 'CRY': 2, 'SWAP': 1, 'CNOT': 242, 'CC_RY': 0, 'CSWAP': 0, 'Hadamard': 4, 'RZ': 105, 'RX': 28}","{'RY': 1, 'CRY': 2, 'SWAP': 1, 'CNOT': 242, 'CC_RY': 0, 'CSWAP': 0, 'Hadamard': 4, 'RZ': 105, 'RX': 28}",834,308,526,"{'CNOT': 520, 'RZ': 235, 'RX': 63, 'RY': 2, 'CRY': 4, 'SWAP': 2, 'CC_RY': 0, 'CSWAP': 0, 'Hadamard': 8}","{'RY': 2, 'CRY': 4, 'SWAP': 2, 'CNOT': 484, 'CC_RY': 0, 'CSWAP': 0, 'Hadamard': 8, 'RZ': 210, 'RX': 56}",15,8,8,8,0,{'Hadamard': 8},873,873,1002,"{'CNOT': 1002, 'RZ': 858, 'RX': 15}"
85,"['4*x_0*x_0 + 4*x_0*x_1 + 1*x_0*x_2 + 5*x_0*x_3 + 5*x_1*x_1 + 5*x_1*x_2 + 5*x_1*x_3 + 1*x_2*x_2 + 4*x_2*x_3 + 1*x_3*x_3 <= 11', 'x_4*x_5 == 0']",quadratic_knapsack+independent_set,6,2, 1*x_0 x_1 + -3*x_0 x_3 + -3*x_0 x_4 + 4*x_0 x_5 + 4*x_1 + 3*x_1 x_5 + 1*x_2 + 3*x_2 x_3 + -4*x_2 x_4 + 1*x_2 x_5 + -1*x_3 + 2*x_3 x_4 + 1*x_3 x_5 + -4*x_4 + -5*x_5,"['quadratic_knapsack', 'independent_set']",6,0,2,0,True,False,226,96,130,"{'RY': 1, 'CRY': 1, 'SWAP': 1, 'CNOT': 128, 'Hadamard': 4, 'RZ': 63, 'RX': 28}","{'Hadamard': 4, 'CNOT': 126, 'RZ': 63, 'RX': 28}",498,217,281,"{'CNOT': 276, 'RZ': 142, 'RY': 2, 'CRY': 2, 'SWAP': 2, 'X': 4, 'PhaseShift': 1, 'CRZ': 1, 'RX': 60, 'Hadamard': 8}","{'Hadamard': 8, 'CNOT': 252, 'RZ': 126, 'RX': 56}",10,4,4,4,0,{'Hadamard': 4},590,590,708,"{'CNOT': 708, 'RZ': 580, 'RX': 10}"
86,"['4*x_3 + 6*x_4 + 1*x_5 + 1*x_6 <= 6', '5*x_0*x_0 + 3*x_0*x_1 + 5*x_0*x_2 + 4*x_1*x_1 + 5*x_1*x_2 + 3*x_2*x_2 <= 14']",quadratic_knapsack+knapsack,7,2, 3*x_0 + -2*x_0 x_2 + -1*x_0 x_3 + -5*x_0 x_4 + 1*x_0 x_5 + 2*x_0 x_6 + -5*x_1 x_2 + -4*x_1 x_3 + -3*x_1 x_4 + -2*x_1 x_5 + 2*x_1 x_6 + 4*x_2 + 3*x_2 x_3 + -2*x_2 x_4 + -1*x_2 x_5 + 4*x_3 + 3*x_3 x_4 + 4*x_3 x_6 + -3*x_4 + -3*x_4 x_5 + 3*x_4 x_6 + 3*x_5 + 4*x_5 x_6 + -4*x_6,"['quadratic_knapsack', 'knapsack']",7,0,2,0,True,False,281,100,180,"{'RY': 1, 'CRY': 3, 'SWAP': 1, 'CNOT': 176, 'CC_RY': 1, 'CSWAP': 0, 'Hadamard': 4, 'RZ': 75, 'RX': 20}","{'RY': 1, 'CRY': 3, 'SWAP': 1, 'CNOT': 176, 'CC_RY': 1, 'CSWAP': 0, 'Hadamard': 4, 'RZ': 75, 'RX': 20}",630,232,396,"{'CNOT': 388, 'RZ': 175, 'RX': 47, 'RY': 2, 'CRY': 6, 'SWAP': 2, 'CC_RY': 2, 'CSWAP': 0, 'Hadamard': 8}","{'RY': 2, 'CRY': 6, 'SWAP': 2, 'CNOT': 352, 'CC_RY': 2, 'CSWAP': 0, 'Hadamard': 8, 'RZ': 150, 'RX': 40}",14,7,7,7,0,{'Hadamard': 7},361,361,324,"{'CNOT': 324, 'RZ': 347, 'RX': 14}"
87,"['x_0 + x_1 + x_2 == 1', 'x_3 + x_4 + x_5 + x_6 <= 4']",cardinality+cardinality,7,2, -4*x_0 + 4*x_0 x_1 + -2*x_0 x_2 + -2*x_0 x_3 + 4*x_0 x_4 + -5*x_0 x_5 + -1*x_0 x_6 + -3*x_1 x_2 + 4*x_1 x_3 + 2*x_1 x_4 + 1*x_1 x_5 + -5*x_1 x_6 + -5*x_2 + -4*x_2 x_3 + 1*x_2 x_4 + -3*x_2 x_5 + 2*x_2 x_6 + -3*x_3 + 3*x_3 x_4 + 4*x_4 + -2*x_4 x_5 + 1*x_4 x_6 + -4*x_5 + -4*x_5 x_6 + -5*x_6,"['cardinality', 'cardinality']",7,0,2,0,False,False,29,2,24,"{'X': 1, 'CNOT': 14, 'CRY': 8, 'C(RY, num_ctrl_wires=2,num_zero_ctrl=0)': 3, 'SWAP': 2, 'RY': 1}",{},136,43,85,"{'CNOT': 68, 'RZ': 26, 'RY': 8, 'CRY': 12, 'SWAP': 4, 'C(RY, num_ctrl_wires=2,num_zero_ctrl=0)': 6, 'X': 8, 'PhaseShift': 1, 'CRZ': 1, 'C(RZ, num_ctrl_wires=2,num_zero_ctrl=0)': 1, 'C(RZ, num_ctrl_wires=3,num_zero_ctrl=0)': 1}",{},10,3,3,3,0,{'Hadamard': 3},128,128,86,"{'CNOT': 86, 'RZ': 118, 'RX': 10}"
88,"['1*x_5*x_5 + 5*x_5*x_6 + 4*x_5*x_7 + 2*x_6*x_6 + 2*x_6*x_7 + 2*x_7*x_7 <= 8', 'x_0 + x_1 + x_2 + x_3 + x_4 == 3']",cardinality+quadratic_knapsack,8,2, 1*x_0 + -3*x_0 x_1 + -5*x_0 x_2 + -2*x_0 x_3 + -2*x_0 x_4 + -4*x_0 x_5 + -5*x_0 x_6 + -2*x_0 x_7 + -2*x_1 + 2*x_1 x_4 + 4*x_1 x_5 + -2*x_1 x_6 + -4*x_1 x_7 + -1*x_2 + -5*x_2 x_4 + 4*x_2 x_5 + 2*x_2 x_6 + 2*x_2 x_7 + -5*x_3 + -5*x_3 x_4 + 2*x_3 x_5 + 1*x_3 x_6 + -3*x_3 x_7 + -2*x_4 + -1*x_4 x_5 + 1*x_4 x_6 + 4*x_4 x_7 + 3*x_5 + -2*x_5 x_6 + -2*x_5 x_7 + -5*x_6 + 1*x_6 x_7 + -3*x_7,"['cardinality', 'quadratic_knapsack']",8,0,2,0,True,False,43,4,32,"{'X': 3, 'CNOT': 20, 'CRY': 9, 'C(RY, num_ctrl_wires=2,num_zero_ctrl=0)': 3, 'CSWAP': 3, 'SWAP': 3, 'RY': 1, 'CC_RY': 1}","{'RY': 1, 'CRY': 3, 'SWAP': 1, 'CNOT': 6, 'CC_RY': 1, 'CSWAP': 0}",130,48,80,"{'CNOT': 72, 'RZ': 33, 'RY': 12, 'RX': 3, 'CRY': 6, 'SWAP': 2, 'CC_RY': 2, 'CSWAP': 0}","{'RY': 2, 'CRY': 6, 'SWAP': 2, 'CNOT': 12, 'CC_RY': 2, 'CSWAP': 0}",12,4,4,4,0,{'Hadamard': 4},330,330,316,"{'CNOT': 316, 'RZ': 318, 'RX': 12}"
89,"['3*x_0*x_0 + 1*x_0*x_1 + 3*x_0*x_2 + 5*x_1*x_1 + 2*x_1*x_2 + 2*x_2*x_2 <= 8', 'x_3 + x_4 + x_5 + x_6 == 3']",quadratic_knapsack+cardinality,7,2, 3*x_0 x_2 + 3*x_0 x_3 + 3*x_0 x_4 + -1*x_0 x_5 + 4*x_0 x_6 + -2*x_1 + -2*x_1 x_3 + 2*x_1 x_4 + -5*x_1 x_5 + 3*x_1 x_6 + 1*x_2 + -3*x_2 x_3 + -5*x_2 x_4 + 2*x_2 x_5 + 1*x_2 x_6 + 4*x_3 + -1*x_3 x_5 + -2*x_3 x_6 + -4*x_4 + 3*x_4 x_5 + -1*x_4 x_6 + -4*x_5 + 2*x_5 x_6 + -1*x_6,"['quadratic_knapsack', 'cardinality']",7,0,2,0,True,False,46,16,27,"{'X': 3, 'CNOT': 21, 'CRY': 5, 'C(RY, num_ctrl_wires=2,num_zero_ctrl=0)': 1, 'CSWAP': 2, 'SWAP': 1, 'Hadamard': 3, 'RZ': 7, 'RX': 3}","{'Hadamard': 3, 'CNOT': 10, 'RZ': 7, 'RX': 3}",125,61,64,"{'CNOT': 64, 'RZ': 38, 'RY': 8, 'RX': 9, 'Hadamard': 6}","{'Hadamard': 6, 'CNOT': 20, 'RZ': 14, 'RX': 6}",11,4,4,4,0,{'Hadamard': 4},306,306,294,"{'CNOT': 294, 'RZ': 295, 'RX': 11}"
90,"['1*x_0*x_0 + 4*x_0*x_1 + 1*x_0*x_2 + 5*x_0*x_3 + 2*x_1*x_1 + 3*x_1*x_2 + 3*x_1*x_3 + 5*x_2*x_2 + 4*x_2*x_3 + 5*x_3*x_3 <= 22', '7*x_4 + 7*x_5 + 10*x_6 + 2*x_7 <= 10']",quadratic_knapsack+knapsack,8,2, 2*x_0 + -5*x_0 x_1 + 2*x_0 x_2 + 3*x_0 x_3 + -4*x_0 x_4 + -1*x_0 x_5 + -3*x_0 x_6 + -2*x_0 x_7 + 2*x_1 + -5*x_1 x_2 + 3*x_1 x_3 + -2*x_1 x_4 + 4*x_1 x_5 + -5*x_1 x_6 + 1*x_1 x_7 + -5*x_2 + 4*x_2 x_3 + 4*x_2 x_4 + -1*x_2 x_5 + -5*x_2 x_7 + -1*x_3 + 1*x_3 x_4 + 1*x_3 x_5 + 4*x_3 x_6 + 3*x_3 x_7 + -1*x_4 + -5*x_4 x_5 + -2*x_4 x_6 + -2*x_4 x_7 + -3*x_5 + -4*x_5 x_7 + 4*x_6 + 3*x_6 x_7 + -1*x_7,"['quadratic_knapsack', 'knapsack']",8,0,2,0,True,False,292,100,189,"{'RY': 1, 'CRY': 5, 'SWAP': 2, 'CNOT': 182, 'CC_RY': 3, 'CSWAP': 0, 'Hadamard': 4, 'RZ': 75, 'RX': 20}","{'RY': 1, 'CRY': 5, 'SWAP': 2, 'CNOT': 182, 'CC_RY': 3, 'CSWAP': 0, 'Hadamard': 4, 'RZ': 75, 'RX': 20}",678,242,430,"{'CNOT': 416, 'RZ': 184, 'RX': 48, 'RY': 2, 'CRY': 10, 'SWAP': 4, 'CC_RY': 6, 'CSWAP': 0, 'Hadamard': 8}","{'RY': 2, 'CRY': 10, 'SWAP': 4, 'CNOT': 364, 'CC_RY': 6, 'CSWAP': 0, 'Hadamard': 8, 'RZ': 150, 'RX': 40}",17,9,9,9,0,{'Hadamard': 9},780,780,870,"{'CNOT': 870, 'RZ': 763, 'RX': 17}"
91,"['3*x_4*x_4 + 1*x_4*x_5 + 3*x_4*x_6 + 4*x_4*x_7 + 5*x_5*x_5 + 4*x_5*x_6 + 2*x_5*x_7 + 2*x_6*x_6 + 4*x_6*x_7 + 4*x_7*x_7 <= 17', 'x_0 + x_1 + x_2 + x_3 <= 1']",cardinality+quadratic_knapsack,8,2, -5*x_0 + 4*x_0 x_1 + 3*x_0 x_3 + -3*x_0 x_4 + 4*x_0 x_5 + 3*x_0 x_6 + 2*x_0 x_7 + -1*x_1 + 2*x_1 x_2 + -5*x_1 x_3 + 1*x_1 x_4 + 2*x_1 x_5 + 2*x_1 x_6 + -4*x_1 x_7 + 4*x_2 + -1*x_2 x_3 + -3*x_2 x_4 + 3*x_2 x_5 + 2*x_2 x_6 + -3*x_3 x_4 + 1*x_3 x_5 + -4*x_3 x_6 + -2*x_3 x_7 + -3*x_4 + 1*x_4 x_6 + -3*x_4 x_7 + -3*x_5 + 2*x_5 x_6 + 1*x_5 x_7 + 3*x_6 + 4*x_6 x_7 + 4*x_7,"['cardinality', 'quadratic_knapsack']",8,0,2,0,True,False,31,2,27,"{'RY': 2, 'CRY': 7, 'SWAP': 4, 'CNOT': 16, 'CC_RY': 2, 'CSWAP': 0}","{'RY': 1, 'CRY': 4, 'SWAP': 2, 'CNOT': 10, 'CC_RY': 2, 'CSWAP': 0}",160,49,105,"{'CNOT': 82, 'RZ': 32, 'RY': 4, 'CRY': 14, 'SWAP': 8, 'X': 8, 'PhaseShift': 1, 'CRZ': 1, 'C(RZ, num_ctrl_wires=2,num_zero_ctrl=0)': 1, 'C(RZ, num_ctrl_wires=3,num_zero_ctrl=0)': 1, 'RX': 4, 'CC_RY': 4, 'CSWAP': 0}","{'RY': 2, 'CRY': 8, 'SWAP': 4, 'CNOT': 20, 'CC_RY': 4, 'CSWAP': 0}",14,6,6,6,0,{'Hadamard': 6},715,715,832,"{'CNOT': 832, 'RZ': 701, 'RX': 14}"
92,"['x_0 + x_1 + x_2 + x_3 >= 4', 'x_4 + x_5 <= 2']",cardinality+cardinality,6,2, -2*x_0 x_1 + -2*x_0 x_2 + -4*x_0 x_3 + 2*x_0 x_4 + -4*x_0 x_5 + 1*x_1 + 3*x_1 x_2 + 1*x_1 x_3 + -1*x_1 x_4 + 3*x_1 x_5 + -4*x_2 + -1*x_2 x_3 + -3*x_2 x_5 + -4*x_3 + 4*x_3 x_4 + 4*x_3 x_5 + -2*x_4 + 2*x_4 x_5 + -2*x_5,"['cardinality', 'cardinality']",6,0,2,0,False,False,10,5,5,"{'X': 4, 'RY': 1, 'CRY': 2, 'SWAP': 1, 'CNOT': 2}",{},66,27,39,"{'CNOT': 32, 'RZ': 20, 'RY': 2, 'CRY': 4, 'SWAP': 2, 'X': 4, 'PhaseShift': 1, 'CRZ': 1}",{},8,2,2,2,0,{'Hadamard': 2},80,80,52,"{'CNOT': 52, 'RZ': 72, 'RX': 8}"
93,"['x_0 + x_1 + x_2 + x_3 == 2', 'x_4 + x_5 == 1', 'x_6 + x_7 >= 0']",cardinality+assignment+cardinality,8,3, -1*x_0 + -4*x_0 x_1 + 1*x_0 x_2 + 3*x_0 x_3 + -1*x_0 x_4 + -1*x_0 x_5 + -1*x_0 x_6 + 1*x_0 x_7 + 4*x_1 + -3*x_1 x_2 + 3*x_1 x_3 + 4*x_1 x_4 + -5*x_1 x_5 + -2*x_1 x_6 + -1*x_1 x_7 + -3*x_2 x_3 + -5*x_2 x_4 + 2*x_2 x_5 + -4*x_2 x_6 + -3*x_2 x_7 + -2*x_3 + 4*x_3 x_4 + -1*x_3 x_6 + -5*x_3 x_7 + -5*x_4 + -4*x_4 x_5 + 4*x_4 x_6 + -1*x_4 x_7 + -1*x_5 + 2*x_5 x_6 + 3*x_5 x_7 + -4*x_6 + -5*x_6 x_7,"['cardinality', 'assignment', 'cardinality']",8,0,3,0,True,True,21,3,16,"{'X': 3, 'CNOT': 9, 'CRY': 5, 'C(RY, num_ctrl_wires=2,num_zero_ctrl=0)': 1, 'CSWAP': 1, 'SWAP': 2}",{},114,48,66,"{'CNOT': 66, 'RZ': 34, 'RY': 12, 'RX': 2}",{},10,2,2,2,0,{'Hadamard': 2},99,99,80,"{'CNOT': 80, 'RZ': 89, 'RX': 10}"
94,"['1*x_3*x_3 + 4*x_3*x_4 + 1*x_3*x_5 + 2*x_3*x_6 + 5*x_4*x_4 + 4*x_4*x_5 + 3*x_4*x_6 + 5*x_5*x_5 + 4*x_5*x_6 + 2*x_6*x_6 <= 18', 'x_0 + x_1 + x_2 >= 2']",cardinality+quadratic_knapsack,7,2, 4*x_0 + 4*x_0 x_1 + 1*x_0 x_2 + 3*x_0 x_3 + 1*x_0 x_4 + -3*x_0 x_5 + -3*x_0 x_6 + -5*x_1 + -2*x_1 x_2 + -5*x_1 x_3 + -4*x_1 x_4 + -4*x_1 x_5 + 1*x_2 + 4*x_2 x_3 + 2*x_2 x_4 + -4*x_2 x_5 + -4*x_2 x_6 + -2*x_3 + 2*x_3 x_4 + -5*x_3 x_5 + -2*x_3 x_6 + 2*x_4 + 1*x_4 x_5 + 3*x_4 x_6 + 4*x_5 + -4*x_5 x_6 + -2*x_6,"['cardinality', 'quadratic_knapsack']",7,0,2,0,True,True,375,137,238,"{'Hadamard': 4, 'CNOT': 238, 'RZ': 105, 'RX': 28}","{'Hadamard': 4, 'CNOT': 238, 'RZ': 105, 'RX': 28}",824,308,516,"{'CNOT': 516, 'RZ': 237, 'RX': 63, 'Hadamard': 8}","{'Hadamard': 8, 'CNOT': 476, 'RZ': 210, 'RX': 56}",13,6,6,6,0,{'Hadamard': 6},695,695,814,"{'CNOT': 814, 'RZ': 682, 'RX': 13}"
95,"['4*x_0*x_0 + 1*x_0*x_1 + 4*x_0*x_2 + 3*x_0*x_3 + 4*x_1*x_1 + 5*x_1*x_2 + 4*x_1*x_3 + 3*x_2*x_2 + 5*x_2*x_3 + 5*x_3*x_3 <= 24', '4*x_4 + 6*x_5 + 1*x_6 + 1*x_7 <= 6']",quadratic_knapsack+knapsack,8,2, 4*x_0 + 4*x_0 x_1 + -3*x_0 x_2 + -3*x_0 x_3 + -1*x_0 x_4 + 2*x_0 x_5 + 1*x_0 x_6 + -2*x_0 x_7 + -4*x_1 + -4*x_1 x_2 + 4*x_1 x_3 + 4*x_1 x_4 + -2*x_1 x_5 + 3*x_1 x_6 + -5*x_1 x_7 + -3*x_2 + 4*x_2 x_3 + -1*x_2 x_4 + 4*x_2 x_5 + -1*x_2 x_7 + -2*x_3 + 3*x_3 x_4 + 4*x_3 x_5 + 4*x_3 x_6 + -1*x_4 + 4*x_4 x_5 + -1*x_4 x_6 + 4*x_4 x_7 + -3*x_5 + 4*x_5 x_6 + 3*x_5 x_7 + -5*x_6 + 4*x_6 x_7 + 4*x_7,"['quadratic_knapsack', 'knapsack']",8,0,2,0,True,False,441,191,250,"{'Hadamard': 8, 'CNOT': 250, 'RZ': 131, 'RX': 52}","{'Hadamard': 8, 'CNOT': 250, 'RZ': 131, 'RX': 52}",976,424,552,"{'CNOT': 552, 'RZ': 296, 'RX': 112, 'Hadamard': 16}","{'Hadamard': 16, 'CNOT': 500, 'RZ': 262, 'RX': 104}",16,8,8,8,0,{'Hadamard': 8},756,756,856,"{'CNOT': 856, 'RZ': 740, 'RX': 16}"
96,"['8*x_4 + 10*x_5 + 1*x_6 + 2*x_7 <= 12', 'x_0 + x_1 + x_2 + x_3 == 1']",cardinality+knapsack,8,2, -3*x_0 + -3*x_0 x_1 + 2*x_0 x_2 + 2*x_0 x_3 + 3*x_0 x_4 + -5*x_0 x_5 + -5*x_0 x_6 + -5*x_0 x_7 + -4*x_1 + -2*x_1 x_2 + 1*x_1 x_3 + -4*x_1 x_4 + 2*x_1 x_6 + 1*x_1 x_7 + -4*x_2 x_3 + 4*x_2 x_4 + -2*x_2 x_5 + 3*x_2 x_6 + -3*x_2 x_7 + -1*x_3 + -3*x_3 x_4 + -2*x_3 x_5 + -2*x_3 x_6 + -3*x_3 x_7 + -2*x_4 + 1*x_4 x_5 + -5*x_4 x_6 + -1*x_4 x_7 + -4*x_5 + 3*x_5 x_6 + 2*x_5 x_7 + -2*x_6 x_7 + -3*x_7,"['cardinality', 'knapsack']",8,0,2,0,True,False,64,24,40,"{'X': 1, 'CNOT': 37, 'CRY': 3, 'Hadamard': 4, 'RZ': 15, 'RX': 4}","{'Hadamard': 4, 'CNOT': 34, 'RZ': 15, 'RX': 4}",223,93,130,"{'CNOT': 130, 'RZ': 65, 'RY': 8, 'RX': 12, 'Hadamard': 8}","{'Hadamard': 8, 'CNOT': 68, 'RZ': 30, 'RX': 8}",12,4,4,4,0,{'Hadamard': 4},173,173,122,"{'CNOT': 122, 'RZ': 161, 'RX': 12}"
97,"['x_0 + x_1 == 0', 'x_2 + x_3 + x_4 + x_5 + x_6 >= 4']",cardinality+cardinality,7,2, -1*x_0 + 4*x_0 x_1 + 1*x_0 x_2 + -2*x_0 x_3 + 3*x_0 x_4 + -1*x_0 x_5 + 4*x_0 x_6 + 2*x_1 + 2*x_1 x_2 + -1*x_1 x_3 + -2*x_1 x_4 + -1*x_1 x_5 + 3*x_1 x_6 + -1*x_2 + -5*x_2 x_3 + -2*x_2 x_4 + 2*x_2 x_5 + -1*x_2 x_6 + 2*x_3 + -1*x_3 x_5 + -3*x_4 + 3*x_4 x_5 + -2*x_4 x_6 + -1*x_5 x_6 + -5*x_6,"['cardinality', 'cardinality']",7,0,2,0,True,True,0,0,0,{},{},77,35,42,"{'CNOT': 42, 'RZ': 26, 'RY': 4, 'RX': 5}",{},8,1,1,1,0,{'Hadamard': 1},96,96,70,"{'CNOT': 70, 'RZ': 88, 'RX': 8}"
98,"['6*x_0 + 2*x_1 + 2*x_2 <= 3', 'x_3 + x_4 + x_5 <= 1']",knapsack+cardinality,6,2, 4*x_0 + 4*x_0 x_1 + -3*x_0 x_2 + -2*x_0 x_3 + -5*x_0 x_4 + 4*x_0 x_5 + -2*x_1 + -5*x_1 x_2 + -2*x_1 x_3 + 3*x_1 x_4 + -5*x_1 x_5 + -1*x_2 + -3*x_2 x_3 + -5*x_2 x_4 + 2*x_2 x_5 + 2*x_3 + 3*x_3 x_4 + -1*x_3 x_5 + -4*x_4 + -2*x_4 x_5 + -2*x_5,"['knapsack', 'cardinality']",6,0,2,0,True,False,31,14,17,"{'RY': 1, 'CRY': 2, 'SWAP': 1, 'CNOT': 14, 'Hadamard': 3, 'RZ': 7, 'RX': 3}","{'Hadamard': 3, 'CNOT': 10, 'RZ': 7, 'RX': 3}",125,59,65,"{'CNOT': 58, 'RZ': 35, 'RY': 2, 'CRY': 4, 'SWAP': 2, 'X': 6, 'PhaseShift': 1, 'CRZ': 1, 'C(RZ, num_ctrl_wires=2,num_zero_ctrl=0)': 1, 'RX': 9, 'Hadamard': 6}","{'Hadamard': 6, 'CNOT': 20, 'RZ': 14, 'RX': 6}",9,3,3,3,0,{'Hadamard': 3},96,96,62,"{'CNOT': 62, 'RZ': 87, 'RX': 9}"
99,"['6*x_0 + 7*x_1 + 8*x_2 + 9*x_3 + 5*x_4 <= 14', 'x_5 + x_6 + x_7 >= 2']",knapsack+cardinality,8,2, -1*x_0 + -4*x_0 x_1 + 1*x_0 x_2 + 3*x_0 x_3 + -1*x_0 x_4 + -1*x_0 x_5 + -1*x_0 x_6 + 1*x_0 x_7 + 4*x_1 + -3*x_1 x_2 + 3*x_1 x_3 + 4*x_1 x_4 + -5*x_1 x_5 + -2*x_1 x_6 + -1*x_1 x_7 + -3*x_2 x_3 + -5*x_2 x_4 + 2*x_2 x_5 + -4*x_2 x_6 + -3*x_2 x_7 + -2*x_3 + 4*x_3 x_4 + -1*x_3 x_6 + -5*x_3 x_7 + -5*x_4 + -4*x_4 x_5 + 4*x_4 x_6 + -1*x_4 x_7 + -1*x_5 + 2*x_5 x_6 + 3*x_5 x_7 + -4*x_6 + -5*x_6 x_7,"['knapsack', 'cardinality']",8,0,2,0,True,True,503,155,348,"{'Hadamard': 5, 'CNOT': 348, 'RZ': 120, 'RX': 30}","{'Hadamard': 5, 'CNOT': 348, 'RZ': 120, 'RX': 30}",1102,352,750,"{'CNOT': 750, 'RZ': 274, 'RX': 68, 'Hadamard': 10}","{'Hadamard': 10, 'CNOT': 696, 'RZ': 240, 'RX': 60}",13,5,5,5,0,{'Hadamard': 5},199,199,138,"{'CNOT': 138, 'RZ': 186, 'RX': 13}"
100,"['x_0 + x_1 + x_2 == 0', 'x_3 + x_4 >= 1']",cardinality+cardinality,5,2, -3*x_0 + -1*x_0 x_2 + -5*x_0 x_3 + 2*x_0 x_4 + 1*x_1 + -4*x_1 x_2 + -3*x_1 x_3 + -3*x_1 x_4 + -2*x_2 + -2*x_2 x_3 + 1*x_2 x_4 + 1*x_3 + -2*x_3 x_4 + -2*x_4,"['cardinality', 'cardinality']",5,0,2,0,True,True,0,0,0,{},{},46,22,24,"{'CNOT': 24, 'RZ': 14, 'RY': 6, 'RX': 2}",{},6,1,1,1,0,{'Hadamard': 1},47,47,30,"{'CNOT': 30, 'RZ': 41, 'RX': 6}"
101,"['1*x_0*x_0 + 1*x_0*x_1 + 3*x_0*x_2 + 2*x_0*x_3 + 1*x_1*x_1 + 2*x_1*x_2 + 3*x_1*x_3 + 2*x_2*x_2 + 3*x_2*x_3 + 3*x_3*x_3 <= 7', '1*x_4*x_4 + 5*x_4*x_5 + 1*x_4*x_6 + 3*x_5*x_5 + 3*x_5*x_6 + 5*x_6*x_6 <= 10']",quadratic_knapsack+quadratic_knapsack,7,2, 3*x_0 + -2*x_0 x_2 + -1*x_0 x_3 + -5*x_0 x_4 + 1*x_0 x_5 + 2*x_0 x_6 + -5*x_1 x_2 + -4*x_1 x_3 + -3*x_1 x_4 + -2*x_1 x_5 + 2*x_1 x_6 + 4*x_2 + 3*x_2 x_3 + -2*x_2 x_4 + -1*x_2 x_5 + 4*x_3 + 3*x_3 x_4 + 4*x_3 x_6 + -3*x_4 + -3*x_4 x_5 + 3*x_4 x_6 + 3*x_5 + 4*x_5 x_6 + -4*x_6,"['quadratic_knapsack', 'quadratic_knapsack']",7,0,2,0,True,False,139,65,74,"{'Hadamard': 7, 'CNOT': 74, 'RZ': 39, 'RX': 19}","{'Hadamard': 7, 'CNOT': 74, 'RZ': 39, 'RX': 19}",346,162,184,"{'CNOT': 184, 'RZ': 103, 'RX': 45, 'Hadamard': 14}","{'Hadamard': 14, 'CNOT': 148, 'RZ': 78, 'RX': 38}",14,7,7,7,0,{'Hadamard': 7},780,780,894,"{'CNOT': 894, 'RZ': 766, 'RX': 14}"
102,"['1*x_0*x_0 + 1*x_0*x_1 + 3*x_0*x_2 + 2*x_0*x_3 + 1*x_1*x_1 + 2*x_1*x_2 + 3*x_1*x_3 + 2*x_2*x_2 + 3*x_2*x_3 + 3*x_3*x_3 <= 7', '4*x_4*x_4 + 5*x_4*x_5 + 2*x_4*x_6 + 5*x_4*x_7 + 4*x_5*x_5 + 3*x_5*x_6 + 5*x_5*x_7 + 3*x_6*x_6 + 2*x_6*x_7 + 3*x_7*x_7 <= 22']",quadratic_knapsack+quadratic_knapsack,8,2, 2*x_0 + -5*x_0 x_1 + 2*x_0 x_2 + 3*x_0 x_3 + -4*x_0 x_4 + -1*x_0 x_5 + -3*x_0 x_6 + -2*x_0 x_7 + 2*x_1 + -5*x_1 x_2 + 3*x_1 x_3 + -2*x_1 x_4 + 4*x_1 x_5 + -5*x_1 x_6 + 1*x_1 x_7 + -5*x_2 + 4*x_2 x_3 + 4*x_2 x_4 + -1*x_2 x_5 + -5*x_2 x_7 + -1*x_3 + 1*x_3 x_4 + 1*x_3 x_5 + 4*x_3 x_6 + 3*x_3 x_7 + -1*x_4 + -5*x_4 x_5 + -2*x_4 x_6 + -2*x_4 x_7 + -3*x_5 + -4*x_5 x_7 + 4*x_6 + 3*x_6 x_7 + -1*x_7,"['quadratic_knapsack', 'quadratic_knapsack']",8,0,2,0,True,False,153,71,82,"{'Hadamard': 8, 'CNOT': 82, 'RZ': 43, 'RX': 20}","{'Hadamard': 8, 'CNOT': 82, 'RZ': 43, 'RX': 20}",400,184,216,"{'CNOT': 216, 'RZ': 120, 'RX': 48, 'Hadamard': 16}","{'Hadamard': 16, 'CNOT': 164, 'RZ': 86, 'RX': 40}",16,8,8,8,0,{'Hadamard': 8},1175,1175,1426,"{'CNOT': 1426, 'RZ': 1159, 'RX': 16}"
103,"['4*x_0*x_0 + 3*x_0*x_1 + 3*x_0*x_2 + 2*x_0*x_3 + 2*x_0*x_4 + 2*x_1*x_1 + 3*x_1*x_2 + 2*x_1*x_3 + 3*x_1*x_4 + 3*x_2*x_2 + 5*x_2*x_3 + 4*x_2*x_4 + 3*x_3*x_3 + 5*x_3*x_4 + 1*x_4*x_4 <= 22', 'x_5 + x_6 + x_7 >= 3']",quadratic_knapsack+cardinality,8,2, 3*x_0 + -3*x_0 x_1 + 1*x_0 x_2 + 4*x_0 x_3 + 4*x_0 x_4 + 4*x_0 x_5 + -5*x_0 x_6 + -1*x_0 x_7 + -2*x_1 + -2*x_1 x_2 + 3*x_1 x_3 + -3*x_1 x_4 + -5*x_1 x_5 + -1*x_1 x_6 + 1*x_1 x_7 + -5*x_2 + 1*x_2 x_4 + -4*x_2 x_5 + -5*x_2 x_6 + 1*x_2 x_7 + 2*x_3 + 3*x_3 x_4 + 2*x_3 x_5 + -4*x_3 x_6 + -3*x_3 x_7 + -4*x_4 + -2*x_4 x_5 + -2*x_4 x_6 + -4*x_4 x_7 + -1*x_5 + 1*x_5 x_6 + -5*x_6 + -5*x_6 x_7 + 3*x_7,"['quadratic_knapsack', 'cardinality']",8,0,2,0,True,False,35,4,26,"{'X': 3, 'RY': 1, 'CRY': 6, 'SWAP': 2, 'CNOT': 18, 'CC_RY': 5, 'CSWAP': 0}","{'RY': 1, 'CRY': 6, 'SWAP': 2, 'CNOT': 18, 'CC_RY': 5, 'CSWAP': 0}",155,41,104,"{'CNOT': 88, 'RZ': 34, 'RX': 5, 'RY': 2, 'CRY': 12, 'SWAP': 4, 'CC_RY': 10, 'CSWAP': 0}","{'RY': 2, 'CRY': 12, 'SWAP': 4, 'CNOT': 36, 'CC_RY': 10, 'CSWAP': 0}",13,5,5,5,0,{'Hadamard': 5},1342,1342,1838,"{'CNOT': 1838, 'RZ': 1329, 'RX': 13}"
104,"['2*x_0 + 5*x_1 + 2*x_2 <= 5', 'x_3 + x_4 + x_5 == 2']",knapsack+cardinality,6,2, -4*x_0 + 2*x_0 x_1 + -4*x_0 x_2 + 1*x_0 x_3 + -4*x_0 x_4 + 1*x_1 + 4*x_1 x_2 + -3*x_1 x_3 + -1*x_1 x_5 + 2*x_2 + 4*x_2 x_3 + -1*x_2 x_4 + 3*x_3 + 4*x_3 x_4 + -4*x_3 x_5 + -1*x_4 + 3*x_4 x_5 + -1*x_5,"['knapsack', 'cardinality']",6,0,2,0,True,False,75,35,39,"{'X': 2, 'CNOT': 35, 'CRY': 3, 'CSWAP': 1, 'SWAP': 1, 'Hadamard': 3, 'RZ': 21, 'RX': 9}","{'Hadamard': 3, 'CNOT': 30, 'RZ': 21, 'RX': 9}",182,92,90,"{'CNOT': 90, 'RZ': 59, 'RY': 6, 'RX': 21, 'Hadamard': 6}","{'Hadamard': 6, 'CNOT': 60, 'RZ': 42, 'RX': 18}",9,3,3,3,0,{'Hadamard': 3},98,98,60,"{'CNOT': 60, 'RZ': 89, 'RX': 9}"
105,"['1*x_0*x_0 + 5*x_0*x_1 + 4*x_0*x_2 + 2*x_1*x_1 + 2*x_1*x_2 + 2*x_2*x_2 <= 8', '4*x_3*x_3 + 1*x_3*x_4 + 2*x_3*x_5 + 4*x_3*x_6 + 1*x_3*x_7 + 2*x_4*x_4 + 3*x_4*x_5 + 1*x_4*x_6 + 1*x_4*x_7 + 3*x_5*x_5 + 3*x_5*x_6 + 4*x_5*x_7 + 1*x_6*x_6 + 3*x_6*x_7 + 2*x_7*x_7 <= 11']",quadratic_knapsack+quadratic_knapsack,8,2, 1*x_0 + -5*x_0 x_1 + -1*x_0 x_2 + 4*x_0 x_3 + -2*x_0 x_4 + 2*x_0 x_5 + -1*x_0 x_6 + 1*x_1 x_2 + -5*x_1 x_3 + -1*x_1 x_4 + 2*x_1 x_5 + 3*x_1 x_6 + -4*x_1 x_7 + -4*x_2 + -5*x_2 x_3 + -5*x_2 x_4 + -3*x_2 x_5 + 3*x_2 x_7 + -5*x_3 + -2*x_3 x_4 + -1*x_3 x_5 + -2*x_3 x_6 + -4*x_3 x_7 + -2*x_4 + 3*x_4 x_5 + -4*x_4 x_6 + 4*x_4 x_7 + -5*x_5 + -3*x_5 x_7 + -5*x_6 + -1*x_6 x_7,"['quadratic_knapsack', 'quadratic_knapsack']",8,0,2,0,True,False,191,56,134,"{'RY': 1, 'CRY': 3, 'SWAP': 1, 'CNOT': 130, 'CC_RY': 1, 'CSWAP': 0, 'Hadamard': 5, 'RZ': 40, 'RX': 10}","{'RY': 1, 'CRY': 3, 'SWAP': 1, 'CNOT': 130, 'CC_RY': 1, 'CSWAP': 0, 'Hadamard': 5, 'RZ': 40, 'RX': 10}",473,153,318,"{'CNOT': 310, 'RZ': 113, 'RX': 28, 'RY': 2, 'CRY': 6, 'SWAP': 2, 'CC_RY': 2, 'CSWAP': 0, 'Hadamard': 10}","{'RY': 2, 'CRY': 6, 'SWAP': 2, 'CNOT': 260, 'CC_RY': 2, 'CSWAP': 0, 'Hadamard': 10, 'RZ': 80, 'RX': 20}",16,8,8,8,0,{'Hadamard': 8},1475,1475,1958,"{'CNOT': 1958, 'RZ': 1459, 'RX': 16}"
106,"['x_0 + x_1 + x_2 <= 2', 'x_3 + x_4 <= 0', 'x_5 + x_6 + x_7 == 1']",cardinality+cardinality+assignment,8,3, 1*x_0 + -3*x_0 x_1 + -5*x_0 x_2 + -2*x_0 x_3 + -2*x_0 x_4 + -4*x_0 x_5 + -5*x_0 x_6 + -2*x_0 x_7 + -2*x_1 + 2*x_1 x_4 + 4*x_1 x_5 + -2*x_1 x_6 + -4*x_1 x_7 + -1*x_2 + -5*x_2 x_4 + 4*x_2 x_5 + 2*x_2 x_6 + 2*x_2 x_7 + -5*x_3 + -5*x_3 x_4 + 2*x_3 x_5 + 1*x_3 x_6 + -3*x_3 x_7 + -2*x_4 + -1*x_4 x_5 + 1*x_4 x_6 + 4*x_4 x_7 + 3*x_5 + -2*x_5 x_6 + -2*x_5 x_7 + -5*x_6 + 1*x_6 x_7 + -3*x_7,"['cardinality', 'cardinality', 'assignment']",8,0,3,0,False,False,17,2,14,"{'RY': 1, 'CRY': 5, 'SWAP': 1, 'CNOT': 8, 'C(RY, num_ctrl_wires=2,num_zero_ctrl=0)': 1, 'X': 1}",{},134,53,78,"{'CNOT': 68, 'RZ': 33, 'RY': 8, 'CRY': 6, 'SWAP': 2, 'C(RY, num_ctrl_wires=2,num_zero_ctrl=0)': 2, 'X': 10, 'PhaseShift': 2, 'CRZ': 2, 'C(RZ, num_ctrl_wires=2,num_zero_ctrl=0)': 1}",{},10,2,2,2,0,{'Hadamard': 2},103,103,78,"{'CNOT': 78, 'RZ': 93, 'RX': 10}"
107,"['1*x_0*x_0 + 2*x_0*x_1 + 1*x_0*x_2 + 1*x_1*x_1 + 5*x_1*x_2 + 1*x_2*x_2 <= 6', 'x_3 + x_4 + x_5 >= 3']",quadratic_knapsack+cardinality,6,2, -2*x_0 + -4*x_0 x_1 + 2*x_0 x_2 + 2*x_0 x_3 + 3*x_0 x_4 + -5*x_0 x_5 + -1*x_1 + 1*x_1 x_3 + -2*x_1 x_4 + -5*x_2 x_3 + 4*x_2 x_4 + 3*x_2 x_5 + 3*x_3 + -3*x_3 x_4 + 2*x_3 x_5 + -1*x_4 + 2*x_4 x_5 + 3*x_5,"['quadratic_knapsack', 'cardinality']",6,0,2,0,True,False,46,36,10,"{'X': 3, 'Hadamard': 3, 'CNOT': 10, 'RZ': 15, 'RX': 15}","{'Hadamard': 3, 'CNOT': 10, 'RZ': 15, 'RX': 15}",134,88,46,"{'CNOT': 46, 'RZ': 49, 'RX': 33, 'Hadamard': 6}","{'Hadamard': 6, 'CNOT': 20, 'RZ': 30, 'RX': 30}",9,3,3,3,0,{'Hadamard': 3},247,247,236,"{'CNOT': 236, 'RZ': 238, 'RX': 9}"
108,"['3*x_0 + 8*x_1 + 3*x_2 <= 5', 'x_3 + x_4 + x_5 - x_6 - x_7 == 0']",knapsack+flow,8,2, -3*x_0 + -3*x_0 x_1 + 2*x_0 x_2 + 2*x_0 x_3 + 3*x_0 x_4 + -5*x_0 x_5 + -5*x_0 x_6 + -5*x_0 x_7 + -4*x_1 + -2*x_1 x_2 + 1*x_1 x_3 + -4*x_1 x_4 + 2*x_1 x_6 + 1*x_1 x_7 + -4*x_2 x_3 + 4*x_2 x_4 + -2*x_2 x_5 + 3*x_2 x_6 + -3*x_2 x_7 + -1*x_3 + -3*x_3 x_4 + -2*x_3 x_5 + -2*x_3 x_6 + -3*x_3 x_7 + -2*x_4 + 1*x_4 x_5 + -5*x_4 x_6 + -1*x_4 x_7 + -4*x_5 + 3*x_5 x_6 + 2*x_5 x_7 + -2*x_6 x_7 + -3*x_7,"['knapsack', 'flow']",8,0,2,0,True,False,121,54,66,"{'RY': 1, 'CRY': 4, 'CNOT': 60, 'SWAP': 2, 'C(RY, num_ctrl_wires=2,num_zero_ctrl=0)': 1, 'Hadamard': 3, 'RZ': 35, 'RX': 15}","{'Hadamard': 3, 'CNOT': 50, 'RZ': 35, 'RX': 15}",318,154,164,"{'CNOT': 164, 'RZ': 105, 'RY': 10, 'RX': 33, 'Hadamard': 6}","{'Hadamard': 6, 'CNOT': 100, 'RZ': 70, 'RX': 30}",11,3,3,3,0,{'Hadamard': 3},138,138,104,"{'CNOT': 104, 'RZ': 127, 'RX': 11}"
109,"['2*x_0 + 6*x_1 + 1*x_2 <= 3', 'x_3 + x_4 - x_5 - x_6 - x_7 == 0']",knapsack+flow,8,2, -1*x_0 + -4*x_0 x_1 + 1*x_0 x_2 + 3*x_0 x_3 + -1*x_0 x_4 + -1*x_0 x_5 + -1*x_0 x_6 + 1*x_0 x_7 + 4*x_1 + -3*x_1 x_2 + 3*x_1 x_3 + 4*x_1 x_4 + -5*x_1 x_5 + -2*x_1 x_6 + -1*x_1 x_7 + -3*x_2 x_3 + -5*x_2 x_4 + 2*x_2 x_5 + -4*x_2 x_6 + -3*x_2 x_7 + -2*x_3 + 4*x_3 x_4 + -1*x_3 x_6 + -5*x_3 x_7 + -5*x_4 + -4*x_4 x_5 + 4*x_4 x_6 + -1*x_4 x_7 + -1*x_5 + 2*x_5 x_6 + 3*x_5 x_7 + -4*x_6 + -5*x_6 x_7,"['knapsack', 'flow']",8,0,2,0,True,False,25,8,16,"{'RY': 1, 'CRY': 4, 'CNOT': 10, 'SWAP': 2, 'C(RY, num_ctrl_wires=2,num_zero_ctrl=0)': 1, 'Hadamard': 3, 'RZ': 1, 'RX': 3}","{'Hadamard': 3, 'RZ': 1, 'RX': 3}",125,61,64,"{'CNOT': 64, 'RZ': 36, 'RY': 10, 'RX': 9, 'Hadamard': 6}","{'Hadamard': 6, 'RZ': 2, 'RX': 6}",10,2,2,2,0,{'Hadamard': 2},119,119,94,"{'CNOT': 94, 'RZ': 109, 'RX': 10}"
110,"['2*x_0*x_0 + 5*x_0*x_1 + 4*x_0*x_2 + 4*x_0*x_3 + 3*x_0*x_4 + 4*x_1*x_1 + 4*x_1*x_2 + 1*x_1*x_3 + 2*x_1*x_4 + 3*x_2*x_2 + 1*x_2*x_3 + 4*x_2*x_4 + 3*x_3*x_3 + 4*x_3*x_4 + 3*x_4*x_4 <= 16', 'x_5 + x_6 >= 2']",quadratic_knapsack+cardinality,7,2, 3*x_0 + -2*x_0 x_2 + -1*x_0 x_3 + -5*x_0 x_4 + 1*x_0 x_5 + 2*x_0 x_6 + -5*x_1 x_2 + -4*x_1 x_3 + -3*x_1 x_4 + -2*x_1 x_5 + 2*x_1 x_6 + 4*x_2 + 3*x_2 x_3 + -2*x_2 x_4 + -1*x_2 x_5 + 4*x_3 + 3*x_3 x_4 + 4*x_3 x_6 + -3*x_4 + -3*x_4 x_5 + 3*x_4 x_6 + 3*x_5 + 4*x_5 x_6 + -4*x_6,"['quadratic_knapsack', 'cardinality']",7,0,2,0,True,False,1079,295,784,"{'X': 2, 'Hadamard': 5, 'CNOT': 784, 'RZ': 248, 'RX': 40}","{'Hadamard': 5, 'CNOT': 784, 'RZ': 248, 'RX': 40}",2220,616,1604,"{'CNOT': 1604, 'RZ': 521, 'RX': 85, 'Hadamard': 10}","{'Hadamard': 10, 'CNOT': 1568, 'RZ': 496, 'RX': 80}",12,5,5,5,0,{'Hadamard': 5},1324,1324,1818,"{'CNOT': 1818, 'RZ': 1312, 'RX': 12}"
111,"['5*x_2*x_2 + 1*x_2*x_3 + 2*x_2*x_4 + 5*x_3*x_3 + 1*x_3*x_4 + 3*x_4*x_4 <= 6', 'x_0*x_1 == 0']",independent_set+quadratic_knapsack,5,2, 1*x_0 + 2*x_0 x_1 + -2*x_0 x_2 + 1*x_0 x_3 + 2*x_0 x_4 + -2*x_1 + -1*x_1 x_2 + -2*x_1 x_3 + 2*x_1 x_4 + -1*x_2 + -1*x_2 x_3 + -2*x_2 x_4 + -4*x_3 + 4*x_3 x_4 + 3*x_4,"['independent_set', 'quadratic_knapsack']",5,0,2,0,True,False,13,2,11,"{'RY': 2, 'CRY': 3, 'SWAP': 2, 'CNOT': 6, 'CC_RY': 0, 'CSWAP': 0}","{'RY': 1, 'CRY': 2, 'SWAP': 1, 'CNOT': 4, 'CC_RY': 0, 'CSWAP': 0}",70,27,43,"{'CNOT': 32, 'RZ': 15, 'RY': 4, 'CRY': 6, 'SWAP': 4, 'X': 4, 'PhaseShift': 1, 'CRZ': 1, 'RX': 3, 'CC_RY': 0, 'CSWAP': 0}","{'RY': 2, 'CRY': 4, 'SWAP': 2, 'CNOT': 8, 'CC_RY': 0, 'CSWAP': 0}",8,3,3,3,0,{'Hadamard': 3},230,230,226,"{'CNOT': 226, 'RZ': 222, 'RX': 8}"
112,"['2*x_0 + 6*x_1 + 1*x_2 <= 3', 'x_3 + x_4 == 1']",knapsack+assignment,5,2, -3*x_0 + -4*x_0 x_1 + -5*x_0 x_2 + -4*x_0 x_3 + -2*x_0 x_4 + -4*x_1 + -1*x_1 x_2 + -3*x_1 x_3 + -2*x_1 x_4 + -5*x_2 + 4*x_2 x_3 + 1*x_2 x_4 + -2*x_3 + -4*x_3 x_4 + 1*x_4,"['knapsack', 'assignment']",5,0,2,0,True,False,10,8,2,"{'X': 1, 'CNOT': 1, 'CRY': 1, 'Hadamard': 3, 'RZ': 1, 'RX': 3}","{'Hadamard': 3, 'RZ': 1, 'RX': 3}",60,36,24,"{'CNOT': 24, 'RZ': 17, 'RY': 4, 'RX': 9, 'Hadamard': 6}","{'Hadamard': 6, 'RZ': 2, 'RX': 6}",7,2,2,2,0,{'Hadamard': 2},69,69,42,"{'CNOT': 42, 'RZ': 62, 'RX': 7}"
113,"['9*x_0 + 9*x_1 + 4*x_2 + 1*x_3 <= 9', 'x_4 + x_5 == 1']",knapsack+assignment,6,2, 1*x_0 x_1 + -3*x_0 x_3 + -3*x_0 x_4 + 4*x_0 x_5 + 4*x_1 + 3*x_1 x_5 + 1*x_2 + 3*x_2 x_3 + -4*x_2 x_4 + 1*x_2 x_5 + -1*x_3 + 2*x_3 x_4 + 1*x_3 x_5 + -4*x_4 + -5*x_5,"['knapsack', 'assignment']",6,0,2,0,True,False,69,31,38,"{'X': 1, 'CNOT': 37, 'CRY': 1, 'Hadamard': 4, 'RZ': 18, 'RX': 8}","{'Hadamard': 4, 'CNOT': 36, 'RZ': 18, 'RX': 8}",180,84,96,"{'CNOT': 96, 'RZ': 52, 'RY': 4, 'RX': 20, 'Hadamard': 8}","{'Hadamard': 8, 'CNOT': 72, 'RZ': 36, 'RX': 16}",10,4,4,4,0,{'Hadamard': 4},133,133,78,"{'CNOT': 78, 'RZ': 123, 'RX': 10}"
114,"['3*x_2*x_2 + 1*x_2*x_3 + 3*x_2*x_4 + 5*x_3*x_3 + 2*x_3*x_4 + 2*x_4*x_4 <= 8', 'x_0 + x_1 == 1', 'x_5 + x_6 + x_7 >= 1']",cardinality+quadratic_knapsack+cardinality,8,3, 4*x_0 + 4*x_0 x_1 + -3*x_0 x_2 + -3*x_0 x_3 + -1*x_0 x_4 + 2*x_0 x_5 + 1*x_0 x_6 + -2*x_0 x_7 + -4*x_1 + -4*x_1 x_2 + 4*x_1 x_3 + 4*x_1 x_4 + -2*x_1 x_5 + 3*x_1 x_6 + -5*x_1 x_7 + -3*x_2 + 4*x_2 x_3 + -1*x_2 x_4 + 4*x_2 x_5 + -1*x_2 x_7 + -2*x_3 + 3*x_3 x_4 + 4*x_3 x_5 + 4*x_3 x_6 + -1*x_4 + 4*x_4 x_5 + -1*x_4 x_6 + 4*x_4 x_7 + -3*x_5 + 4*x_5 x_6 + 3*x_5 x_7 + -5*x_6 + 4*x_6 x_7 + 4*x_7,"['cardinality', 'quadratic_knapsack', 'cardinality']",8,0,3,0,True,True,26,14,12,"{'X': 1, 'CNOT': 11, 'CRY': 1, 'Hadamard': 3, 'RZ': 7, 'RX': 3}","{'Hadamard': 3, 'CNOT': 10, 'RZ': 7, 'RX': 3}",146,70,76,"{'CNOT': 76, 'RZ': 48, 'RY': 4, 'RX': 12, 'Hadamard': 6}","{'Hadamard': 6, 'CNOT': 20, 'RZ': 14, 'RX': 6}",14,6,6,6,0,{'Hadamard': 6},340,340,320,"{'CNOT': 320, 'RZ': 326, 'RX': 14}"
115,"['10*x_3 + 8*x_4 + 10*x_5 <= 9', 'x_0 + x_1 + x_2 == 0']",cardinality+knapsack,6,2, -2*x_0 + -4*x_0 x_1 + 2*x_0 x_2 + 2*x_0 x_3 + 3*x_0 x_4 + -5*x_0 x_5 + -1*x_1 + 1*x_1 x_3 + -2*x_1 x_4 + -5*x_2 x_3 + 4*x_2 x_4 + 3*x_2 x_5 + 3*x_3 + -3*x_3 x_4 + 2*x_3 x_5 + -1*x_4 + 2*x_4 x_5 + 3*x_5,"['cardinality', 'knapsack']",6,0,2,0,True,False,11,9,2,"{'Hadamard': 3, 'CNOT': 2, 'RZ': 3, 'RX': 3}","{'Hadamard': 3, 'CNOT': 2, 'RZ': 3, 'RX': 3}",82,46,36,"{'CNOT': 36, 'RZ': 25, 'RY': 6, 'RX': 9, 'Hadamard': 6}","{'Hadamard': 6, 'CNOT': 4, 'RZ': 6, 'RX': 6}",10,4,4,4,0,{'Hadamard': 4},118,118,74,"{'CNOT': 74, 'RZ': 108, 'RX': 10}"
116,"['5*x_0 + 4*x_1 + 1*x_2 <= 6', 'x_3 + x_4 + x_5 + x_6 == 0']",knapsack+cardinality,7,2, 3*x_0 + -2*x_0 x_2 + -1*x_0 x_3 + -5*x_0 x_4 + 1*x_0 x_5 + 2*x_0 x_6 + -5*x_1 x_2 + -4*x_1 x_3 + -3*x_1 x_4 + -2*x_1 x_5 + 2*x_1 x_6 + 4*x_2 + 3*x_2 x_3 + -2*x_2 x_4 + -1*x_2 x_5 + 4*x_3 + 3*x_3 x_4 + 4*x_3 x_6 + -3*x_4 + -3*x_4 x_5 + 3*x_4 x_6 + 3*x_5 + 4*x_5 x_6 + -4*x_6,"['knapsack', 'cardinality']",7,0,2,0,True,False,11,9,2,"{'Hadamard': 3, 'CNOT': 2, 'RZ': 3, 'RX': 3}","{'Hadamard': 3, 'CNOT': 2, 'RZ': 3, 'RX': 3}",102,54,48,"{'CNOT': 48, 'RZ': 31, 'RY': 8, 'RX': 9, 'Hadamard': 6}","{'Hadamard': 6, 'CNOT': 4, 'RZ': 6, 'RX': 6}",10,3,3,3,0,{'Hadamard': 3},114,114,78,"{'CNOT': 78, 'RZ': 104, 'RX': 10}"
117,"['x_0 + x_1 <= 2', 'x_2 + x_3 + x_4 + x_5 + x_6 == 5']",cardinality+cardinality,7,2, -5*x_0 + 1*x_0 x_1 + 4*x_0 x_2 + -2*x_0 x_3 + -2*x_0 x_4 + 4*x_0 x_6 + -3*x_1 + -4*x_1 x_2 + -2*x_1 x_3 + 3*x_1 x_4 + 4*x_1 x_5 + 4*x_1 x_6 + 1*x_2 + -5*x_2 x_3 + -5*x_2 x_4 + -3*x_2 x_5 + 3*x_2 x_6 + -3*x_3 + 1*x_3 x_4 + -5*x_3 x_6 + -4*x_4 + 1*x_4 x_5 + -3*x_4 x_6 + 3*x_5 + -1*x_5 x_6 + 1*x_6,"['cardinality', 'cardinality']",7,0,2,0,False,False,11,6,5,"{'RY': 1, 'CRY': 2, 'SWAP': 1, 'CNOT': 2, 'X': 5}",{},101,42,59,"{'CNOT': 52, 'RZ': 25, 'RY': 12, 'CRY': 4, 'SWAP': 2, 'X': 4, 'PhaseShift': 1, 'CRZ': 1}",{},9,2,2,2,0,{'Hadamard': 2},100,100,70,"{'CNOT': 70, 'RZ': 91, 'RX': 9}"
118,"['8*x_4 + 5*x_5 + 7*x_6 + 4*x_7 <= 11', 'x_0 + x_1 + x_2 + x_3 >= 0']",cardinality+knapsack,8,2, 4*x_0 + 4*x_0 x_1 + -3*x_0 x_2 + -3*x_0 x_3 + -1*x_0 x_4 + 2*x_0 x_5 + 1*x_0 x_6 + -2*x_0 x_7 + -4*x_1 + -4*x_1 x_2 + 4*x_1 x_3 + 4*x_1 x_4 + -2*x_1 x_5 + 3*x_1 x_6 + -5*x_1 x_7 + -3*x_2 + 4*x_2 x_3 + -1*x_2 x_4 + 4*x_2 x_5 + -1*x_2 x_7 + -2*x_3 + 3*x_3 x_4 + 4*x_3 x_5 + 4*x_3 x_6 + -1*x_4 + 4*x_4 x_5 + -1*x_4 x_6 + 4*x_4 x_7 + -3*x_5 + 4*x_5 x_6 + 3*x_5 x_7 + -5*x_6 + 4*x_6 x_7 + 4*x_7,"['cardinality', 'knapsack']",8,0,2,0,True,True,57,23,34,"{'Hadamard': 4, 'CNOT': 34, 'RZ': 15, 'RX': 4}","{'Hadamard': 4, 'CNOT': 34, 'RZ': 15, 'RX': 4}",208,88,120,"{'CNOT': 120, 'RZ': 64, 'RX': 16, 'Hadamard': 8}","{'Hadamard': 8, 'CNOT': 68, 'RZ': 30, 'RX': 8}",15,7,7,7,0,{'Hadamard': 7},219,219,150,"{'CNOT': 150, 'RZ': 204, 'RX': 15}"
119,"['x_0 + x_1 + x_2 + x_3 == 0', 'x_4 + x_5 + x_6 + x_7 == 1']",cardinality+cardinality,8,2, -3*x_0 + -3*x_0 x_1 + 2*x_0 x_2 + 2*x_0 x_3 + 3*x_0 x_4 + -5*x_0 x_5 + -5*x_0 x_6 + -5*x_0 x_7 + -4*x_1 + -2*x_1 x_2 + 1*x_1 x_3 + -4*x_1 x_4 + 2*x_1 x_6 + 1*x_1 x_7 + -4*x_2 x_3 + 4*x_2 x_4 + -2*x_2 x_5 + 3*x_2 x_6 + -3*x_2 x_7 + -1*x_3 + -3*x_3 x_4 + -2*x_3 x_5 + -2*x_3 x_6 + -3*x_3 x_7 + -2*x_4 + 1*x_4 x_5 + -5*x_4 x_6 + -1*x_4 x_7 + -4*x_5 + 3*x_5 x_6 + 2*x_5 x_7 + -2*x_6 x_7 + -3*x_7,"['cardinality', 'cardinality']",8,0,2,0,False,False,7,1,6,"{'X': 1, 'CNOT': 3, 'CRY': 3}",{},121,51,70,"{'CNOT': 70, 'RZ': 35, 'RY': 16}",{},8,0,0,0,0,{},91,91,78,"{'CNOT': 78, 'RZ': 83, 'RX': 8}"
120,"['1*x_3 + 10*x_4 + 3*x_5 + 5*x_6 + 1*x_7 <= 12', '3*x_0 + 8*x_1 + 3*x_2 <= 5']",knapsack+knapsack,8,2, -1*x_0 + -4*x_0 x_1 + 1*x_0 x_2 + 3*x_0 x_3 + -1*x_0 x_4 + -1*x_0 x_5 + -1*x_0 x_6 + 1*x_0 x_7 + 4*x_1 + -3*x_1 x_2 + 3*x_1 x_3 + 4*x_1 x_4 + -5*x_1 x_5 + -2*x_1 x_6 + -1*x_1 x_7 + -3*x_2 x_3 + -5*x_2 x_4 + 2*x_2 x_5 + -4*x_2 x_6 + -3*x_2 x_7 + -2*x_3 + 4*x_3 x_4 + -1*x_3 x_6 + -5*x_3 x_7 + -5*x_4 + -4*x_4 x_5 + 4*x_4 x_6 + -1*x_4 x_7 + -1*x_5 + 2*x_5 x_6 + 3*x_5 x_7 + -4*x_6 + -5*x_6 x_7,"['knapsack', 'knapsack']",8,0,2,0,True,False,174,94,80,"{'Hadamard': 8, 'CNOT': 80, 'RZ': 56, 'RX': 30}","{'Hadamard': 8, 'CNOT': 80, 'RZ': 56, 'RX': 30}",444,230,214,"{'CNOT': 214, 'RZ': 146, 'RX': 68, 'Hadamard': 16}","{'Hadamard': 16, 'CNOT': 160, 'RZ': 112, 'RX': 60}",15,7,7,7,0,{'Hadamard': 7},232,232,156,"{'CNOT': 156, 'RZ': 217, 'RX': 15}"
121,"['5*x_3 + 4*x_4 + 1*x_5 <= 6', 'x_0 + x_1 + x_2 == 0']",cardinality+knapsack,6,2, -4*x_0 + 2*x_0 x_1 + -4*x_0 x_2 + 1*x_0 x_3 + -4*x_0 x_4 + 1*x_1 + 4*x_1 x_2 + -3*x_1 x_3 + -1*x_1 x_5 + 2*x_2 + 4*x_2 x_3 + -1*x_2 x_4 + 3*x_3 + 4*x_3 x_4 + -4*x_3 x_5 + -1*x_4 + 3*x_4 x_5 + -1*x_5,"['cardinality', 'knapsack']",6,0,2,0,True,False,11,9,2,"{'Hadamard': 3, 'CNOT': 2, 'RZ': 3, 'RX': 3}","{'Hadamard': 3, 'CNOT': 2, 'RZ': 3, 'RX': 3}",78,44,34,"{'CNOT': 34, 'RZ': 23, 'RY': 6, 'RX': 9, 'Hadamard': 6}","{'Hadamard': 6, 'CNOT': 4, 'RZ': 6, 'RX': 6}",9,3,3,3,0,{'Hadamard': 3},95,95,60,"{'CNOT': 60, 'RZ': 86, 'RX': 9}"
122,"['2*x_0 + 2*x_1 + 9*x_2 + 10*x_3 + 4*x_4 <= 18', 'x_5 + x_6 + x_7 == 3']",knapsack+cardinality,8,2, 2*x_0 + 3*x_0 x_1 + -2*x_0 x_3 + -1*x_0 x_4 + 3*x_0 x_5 + 4*x_0 x_6 + -5*x_0 x_7 + 4*x_1 + 2*x_1 x_2 + -4*x_1 x_3 + -2*x_1 x_4 + -4*x_1 x_5 + -3*x_1 x_6 + -2*x_1 x_7 + -4*x_2 x_3 + 2*x_2 x_4 + 3*x_2 x_5 + 1*x_2 x_6 + -4*x_2 x_7 + 1*x_3 + -1*x_3 x_4 + 3*x_3 x_5 + -1*x_3 x_6 + -5*x_4 + -4*x_4 x_5 + -5*x_4 x_6 + -3*x_4 x_7 + 3*x_5 + 4*x_5 x_6 + -3*x_5 x_7 + -3*x_7,"['knapsack', 'cardinality']",8,0,2,0,True,False,38,32,6,"{'X': 3, 'Hadamard': 5, 'CNOT': 6, 'RZ': 9, 'RX': 15}","{'Hadamard': 5, 'CNOT': 6, 'RZ': 9, 'RX': 15}",168,100,68,"{'CNOT': 68, 'RZ': 49, 'RY': 6, 'RX': 35, 'Hadamard': 10}","{'Hadamard': 10, 'CNOT': 12, 'RZ': 18, 'RX': 30}",13,5,5,5,0,{'Hadamard': 5},214,214,146,"{'CNOT': 146, 'RZ': 201, 'RX': 13}"
123,"['x_0 + x_1 + x_2 + x_3 == 4', 'x_4 + x_5 + x_6 <= 3']",cardinality+cardinality,7,2, 3*x_0 + 4*x_0 x_1 + 1*x_0 x_2 + -5*x_0 x_3 + -5*x_0 x_4 + -4*x_1 + -4*x_1 x_2 + -3*x_1 x_3 + -4*x_1 x_4 + 1*x_1 x_6 + 3*x_2 + 3*x_2 x_3 + 1*x_2 x_4 + -1*x_2 x_5 + -4*x_3 + 2*x_3 x_4 + 1*x_3 x_5 + -5*x_3 x_6 + -5*x_4 + -3*x_4 x_5 + 4*x_4 x_6 + -4*x_5 + -3*x_5 x_6 + 4*x_6,"['cardinality', 'cardinality']",7,0,2,0,False,False,17,5,11,"{'X': 4, 'CNOT': 6, 'CRY': 4, 'C(RY, num_ctrl_wires=2,num_zero_ctrl=0)': 1, 'SWAP': 1, 'RY': 1}",{},109,41,65,"{'CNOT': 54, 'RZ': 24, 'RY': 10, 'CRY': 8, 'SWAP': 2, 'C(RY, num_ctrl_wires=2,num_zero_ctrl=0)': 2, 'X': 6, 'PhaseShift': 1, 'CRZ': 1, 'C(RZ, num_ctrl_wires=2,num_zero_ctrl=0)': 1}",{},9,2,2,2,0,{'Hadamard': 2},99,99,66,"{'CNOT': 66, 'RZ': 90, 'RX': 9}"
124,"['4*x_3*x_3 + 5*x_3*x_4 + 2*x_3*x_5 + 5*x_3*x_6 + 4*x_4*x_4 + 3*x_4*x_5 + 5*x_4*x_6 + 3*x_5*x_5 + 2*x_5*x_6 + 3*x_6*x_6 <= 22', 'x_0 + x_1 + x_2 >= 1']",cardinality+quadratic_knapsack,7,2, -3*x_0 + -4*x_0 x_1 + -4*x_0 x_2 + -1*x_0 x_4 + 4*x_0 x_5 + 2*x_0 x_6 + 4*x_1 + 4*x_1 x_2 + -1*x_1 x_3 + -1*x_1 x_4 + 1*x_1 x_5 + -1*x_1 x_6 + -3*x_2 + -4*x_2 x_3 + -2*x_2 x_4 + 1*x_2 x_6 + -1*x_3 + 4*x_3 x_4 + -1*x_3 x_5 + -3*x_3 x_6 + -1*x_4 + -3*x_4 x_5 + 2*x_5 + 3*x_5 x_6 + -1*x_6,"['cardinality', 'quadratic_knapsack']",7,0,2,0,True,True,25,15,10,"{'Hadamard': 4, 'CNOT': 10, 'RZ': 7, 'RX': 4}","{'Hadamard': 4, 'CNOT': 10, 'RZ': 7, 'RX': 4}",117,61,56,"{'CNOT': 56, 'RZ': 38, 'RX': 15, 'Hadamard': 8}","{'Hadamard': 8, 'CNOT': 20, 'RZ': 14, 'RX': 8}",14,7,7,7,0,{'Hadamard': 7},707,707,818,"{'CNOT': 818, 'RZ': 693, 'RX': 14}"
125,"['7*x_4 + 7*x_5 + 10*x_6 + 2*x_7 <= 10', 'x_0 + x_1 + x_2 + x_3 >= 2']",cardinality+knapsack,8,2, -3*x_0 + -3*x_0 x_1 + 2*x_0 x_2 + 2*x_0 x_3 + 3*x_0 x_4 + -5*x_0 x_5 + -5*x_0 x_6 + -5*x_0 x_7 + -4*x_1 + -2*x_1 x_2 + 1*x_1 x_3 + -4*x_1 x_4 + 2*x_1 x_6 + 1*x_1 x_7 + -4*x_2 x_3 + 4*x_2 x_4 + -2*x_2 x_5 + 3*x_2 x_6 + -3*x_2 x_7 + -1*x_3 + -3*x_3 x_4 + -2*x_3 x_5 + -2*x_3 x_6 + -3*x_3 x_7 + -2*x_4 + 1*x_4 x_5 + -5*x_4 x_6 + -1*x_4 x_7 + -4*x_5 + 3*x_5 x_6 + 2*x_5 x_7 + -2*x_6 x_7 + -3*x_7,"['cardinality', 'knapsack']",8,0,2,0,True,True,269,99,170,"{'Hadamard': 4, 'CNOT': 170, 'RZ': 75, 'RX': 20}","{'Hadamard': 4, 'CNOT': 170, 'RZ': 75, 'RX': 20}",635,241,394,"{'CNOT': 394, 'RZ': 185, 'RX': 48, 'Hadamard': 8}","{'Hadamard': 8, 'CNOT': 340, 'RZ': 150, 'RX': 40}",14,6,6,6,0,{'Hadamard': 6},206,206,140,"{'CNOT': 140, 'RZ': 192, 'RX': 14}"
126,"['x_0 + x_1 + x_2 <= 1', 'x_3 + x_4 + x_5 >= 0', 'x_6 + x_7 <= 2']",cardinality+cardinality+cardinality,8,3, 2*x_0 + 3*x_0 x_1 + -2*x_0 x_3 + -1*x_0 x_4 + 3*x_0 x_5 + 4*x_0 x_6 + -5*x_0 x_7 + 4*x_1 + 2*x_1 x_2 + -4*x_1 x_3 + -2*x_1 x_4 + -4*x_1 x_5 + -3*x_1 x_6 + -2*x_1 x_7 + -4*x_2 x_3 + 2*x_2 x_4 + 3*x_2 x_5 + 1*x_2 x_6 + -4*x_2 x_7 + 1*x_3 + -1*x_3 x_4 + 3*x_3 x_5 + -1*x_3 x_6 + -5*x_4 + -4*x_4 x_5 + -5*x_4 x_6 + -3*x_4 x_7 + 3*x_5 + 4*x_5 x_6 + -3*x_5 x_7 + -3*x_7,"['cardinality', 'cardinality', 'cardinality']",8,0,3,0,True,True,14,2,12,"{'RY': 2, 'CRY': 4, 'SWAP': 2, 'CNOT': 6}",{},127,50,76,"{'CNOT': 62, 'RZ': 31, 'RY': 4, 'CRY': 8, 'SWAP': 4, 'X': 10, 'PhaseShift': 2, 'CRZ': 2, 'C(RZ, num_ctrl_wires=2,num_zero_ctrl=0)': 1, 'RX': 3}",{},13,5,5,5,0,{'Hadamard': 5},131,131,94,"{'CNOT': 94, 'RZ': 118, 'RX': 13}"
127,"['2*x_5 + 5*x_6 + 2*x_7 <= 5', 'x_0 + x_1 + x_2 + x_3 + x_4 >= 1']",cardinality+knapsack,8,2, 3*x_0 + -3*x_0 x_1 + 1*x_0 x_2 + 4*x_0 x_3 + 4*x_0 x_4 + 4*x_0 x_5 + -5*x_0 x_6 + -1*x_0 x_7 + -2*x_1 + -2*x_1 x_2 + 3*x_1 x_3 + -3*x_1 x_4 + -5*x_1 x_5 + -1*x_1 x_6 + 1*x_1 x_7 + -5*x_2 + 1*x_2 x_4 + -4*x_2 x_5 + -5*x_2 x_6 + 1*x_2 x_7 + 2*x_3 + 3*x_3 x_4 + 2*x_3 x_5 + -4*x_3 x_6 + -3*x_3 x_7 + -4*x_4 + -2*x_4 x_5 + -2*x_4 x_6 + -4*x_4 x_7 + -1*x_5 + 1*x_5 x_6 + -5*x_6 + -5*x_6 x_7 + 3*x_7,"['cardinality', 'knapsack']",8,0,2,0,True,True,63,33,30,"{'Hadamard': 3, 'CNOT': 30, 'RZ': 21, 'RX': 9}","{'Hadamard': 3, 'CNOT': 30, 'RZ': 21, 'RX': 9}",220,108,112,"{'CNOT': 112, 'RZ': 76, 'RX': 26, 'Hadamard': 6}","{'Hadamard': 6, 'CNOT': 60, 'RZ': 42, 'RX': 18}",14,6,6,6,0,{'Hadamard': 6},205,205,138,"{'CNOT': 138, 'RZ': 191, 'RX': 14}"
128,"['5*x_0*x_0 + 2*x_0*x_1 + 2*x_0*x_2 + 3*x_0*x_3 + 1*x_0*x_4 + 1*x_1*x_1 + 4*x_1*x_2 + 4*x_1*x_3 + 3*x_1*x_4 + 1*x_2*x_2 + 3*x_2*x_3 + 1*x_2*x_4 + 5*x_3*x_3 + 1*x_3*x_4 + 5*x_4*x_4 <= 23', '7*x_5 + 10*x_6 + 9*x_7 <= 8']",quadratic_knapsack+knapsack,8,2, 1*x_0 + -3*x_0 x_1 + -5*x_0 x_2 + -2*x_0 x_3 + -2*x_0 x_4 + -4*x_0 x_5 + -5*x_0 x_6 + -2*x_0 x_7 + -2*x_1 + 2*x_1 x_4 + 4*x_1 x_5 + -2*x_1 x_6 + -4*x_1 x_7 + -1*x_2 + -5*x_2 x_4 + 4*x_2 x_5 + 2*x_2 x_6 + 2*x_2 x_7 + -5*x_3 + -5*x_3 x_4 + 2*x_3 x_5 + 1*x_3 x_6 + -3*x_3 x_7 + -2*x_4 + -1*x_4 x_5 + 1*x_4 x_6 + 4*x_4 x_7 + 3*x_5 + -2*x_5 x_6 + -2*x_5 x_7 + -5*x_6 + 1*x_6 x_7 + -3*x_7,"['quadratic_knapsack', 'knapsack']",8,0,2,0,True,False,43,10,28,"{'RY': 1, 'CRY': 6, 'SWAP': 2, 'CNOT': 20, 'CC_RY': 5, 'CSWAP': 0, 'Hadamard': 3, 'RZ': 3, 'RX': 3}","{'RY': 1, 'CRY': 6, 'SWAP': 2, 'CNOT': 20, 'CC_RY': 5, 'CSWAP': 0, 'Hadamard': 3, 'RZ': 3, 'RX': 3}",177,61,106,"{'CNOT': 90, 'RZ': 39, 'RX': 14, 'RY': 2, 'CRY': 12, 'SWAP': 4, 'CC_RY': 10, 'CSWAP': 0, 'Hadamard': 6}","{'RY': 2, 'CRY': 12, 'SWAP': 4, 'CNOT': 40, 'CC_RY': 10, 'CSWAP': 0, 'Hadamard': 6, 'RZ': 6, 'RX': 6}",17,9,9,9,0,{'Hadamard': 9},1407,1407,1872,"{'CNOT': 1872, 'RZ': 1390, 'RX': 17}"
129,"['4*x_0*x_0 + 4*x_0*x_1 + 2*x_0*x_2 + 5*x_1*x_1 + 1*x_1*x_2 + 2*x_2*x_2 <= 9', 'x_3 + x_4 + x_5 + x_6 + x_7 <= 5']",quadratic_knapsack+cardinality,8,2, 4*x_0 + 1*x_0 x_1 + -3*x_0 x_2 + -4*x_0 x_3 + -5*x_0 x_4 + -2*x_0 x_5 + -1*x_0 x_6 + 2*x_0 x_7 + -4*x_1 + 1*x_1 x_2 + 3*x_1 x_3 + 3*x_1 x_4 + -1*x_1 x_5 + -1*x_1 x_6 + -1*x_1 x_7 + -5*x_2 + 4*x_2 x_3 + -3*x_2 x_4 + 4*x_2 x_5 + -2*x_2 x_6 + -3*x_2 x_7 + -5*x_3 + -5*x_3 x_4 + -5*x_3 x_5 + -1*x_3 x_6 + -2*x_3 x_7 + -1*x_4 + -2*x_4 x_5 + 1*x_4 x_6 + -5*x_4 x_7 + -4*x_5 + -5*x_5 x_6 + 3*x_5 x_7 + 4*x_6 + -1*x_6 x_7 + 4*x_7,"['quadratic_knapsack', 'cardinality']",8,0,2,0,True,False,56,16,34,"{'RY': 1, 'CRY': 8, 'SWAP': 2, 'CNOT': 24, 'C(RY, num_ctrl_wires=2,num_zero_ctrl=0)': 6, 'Hadamard': 3, 'RZ': 6, 'RX': 6}","{'Hadamard': 3, 'CNOT': 4, 'RZ': 6, 'RX': 6}",222,82,125,"{'CNOT': 104, 'RZ': 48, 'RY': 2, 'CRY': 16, 'SWAP': 4, 'C(RY, num_ctrl_wires=2,num_zero_ctrl=0)': 12, 'X': 10, 'PhaseShift': 1, 'CRZ': 1, 'C(RZ, num_ctrl_wires=2,num_zero_ctrl=0)': 1, 'C(RZ, num_ctrl_wires=3,num_zero_ctrl=0)': 1, 'C(RZ, num_ctrl_wires=4,num_zero_ctrl=0)': 1, 'RX': 15, 'Hadamard': 6}","{'Hadamard': 6, 'CNOT': 8, 'RZ': 12, 'RX': 12}",15,7,7,7,0,{'Hadamard': 7},396,396,358,"{'CNOT': 358, 'RZ': 381, 'RX': 15}"
130,"['2*x_5*x_5 + 5*x_5*x_6 + 2*x_5*x_7 + 2*x_6*x_6 + 1*x_6*x_7 + 1*x_7*x_7 <= 7', 'x_0 + x_1 + x_2 == 3', 'x_3*x_4 == 0']",cardinality+independent_set+quadratic_knapsack,8,3, 3*x_0 + -3*x_0 x_1 + 1*x_0 x_2 + 4*x_0 x_3 + 4*x_0 x_4 + 4*x_0 x_5 + -5*x_0 x_6 + -1*x_0 x_7 + -2*x_1 + -2*x_1 x_2 + 3*x_1 x_3 + -3*x_1 x_4 + -5*x_1 x_5 + -1*x_1 x_6 + 1*x_1 x_7 + -5*x_2 + 1*x_2 x_4 + -4*x_2 x_5 + -5*x_2 x_6 + 1*x_2 x_7 + 2*x_3 + 3*x_3 x_4 + 2*x_3 x_5 + -4*x_3 x_6 + -3*x_3 x_7 + -4*x_4 + -2*x_4 x_5 + -2*x_4 x_6 + -4*x_4 x_7 + -1*x_5 + 1*x_5 x_6 + -5*x_6 + -5*x_6 x_7 + 3*x_7,"['cardinality', 'independent_set', 'quadratic_knapsack']",8,0,3,0,True,False,59,43,16,"{'X': 3, 'CNOT': 14, 'CRY': 1, 'SWAP': 1, 'RY': 1, 'Hadamard': 3, 'RZ': 18, 'RX': 18}","{'Hadamard': 3, 'CNOT': 12, 'RZ': 18, 'RX': 18}",219,128,91,"{'CNOT': 86, 'RZ': 70, 'RY': 8, 'CRY': 2, 'SWAP': 2, 'X': 4, 'PhaseShift': 1, 'CRZ': 1, 'RX': 39, 'Hadamard': 6}","{'Hadamard': 6, 'CNOT': 24, 'RZ': 36, 'RX': 36}",11,3,3,3,0,{'Hadamard': 3},267,267,264,"{'CNOT': 264, 'RZ': 256, 'RX': 11}"
131,"['x_0 + x_1 == 1', 'x_2 + x_3 + x_4 <= 2']",assignment+cardinality,5,2, 3*x_0 + 1*x_0 x_2 + 3*x_0 x_4 + -5*x_1 + -3*x_1 x_2 + 3*x_2 + 3*x_2 x_3 + -5*x_2 x_4 + -4*x_3 + 2*x_3 x_4 + -3*x_4,"['assignment', 'cardinality']",5,0,2,0,False,False,15,2,12,"{'X': 1, 'CNOT': 7, 'CRY': 4, 'C(RY, num_ctrl_wires=2,num_zero_ctrl=0)': 1, 'SWAP': 1, 'RY': 1}",{},64,24,37,"{'CNOT': 28, 'RZ': 11, 'RY': 6, 'CRY': 6, 'SWAP': 2, 'C(RY, num_ctrl_wires=2,num_zero_ctrl=0)': 2, 'X': 6, 'PhaseShift': 1, 'CRZ': 1, 'C(RZ, num_ctrl_wires=2,num_zero_ctrl=0)': 1}",{},7,2,2,2,0,{'Hadamard': 2},65,65,34,"{'CNOT': 34, 'RZ': 58, 'RX': 7}"
132,"['1*x_0*x_0 + 5*x_0*x_1 + 4*x_0*x_2 + 2*x_1*x_1 + 2*x_1*x_2 + 2*x_2*x_2 <= 8', 'x_3 + x_4 + x_5 + x_6 <= 1']",quadratic_knapsack+cardinality,7,2, 4*x_0 + 4*x_0 x_1 + 1*x_0 x_2 + 3*x_0 x_3 + 1*x_0 x_4 + -3*x_0 x_5 + -3*x_0 x_6 + -5*x_1 + -2*x_1 x_2 + -5*x_1 x_3 + -4*x_1 x_4 + -4*x_1 x_5 + 1*x_2 + 4*x_2 x_3 + 2*x_2 x_4 + -4*x_2 x_5 + -4*x_2 x_6 + -2*x_3 + 2*x_3 x_4 + -5*x_3 x_5 + -2*x_3 x_6 + 2*x_4 + 1*x_4 x_5 + 3*x_4 x_6 + 4*x_5 + -4*x_5 x_6 + -2*x_6,"['quadratic_knapsack', 'cardinality']",7,0,2,0,True,False,24,2,21,"{'RY': 2, 'CRY': 6, 'SWAP': 3, 'CNOT': 12, 'CC_RY': 1, 'CSWAP': 0}","{'RY': 1, 'CRY': 3, 'SWAP': 1, 'CNOT': 6, 'CC_RY': 1, 'CSWAP': 0}",130,43,83,"{'CNOT': 64, 'RZ': 27, 'RY': 4, 'CRY': 12, 'SWAP': 6, 'X': 8, 'PhaseShift': 1, 'CRZ': 1, 'C(RZ, num_ctrl_wires=2,num_zero_ctrl=0)': 1, 'C(RZ, num_ctrl_wires=3,num_zero_ctrl=0)': 1, 'RX': 3, 'CC_RY': 2, 'CSWAP': 0}","{'RY': 2, 'CRY': 6, 'SWAP': 2, 'CNOT': 12, 'CC_RY': 2, 'CSWAP': 0}",12,5,5,5,0,{'Hadamard': 5},324,324,306,"{'CNOT': 306, 'RZ': 312, 'RX': 12}"
133,"['5*x_2*x_2 + 1*x_2*x_3 + 3*x_2*x_4 + 1*x_2*x_5 + 4*x_3*x_3 + 1*x_3*x_4 + 5*x_3*x_5 + 4*x_4*x_4 + 2*x_4*x_5 + 3*x_5*x_5 <= 19', 'x_0 + x_1 >= 0']",cardinality+quadratic_knapsack,6,2, -4*x_0 + 2*x_0 x_1 + -4*x_0 x_2 + 1*x_0 x_3 + -4*x_0 x_4 + 1*x_1 + 4*x_1 x_2 + -3*x_1 x_3 + -1*x_1 x_5 + 2*x_2 + 4*x_2 x_3 + -1*x_2 x_4 + 3*x_3 + 4*x_3 x_4 + -4*x_3 x_5 + -1*x_4 + 3*x_4 x_5 + -1*x_5,"['cardinality', 'quadratic_knapsack']",6,0,2,0,True,True,23,1,19,"{'RY': 1, 'CRY': 5, 'SWAP': 2, 'CNOT': 12, 'CC_RY': 3, 'CSWAP': 0}","{'RY': 1, 'CRY': 5, 'SWAP': 2, 'CNOT': 12, 'CC_RY': 3, 'CSWAP': 0}",93,25,62,"{'CNOT': 48, 'RZ': 17, 'RX': 6, 'RY': 2, 'CRY': 10, 'SWAP': 4, 'CC_RY': 6, 'CSWAP': 0}","{'RY': 2, 'CRY': 10, 'SWAP': 4, 'CNOT': 24, 'CC_RY': 6, 'CSWAP': 0}",13,7,7,7,0,{'Hadamard': 7},681,681,798,"{'CNOT': 798, 'RZ': 668, 'RX': 13}"
134,"['5*x_3*x_3 + 1*x_3*x_4 + 3*x_3*x_5 + 1*x_3*x_6 + 4*x_4*x_4 + 1*x_4*x_5 + 5*x_4*x_6 + 4*x_5*x_5 + 2*x_5*x_6 + 3*x_6*x_6 <= 19', 'x_0 + x_1 + x_2 <= 3']",cardinality+quadratic_knapsack,7,2, 4*x_0 + 4*x_0 x_1 + 1*x_0 x_2 + 3*x_0 x_3 + 1*x_0 x_4 + -3*x_0 x_5 + -3*x_0 x_6 + -5*x_1 + -2*x_1 x_2 + -5*x_1 x_3 + -4*x_1 x_4 + -4*x_1 x_5 + 1*x_2 + 4*x_2 x_3 + 2*x_2 x_4 + -4*x_2 x_5 + -4*x_2 x_6 + -2*x_3 + 2*x_3 x_4 + -5*x_3 x_5 + -2*x_3 x_6 + 2*x_4 + 1*x_4 x_5 + 3*x_4 x_6 + 4*x_5 + -4*x_5 x_6 + -2*x_6,"['cardinality', 'quadratic_knapsack']",7,0,2,0,True,False,36,2,30,"{'RY': 2, 'CRY': 9, 'SWAP': 3, 'CNOT': 18, 'C(RY, num_ctrl_wires=2,num_zero_ctrl=0)': 1, 'CC_RY': 3, 'CSWAP': 0}","{'RY': 1, 'CRY': 5, 'SWAP': 2, 'CNOT': 12, 'CC_RY': 3, 'CSWAP': 0}",152,42,101,"{'CNOT': 76, 'RZ': 27, 'RY': 4, 'CRY': 18, 'SWAP': 6, 'C(RY, num_ctrl_wires=2,num_zero_ctrl=0)': 2, 'X': 6, 'PhaseShift': 1, 'CRZ': 1, 'C(RZ, num_ctrl_wires=2,num_zero_ctrl=0)': 1, 'RX': 4, 'CC_RY': 6, 'CSWAP': 0}","{'RY': 2, 'CRY': 10, 'SWAP': 4, 'CNOT': 24, 'CC_RY': 6, 'CSWAP': 0}",14,7,7,7,0,{'Hadamard': 7},710,710,822,"{'CNOT': 822, 'RZ': 696, 'RX': 14}"
135,"['5*x_2*x_2 + 2*x_2*x_3 + 2*x_2*x_4 + 3*x_2*x_5 + 1*x_2*x_6 + 1*x_3*x_3 + 4*x_3*x_4 + 4*x_3*x_5 + 3*x_3*x_6 + 1*x_4*x_4 + 3*x_4*x_5 + 1*x_4*x_6 + 5*x_5*x_5 + 1*x_5*x_6 + 5*x_6*x_6 <= 23', 'x_0 + x_1 >= 2']",cardinality+quadratic_knapsack,7,2, 3*x_0 + 4*x_0 x_1 + 1*x_0 x_2 + -5*x_0 x_3 + -5*x_0 x_4 + -4*x_1 + -4*x_1 x_2 + -3*x_1 x_3 + -4*x_1 x_4 + 1*x_1 x_6 + 3*x_2 + 3*x_2 x_3 + 1*x_2 x_4 + -1*x_2 x_5 + -4*x_3 + 2*x_3 x_4 + 1*x_3 x_5 + -5*x_3 x_6 + -5*x_4 + -3*x_4 x_5 + 4*x_4 x_6 + -4*x_5 + -3*x_5 x_6 + 4*x_6,"['cardinality', 'quadratic_knapsack']",7,0,2,0,True,False,34,3,26,"{'X': 2, 'RY': 1, 'CRY': 6, 'SWAP': 2, 'CNOT': 18, 'CC_RY': 5, 'CSWAP': 0}","{'RY': 1, 'CRY': 6, 'SWAP': 2, 'CNOT': 18, 'CC_RY': 5, 'CSWAP': 0}",127,31,86,"{'CNOT': 70, 'RZ': 24, 'RX': 5, 'RY': 2, 'CRY': 12, 'SWAP': 4, 'CC_RY': 10, 'CSWAP': 0}","{'RY': 2, 'CRY': 12, 'SWAP': 4, 'CNOT': 36, 'CC_RY': 10, 'CSWAP': 0}",12,5,5,5,0,{'Hadamard': 5},1323,1323,1816,"{'CNOT': 1816, 'RZ': 1311, 'RX': 12}"
136,"['5*x_0*x_0 + 1*x_0*x_1 + 3*x_0*x_2 + 1*x_0*x_3 + 4*x_1*x_1 + 1*x_1*x_2 + 5*x_1*x_3 + 4*x_2*x_2 + 2*x_2*x_3 + 3*x_3*x_3 <= 19', 'x_4 - x_5 - x_6 == 0']",quadratic_knapsack+flow,7,2, 4*x_0 + 4*x_0 x_1 + 1*x_0 x_2 + 3*x_0 x_3 + 1*x_0 x_4 + -3*x_0 x_5 + -3*x_0 x_6 + -5*x_1 + -2*x_1 x_2 + -5*x_1 x_3 + -4*x_1 x_4 + -4*x_1 x_5 + 1*x_2 + 4*x_2 x_3 + 2*x_2 x_4 + -4*x_2 x_5 + -4*x_2 x_6 + -2*x_3 + 2*x_3 x_4 + -5*x_3 x_5 + -2*x_3 x_6 + 2*x_4 + 1*x_4 x_5 + 3*x_4 x_6 + 4*x_5 + -4*x_5 x_6 + -2*x_6,"['quadratic_knapsack', 'flow']",7,0,2,0,True,False,29,2,24,"{'RY': 2, 'CRY': 6, 'CNOT': 15, 'SWAP': 3, 'CC_RY': 3, 'CSWAP': 0}","{'RY': 1, 'CRY': 5, 'SWAP': 2, 'CNOT': 12, 'CC_RY': 3, 'CSWAP': 0}",129,39,84,"{'CNOT': 70, 'RZ': 27, 'RY': 8, 'RX': 4, 'CRY': 10, 'SWAP': 4, 'CC_RY': 6, 'CSWAP': 0}","{'RY': 2, 'CRY': 10, 'SWAP': 4, 'CNOT': 24, 'CC_RY': 6, 'CSWAP': 0}",12,5,5,5,0,{'Hadamard': 5},680,680,808,"{'CNOT': 808, 'RZ': 668, 'RX': 12}"
137,"['1*x_3 + 3*x_4 + 9*x_5 + 8*x_6 <= 10', 'x_0 + x_1 + x_2 <= 3']",cardinality+knapsack,7,2, 3*x_0 + -2*x_0 x_2 + -1*x_0 x_3 + -5*x_0 x_4 + 1*x_0 x_5 + 2*x_0 x_6 + -5*x_1 x_2 + -4*x_1 x_3 + -3*x_1 x_4 + -2*x_1 x_5 + 2*x_1 x_6 + 4*x_2 + 3*x_2 x_3 + -2*x_2 x_4 + -1*x_2 x_5 + 4*x_3 + 3*x_3 x_4 + 4*x_3 x_6 + -3*x_4 + -3*x_4 x_5 + 3*x_4 x_6 + 3*x_5 + 4*x_5 x_6 + -4*x_6,"['cardinality', 'knapsack']",7,0,2,0,True,False,113,69,43,"{'RY': 1, 'CRY': 4, 'SWAP': 1, 'CNOT': 38, 'C(RY, num_ctrl_wires=2,num_zero_ctrl=0)': 1, 'Hadamard': 4, 'RZ': 32, 'RX': 32}","{'Hadamard': 4, 'CNOT': 32, 'RZ': 32, 'RX': 32}",300,174,123,"{'CNOT': 112, 'RZ': 89, 'RY': 2, 'CRY': 8, 'SWAP': 2, 'C(RY, num_ctrl_wires=2,num_zero_ctrl=0)': 2, 'X': 6, 'PhaseShift': 1, 'CRZ': 1, 'C(RZ, num_ctrl_wires=2,num_zero_ctrl=0)': 1, 'RX': 68, 'Hadamard': 8}","{'Hadamard': 8, 'CNOT': 64, 'RZ': 64, 'RX': 64}",13,6,6,6,0,{'Hadamard': 6},178,178,112,"{'CNOT': 112, 'RZ': 165, 'RX': 13}"
138,"['1*x_3*x_3 + 5*x_3*x_4 + 4*x_3*x_5 + 2*x_4*x_4 + 2*x_4*x_5 + 2*x_5*x_5 <= 8', 'x_0 + x_1 + x_2 <= 1']",cardinality+quadratic_knapsack,6,2, -2*x_0 x_1 + -2*x_0 x_2 + -4*x_0 x_3 + 2*x_0 x_4 + -4*x_0 x_5 + 1*x_1 + 3*x_1 x_2 + 1*x_1 x_3 + -1*x_1 x_4 + 3*x_1 x_5 + -4*x_2 + -1*x_2 x_3 + -3*x_2 x_5 + -4*x_3 + 4*x_3 x_4 + 4*x_3 x_5 + -2*x_4 + 2*x_4 x_5 + -2*x_5,"['cardinality', 'quadratic_knapsack']",6,0,2,0,True,False,20,2,17,"{'RY': 2, 'CRY': 5, 'SWAP': 2, 'CNOT': 10, 'CC_RY': 1, 'CSWAP': 0}","{'RY': 1, 'CRY': 3, 'SWAP': 1, 'CNOT': 6, 'CC_RY': 1, 'CSWAP': 0}",100,34,63,"{'CNOT': 48, 'RZ': 20, 'RY': 4, 'CRY': 10, 'SWAP': 4, 'X': 6, 'PhaseShift': 1, 'CRZ': 1, 'C(RZ, num_ctrl_wires=2,num_zero_ctrl=0)': 1, 'RX': 3, 'CC_RY': 2, 'CSWAP': 0}","{'RY': 2, 'CRY': 6, 'SWAP': 2, 'CNOT': 12, 'CC_RY': 2, 'CSWAP': 0}",11,5,5,5,0,{'Hadamard': 5},302,302,286,"{'CNOT': 286, 'RZ': 291, 'RX': 11}"
139,"['x_0 + x_1 == 1', 'x_2 + x_3 + x_4 + x_5 + x_6 <= 3']",cardinality+cardinality,7,2, -3*x_0 + -4*x_0 x_1 + -4*x_0 x_2 + -1*x_0 x_4 + 4*x_0 x_5 + 2*x_0 x_6 + 4*x_1 + 4*x_1 x_2 + -1*x_1 x_3 + -1*x_1 x_4 + 1*x_1 x_5 + -1*x_1 x_6 + -3*x_2 + -4*x_2 x_3 + -2*x_2 x_4 + 1*x_2 x_6 + -1*x_3 + 4*x_3 x_4 + -1*x_3 x_5 + -3*x_3 x_6 + -1*x_4 + -3*x_4 x_5 + 2*x_5 + 3*x_5 x_6 + -1*x_6,"['cardinality', 'cardinality']",7,0,2,0,False,False,35,2,28,"{'X': 1, 'CNOT': 19, 'CRY': 7, 'C(RY, num_ctrl_wires=2,num_zero_ctrl=0)': 5, 'SWAP': 2, 'RY': 1}",{},147,41,93,"{'CNOT': 76, 'RZ': 24, 'RY': 6, 'CRY': 12, 'SWAP': 4, 'C(RY, num_ctrl_wires=2,num_zero_ctrl=0)': 10, 'X': 10, 'PhaseShift': 1, 'CRZ': 1, 'C(RZ, num_ctrl_wires=2,num_zero_ctrl=0)': 1, 'C(RZ, num_ctrl_wires=3,num_zero_ctrl=0)': 1, 'C(RZ, num_ctrl_wires=4,num_zero_ctrl=0)': 1}",{},9,2,2,2,0,{'Hadamard': 2},117,117,80,"{'CNOT': 80, 'RZ': 108, 'RX': 9}"
140,"['3*x_3*x_3 + 1*x_3*x_4 + 3*x_3*x_5 + 4*x_3*x_6 + 5*x_4*x_4 + 4*x_4*x_5 + 2*x_4*x_6 + 2*x_5*x_5 + 4*x_5*x_6 + 4*x_6*x_6 <= 17', 'x_0 + x_1 + x_2 <= 3']",cardinality+quadratic_knapsack,7,2, -4*x_0 + 4*x_0 x_1 + -2*x_0 x_2 + -2*x_0 x_3 + 4*x_0 x_4 + -5*x_0 x_5 + -1*x_0 x_6 + -3*x_1 x_2 + 4*x_1 x_3 + 2*x_1 x_4 + 1*x_1 x_5 + -5*x_1 x_6 + -5*x_2 + -4*x_2 x_3 + 1*x_2 x_4 + -3*x_2 x_5 + 2*x_2 x_6 + -3*x_3 + 3*x_3 x_4 + 4*x_4 + -2*x_4 x_5 + 1*x_4 x_6 + -4*x_5 + -4*x_5 x_6 + -5*x_6,"['cardinality', 'quadratic_knapsack']",7,0,2,0,True,False,32,2,27,"{'RY': 2, 'CRY': 8, 'SWAP': 3, 'CNOT': 16, 'C(RY, num_ctrl_wires=2,num_zero_ctrl=0)': 1, 'CC_RY': 2, 'CSWAP': 0}","{'RY': 1, 'CRY': 4, 'SWAP': 2, 'CNOT': 10, 'CC_RY': 2, 'CSWAP': 0}",141,41,93,"{'CNOT': 70, 'RZ': 26, 'RY': 4, 'CRY': 16, 'SWAP': 6, 'C(RY, num_ctrl_wires=2,num_zero_ctrl=0)': 2, 'X': 6, 'PhaseShift': 1, 'CRZ': 1, 'C(RZ, num_ctrl_wires=2,num_zero_ctrl=0)': 1, 'RX': 4, 'CC_RY': 4, 'CSWAP': 0}","{'RY': 2, 'CRY': 8, 'SWAP': 4, 'CNOT': 20, 'CC_RY': 4, 'CSWAP': 0}",14,7,7,7,0,{'Hadamard': 7},709,709,820,"{'CNOT': 820, 'RZ': 695, 'RX': 14}"
141,"['1*x_0*x_0 + 4*x_0*x_1 + 1*x_0*x_2 + 5*x_0*x_3 + 2*x_1*x_1 + 3*x_1*x_2 + 3*x_1*x_3 + 5*x_2*x_2 + 4*x_2*x_3 + 5*x_3*x_3 <= 22', 'x_4 + x_5 >= 2']",quadratic_knapsack+cardinality,6,2, 4*x_0 + -1*x_0 x_1 + 3*x_0 x_2 + -1*x_0 x_3 + -4*x_0 x_4 + 1*x_0 x_5 + 3*x_1 + 1*x_1 x_2 + -3*x_1 x_3 + -5*x_1 x_4 + -2*x_1 x_5 + -2*x_2 + -4*x_2 x_3 + -3*x_2 x_4 + 2*x_2 x_5 + -5*x_3 + -2*x_3 x_4 + 4*x_4 + -5*x_5,"['quadratic_knapsack', 'cardinality']",6,0,2,0,True,False,25,3,19,"{'X': 2, 'RY': 1, 'CRY': 5, 'SWAP': 2, 'CNOT': 12, 'CC_RY': 3, 'CSWAP': 0}","{'RY': 1, 'CRY': 5, 'SWAP': 2, 'CNOT': 12, 'CC_RY': 3, 'CSWAP': 0}",95,25,64,"{'CNOT': 50, 'RZ': 19, 'RX': 4, 'RY': 2, 'CRY': 10, 'SWAP': 4, 'CC_RY': 6, 'CSWAP': 0}","{'RY': 2, 'CRY': 10, 'SWAP': 4, 'CNOT': 24, 'CC_RY': 6, 'CSWAP': 0}",11,5,5,5,0,{'Hadamard': 5},666,666,790,"{'CNOT': 790, 'RZ': 655, 'RX': 11}"
142,"['2*x_0 + 10*x_1 + 4*x_2 <= 6', '9*x_3 + 9*x_4 + 4*x_5 + 1*x_6 <= 9']",knapsack+knapsack,7,2, -3*x_0 + -4*x_0 x_1 + -4*x_0 x_2 + -1*x_0 x_4 + 4*x_0 x_5 + 2*x_0 x_6 + 4*x_1 + 4*x_1 x_2 + -1*x_1 x_3 + -1*x_1 x_4 + 1*x_1 x_5 + -1*x_1 x_6 + -3*x_2 + -4*x_2 x_3 + -2*x_2 x_4 + 1*x_2 x_6 + -1*x_3 + 4*x_3 x_4 + -1*x_3 x_5 + -3*x_3 x_6 + -1*x_4 + -3*x_4 x_5 + 2*x_5 + 3*x_5 x_6 + -1*x_6,"['knapsack', 'knapsack']",7,0,2,0,True,False,73,37,36,"{'Hadamard': 7, 'RZ': 19, 'RX': 11, 'CNOT': 36}","{'Hadamard': 7, 'RZ': 19, 'RX': 11, 'CNOT': 36}",213,105,108,"{'CNOT': 108, 'RZ': 62, 'RX': 29, 'Hadamard': 14}","{'Hadamard': 14, 'RZ': 38, 'RX': 22, 'CNOT': 72}",14,7,7,7,0,{'Hadamard': 7},195,195,122,"{'CNOT': 122, 'RZ': 181, 'RX': 14}"
143,"['5*x_0*x_0 + 3*x_0*x_1 + 5*x_0*x_2 + 4*x_1*x_1 + 5*x_1*x_2 + 3*x_2*x_2 <= 14', '5*x_3*x_3 + 1*x_3*x_4 + 3*x_3*x_5 + 1*x_3*x_6 + 4*x_4*x_4 + 1*x_4*x_5 + 5*x_4*x_6 + 4*x_5*x_5 + 2*x_5*x_6 + 3*x_6*x_6 <= 19']",quadratic_knapsack+quadratic_knapsack,7,2, 3*x_0 + 4*x_0 x_1 + 1*x_0 x_2 + -5*x_0 x_3 + -5*x_0 x_4 + -4*x_1 + -4*x_1 x_2 + -3*x_1 x_3 + -4*x_1 x_4 + 1*x_1 x_6 + 3*x_2 + 3*x_2 x_3 + 1*x_2 x_4 + -1*x_2 x_5 + -4*x_3 + 2*x_3 x_4 + 1*x_3 x_5 + -5*x_3 x_6 + -5*x_4 + -3*x_4 x_5 + 4*x_4 x_6 + -4*x_5 + -3*x_5 x_6 + 4*x_6,"['quadratic_knapsack', 'quadratic_knapsack']",7,0,2,0,True,False,35,2,29,"{'RY': 2, 'CRY': 8, 'SWAP': 3, 'CNOT': 18, 'CC_RY': 4, 'CSWAP': 0}","{'RY': 2, 'CRY': 8, 'SWAP': 3, 'CNOT': 18, 'CC_RY': 4, 'CSWAP': 0}",135,35,92,"{'CNOT': 70, 'RZ': 24, 'RX': 7, 'RY': 4, 'CRY': 16, 'SWAP': 6, 'CC_RY': 8, 'CSWAP': 0}","{'RY': 4, 'CRY': 16, 'SWAP': 6, 'CNOT': 36, 'CC_RY': 8, 'CSWAP': 0}",16,9,9,9,0,{'Hadamard': 9},914,914,1042,"{'CNOT': 1042, 'RZ': 898, 'RX': 16}"
144,"['10*x_2 + 1*x_3 + 9*x_4 <= 7', 'x_0 + x_1 >= 1']",cardinality+knapsack,5,2, -3*x_0 + 1*x_0 x_1 + 2*x_0 x_2 + 1*x_0 x_3 + 2*x_0 x_4 + 3*x_1 + 3*x_1 x_2 + 2*x_1 x_3 + 1*x_1 x_4 + -2*x_2 + -1*x_2 x_3 + -1*x_2 x_4 + 2*x_3 + -3*x_3 x_4 + -2*x_4,"['cardinality', 'knapsack']",5,0,2,0,True,True,11,9,2,"{'Hadamard': 3, 'CNOT': 2, 'RZ': 3, 'RX': 3}","{'Hadamard': 3, 'CNOT': 2, 'RZ': 3, 'RX': 3}",61,37,24,"{'CNOT': 24, 'RZ': 20, 'RX': 11, 'Hadamard': 6}","{'Hadamard': 6, 'CNOT': 4, 'RZ': 6, 'RX': 6}",9,4,4,4,0,{'Hadamard': 4},95,95,56,"{'CNOT': 56, 'RZ': 86, 'RX': 9}"
145,"['2*x_0 + 7*x_1 + 7*x_2 <= 7', '2*x_3 + 10*x_4 + 4*x_5 <= 6']",knapsack+knapsack,6,2, 1*x_0 + 4*x_0 x_1 + 3*x_0 x_2 + -1*x_0 x_3 + -3*x_0 x_4 + -1*x_1 + -5*x_1 x_2 + -3*x_1 x_3 + -2*x_1 x_4 + -1*x_1 x_5 + -1*x_2 + 4*x_2 x_4 + -5*x_2 x_5 + 3*x_3 + 4*x_3 x_4 + -1*x_3 x_5 + -3*x_4 + 3*x_4 x_5 + 2*x_5,"['knapsack', 'knapsack']",6,0,2,0,True,False,15,8,7,"{'RY': 1, 'CRY': 2, 'SWAP': 1, 'CNOT': 4, 'CC_RY': 0, 'CSWAP': 0, 'Hadamard': 3, 'RZ': 1, 'RX': 3}","{'RY': 1, 'CRY': 2, 'SWAP': 1, 'CNOT': 4, 'CC_RY': 0, 'CSWAP': 0, 'Hadamard': 3, 'RZ': 1, 'RX': 3}",79,39,40,"{'CNOT': 34, 'RZ': 19, 'RX': 12, 'RY': 2, 'CRY': 4, 'SWAP': 2, 'CC_RY': 0, 'CSWAP': 0, 'Hadamard': 6}","{'RY': 2, 'CRY': 4, 'SWAP': 2, 'CNOT': 8, 'CC_RY': 0, 'CSWAP': 0, 'Hadamard': 6, 'RZ': 2, 'RX': 6}",12,6,6,6,0,{'Hadamard': 6},143,143,86,"{'CNOT': 86, 'RZ': 131, 'RX': 12}"
146,"['2*x_3 + 7*x_4 + 7*x_5 <= 7', 'x_0 + x_1 + x_2 == 2']",cardinality+knapsack,6,2, 2*x_0 + -5*x_0 x_1 + 2*x_0 x_2 + -4*x_0 x_3 + -2*x_0 x_4 + 4*x_0 x_5 + -4*x_1 + -5*x_1 x_2 + -5*x_1 x_3 + -5*x_1 x_4 + -5*x_1 x_5 + 1*x_2 + 4*x_2 x_3 + -1*x_2 x_4 + -1*x_2 x_5 + -5*x_3 + -5*x_3 x_5 + -1*x_4 + 1*x_4 x_5 + -1*x_5,"['cardinality', 'knapsack']",6,0,2,0,True,False,20,3,16,"{'X': 2, 'CNOT': 9, 'CRY': 5, 'CSWAP': 1, 'SWAP': 2, 'RY': 1, 'CC_RY': 0}","{'RY': 1, 'CRY': 2, 'SWAP': 1, 'CNOT': 4, 'CC_RY': 0, 'CSWAP': 0}",79,31,48,"{'CNOT': 42, 'RZ': 20, 'RY': 8, 'RX': 3, 'CRY': 4, 'SWAP': 2, 'CC_RY': 0, 'CSWAP': 0}","{'RY': 2, 'CRY': 4, 'SWAP': 2, 'CNOT': 8, 'CC_RY': 0, 'CSWAP': 0}",9,3,3,3,0,{'Hadamard': 3},101,101,64,"{'CNOT': 64, 'RZ': 92, 'RX': 9}"
147,"['x_0 + x_1 == 1', 'x_2 + x_3 + x_4 + x_5 + x_6 == 0']",assignment+cardinality,7,2, 4*x_0 + 4*x_0 x_1 + 1*x_0 x_2 + 3*x_0 x_3 + 1*x_0 x_4 + -3*x_0 x_5 + -3*x_0 x_6 + -5*x_1 + -2*x_1 x_2 + -5*x_1 x_3 + -4*x_1 x_4 + -4*x_1 x_5 + 1*x_2 + 4*x_2 x_3 + 2*x_2 x_4 + -4*x_2 x_5 + -4*x_2 x_6 + -2*x_3 + 2*x_3 x_4 + -5*x_3 x_5 + -2*x_3 x_6 + 2*x_4 + 1*x_4 x_5 + 3*x_4 x_6 + 4*x_5 + -4*x_5 x_6 + -2*x_6,"['assignment', 'cardinality']",7,0,2,0,False,False,3,1,2,"{'X': 1, 'CNOT': 1, 'CRY': 1}",{},95,41,54,"{'CNOT': 54, 'RZ': 27, 'RY': 14}",{},7,0,0,0,0,{},76,76,62,"{'CNOT': 62, 'RZ': 69, 'RX': 7}"
148,"['1*x_3*x_3 + 5*x_3*x_4 + 4*x_3*x_5 + 2*x_4*x_4 + 2*x_4*x_5 + 2*x_5*x_5 <= 8', 'x_0 + x_1 + x_2 >= 2']",cardinality+quadratic_knapsack,6,2, 4*x_0 + -1*x_0 x_1 + 3*x_0 x_2 + -1*x_0 x_3 + -4*x_0 x_4 + 1*x_0 x_5 + 3*x_1 + 1*x_1 x_2 + -3*x_1 x_3 + -5*x_1 x_4 + -2*x_1 x_5 + -2*x_2 + -4*x_2 x_3 + -3*x_2 x_4 + 2*x_2 x_5 + -5*x_3 + -2*x_3 x_4 + 4*x_4 + -5*x_5,"['cardinality', 'quadratic_knapsack']",6,0,2,0,True,True,12,1,10,"{'RY': 1, 'CRY': 3, 'SWAP': 1, 'CNOT': 6, 'CC_RY': 1, 'CSWAP': 0}","{'RY': 1, 'CRY': 3, 'SWAP': 1, 'CNOT': 6, 'CC_RY': 1, 'CSWAP': 0}",75,27,46,"{'CNOT': 38, 'RZ': 19, 'RX': 6, 'RY': 2, 'CRY': 6, 'SWAP': 2, 'CC_RY': 2, 'CSWAP': 0}","{'RY': 2, 'CRY': 6, 'SWAP': 2, 'CNOT': 12, 'CC_RY': 2, 'CSWAP': 0}",11,5,5,5,0,{'Hadamard': 5},301,301,284,"{'CNOT': 284, 'RZ': 290, 'RX': 11}"
149,"['2*x_0*x_0 + 4*x_0*x_1 + 4*x_0*x_2 + 4*x_0*x_3 + 5*x_0*x_4 + 1*x_1*x_1 + 2*x_1*x_2 + 2*x_1*x_3 + 5*x_1*x_4 + 1*x_2*x_2 + 3*x_2*x_3 + 1*x_2*x_4 + 5*x_3*x_3 + 4*x_3*x_4 + 1*x_4*x_4 <= 28', 'x_5 + x_6 + x_7 <= 0']",quadratic_knapsack+cardinality,8,2, 3*x_0 + -3*x_0 x_1 + 1*x_0 x_2 + 4*x_0 x_3 + 4*x_0 x_4 + 4*x_0 x_5 + -5*x_0 x_6 + -1*x_0 x_7 + -2*x_1 + -2*x_1 x_2 + 3*x_1 x_3 + -3*x_1 x_4 + -5*x_1 x_5 + -1*x_1 x_6 + 1*x_1 x_7 + -5*x_2 + 1*x_2 x_4 + -4*x_2 x_5 + -5*x_2 x_6 + 1*x_2 x_7 + 2*x_3 + 3*x_3 x_4 + 2*x_3 x_5 + -4*x_3 x_6 + -3*x_3 x_7 + -4*x_4 + -2*x_4 x_5 + -2*x_4 x_6 + -4*x_4 x_7 + -1*x_5 + 1*x_5 x_6 + -5*x_6 + -5*x_6 x_7 + 3*x_7,"['quadratic_knapsack', 'cardinality']",8,0,2,0,True,False,809,221,588,"{'Hadamard': 5, 'CNOT': 588, 'RZ': 186, 'RX': 30}","{'Hadamard': 5, 'CNOT': 588, 'RZ': 186, 'RX': 30}",1718,488,1229,"{'CNOT': 1228, 'RZ': 406, 'X': 6, 'PhaseShift': 1, 'CRZ': 1, 'C(RZ, num_ctrl_wires=2,num_zero_ctrl=0)': 1, 'RX': 65, 'Hadamard': 10}","{'Hadamard': 10, 'CNOT': 1176, 'RZ': 372, 'RX': 60}",13,5,5,5,0,{'Hadamard': 5},1339,1339,1838,"{'CNOT': 1838, 'RZ': 1326, 'RX': 13}"
150,"['1*x_0*x_0 + 4*x_0*x_1 + 1*x_0*x_2 + 2*x_0*x_3 + 5*x_1*x_1 + 4*x_1*x_2 + 3*x_1*x_3 + 5*x_2*x_2 + 4*x_2*x_3 + 2*x_3*x_3 <= 18', '6*x_4 + 2*x_5 + 2*x_6 <= 3']",quadratic_knapsack+knapsack,7,2, 3*x_0 + 4*x_0 x_1 + 1*x_0 x_2 + -5*x_0 x_3 + -5*x_0 x_4 + -4*x_1 + -4*x_1 x_2 + -3*x_1 x_3 + -4*x_1 x_4 + 1*x_1 x_6 + 3*x_2 + 3*x_2 x_3 + 1*x_2 x_4 + -1*x_2 x_5 + -4*x_3 + 2*x_3 x_4 + 1*x_3 x_5 + -5*x_3 x_6 + -5*x_4 + -3*x_4 x_5 + 4*x_4 x_6 + -4*x_5 + -3*x_5 x_6 + 4*x_6,"['quadratic_knapsack', 'knapsack']",7,0,2,0,True,False,398,150,248,"{'Hadamard': 7, 'CNOT': 248, 'RZ': 112, 'RX': 31}","{'Hadamard': 7, 'CNOT': 248, 'RZ': 112, 'RX': 31}",861,331,530,"{'CNOT': 530, 'RZ': 248, 'RX': 69, 'Hadamard': 14}","{'Hadamard': 14, 'CNOT': 496, 'RZ': 224, 'RX': 62}",14,7,7,7,0,{'Hadamard': 7},707,707,816,"{'CNOT': 816, 'RZ': 693, 'RX': 14}"
151,"['1*x_4*x_4 + 5*x_4*x_5 + 4*x_4*x_6 + 2*x_5*x_5 + 2*x_5*x_6 + 2*x_6*x_6 <= 8', '4*x_0 + 2*x_1 + 10*x_2 + 8*x_3 <= 13']",knapsack+quadratic_knapsack,7,2, -4*x_0 + 4*x_0 x_1 + -2*x_0 x_2 + -2*x_0 x_3 + 4*x_0 x_4 + -5*x_0 x_5 + -1*x_0 x_6 + -3*x_1 x_2 + 4*x_1 x_3 + 2*x_1 x_4 + 1*x_1 x_5 + -5*x_1 x_6 + -5*x_2 + -4*x_2 x_3 + 1*x_2 x_4 + -3*x_2 x_5 + 2*x_2 x_6 + -3*x_3 + 3*x_3 x_4 + 4*x_4 + -2*x_4 x_5 + 1*x_4 x_6 + -4*x_5 + -4*x_5 x_6 + -5*x_6,"['knapsack', 'quadratic_knapsack']",7,0,2,0,True,False,69,24,44,"{'Hadamard': 4, 'CNOT': 40, 'RZ': 15, 'RX': 4, 'RY': 1, 'CRY': 3, 'SWAP': 1, 'CC_RY': 1, 'CSWAP': 0}","{'Hadamard': 4, 'CNOT': 40, 'RZ': 15, 'RX': 4, 'RY': 1, 'CRY': 3, 'SWAP': 1, 'CC_RY': 1, 'CSWAP': 0}",209,81,126,"{'CNOT': 118, 'RZ': 56, 'RX': 15, 'Hadamard': 8, 'RY': 2, 'CRY': 6, 'SWAP': 2, 'CC_RY': 2, 'CSWAP': 0}","{'Hadamard': 8, 'CNOT': 80, 'RZ': 30, 'RX': 8, 'RY': 2, 'CRY': 6, 'SWAP': 2, 'CC_RY': 2, 'CSWAP': 0}",15,8,8,8,0,{'Hadamard': 8},386,386,340,"{'CNOT': 340, 'RZ': 371, 'RX': 15}"
152,"['3*x_3*x_3 + 1*x_3*x_4 + 3*x_3*x_5 + 4*x_3*x_6 + 5*x_4*x_4 + 4*x_4*x_5 + 2*x_4*x_6 + 2*x_5*x_5 + 4*x_5*x_6 + 4*x_6*x_6 <= 17', 'x_0 + x_1 + x_2 >= 1']",cardinality+quadratic_knapsack,7,2, -5*x_0 + 1*x_0 x_1 + 4*x_0 x_2 + -2*x_0 x_3 + -2*x_0 x_4 + 4*x_0 x_6 + -3*x_1 + -4*x_1 x_2 + -2*x_1 x_3 + 3*x_1 x_4 + 4*x_1 x_5 + 4*x_1 x_6 + 1*x_2 + -5*x_2 x_3 + -5*x_2 x_4 + -3*x_2 x_5 + 3*x_2 x_6 + -3*x_3 + 1*x_3 x_4 + -5*x_3 x_6 + -4*x_4 + 1*x_4 x_5 + -3*x_4 x_6 + 3*x_5 + -1*x_5 x_6 + 1*x_6,"['cardinality', 'quadratic_knapsack']",7,0,2,0,True,True,19,1,16,"{'RY': 1, 'CRY': 4, 'SWAP': 2, 'CNOT': 10, 'CC_RY': 2, 'CSWAP': 0}","{'RY': 1, 'CRY': 4, 'SWAP': 2, 'CNOT': 10, 'CC_RY': 2, 'CSWAP': 0}",108,34,70,"{'CNOT': 58, 'RZ': 25, 'RX': 7, 'RY': 2, 'CRY': 8, 'SWAP': 4, 'CC_RY': 4, 'CSWAP': 0}","{'RY': 2, 'CRY': 8, 'SWAP': 4, 'CNOT': 20, 'CC_RY': 4, 'CSWAP': 0}",14,7,7,7,0,{'Hadamard': 7},708,708,820,"{'CNOT': 820, 'RZ': 694, 'RX': 14}"
153,"['1*x_0*x_0 + 4*x_0*x_1 + 1*x_0*x_2 + 5*x_0*x_3 + 2*x_1*x_1 + 3*x_1*x_2 + 3*x_1*x_3 + 5*x_2*x_2 + 4*x_2*x_3 + 5*x_3*x_3 <= 22', '8*x_4 + 5*x_5 + 7*x_6 + 4*x_7 <= 11']",quadratic_knapsack+knapsack,8,2, 4*x_0 + 1*x_0 x_1 + -3*x_0 x_2 + -4*x_0 x_3 + -5*x_0 x_4 + -2*x_0 x_5 + -1*x_0 x_6 + 2*x_0 x_7 + -4*x_1 + 1*x_1 x_2 + 3*x_1 x_3 + 3*x_1 x_4 + -1*x_1 x_5 + -1*x_1 x_6 + -1*x_1 x_7 + -5*x_2 + 4*x_2 x_3 + -3*x_2 x_4 + 4*x_2 x_5 + -2*x_2 x_6 + -3*x_2 x_7 + -5*x_3 + -5*x_3 x_4 + -5*x_3 x_5 + -1*x_3 x_6 + -2*x_3 x_7 + -1*x_4 + -2*x_4 x_5 + 1*x_4 x_6 + -5*x_4 x_7 + -4*x_5 + -5*x_5 x_6 + 3*x_5 x_7 + 4*x_6 + -1*x_6 x_7 + 4*x_7,"['quadratic_knapsack', 'knapsack']",8,0,2,0,True,False,80,24,53,"{'RY': 1, 'CRY': 5, 'SWAP': 2, 'CNOT': 46, 'CC_RY': 3, 'CSWAP': 0, 'Hadamard': 4, 'RZ': 15, 'RX': 4}","{'RY': 1, 'CRY': 5, 'SWAP': 2, 'CNOT': 46, 'CC_RY': 3, 'CSWAP': 0, 'Hadamard': 4, 'RZ': 15, 'RX': 4}",260,92,162,"{'CNOT': 148, 'RZ': 66, 'RX': 16, 'RY': 2, 'CRY': 10, 'SWAP': 4, 'CC_RY': 6, 'CSWAP': 0, 'Hadamard': 8}","{'RY': 2, 'CRY': 10, 'SWAP': 4, 'CNOT': 92, 'CC_RY': 6, 'CSWAP': 0, 'Hadamard': 8, 'RZ': 30, 'RX': 8}",17,9,9,9,0,{'Hadamard': 9},782,782,874,"{'CNOT': 874, 'RZ': 765, 'RX': 17}"
154,"['5*x_0*x_0 + 3*x_0*x_1 + 4*x_0*x_2 + 5*x_0*x_3 + 1*x_0*x_4 + 1*x_1*x_1 + 4*x_1*x_2 + 2*x_1*x_3 + 3*x_1*x_4 + 4*x_2*x_2 + 5*x_2*x_3 + 1*x_2*x_4 + 1*x_3*x_3 + 5*x_3*x_4 + 2*x_4*x_4 <= 17', 'x_5 + x_6 >= 0']",quadratic_knapsack+cardinality,7,2, 4*x_0 + 2*x_0 x_1 + -5*x_0 x_3 + 2*x_0 x_4 + -3*x_0 x_5 + 1*x_0 x_6 + -3*x_1 + -4*x_1 x_2 + -1*x_1 x_3 + 1*x_1 x_4 + 3*x_1 x_5 + 2*x_1 x_6 + 4*x_2 x_3 + -1*x_2 x_4 + -3*x_2 x_5 + 4*x_2 x_6 + 2*x_3 + -2*x_3 x_4 + 4*x_3 x_5 + -2*x_3 x_6 + 3*x_4 + -1*x_4 x_6 + 2*x_5 + -2*x_5 x_6 + -1*x_6,"['quadratic_knapsack', 'cardinality']",7,0,2,0,True,True,145,53,92,"{'Hadamard': 5, 'CNOT': 92, 'RZ': 38, 'RX': 10}","{'Hadamard': 5, 'CNOT': 92, 'RZ': 38, 'RX': 10}",359,137,222,"{'CNOT': 222, 'RZ': 100, 'RX': 27, 'Hadamard': 10}","{'Hadamard': 10, 'CNOT': 184, 'RZ': 76, 'RX': 20}",14,7,7,7,0,{'Hadamard': 7},1340,1340,1830,"{'CNOT': 1830, 'RZ': 1326, 'RX': 14}"
155,"['1*x_0*x_0 + 5*x_0*x_1 + 1*x_0*x_2 + 3*x_1*x_1 + 3*x_1*x_2 + 5*x_2*x_2 <= 10', 'x_3 + x_4 + x_5 == 1']",quadratic_knapsack+cardinality,6,2, -2*x_0 + -4*x_0 x_1 + 2*x_0 x_2 + 2*x_0 x_3 + 3*x_0 x_4 + -5*x_0 x_5 + -1*x_1 + 1*x_1 x_3 + -2*x_1 x_4 + -5*x_2 x_3 + 4*x_2 x_4 + 3*x_2 x_5 + 3*x_3 + -3*x_3 x_4 + 2*x_3 x_5 + -1*x_4 + 2*x_4 x_5 + 3*x_5,"['quadratic_knapsack', 'cardinality']",6,0,2,0,True,False,16,10,6,"{'X': 1, 'CNOT': 4, 'CRY': 2, 'Hadamard': 3, 'RZ': 3, 'RX': 3}","{'Hadamard': 3, 'CNOT': 2, 'RZ': 3, 'RX': 3}",82,46,36,"{'CNOT': 36, 'RZ': 25, 'RY': 6, 'RX': 9, 'Hadamard': 6}","{'Hadamard': 6, 'CNOT': 4, 'RZ': 6, 'RX': 6}",10,4,4,4,0,{'Hadamard': 4},289,289,278,"{'CNOT': 278, 'RZ': 279, 'RX': 10}"
156,"['2*x_5 + 7*x_6 + 7*x_7 <= 7', 'x_0 + x_1 + x_2 + x_3 + x_4 <= 2']",cardinality+knapsack,8,2, -3*x_0 + -3*x_0 x_1 + 2*x_0 x_2 + 2*x_0 x_3 + 3*x_0 x_4 + -5*x_0 x_5 + -5*x_0 x_6 + -5*x_0 x_7 + -4*x_1 + -2*x_1 x_2 + 1*x_1 x_3 + -4*x_1 x_4 + 2*x_1 x_6 + 1*x_1 x_7 + -4*x_2 x_3 + 4*x_2 x_4 + -2*x_2 x_5 + 3*x_2 x_6 + -3*x_2 x_7 + -1*x_3 + -3*x_3 x_4 + -2*x_3 x_5 + -2*x_3 x_6 + -3*x_3 x_7 + -2*x_4 + 1*x_4 x_5 + -5*x_4 x_6 + -1*x_4 x_7 + -4*x_5 + 3*x_5 x_6 + 2*x_5 x_7 + -2*x_6 x_7 + -3*x_7,"['cardinality', 'knapsack']",8,0,2,0,True,False,33,2,28,"{'RY': 2, 'CRY': 7, 'SWAP': 3, 'CNOT': 18, 'C(RY, num_ctrl_wires=2,num_zero_ctrl=0)': 3, 'CC_RY': 0, 'CSWAP': 0}","{'RY': 1, 'CRY': 2, 'SWAP': 1, 'CNOT': 4, 'CC_RY': 0, 'CSWAP': 0}",173,53,111,"{'CNOT': 90, 'RZ': 35, 'RY': 4, 'CRY': 14, 'SWAP': 6, 'C(RY, num_ctrl_wires=2,num_zero_ctrl=0)': 6, 'X': 10, 'PhaseShift': 1, 'CRZ': 1, 'C(RZ, num_ctrl_wires=2,num_zero_ctrl=0)': 1, 'C(RZ, num_ctrl_wires=3,num_zero_ctrl=0)': 1, 'C(RZ, num_ctrl_wires=4,num_zero_ctrl=0)': 1, 'RX': 3, 'CC_RY': 0, 'CSWAP': 0}","{'RY': 2, 'CRY': 4, 'SWAP': 2, 'CNOT': 8, 'CC_RY': 0, 'CSWAP': 0}",13,5,5,5,0,{'Hadamard': 5},182,182,126,"{'CNOT': 126, 'RZ': 169, 'RX': 13}"
157,"['x_0 + x_1 == 0', 'x_2 + x_3 + x_4 + x_5 <= 0']",cardinality+cardinality,6,2, -2*x_0 + -4*x_0 x_1 + 2*x_0 x_2 + 2*x_0 x_3 + 3*x_0 x_4 + -5*x_0 x_5 + -1*x_1 + 1*x_1 x_3 + -2*x_1 x_4 + -5*x_2 x_3 + 4*x_2 x_4 + 3*x_2 x_5 + 3*x_3 + -3*x_3 x_4 + 2*x_3 x_5 + -1*x_4 + 2*x_4 x_5 + 3*x_5,"['cardinality', 'cardinality']",6,0,2,0,False,False,0,0,0,{},{},65,32,31,"{'CNOT': 30, 'RZ': 19, 'RY': 4, 'X': 8, 'PhaseShift': 1, 'CRZ': 1, 'C(RZ, num_ctrl_wires=2,num_zero_ctrl=0)': 1, 'C(RZ, num_ctrl_wires=3,num_zero_ctrl=0)': 1}",{},6,0,0,0,0,{},52,52,40,"{'CNOT': 40, 'RZ': 46, 'RX': 6}"
158,"['5*x_0*x_0 + 3*x_0*x_1 + 1*x_0*x_2 + 5*x_0*x_3 + 3*x_1*x_1 + 1*x_1*x_2 + 4*x_1*x_3 + 5*x_2*x_2 + 5*x_2*x_3 + 1*x_3*x_3 <= 20', 'x_4 + x_5 + x_6 >= 0']",quadratic_knapsack+cardinality,7,2, 3*x_0 + -2*x_0 x_2 + -1*x_0 x_3 + -5*x_0 x_4 + 1*x_0 x_5 + 2*x_0 x_6 + -5*x_1 x_2 + -4*x_1 x_3 + -3*x_1 x_4 + -2*x_1 x_5 + 2*x_1 x_6 + 4*x_2 + 3*x_2 x_3 + -2*x_2 x_4 + -1*x_2 x_5 + 4*x_3 + 3*x_3 x_4 + 4*x_3 x_6 + -3*x_4 + -3*x_4 x_5 + 3*x_4 x_6 + 3*x_5 + 4*x_5 x_6 + -4*x_6,"['quadratic_knapsack', 'cardinality']",7,0,2,0,True,True,375,137,238,"{'Hadamard': 4, 'CNOT': 238, 'RZ': 105, 'RX': 28}","{'Hadamard': 4, 'CNOT': 238, 'RZ': 105, 'RX': 28}",818,306,512,"{'CNOT': 512, 'RZ': 235, 'RX': 63, 'Hadamard': 8}","{'Hadamard': 8, 'CNOT': 476, 'RZ': 210, 'RX': 56}",14,7,7,7,0,{'Hadamard': 7},703,703,818,"{'CNOT': 818, 'RZ': 689, 'RX': 14}"
159,"['3*x_4 + 1*x_5 + 4*x_6 + 8*x_7 <= 7', '9*x_0 + 9*x_1 + 4*x_2 + 1*x_3 <= 9']",knapsack+knapsack,8,2, 3*x_0 + -3*x_0 x_1 + 1*x_0 x_2 + 4*x_0 x_3 + 4*x_0 x_4 + 4*x_0 x_5 + -5*x_0 x_6 + -1*x_0 x_7 + -2*x_1 + -2*x_1 x_2 + 3*x_1 x_3 + -3*x_1 x_4 + -5*x_1 x_5 + -1*x_1 x_6 + 1*x_1 x_7 + -5*x_2 + 1*x_2 x_4 + -4*x_2 x_5 + -5*x_2 x_6 + 1*x_2 x_7 + 2*x_3 + 3*x_3 x_4 + 2*x_3 x_5 + -4*x_3 x_6 + -3*x_3 x_7 + -4*x_4 + -2*x_4 x_5 + -2*x_4 x_6 + -4*x_4 x_7 + -1*x_5 + 1*x_5 x_6 + -5*x_6 + -5*x_6 x_7 + 3*x_7,"['knapsack', 'knapsack']",8,0,2,0,True,False,123,53,70,"{'Hadamard': 8, 'CNOT': 70, 'RZ': 33, 'RX': 12}","{'Hadamard': 8, 'CNOT': 70, 'RZ': 33, 'RX': 12}",340,148,192,"{'CNOT': 192, 'RZ': 100, 'RX': 32, 'Hadamard': 16}","{'Hadamard': 16, 'CNOT': 140, 'RZ': 66, 'RX': 24}",15,7,7,7,0,{'Hadamard': 7},226,226,150,"{'CNOT': 150, 'RZ': 211, 'RX': 15}"
160,"['2*x_0 + 7*x_1 + 7*x_2 <= 7', 'x_3 + x_4 == 2']",knapsack+cardinality,5,2, 3*x_0 + 1*x_0 x_2 + 3*x_0 x_4 + -5*x_1 + -3*x_1 x_2 + 3*x_2 + 3*x_2 x_3 + -5*x_2 x_4 + -4*x_3 + 2*x_3 x_4 + -3*x_4,"['knapsack', 'cardinality']",5,0,2,0,True,False,10,3,7,"{'X': 2, 'RY': 1, 'CRY': 2, 'SWAP': 1, 'CNOT': 4, 'CC_RY': 0, 'CSWAP': 0}","{'RY': 1, 'CRY': 2, 'SWAP': 1, 'CNOT': 4, 'CC_RY': 0, 'CSWAP': 0}",50,20,30,"{'CNOT': 24, 'RZ': 11, 'RY': 6, 'RX': 3, 'CRY': 4, 'SWAP': 2, 'CC_RY': 0, 'CSWAP': 0}","{'RY': 2, 'CRY': 4, 'SWAP': 2, 'CNOT': 8, 'CC_RY': 0, 'CSWAP': 0}",8,3,3,3,0,{'Hadamard': 3},83,83,44,"{'CNOT': 44, 'RZ': 75, 'RX': 8}"
161,"['x_0 + x_1 == 1', 'x_2 + x_3 + x_4 + x_5 + x_6 == 5']",assignment+cardinality,7,2, 4*x_0 + 2*x_0 x_1 + -5*x_0 x_3 + 2*x_0 x_4 + -3*x_0 x_5 + 1*x_0 x_6 + -3*x_1 + -4*x_1 x_2 + -1*x_1 x_3 + 1*x_1 x_4 + 3*x_1 x_5 + 2*x_1 x_6 + 4*x_2 x_3 + -1*x_2 x_4 + -3*x_2 x_5 + 4*x_2 x_6 + 2*x_3 + -2*x_3 x_4 + 4*x_3 x_5 + -2*x_3 x_6 + 3*x_4 + -1*x_4 x_6 + 2*x_5 + -2*x_5 x_6 + -1*x_6,"['assignment', 'cardinality']",7,0,2,0,False,False,8,6,2,"{'X': 6, 'CNOT': 1, 'CRY': 1}",{},90,38,52,"{'CNOT': 52, 'RZ': 24, 'RY': 14}",{},7,0,0,0,0,{},78,78,60,"{'CNOT': 60, 'RZ': 71, 'RX': 7}"
162,"['2*x_4 + 7*x_5 + 7*x_6 <= 7', 'x_0 + x_1 + x_2 + x_3 >= 0']",cardinality+knapsack,7,2, 4*x_0 + 4*x_0 x_1 + 1*x_0 x_2 + 3*x_0 x_3 + 1*x_0 x_4 + -3*x_0 x_5 + -3*x_0 x_6 + -5*x_1 + -2*x_1 x_2 + -5*x_1 x_3 + -4*x_1 x_4 + -4*x_1 x_5 + 1*x_2 + 4*x_2 x_3 + 2*x_2 x_4 + -4*x_2 x_5 + -4*x_2 x_6 + -2*x_3 + 2*x_3 x_4 + -5*x_3 x_5 + -2*x_3 x_6 + 2*x_4 + 1*x_4 x_5 + 3*x_4 x_6 + 4*x_5 + -4*x_5 x_6 + -2*x_6,"['cardinality', 'knapsack']",7,0,2,0,True,True,8,1,7,"{'RY': 1, 'CRY': 2, 'SWAP': 1, 'CNOT': 4, 'CC_RY': 0, 'CSWAP': 0}","{'RY': 1, 'CRY': 2, 'SWAP': 1, 'CNOT': 4, 'CC_RY': 0, 'CSWAP': 0}",90,36,54,"{'CNOT': 48, 'RZ': 27, 'RX': 7, 'RY': 2, 'CRY': 4, 'SWAP': 2, 'CC_RY': 0, 'CSWAP': 0}","{'RY': 2, 'CRY': 4, 'SWAP': 2, 'CNOT': 8, 'CC_RY': 0, 'CSWAP': 0}",13,6,6,6,0,{'Hadamard': 6},167,167,112,"{'CNOT': 112, 'RZ': 154, 'RX': 13}"
163,"['4*x_4 + 6*x_5 + 2*x_6 + 10*x_7 <= 7', '8*x_0 + 5*x_1 + 7*x_2 + 4*x_3 <= 11']",knapsack+knapsack,8,2, 4*x_0 + 1*x_0 x_1 + -3*x_0 x_2 + -4*x_0 x_3 + -5*x_0 x_4 + -2*x_0 x_5 + -1*x_0 x_6 + 2*x_0 x_7 + -4*x_1 + 1*x_1 x_2 + 3*x_1 x_3 + 3*x_1 x_4 + -1*x_1 x_5 + -1*x_1 x_6 + -1*x_1 x_7 + -5*x_2 + 4*x_2 x_3 + -3*x_2 x_4 + 4*x_2 x_5 + -2*x_2 x_6 + -3*x_2 x_7 + -5*x_3 + -5*x_3 x_4 + -5*x_3 x_5 + -1*x_3 x_6 + -2*x_3 x_7 + -1*x_4 + -2*x_4 x_5 + 1*x_4 x_6 + -5*x_4 x_7 + -4*x_5 + -5*x_5 x_6 + 3*x_5 x_7 + 4*x_6 + -1*x_6 x_7 + 4*x_7,"['knapsack', 'knapsack']",8,0,2,0,True,False,114,46,68,"{'Hadamard': 8, 'CNOT': 68, 'RZ': 30, 'RX': 8}","{'Hadamard': 8, 'CNOT': 68, 'RZ': 30, 'RX': 8}",328,136,192,"{'CNOT': 192, 'RZ': 96, 'RX': 24, 'Hadamard': 16}","{'Hadamard': 16, 'CNOT': 136, 'RZ': 60, 'RX': 16}",15,7,7,7,0,{'Hadamard': 7},228,228,154,"{'CNOT': 154, 'RZ': 213, 'RX': 15}"
164,"['x_0 + x_1 + x_2 + x_3 <= 4', 'x_4 + x_5 + x_6 <= 0']",cardinality+cardinality,7,2, 4*x_0 + 2*x_0 x_1 + -5*x_0 x_3 + 2*x_0 x_4 + -3*x_0 x_5 + 1*x_0 x_6 + -3*x_1 + -4*x_1 x_2 + -1*x_1 x_3 + 1*x_1 x_4 + 3*x_1 x_5 + 2*x_1 x_6 + 4*x_2 x_3 + -1*x_2 x_4 + -3*x_2 x_5 + 4*x_2 x_6 + 2*x_3 + -2*x_3 x_4 + 4*x_3 x_5 + -2*x_3 x_6 + 3*x_4 + -1*x_4 x_6 + 2*x_5 + -2*x_5 x_6 + -1*x_6,"['cardinality', 'cardinality']",7,0,2,0,False,False,24,1,20,"{'RY': 1, 'CRY': 6, 'SWAP': 2, 'CNOT': 12, 'C(RY, num_ctrl_wires=2,num_zero_ctrl=0)': 3}",{},131,42,80,"{'CNOT': 62, 'RZ': 24, 'RY': 2, 'CRY': 12, 'SWAP': 4, 'C(RY, num_ctrl_wires=2,num_zero_ctrl=0)': 6, 'X': 14, 'PhaseShift': 2, 'CRZ': 2, 'C(RZ, num_ctrl_wires=2,num_zero_ctrl=0)': 2, 'C(RZ, num_ctrl_wires=3,num_zero_ctrl=0)': 1}",{},10,3,3,3,0,{'Hadamard': 3},123,123,86,"{'CNOT': 86, 'RZ': 113, 'RX': 10}"
165,"['5*x_3 + 4*x_4 + 1*x_5 <= 6', 'x_0 + x_1 + x_2 >= 2', 'x_6 + x_7 >= 2']",cardinality+knapsack+cardinality,8,3, -5*x_0 + 4*x_0 x_1 + 3*x_0 x_3 + -3*x_0 x_4 + 4*x_0 x_5 + 3*x_0 x_6 + 2*x_0 x_7 + -1*x_1 + 2*x_1 x_2 + -5*x_1 x_3 + 1*x_1 x_4 + 2*x_1 x_5 + 2*x_1 x_6 + -4*x_1 x_7 + 4*x_2 + -1*x_2 x_3 + -3*x_2 x_4 + 3*x_2 x_5 + 2*x_2 x_6 + -3*x_3 x_4 + 1*x_3 x_5 + -4*x_3 x_6 + -2*x_3 x_7 + -3*x_4 + 1*x_4 x_6 + -3*x_4 x_7 + -3*x_5 + 2*x_5 x_6 + 1*x_5 x_7 + 3*x_6 + 4*x_6 x_7 + 4*x_7,"['cardinality', 'knapsack', 'cardinality']",8,0,3,0,True,True,13,11,2,"{'X': 2, 'Hadamard': 3, 'CNOT': 2, 'RZ': 3, 'RX': 3}","{'Hadamard': 3, 'CNOT': 2, 'RZ': 3, 'RX': 3}",110,56,54,"{'CNOT': 54, 'RZ': 38, 'RX': 12, 'Hadamard': 6}","{'Hadamard': 6, 'CNOT': 4, 'RZ': 6, 'RX': 6}",12,4,4,4,0,{'Hadamard': 4},134,134,94,"{'CNOT': 94, 'RZ': 122, 'RX': 12}"
166,"['3*x_5 + 8*x_6 + 3*x_7 <= 5', 'x_0 + x_1 + x_2 + x_3 + x_4 == 3']",cardinality+knapsack,8,2, -5*x_0 + 4*x_0 x_1 + 3*x_0 x_3 + -3*x_0 x_4 + 4*x_0 x_5 + 3*x_0 x_6 + 2*x_0 x_7 + -1*x_1 + 2*x_1 x_2 + -5*x_1 x_3 + 1*x_1 x_4 + 2*x_1 x_5 + 2*x_1 x_6 + -4*x_1 x_7 + 4*x_2 + -1*x_2 x_3 + -3*x_2 x_4 + 3*x_2 x_5 + 2*x_2 x_6 + -3*x_3 x_4 + 1*x_3 x_5 + -4*x_3 x_6 + -2*x_3 x_7 + -3*x_4 + 1*x_4 x_6 + -3*x_4 x_7 + -3*x_5 + 2*x_5 x_6 + 1*x_5 x_7 + 3*x_6 + 4*x_6 x_7 + 4*x_7,"['cardinality', 'knapsack']",8,0,2,0,True,False,134,56,72,"{'X': 3, 'CNOT': 64, 'CRY': 6, 'C(RY, num_ctrl_wires=2,num_zero_ctrl=0)': 3, 'CSWAP': 3, 'SWAP': 2, 'Hadamard': 3, 'RZ': 35, 'RX': 15}","{'Hadamard': 3, 'CNOT': 50, 'RZ': 35, 'RX': 15}",311,151,160,"{'CNOT': 160, 'RZ': 102, 'RY': 10, 'RX': 33, 'Hadamard': 6}","{'Hadamard': 6, 'CNOT': 100, 'RZ': 70, 'RX': 30}",11,3,3,3,0,{'Hadamard': 3},140,140,100,"{'CNOT': 100, 'RZ': 129, 'RX': 11}"
167,"['x_0 + x_1 >= 1', 'x_2 + x_3 + x_4 + x_5 + x_6 <= 5']",cardinality+cardinality,7,2, 3*x_0 + -2*x_0 x_2 + -1*x_0 x_3 + -5*x_0 x_4 + 1*x_0 x_5 + 2*x_0 x_6 + -5*x_1 x_2 + -4*x_1 x_3 + -3*x_1 x_4 + -2*x_1 x_5 + 2*x_1 x_6 + 4*x_2 + 3*x_2 x_3 + -2*x_2 x_4 + -1*x_2 x_5 + 4*x_3 + 3*x_3 x_4 + 4*x_3 x_6 + -3*x_4 + -3*x_4 x_5 + 3*x_4 x_6 + 3*x_5 + 4*x_5 x_6 + -4*x_6,"['cardinality', 'cardinality']",7,0,2,0,True,True,37,1,30,"{'RY': 1, 'CRY': 8, 'SWAP': 2, 'CNOT': 20, 'C(RY, num_ctrl_wires=2,num_zero_ctrl=0)': 6}",{},152,40,97,"{'CNOT': 76, 'RZ': 25, 'RY': 2, 'CRY': 16, 'SWAP': 4, 'C(RY, num_ctrl_wires=2,num_zero_ctrl=0)': 12, 'X': 10, 'PhaseShift': 1, 'CRZ': 1, 'C(RZ, num_ctrl_wires=2,num_zero_ctrl=0)': 1, 'C(RZ, num_ctrl_wires=3,num_zero_ctrl=0)': 1, 'C(RZ, num_ctrl_wires=4,num_zero_ctrl=0)': 1, 'RX': 2}",{},11,4,4,4,0,{'Hadamard': 4},151,151,98,"{'CNOT': 98, 'RZ': 140, 'RX': 11}"
168,"['2*x_0 + 10*x_1 + 4*x_2 <= 6', 'x_3 - x_4 - x_5 - x_6 == 0']",knapsack+flow,7,2, 4*x_0 + 4*x_0 x_1 + 1*x_0 x_2 + 3*x_0 x_3 + 1*x_0 x_4 + -3*x_0 x_5 + -3*x_0 x_6 + -5*x_1 + -2*x_1 x_2 + -5*x_1 x_3 + -4*x_1 x_4 + -4*x_1 x_5 + 1*x_2 + 4*x_2 x_3 + 2*x_2 x_4 + -4*x_2 x_5 + -4*x_2 x_6 + -2*x_3 + 2*x_3 x_4 + -5*x_3 x_5 + -2*x_3 x_6 + 2*x_4 + 1*x_4 x_5 + 3*x_4 x_6 + 4*x_5 + -4*x_5 x_6 + -2*x_6,"['knapsack', 'flow']",7,0,2,0,True,False,16,8,8,"{'RY': 1, 'CRY': 2, 'CNOT': 5, 'SWAP': 1, 'Hadamard': 3, 'RZ': 1, 'RX': 3}","{'Hadamard': 3, 'RZ': 1, 'RX': 3}",100,52,48,"{'CNOT': 48, 'RZ': 29, 'RY': 8, 'RX': 9, 'Hadamard': 6}","{'Hadamard': 6, 'RZ': 2, 'RX': 6}",10,3,3,3,0,{'Hadamard': 3},116,116,82,"{'CNOT': 82, 'RZ': 106, 'RX': 10}"
169,"['2*x_0 + 10*x_1 + 4*x_2 <= 6', 'x_3 + x_4 + x_5 <= 0']",knapsack+cardinality,6,2, -4*x_0 + 2*x_0 x_1 + -4*x_0 x_2 + 1*x_0 x_3 + -4*x_0 x_4 + 1*x_1 + 4*x_1 x_2 + -3*x_1 x_3 + -1*x_1 x_5 + 2*x_2 + 4*x_2 x_3 + -1*x_2 x_4 + 3*x_3 + 4*x_3 x_4 + -4*x_3 x_5 + -1*x_4 + 3*x_4 x_5 + -1*x_5,"['knapsack', 'cardinality']",6,0,2,0,True,False,7,7,0,"{'Hadamard': 3, 'RZ': 1, 'RX': 3}","{'Hadamard': 3, 'RZ': 1, 'RX': 3}",67,41,25,"{'CNOT': 24, 'RZ': 19, 'X': 6, 'PhaseShift': 1, 'CRZ': 1, 'C(RZ, num_ctrl_wires=2,num_zero_ctrl=0)': 1, 'RX': 9, 'Hadamard': 6}","{'Hadamard': 6, 'RZ': 2, 'RX': 6}",9,3,3,3,0,{'Hadamard': 3},95,95,60,"{'CNOT': 60, 'RZ': 86, 'RX': 9}"
170,"['x_0 + x_1 <= 2', 'x_2 + x_3 + x_4 + x_5 >= 0']",cardinality+cardinality,6,2, 4*x_0 + -1*x_0 x_1 + 3*x_0 x_2 + -1*x_0 x_3 + -4*x_0 x_4 + 1*x_0 x_5 + 3*x_1 + 1*x_1 x_2 + -3*x_1 x_3 + -5*x_1 x_4 + -2*x_1 x_5 + -2*x_2 + -4*x_2 x_3 + -3*x_2 x_4 + 2*x_2 x_5 + -5*x_3 + -2*x_3 x_4 + 4*x_4 + -5*x_5,"['cardinality', 'cardinality']",6,0,2,0,True,True,6,1,5,"{'RY': 1, 'CRY': 2, 'SWAP': 1, 'CNOT': 2}",{},67,30,37,"{'CNOT': 30, 'RZ': 19, 'RY': 2, 'CRY': 4, 'SWAP': 2, 'X': 4, 'PhaseShift': 1, 'CRZ': 1, 'RX': 4}",{},11,5,5,5,0,{'Hadamard': 5},126,126,80,"{'CNOT': 80, 'RZ': 115, 'RX': 11}"
171,"['x_0 + x_1 + x_2 + x_3 + x_4 <= 0', 'x_5 + x_6 + x_7 == 1']",cardinality+cardinality,8,2, 1*x_0 + -3*x_0 x_1 + -5*x_0 x_2 + -2*x_0 x_3 + -2*x_0 x_4 + -4*x_0 x_5 + -5*x_0 x_6 + -2*x_0 x_7 + -2*x_1 + 2*x_1 x_4 + 4*x_1 x_5 + -2*x_1 x_6 + -4*x_1 x_7 + -1*x_2 + -5*x_2 x_4 + 4*x_2 x_5 + 2*x_2 x_6 + 2*x_2 x_7 + -5*x_3 + -5*x_3 x_4 + 2*x_3 x_5 + 1*x_3 x_6 + -3*x_3 x_7 + -2*x_4 + -1*x_4 x_5 + 1*x_4 x_6 + 4*x_4 x_7 + 3*x_5 + -2*x_5 x_6 + -2*x_5 x_7 + -5*x_6 + 1*x_6 x_7 + -3*x_7,"['cardinality', 'cardinality']",8,0,2,0,False,False,5,1,4,"{'CRY': 2, 'CNOT': 2, 'X': 1}",{},110,50,57,"{'CNOT': 56, 'RZ': 33, 'X': 10, 'PhaseShift': 1, 'CRZ': 1, 'C(RZ, num_ctrl_wires=2,num_zero_ctrl=0)': 1, 'C(RZ, num_ctrl_wires=3,num_zero_ctrl=0)': 1, 'C(RZ, num_ctrl_wires=4,num_zero_ctrl=0)': 1, 'RY': 6}",{},8,0,0,0,0,{},91,91,76,"{'CNOT': 76, 'RZ': 83, 'RX': 8}"
172,"['x_0 + x_1 - x_2 == 0', 'x_3 + x_4 + x_5 + x_6 + x_7 <= 2']",flow+cardinality,8,2, -1*x_0 + -4*x_0 x_1 + 1*x_0 x_2 + 3*x_0 x_3 + -1*x_0 x_4 + -1*x_0 x_5 + -1*x_0 x_6 + 1*x_0 x_7 + 4*x_1 + -3*x_1 x_2 + 3*x_1 x_3 + 4*x_1 x_4 + -5*x_1 x_5 + -2*x_1 x_6 + -1*x_1 x_7 + -3*x_2 x_3 + -5*x_2 x_4 + 2*x_2 x_5 + -4*x_2 x_6 + -3*x_2 x_7 + -2*x_3 + 4*x_3 x_4 + -1*x_3 x_6 + -5*x_3 x_7 + -5*x_4 + -4*x_4 x_5 + 4*x_4 x_6 + -1*x_4 x_7 + -1*x_5 + 2*x_5 x_6 + 3*x_5 x_7 + -4*x_6 + -5*x_6 x_7,"['flow', 'cardinality']",8,0,2,0,False,False,31,2,26,"{'RY': 2, 'CRY': 6, 'CNOT': 17, 'SWAP': 3, 'C(RY, num_ctrl_wires=2,num_zero_ctrl=0)': 3}",{},165,53,103,"{'CNOT': 88, 'RZ': 34, 'RY': 8, 'CRY': 10, 'SWAP': 4, 'C(RY, num_ctrl_wires=2,num_zero_ctrl=0)': 6, 'X': 10, 'PhaseShift': 1, 'CRZ': 1, 'C(RZ, num_ctrl_wires=2,num_zero_ctrl=0)': 1, 'C(RZ, num_ctrl_wires=3,num_zero_ctrl=0)': 1, 'C(RZ, num_ctrl_wires=4,num_zero_ctrl=0)': 1}",{},10,2,2,2,0,{'Hadamard': 2},133,133,102,"{'CNOT': 102, 'RZ': 123, 'RX': 10}"
173,"['1*x_0*x_0 + 5*x_0*x_1 + 3*x_0*x_2 + 4*x_1*x_1 + 2*x_1*x_2 + 4*x_2*x_2 <= 7', '5*x_3*x_3 + 1*x_3*x_4 + 2*x_3*x_5 + 5*x_4*x_4 + 1*x_4*x_5 + 3*x_5*x_5 <= 6']",quadratic_knapsack+quadratic_knapsack,6,2, 4*x_0 + 4*x_0 x_1 + -3*x_0 x_2 + -2*x_0 x_3 + -5*x_0 x_4 + 4*x_0 x_5 + -2*x_1 + -5*x_1 x_2 + -2*x_1 x_3 + 3*x_1 x_4 + -5*x_1 x_5 + -1*x_2 + -3*x_2 x_3 + -5*x_2 x_4 + 2*x_2 x_5 + 2*x_3 + 3*x_3 x_4 + -1*x_3 x_5 + -4*x_4 + -2*x_4 x_5 + -2*x_5,"['quadratic_knapsack', 'quadratic_knapsack']",6,0,2,0,True,False,16,2,14,"{'RY': 2, 'CRY': 4, 'SWAP': 2, 'CNOT': 8, 'CC_RY': 0, 'CSWAP': 0}","{'RY': 2, 'CRY': 4, 'SWAP': 2, 'CNOT': 8, 'CC_RY': 0, 'CSWAP': 0}",89,31,58,"{'CNOT': 46, 'RZ': 21, 'RX': 6, 'RY': 4, 'CRY': 8, 'SWAP': 4, 'CC_RY': 0, 'CSWAP': 0}","{'RY': 4, 'CRY': 8, 'SWAP': 4, 'CNOT': 16, 'CC_RY': 0, 'CSWAP': 0}",12,6,6,6,0,{'Hadamard': 6},441,441,438,"{'CNOT': 438, 'RZ': 429, 'RX': 12}"
174,"['1*x_5*x_5 + 5*x_5*x_6 + 3*x_5*x_7 + 4*x_6*x_6 + 2*x_6*x_7 + 4*x_7*x_7 <= 7', '6*x_0 + 7*x_1 + 8*x_2 + 9*x_3 + 5*x_4 <= 14']",knapsack+quadratic_knapsack,8,2, 4*x_0 + 4*x_0 x_1 + -3*x_0 x_2 + -3*x_0 x_3 + -1*x_0 x_4 + 2*x_0 x_5 + 1*x_0 x_6 + -2*x_0 x_7 + -4*x_1 + -4*x_1 x_2 + 4*x_1 x_3 + 4*x_1 x_4 + -2*x_1 x_5 + 3*x_1 x_6 + -5*x_1 x_7 + -3*x_2 + 4*x_2 x_3 + -1*x_2 x_4 + 4*x_2 x_5 + -1*x_2 x_7 + -2*x_3 + 3*x_3 x_4 + 4*x_3 x_5 + 4*x_3 x_6 + -1*x_4 + 4*x_4 x_5 + -1*x_4 x_6 + 4*x_4 x_7 + -3*x_5 + 4*x_5 x_6 + 3*x_5 x_7 + -5*x_6 + 4*x_6 x_7 + 4*x_7,"['knapsack', 'quadratic_knapsack']",8,0,2,0,True,False,511,156,355,"{'Hadamard': 5, 'CNOT': 352, 'RZ': 120, 'RX': 30, 'RY': 1, 'CRY': 2, 'SWAP': 1, 'CC_RY': 0, 'CSWAP': 0}","{'Hadamard': 5, 'CNOT': 352, 'RZ': 120, 'RX': 30, 'RY': 1, 'CRY': 2, 'SWAP': 1, 'CC_RY': 0, 'CSWAP': 0}",1116,354,762,"{'CNOT': 756, 'RZ': 274, 'RX': 68, 'Hadamard': 10, 'RY': 2, 'CRY': 4, 'SWAP': 2, 'CC_RY': 0, 'CSWAP': 0}","{'Hadamard': 10, 'CNOT': 704, 'RZ': 240, 'RX': 60, 'RY': 2, 'CRY': 4, 'SWAP': 2, 'CC_RY': 0, 'CSWAP': 0}",15,7,7,7,0,{'Hadamard': 7},379,379,328,"{'CNOT': 328, 'RZ': 364, 'RX': 15}"
175,"['x_0 + x_1 + x_2 == 0', 'x_3 + x_4 + x_5 + x_6 + x_7 == 1']",cardinality+cardinality,8,2, -3*x_0 + -3*x_0 x_1 + 2*x_0 x_2 + 2*x_0 x_3 + 3*x_0 x_4 + -5*x_0 x_5 + -5*x_0 x_6 + -5*x_0 x_7 + -4*x_1 + -2*x_1 x_2 + 1*x_1 x_3 + -4*x_1 x_4 + 2*x_1 x_6 + 1*x_1 x_7 + -4*x_2 x_3 + 4*x_2 x_4 + -2*x_2 x_5 + 3*x_2 x_6 + -3*x_2 x_7 + -1*x_3 + -3*x_3 x_4 + -2*x_3 x_5 + -2*x_3 x_6 + -3*x_3 x_7 + -2*x_4 + 1*x_4 x_5 + -5*x_4 x_6 + -1*x_4 x_7 + -4*x_5 + 3*x_5 x_6 + 2*x_5 x_7 + -2*x_6 x_7 + -3*x_7,"['cardinality', 'cardinality']",8,0,2,0,False,False,9,1,8,"{'X': 1, 'CNOT': 4, 'CRY': 4}",{},121,51,70,"{'CNOT': 70, 'RZ': 35, 'RY': 16}",{},8,0,0,0,0,{},95,95,80,"{'CNOT': 80, 'RZ': 87, 'RX': 8}"
176,"['1*x_0*x_0 + 5*x_0*x_1 + 4*x_0*x_2 + 2*x_1*x_1 + 2*x_1*x_2 + 2*x_2*x_2 <= 8', 'x_3 + x_4 + x_5 + x_6 + x_7 <= 1']",quadratic_knapsack+cardinality,8,2, 1*x_0 + -3*x_0 x_1 + -5*x_0 x_2 + -2*x_0 x_3 + -2*x_0 x_4 + -4*x_0 x_5 + -5*x_0 x_6 + -2*x_0 x_7 + -2*x_1 + 2*x_1 x_4 + 4*x_1 x_5 + -2*x_1 x_6 + -4*x_1 x_7 + -1*x_2 + -5*x_2 x_4 + 4*x_2 x_5 + 2*x_2 x_6 + 2*x_2 x_7 + -5*x_3 + -5*x_3 x_4 + 2*x_3 x_5 + 1*x_3 x_6 + -3*x_3 x_7 + -2*x_4 + -1*x_4 x_5 + 1*x_4 x_6 + 4*x_4 x_7 + 3*x_5 + -2*x_5 x_6 + -2*x_5 x_7 + -5*x_6 + 1*x_6 x_7 + -3*x_7,"['quadratic_knapsack', 'cardinality']",8,0,2,0,True,False,27,2,24,"{'RY': 2, 'CRY': 7, 'SWAP': 3, 'CNOT': 14, 'CC_RY': 1, 'CSWAP': 0}","{'RY': 1, 'CRY': 3, 'SWAP': 1, 'CNOT': 6, 'CC_RY': 1, 'CSWAP': 0}",155,51,99,"{'CNOT': 78, 'RZ': 33, 'RY': 4, 'CRY': 14, 'SWAP': 6, 'X': 10, 'PhaseShift': 1, 'CRZ': 1, 'C(RZ, num_ctrl_wires=2,num_zero_ctrl=0)': 1, 'C(RZ, num_ctrl_wires=3,num_zero_ctrl=0)': 1, 'C(RZ, num_ctrl_wires=4,num_zero_ctrl=0)': 1, 'RX': 3, 'CC_RY': 2, 'CSWAP': 0}","{'RY': 2, 'CRY': 6, 'SWAP': 2, 'CNOT': 12, 'CC_RY': 2, 'CSWAP': 0}",13,5,5,5,0,{'Hadamard': 5},348,348,326,"{'CNOT': 326, 'RZ': 335, 'RX': 13}"
177,"['x_0 + x_1 + x_2 >= 3', 'x_3 + x_4 + x_5 + x_6 == 2']",cardinality+cardinality,7,2, 4*x_0 + 4*x_0 x_1 + 1*x_0 x_2 + 3*x_0 x_3 + 1*x_0 x_4 + -3*x_0 x_5 + -3*x_0 x_6 + -5*x_1 + -2*x_1 x_2 + -5*x_1 x_3 + -4*x_1 x_4 + -4*x_1 x_5 + 1*x_2 + 4*x_2 x_3 + 2*x_2 x_4 + -4*x_2 x_5 + -4*x_2 x_6 + -2*x_3 + 2*x_3 x_4 + -5*x_3 x_5 + -2*x_3 x_6 + 2*x_4 + 1*x_4 x_5 + 3*x_4 x_6 + 4*x_5 + -4*x_5 x_6 + -2*x_6,"['cardinality', 'cardinality']",7,0,2,0,False,False,21,5,14,"{'X': 5, 'CNOT': 8, 'CRY': 4, 'C(RY, num_ctrl_wires=2,num_zero_ctrl=0)': 1, 'CSWAP': 1, 'SWAP': 2}",{},83,35,48,"{'CNOT': 48, 'RZ': 27, 'RY': 8}",{},7,0,0,0,0,{},75,75,58,"{'CNOT': 58, 'RZ': 68, 'RX': 7}"
178,"['3*x_0*x_0 + 1*x_0*x_1 + 3*x_0*x_2 + 5*x_1*x_1 + 2*x_1*x_2 + 2*x_2*x_2 <= 8', '5*x_3 + 4*x_4 + 1*x_5 <= 6']",quadratic_knapsack+knapsack,6,2, -2*x_0 x_1 + -2*x_0 x_2 + -4*x_0 x_3 + 2*x_0 x_4 + -4*x_0 x_5 + 1*x_1 + 3*x_1 x_2 + 1*x_1 x_3 + -1*x_1 x_4 + 3*x_1 x_5 + -4*x_2 + -1*x_2 x_3 + -3*x_2 x_5 + -4*x_3 + 4*x_3 x_4 + 4*x_3 x_5 + -2*x_4 + 2*x_4 x_5 + -2*x_5,"['quadratic_knapsack', 'knapsack']",6,0,2,0,True,False,34,22,12,"{'Hadamard': 6, 'CNOT': 12, 'RZ': 10, 'RX': 6}","{'Hadamard': 6, 'CNOT': 12, 'RZ': 10, 'RX': 6}",122,70,52,"{'CNOT': 52, 'RZ': 40, 'RX': 18, 'Hadamard': 12}","{'Hadamard': 12, 'CNOT': 24, 'RZ': 20, 'RX': 12}",13,7,7,7,0,{'Hadamard': 7},335,335,304,"{'CNOT': 304, 'RZ': 322, 'RX': 13}"
179,"['5*x_3 + 4*x_4 + 1*x_5 <= 6', 'x_0 + x_1 + x_2 == 1']",assignment+knapsack,6,2, 1*x_0 x_1 + -3*x_0 x_3 + -3*x_0 x_4 + 4*x_0 x_5 + 4*x_1 + 3*x_1 x_5 + 1*x_2 + 3*x_2 x_3 + -4*x_2 x_4 + 1*x_2 x_5 + -1*x_3 + 2*x_3 x_4 + 1*x_3 x_5 + -4*x_4 + -5*x_5,"['assignment', 'knapsack']",6,0,2,0,True,False,16,10,6,"{'X': 1, 'CNOT': 4, 'CRY': 2, 'Hadamard': 3, 'RZ': 3, 'RX': 3}","{'Hadamard': 3, 'CNOT': 2, 'RZ': 3, 'RX': 3}",73,43,30,"{'CNOT': 30, 'RZ': 22, 'RY': 6, 'RX': 9, 'Hadamard': 6}","{'Hadamard': 6, 'CNOT': 4, 'RZ': 6, 'RX': 6}",9,3,3,3,0,{'Hadamard': 3},97,97,56,"{'CNOT': 56, 'RZ': 88, 'RX': 9}"
180,"['10*x_5 + 1*x_6 + 9*x_7 <= 7', '6*x_0 + 7*x_1 + 8*x_2 + 9*x_3 + 5*x_4 <= 14']",knapsack+knapsack,8,2, 3*x_0 + -3*x_0 x_1 + 1*x_0 x_2 + 4*x_0 x_3 + 4*x_0 x_4 + 4*x_0 x_5 + -5*x_0 x_6 + -1*x_0 x_7 + -2*x_1 + -2*x_1 x_2 + 3*x_1 x_3 + -3*x_1 x_4 + -5*x_1 x_5 + -1*x_1 x_6 + 1*x_1 x_7 + -5*x_2 + 1*x_2 x_4 + -4*x_2 x_5 + -5*x_2 x_6 + 1*x_2 x_7 + 2*x_3 + 3*x_3 x_4 + 2*x_3 x_5 + -4*x_3 x_6 + -3*x_3 x_7 + -4*x_4 + -2*x_4 x_5 + -2*x_4 x_6 + -4*x_4 x_7 + -1*x_5 + 1*x_5 x_6 + -5*x_6 + -5*x_6 x_7 + 3*x_7,"['knapsack', 'knapsack']",8,0,2,0,True,False,514,164,350,"{'Hadamard': 8, 'CNOT': 350, 'RZ': 123, 'RX': 33}","{'Hadamard': 8, 'CNOT': 350, 'RZ': 123, 'RX': 33}",1122,370,752,"{'CNOT': 752, 'RZ': 280, 'RX': 74, 'Hadamard': 16}","{'Hadamard': 16, 'CNOT': 700, 'RZ': 246, 'RX': 66}",15,7,7,7,0,{'Hadamard': 7},232,232,154,"{'CNOT': 154, 'RZ': 217, 'RX': 15}"
181,"['2*x_3*x_3 + 4*x_3*x_4 + 4*x_3*x_5 + 4*x_3*x_6 + 5*x_3*x_7 + 1*x_4*x_4 + 2*x_4*x_5 + 2*x_4*x_6 + 5*x_4*x_7 + 1*x_5*x_5 + 3*x_5*x_6 + 1*x_5*x_7 + 5*x_6*x_6 + 4*x_6*x_7 + 1*x_7*x_7 <= 28', '3*x_0*x_0 + 1*x_0*x_1 + 3*x_0*x_2 + 1*x_1*x_1 + 4*x_1*x_2 + 3*x_2*x_2 <= 5']",quadratic_knapsack+quadratic_knapsack,8,2, 1*x_0 + -5*x_0 x_1 + -1*x_0 x_2 + 4*x_0 x_3 + -2*x_0 x_4 + 2*x_0 x_5 + -1*x_0 x_6 + 1*x_1 x_2 + -5*x_1 x_3 + -1*x_1 x_4 + 2*x_1 x_5 + 3*x_1 x_6 + -4*x_1 x_7 + -4*x_2 + -5*x_2 x_3 + -5*x_2 x_4 + -3*x_2 x_5 + 3*x_2 x_7 + -5*x_3 + -2*x_3 x_4 + -1*x_3 x_5 + -2*x_3 x_6 + -4*x_3 x_7 + -2*x_4 + 3*x_4 x_5 + -4*x_4 x_6 + 4*x_4 x_7 + -5*x_5 + -3*x_5 x_7 + -5*x_6 + -1*x_6 x_7,"['quadratic_knapsack', 'quadratic_knapsack']",8,0,2,0,True,False,892,264,628,"{'Hadamard': 8, 'CNOT': 628, 'RZ': 214, 'RX': 42}","{'Hadamard': 8, 'CNOT': 628, 'RZ': 214, 'RX': 42}",1875,569,1306,"{'CNOT': 1306, 'RZ': 461, 'RX': 92, 'Hadamard': 16}","{'Hadamard': 16, 'CNOT': 1256, 'RZ': 428, 'RX': 84}",16,8,8,8,0,{'Hadamard': 8},1533,1533,2034,"{'CNOT': 2034, 'RZ': 1517, 'RX': 16}"
182,"['x_0 + x_1 + x_2 + x_3 + x_4 == 0', 'x_5 + x_6 + x_7 == 1']",cardinality+cardinality,8,2, 2*x_0 + -5*x_0 x_1 + 2*x_0 x_2 + 3*x_0 x_3 + -4*x_0 x_4 + -1*x_0 x_5 + -3*x_0 x_6 + -2*x_0 x_7 + 2*x_1 + -5*x_1 x_2 + 3*x_1 x_3 + -2*x_1 x_4 + 4*x_1 x_5 + -5*x_1 x_6 + 1*x_1 x_7 + -5*x_2 + 4*x_2 x_3 + 4*x_2 x_4 + -1*x_2 x_5 + -5*x_2 x_7 + -1*x_3 + 1*x_3 x_4 + 1*x_3 x_5 + 4*x_3 x_6 + 3*x_3 x_7 + -1*x_4 + -5*x_4 x_5 + -2*x_4 x_6 + -2*x_4 x_7 + -3*x_5 + -4*x_5 x_7 + 4*x_6 + 3*x_6 x_7 + -1*x_7,"['cardinality', 'cardinality']",8,0,2,0,False,False,5,1,4,"{'X': 1, 'CNOT': 2, 'CRY': 2}",{},118,50,68,"{'CNOT': 68, 'RZ': 34, 'RY': 16}",{},8,0,0,0,0,{},92,92,78,"{'CNOT': 78, 'RZ': 84, 'RX': 8}"
183,"['2*x_5 + 7*x_6 + 7*x_7 <= 7', '5*x_0*x_0 + 2*x_0*x_1 + 2*x_0*x_2 + 3*x_0*x_3 + 1*x_0*x_4 + 1*x_1*x_1 + 4*x_1*x_2 + 4*x_1*x_3 + 3*x_1*x_4 + 1*x_2*x_2 + 3*x_2*x_3 + 1*x_2*x_4 + 5*x_3*x_3 + 1*x_3*x_4 + 5*x_4*x_4 <= 23']",quadratic_knapsack+knapsack,8,2, -3*x_0 + -3*x_0 x_1 + 2*x_0 x_2 + 2*x_0 x_3 + 3*x_0 x_4 + -5*x_0 x_5 + -5*x_0 x_6 + -5*x_0 x_7 + -4*x_1 + -2*x_1 x_2 + 1*x_1 x_3 + -4*x_1 x_4 + 2*x_1 x_6 + 1*x_1 x_7 + -4*x_2 x_3 + 4*x_2 x_4 + -2*x_2 x_5 + 3*x_2 x_6 + -3*x_2 x_7 + -1*x_3 + -3*x_3 x_4 + -2*x_3 x_5 + -2*x_3 x_6 + -3*x_3 x_7 + -2*x_4 + 1*x_4 x_5 + -5*x_4 x_6 + -1*x_4 x_7 + -4*x_5 + 3*x_5 x_6 + 2*x_5 x_7 + -2*x_6 x_7 + -3*x_7,"['quadratic_knapsack', 'knapsack']",8,0,2,0,True,False,40,2,33,"{'RY': 2, 'CRY': 8, 'SWAP': 3, 'CNOT': 22, 'CC_RY': 5, 'CSWAP': 0}","{'RY': 2, 'CRY': 8, 'SWAP': 3, 'CNOT': 22, 'CC_RY': 5, 'CSWAP': 0}",177,47,120,"{'CNOT': 98, 'RZ': 35, 'RX': 8, 'RY': 4, 'CRY': 16, 'SWAP': 6, 'CC_RY': 10, 'CSWAP': 0}","{'RY': 4, 'CRY': 16, 'SWAP': 6, 'CNOT': 44, 'CC_RY': 10, 'CSWAP': 0}",16,8,8,8,0,{'Hadamard': 8},1388,1388,1864,"{'CNOT': 1864, 'RZ': 1372, 'RX': 16}"
184,"['2*x_5 + 10*x_6 + 4*x_7 <= 6', '3*x_0*x_0 + 1*x_0*x_1 + 5*x_0*x_2 + 2*x_0*x_3 + 5*x_0*x_4 + 2*x_1*x_1 + 5*x_1*x_2 + 5*x_1*x_3 + 5*x_1*x_4 + 2*x_2*x_2 + 3*x_2*x_3 + 3*x_2*x_4 + 4*x_3*x_3 + 1*x_3*x_4 + 5*x_4*x_4 <= 18']",quadratic_knapsack+knapsack,8,2, 3*x_0 + -3*x_0 x_1 + 1*x_0 x_2 + 4*x_0 x_3 + 4*x_0 x_4 + 4*x_0 x_5 + -5*x_0 x_6 + -1*x_0 x_7 + -2*x_1 + -2*x_1 x_2 + 3*x_1 x_3 + -3*x_1 x_4 + -5*x_1 x_5 + -1*x_1 x_6 + 1*x_1 x_7 + -5*x_2 + 1*x_2 x_4 + -4*x_2 x_5 + -5*x_2 x_6 + 1*x_2 x_7 + 2*x_3 + 3*x_3 x_4 + 2*x_3 x_5 + -4*x_3 x_6 + -3*x_3 x_7 + -4*x_4 + -2*x_4 x_5 + -2*x_4 x_6 + -4*x_4 x_7 + -1*x_5 + 1*x_5 x_6 + -5*x_6 + -5*x_6 x_7 + 3*x_7,"['quadratic_knapsack', 'knapsack']",8,0,2,0,True,False,414,120,294,"{'Hadamard': 8, 'CNOT': 294, 'RZ': 94, 'RX': 18}","{'Hadamard': 8, 'CNOT': 294, 'RZ': 94, 'RX': 18}",922,282,640,"{'CNOT': 640, 'RZ': 222, 'RX': 44, 'Hadamard': 16}","{'Hadamard': 16, 'CNOT': 588, 'RZ': 188, 'RX': 36}",16,8,8,8,0,{'Hadamard': 8},1387,1387,1862,"{'CNOT': 1862, 'RZ': 1371, 'RX': 16}"
185,"['x_0 + x_1 + x_2 + x_3 + x_4 >= 5', 'x_5 + x_6 >= 0']",cardinality+cardinality,7,2, -4*x_0 + 4*x_0 x_1 + -2*x_0 x_2 + -2*x_0 x_3 + 4*x_0 x_4 + -5*x_0 x_5 + -1*x_0 x_6 + -3*x_1 x_2 + 4*x_1 x_3 + 2*x_1 x_4 + 1*x_1 x_5 + -5*x_1 x_6 + -5*x_2 + -4*x_2 x_3 + 1*x_2 x_4 + -3*x_2 x_5 + 2*x_2 x_6 + -3*x_3 + 3*x_3 x_4 + 4*x_4 + -2*x_4 x_5 + 1*x_4 x_6 + -4*x_5 + -4*x_5 x_6 + -5*x_6,"['cardinality', 'cardinality']",7,0,2,0,True,True,5,5,0,{'X': 5},{},66,28,38,"{'CNOT': 38, 'RZ': 26, 'RX': 2}",{},9,2,2,2,0,{'Hadamard': 2},97,97,70,"{'CNOT': 70, 'RZ': 88, 'RX': 9}"
186,"['2*x_0*x_0 + 4*x_0*x_1 + 5*x_0*x_2 + 1*x_0*x_3 + 4*x_0*x_4 + 2*x_1*x_1 + 4*x_1*x_2 + 4*x_1*x_3 + 1*x_1*x_4 + 2*x_2*x_2 + 3*x_2*x_3 + 3*x_2*x_4 + 3*x_3*x_3 + 2*x_3*x_4 + 1*x_4*x_4 <= 19', '3*x_5*x_5 + 1*x_5*x_6 + 3*x_5*x_7 + 1*x_6*x_6 + 4*x_6*x_7 + 3*x_7*x_7 <= 5']",quadratic_knapsack+quadratic_knapsack,8,2, 3*x_0 + -3*x_0 x_1 + 1*x_0 x_2 + 4*x_0 x_3 + 4*x_0 x_4 + 4*x_0 x_5 + -5*x_0 x_6 + -1*x_0 x_7 + -2*x_1 + -2*x_1 x_2 + 3*x_1 x_3 + -3*x_1 x_4 + -5*x_1 x_5 + -1*x_1 x_6 + 1*x_1 x_7 + -5*x_2 + 1*x_2 x_4 + -4*x_2 x_5 + -5*x_2 x_6 + 1*x_2 x_7 + 2*x_3 + 3*x_3 x_4 + 2*x_3 x_5 + -4*x_3 x_6 + -3*x_3 x_7 + -4*x_4 + -2*x_4 x_5 + -2*x_4 x_6 + -4*x_4 x_7 + -1*x_5 + 1*x_5 x_6 + -5*x_6 + -5*x_6 x_7 + 3*x_7,"['quadratic_knapsack', 'quadratic_knapsack']",8,0,2,0,True,False,115,44,66,"{'RY': 1, 'CRY': 6, 'SWAP': 2, 'CNOT': 58, 'CC_RY': 5, 'CSWAP': 0, 'Hadamard': 3, 'RZ': 28, 'RX': 12}","{'RY': 1, 'CRY': 6, 'SWAP': 2, 'CNOT': 58, 'CC_RY': 5, 'CSWAP': 0, 'Hadamard': 3, 'RZ': 28, 'RX': 12}",324,130,184,"{'CNOT': 168, 'RZ': 90, 'RX': 32, 'RY': 2, 'CRY': 12, 'SWAP': 4, 'CC_RY': 10, 'CSWAP': 0, 'Hadamard': 6}","{'RY': 2, 'CRY': 12, 'SWAP': 4, 'CNOT': 116, 'CC_RY': 10, 'CSWAP': 0, 'Hadamard': 6, 'RZ': 56, 'RX': 24}",16,8,8,8,0,{'Hadamard': 8},1534,1534,2036,"{'CNOT': 2036, 'RZ': 1518, 'RX': 16}"
187,"['x_0 + x_1 + x_2 >= 0', 'x_3 + x_4 <= 1']",cardinality+cardinality,5,2, 3*x_0 + -4*x_0 x_1 + -5*x_0 x_2 + -3*x_0 x_3 + 1*x_0 x_4 + -4*x_1 + 3*x_1 x_2 + -3*x_1 x_3 + -3*x_1 x_4 + -5*x_2 x_3 + 2*x_2 x_4 + -2*x_3 + -3*x_3 x_4,"['cardinality', 'cardinality']",5,0,2,0,True,True,5,1,4,"{'RY': 1, 'CRY': 1, 'SWAP': 1, 'CNOT': 2}",{},54,25,29,"{'CNOT': 24, 'RZ': 15, 'RY': 2, 'CRY': 2, 'SWAP': 2, 'X': 4, 'PhaseShift': 1, 'CRZ': 1, 'RX': 3}",{},8,3,3,3,0,{'Hadamard': 3},73,73,46,"{'CNOT': 46, 'RZ': 65, 'RX': 8}"
188,"['x_0 + x_1 == 2', 'x_2 + x_3 + x_4 + x_5 >= 1']",cardinality+cardinality,6,2, 1*x_0 + 4*x_0 x_1 + 3*x_0 x_2 + -1*x_0 x_3 + -3*x_0 x_4 + -1*x_1 + -5*x_1 x_2 + -3*x_1 x_3 + -2*x_1 x_4 + -1*x_1 x_5 + -1*x_2 + 4*x_2 x_4 + -5*x_2 x_5 + 3*x_3 + 4*x_3 x_4 + -1*x_3 x_5 + -3*x_4 + 3*x_4 x_5 + 2*x_5,"['cardinality', 'cardinality']",6,0,2,0,True,True,2,2,0,{'X': 2},{},55,25,30,"{'CNOT': 30, 'RZ': 17, 'RY': 4, 'RX': 4}",{},8,2,2,2,0,{'Hadamard': 2},89,89,58,"{'CNOT': 58, 'RZ': 81, 'RX': 8}"
189,"['8*x_0 + 10*x_1 + 1*x_2 + 2*x_3 <= 12', 'x_4 + x_5 + x_6 - x_7 == 0']",knapsack+flow,8,2, 1*x_0 + -3*x_0 x_1 + -5*x_0 x_2 + -2*x_0 x_3 + -2*x_0 x_4 + -4*x_0 x_5 + -5*x_0 x_6 + -2*x_0 x_7 + -2*x_1 + 2*x_1 x_4 + 4*x_1 x_5 + -2*x_1 x_6 + -4*x_1 x_7 + -1*x_2 + -5*x_2 x_4 + 4*x_2 x_5 + 2*x_2 x_6 + 2*x_2 x_7 + -5*x_3 + -5*x_3 x_4 + 2*x_3 x_5 + 1*x_3 x_6 + -3*x_3 x_7 + -2*x_4 + -1*x_4 x_5 + 1*x_4 x_6 + 4*x_4 x_7 + 3*x_5 + -2*x_5 x_6 + -2*x_5 x_7 + -5*x_6 + 1*x_6 x_7 + -3*x_7,"['knapsack', 'flow']",8,0,2,0,True,False,66,24,42,"{'RY': 1, 'CRY': 2, 'CNOT': 39, 'SWAP': 1, 'Hadamard': 4, 'RZ': 15, 'RX': 4}","{'Hadamard': 4, 'CNOT': 34, 'RZ': 15, 'RX': 4}",217,91,126,"{'CNOT': 126, 'RZ': 63, 'RY': 8, 'RX': 12, 'Hadamard': 8}","{'Hadamard': 8, 'CNOT': 68, 'RZ': 30, 'RX': 8}",12,4,4,4,0,{'Hadamard': 4},167,167,118,"{'CNOT': 118, 'RZ': 155, 'RX': 12}"
190,"['x_0 + x_1 + x_2 + x_3 + x_4 == 2', 'x_5 + x_6 + x_7 <= 2']",cardinality+cardinality,8,2, 2*x_0 + 3*x_0 x_1 + -2*x_0 x_3 + -1*x_0 x_4 + 3*x_0 x_5 + 4*x_0 x_6 + -5*x_0 x_7 + 4*x_1 + 2*x_1 x_2 + -4*x_1 x_3 + -2*x_1 x_4 + -4*x_1 x_5 + -3*x_1 x_6 + -2*x_1 x_7 + -4*x_2 x_3 + 2*x_2 x_4 + 3*x_2 x_5 + 1*x_2 x_6 + -4*x_2 x_7 + 1*x_3 + -1*x_3 x_4 + 3*x_3 x_5 + -1*x_3 x_6 + -5*x_4 + -4*x_4 x_5 + -5*x_4 x_6 + -3*x_4 x_7 + 3*x_5 + 4*x_5 x_6 + -3*x_5 x_7 + -3*x_7,"['cardinality', 'cardinality']",8,0,2,0,False,False,36,3,29,"{'X': 2, 'CNOT': 17, 'CRY': 9, 'C(RY, num_ctrl_wires=2,num_zero_ctrl=0)': 2, 'CSWAP': 2, 'SWAP': 3, 'RY': 1}",{},134,50,81,"{'CNOT': 72, 'RZ': 31, 'RY': 12, 'CRY': 6, 'SWAP': 2, 'C(RY, num_ctrl_wires=2,num_zero_ctrl=0)': 2, 'X': 6, 'PhaseShift': 1, 'CRZ': 1, 'C(RZ, num_ctrl_wires=2,num_zero_ctrl=0)': 1}",{},10,2,2,2,0,{'Hadamard': 2},121,121,90,"{'CNOT': 90, 'RZ': 111, 'RX': 10}"
191,"['3*x_0*x_0 + 1*x_0*x_1 + 3*x_0*x_2 + 1*x_1*x_1 + 4*x_1*x_2 + 3*x_2*x_2 <= 5', 'x_3 + x_4 + x_5 >= 1']",quadratic_knapsack+cardinality,6,2, -2*x_0 + -4*x_0 x_1 + 2*x_0 x_2 + 2*x_0 x_3 + 3*x_0 x_4 + -5*x_0 x_5 + -1*x_1 + 1*x_1 x_3 + -2*x_1 x_4 + -5*x_2 x_3 + 4*x_2 x_4 + 3*x_2 x_5 + 3*x_3 + -3*x_3 x_4 + 2*x_3 x_5 + -1*x_4 + 2*x_4 x_5 + 3*x_5,"['quadratic_knapsack', 'cardinality']",6,0,2,0,True,True,83,43,40,"{'Hadamard': 3, 'CNOT': 40, 'RZ': 28, 'RX': 12}","{'Hadamard': 3, 'CNOT': 40, 'RZ': 28, 'RX': 12}",217,111,106,"{'CNOT': 106, 'RZ': 75, 'RX': 30, 'Hadamard': 6}","{'Hadamard': 6, 'CNOT': 80, 'RZ': 56, 'RX': 24}",11,5,5,5,0,{'Hadamard': 5},274,274,250,"{'CNOT': 250, 'RZ': 263, 'RX': 11}"
192,"['1*x_0*x_0 + 5*x_0*x_1 + 3*x_0*x_2 + 4*x_1*x_1 + 2*x_1*x_2 + 4*x_2*x_2 <= 7', 'x_3 + x_4 + x_5 == 1']",quadratic_knapsack+cardinality,6,2, 4*x_0 + 4*x_0 x_1 + -3*x_0 x_2 + -2*x_0 x_3 + -5*x_0 x_4 + 4*x_0 x_5 + -2*x_1 + -5*x_1 x_2 + -2*x_1 x_3 + 3*x_1 x_4 + -5*x_1 x_5 + -1*x_2 + -3*x_2 x_3 + -5*x_2 x_4 + 2*x_2 x_5 + 2*x_3 + 3*x_3 x_4 + -1*x_3 x_5 + -4*x_4 + -2*x_4 x_5 + -2*x_5,"['quadratic_knapsack', 'cardinality']",6,0,2,0,True,False,13,2,11,"{'X': 1, 'CNOT': 6, 'CRY': 4, 'RY': 1, 'SWAP': 1, 'CC_RY': 0, 'CSWAP': 0}","{'RY': 1, 'CRY': 2, 'SWAP': 1, 'CNOT': 4, 'CC_RY': 0, 'CSWAP': 0}",82,32,50,"{'CNOT': 44, 'RZ': 21, 'RY': 8, 'RX': 3, 'CRY': 4, 'SWAP': 2, 'CC_RY': 0, 'CSWAP': 0}","{'RY': 2, 'CRY': 4, 'SWAP': 2, 'CNOT': 8, 'CC_RY': 0, 'CSWAP': 0}",9,3,3,3,0,{'Hadamard': 3},249,249,240,"{'CNOT': 240, 'RZ': 240, 'RX': 9}"
193,"['1*x_3*x_3 + 5*x_3*x_4 + 4*x_3*x_5 + 2*x_4*x_4 + 2*x_4*x_5 + 2*x_5*x_5 <= 8', '5*x_0*x_0 + 3*x_0*x_1 + 5*x_0*x_2 + 4*x_1*x_1 + 5*x_1*x_2 + 3*x_2*x_2 <= 14']",quadratic_knapsack+quadratic_knapsack,6,2, 2*x_0 + -5*x_0 x_1 + 2*x_0 x_2 + -4*x_0 x_3 + -2*x_0 x_4 + 4*x_0 x_5 + -4*x_1 + -5*x_1 x_2 + -5*x_1 x_3 + -5*x_1 x_4 + -5*x_1 x_5 + 1*x_2 + 4*x_2 x_3 + -1*x_2 x_4 + -1*x_2 x_5 + -5*x_3 + -5*x_3 x_5 + -1*x_4 + 1*x_4 x_5 + -1*x_5,"['quadratic_knapsack', 'quadratic_knapsack']",6,0,2,0,True,False,24,2,20,"{'RY': 2, 'CRY': 6, 'SWAP': 2, 'CNOT': 12, 'CC_RY': 2, 'CSWAP': 0}","{'RY': 2, 'CRY': 6, 'SWAP': 2, 'CNOT': 12, 'CC_RY': 2, 'CSWAP': 0}",102,30,68,"{'CNOT': 52, 'RZ': 20, 'RX': 6, 'RY': 4, 'CRY': 12, 'SWAP': 4, 'CC_RY': 4, 'CSWAP': 0}","{'RY': 4, 'CRY': 12, 'SWAP': 4, 'CNOT': 24, 'CC_RY': 4, 'CSWAP': 0}",14,8,8,8,0,{'Hadamard': 8},524,524,520,"{'CNOT': 520, 'RZ': 510, 'RX': 14}"
194,"['10*x_5 + 1*x_6 + 9*x_7 <= 7', '5*x_2*x_2 + 1*x_2*x_3 + 2*x_2*x_4 + 5*x_3*x_3 + 1*x_3*x_4 + 3*x_4*x_4 <= 6', 'x_0*x_1 == 0']",independent_set+quadratic_knapsack+knapsack,8,3, 2*x_0 + -5*x_0 x_1 + 2*x_0 x_2 + 3*x_0 x_3 + -4*x_0 x_4 + -1*x_0 x_5 + -3*x_0 x_6 + -2*x_0 x_7 + 2*x_1 + -5*x_1 x_2 + 3*x_1 x_3 + -2*x_1 x_4 + 4*x_1 x_5 + -5*x_1 x_6 + 1*x_1 x_7 + -5*x_2 + 4*x_2 x_3 + 4*x_2 x_4 + -1*x_2 x_5 + -5*x_2 x_7 + -1*x_3 + 1*x_3 x_4 + 1*x_3 x_5 + 4*x_3 x_6 + 3*x_3 x_7 + -1*x_4 + -5*x_4 x_5 + -2*x_4 x_6 + -2*x_4 x_7 + -3*x_5 + -4*x_5 x_7 + 4*x_6 + 3*x_6 x_7 + -1*x_7,"['independent_set', 'quadratic_knapsack', 'knapsack']",8,0,3,0,True,False,24,11,13,"{'RY': 2, 'CRY': 3, 'SWAP': 2, 'CNOT': 8, 'CC_RY': 0, 'CSWAP': 0, 'Hadamard': 3, 'RZ': 3, 'RX': 3}","{'RY': 1, 'CRY': 2, 'SWAP': 1, 'CNOT': 6, 'CC_RY': 0, 'CSWAP': 0, 'Hadamard': 3, 'RZ': 3, 'RX': 3}",146,67,79,"{'CNOT': 68, 'RZ': 40, 'RY': 4, 'CRY': 6, 'SWAP': 4, 'X': 4, 'PhaseShift': 1, 'CRZ': 1, 'RX': 12, 'CC_RY': 0, 'CSWAP': 0, 'Hadamard': 6}","{'RY': 2, 'CRY': 4, 'SWAP': 2, 'CNOT': 12, 'CC_RY': 0, 'CSWAP': 0, 'Hadamard': 6, 'RZ': 6, 'RX': 6}",14,6,6,6,0,{'Hadamard': 6},312,312,288,"{'CNOT': 288, 'RZ': 298, 'RX': 14}"
195,"['3*x_2*x_2 + 1*x_2*x_3 + 3*x_2*x_4 + 1*x_3*x_3 + 4*x_3*x_4 + 3*x_4*x_4 <= 5', 'x_0 + x_1 >= 2']",cardinality+quadratic_knapsack,5,2, 3*x_0 + 1*x_0 x_2 + 3*x_0 x_4 + -5*x_1 + -3*x_1 x_2 + 3*x_2 + 3*x_2 x_3 + -5*x_2 x_4 + -4*x_3 + 2*x_3 x_4 + -3*x_4,"['cardinality', 'quadratic_knapsack']",5,0,2,0,True,False,85,45,40,"{'X': 2, 'Hadamard': 3, 'CNOT': 40, 'RZ': 28, 'RX': 12}","{'Hadamard': 3, 'CNOT': 40, 'RZ': 28, 'RX': 12}",192,100,92,"{'CNOT': 92, 'RZ': 67, 'RX': 27, 'Hadamard': 6}","{'Hadamard': 6, 'CNOT': 80, 'RZ': 56, 'RX': 24}",8,3,3,3,0,{'Hadamard': 3},230,230,218,"{'CNOT': 218, 'RZ': 222, 'RX': 8}"
196,"['4*x_0*x_0 + 4*x_0*x_1 + 1*x_0*x_2 + 5*x_0*x_3 + 5*x_1*x_1 + 5*x_1*x_2 + 5*x_1*x_3 + 1*x_2*x_2 + 4*x_2*x_3 + 1*x_3*x_3 <= 11', 'x_4 + x_5 + x_6 + x_7 == 4']",quadratic_knapsack+cardinality,8,2, 2*x_0 + 3*x_0 x_1 + -2*x_0 x_3 + -1*x_0 x_4 + 3*x_0 x_5 + 4*x_0 x_6 + -5*x_0 x_7 + 4*x_1 + 2*x_1 x_2 + -4*x_1 x_3 + -2*x_1 x_4 + -4*x_1 x_5 + -3*x_1 x_6 + -2*x_1 x_7 + -4*x_2 x_3 + 2*x_2 x_4 + 3*x_2 x_5 + 1*x_2 x_6 + -4*x_2 x_7 + 1*x_3 + -1*x_3 x_4 + 3*x_3 x_5 + -1*x_3 x_6 + -5*x_4 + -4*x_4 x_5 + -5*x_4 x_6 + -3*x_4 x_7 + 3*x_5 + 4*x_5 x_6 + -3*x_5 x_7 + -3*x_7,"['quadratic_knapsack', 'cardinality']",8,0,2,0,True,False,225,99,126,"{'X': 4, 'Hadamard': 4, 'CNOT': 126, 'RZ': 63, 'RX': 28}","{'Hadamard': 4, 'CNOT': 126, 'RZ': 63, 'RX': 28}",543,233,310,"{'CNOT': 310, 'RZ': 157, 'RY': 8, 'RX': 60, 'Hadamard': 8}","{'Hadamard': 8, 'CNOT': 252, 'RZ': 126, 'RX': 56}",12,4,4,4,0,{'Hadamard': 4},630,630,748,"{'CNOT': 748, 'RZ': 618, 'RX': 12}"
197,"['2*x_0 + 10*x_1 + 4*x_2 <= 6', '5*x_5*x_5 + 3*x_5*x_6 + 5*x_5*x_7 + 4*x_6*x_6 + 5*x_6*x_7 + 3*x_7*x_7 <= 14', 'x_3 + x_4 <= 2']",knapsack+cardinality+quadratic_knapsack,8,3, 3*x_0 + -3*x_0 x_1 + 1*x_0 x_2 + 4*x_0 x_3 + 4*x_0 x_4 + 4*x_0 x_5 + -5*x_0 x_6 + -1*x_0 x_7 + -2*x_1 + -2*x_1 x_2 + 3*x_1 x_3 + -3*x_1 x_4 + -5*x_1 x_5 + -1*x_1 x_6 + 1*x_1 x_7 + -5*x_2 + 1*x_2 x_4 + -4*x_2 x_5 + -5*x_2 x_6 + 1*x_2 x_7 + 2*x_3 + 3*x_3 x_4 + 2*x_3 x_5 + -4*x_3 x_6 + -3*x_3 x_7 + -4*x_4 + -2*x_4 x_5 + -2*x_4 x_6 + -4*x_4 x_7 + -1*x_5 + 1*x_5 x_6 + -5*x_6 + -5*x_6 x_7 + 3*x_7,"['knapsack', 'cardinality', 'quadratic_knapsack']",8,0,3,0,True,False,25,9,15,"{'RY': 2, 'CRY': 5, 'SWAP': 2, 'CNOT': 8, 'Hadamard': 3, 'RZ': 1, 'RX': 3, 'CC_RY': 1, 'CSWAP': 0}","{'Hadamard': 3, 'RZ': 1, 'RX': 3, 'RY': 1, 'CRY': 3, 'SWAP': 1, 'CNOT': 6, 'CC_RY': 1, 'CSWAP': 0}",148,63,83,"{'CNOT': 68, 'RZ': 36, 'RY': 4, 'CRY': 10, 'SWAP': 4, 'X': 4, 'PhaseShift': 1, 'CRZ': 1, 'RX': 12, 'Hadamard': 6, 'CC_RY': 2, 'CSWAP': 0}","{'Hadamard': 6, 'RZ': 2, 'RX': 6, 'RY': 2, 'CRY': 6, 'SWAP': 2, 'CNOT': 12, 'CC_RY': 2, 'CSWAP': 0}",17,9,9,9,0,{'Hadamard': 9},379,379,340,"{'CNOT': 340, 'RZ': 362, 'RX': 17}"
198,"['1*x_3*x_3 + 5*x_3*x_4 + 3*x_3*x_5 + 4*x_4*x_4 + 2*x_4*x_5 + 4*x_5*x_5 <= 7', 'x_0 + x_1 + x_2 == 0']",cardinality+quadratic_knapsack,6,2, -5*x_0 + -4*x_0 x_1 + -3*x_0 x_2 + -5*x_0 x_3 + 1*x_0 x_4 + -4*x_0 x_5 + -3*x_1 + -1*x_1 x_2 + 3*x_1 x_3 + -2*x_1 x_4 + 4*x_1 x_5 + -2*x_2 + -1*x_2 x_3 + -4*x_2 x_4 + 4*x_3 + -5*x_3 x_4 + 4*x_3 x_5 + -2*x_4 + -5*x_5,"['cardinality', 'quadratic_knapsack']",6,0,2,0,True,False,8,1,7,"{'RY': 1, 'CRY': 2, 'SWAP': 1, 'CNOT': 4, 'CC_RY': 0, 'CSWAP': 0}","{'RY': 1, 'CRY': 2, 'SWAP': 1, 'CNOT': 4, 'CC_RY': 0, 'CSWAP': 0}",76,30,46,"{'CNOT': 40, 'RZ': 19, 'RY': 8, 'RX': 3, 'CRY': 4, 'SWAP': 2, 'CC_RY': 0, 'CSWAP': 0}","{'RY': 2, 'CRY': 4, 'SWAP': 2, 'CNOT': 8, 'CC_RY': 0, 'CSWAP': 0}",9,3,3,3,0,{'Hadamard': 3},244,244,236,"{'CNOT': 236, 'RZ': 235, 'RX': 9}"
199,"['x_0 + x_1 + x_2 - x_3 - x_4 == 0', 'x_5 + x_6 <= 0']",flow+cardinality,7,2, 4*x_0 + 2*x_0 x_1 + -5*x_0 x_3 + 2*x_0 x_4 + -3*x_0 x_5 + 1*x_0 x_6 + -3*x_1 + -4*x_1 x_2 + -1*x_1 x_3 + 1*x_1 x_4 + 3*x_1 x_5 + 2*x_1 x_6 + 4*x_2 x_3 + -1*x_2 x_4 + -3*x_2 x_5 + 4*x_2 x_6 + 2*x_3 + -2*x_3 x_4 + 4*x_3 x_5 + -2*x_3 x_6 + 3*x_4 + -1*x_4 x_6 + 2*x_5 + -2*x_5 x_6 + -1*x_6,"['flow', 'cardinality']",7,0,2,0,False,False,18,1,16,"{'RY': 1, 'CRY': 4, 'CNOT': 10, 'SWAP': 2, 'C(RY, num_ctrl_wires=2,num_zero_ctrl=0)': 1}",{},88,39,49,"{'CNOT': 48, 'RZ': 24, 'RY': 10, 'X': 4, 'PhaseShift': 1, 'CRZ': 1}",{},7,0,0,0,0,{},71,71,60,"{'CNOT': 60, 'RZ': 64, 'RX': 7}"
200,"['x_0 + x_1 <= 1', 'x_2 + x_3 + x_4 <= 3', 'x_5 + x_6 >= 2']",cardinality+cardinality+cardinality,7,3, -3*x_0 + -4*x_0 x_1 + -4*x_0 x_2 + -1*x_0 x_4 + 4*x_0 x_5 + 2*x_0 x_6 + 4*x_1 + 4*x_1 x_2 + -1*x_1 x_3 + -1*x_1 x_4 + 1*x_1 x_5 + -1*x_1 x_6 + -3*x_2 + -4*x_2 x_3 + -2*x_2 x_4 + 1*x_2 x_6 + -1*x_3 + 4*x_3 x_4 + -1*x_3 x_5 + -3*x_3 x_6 + -1*x_4 + -3*x_4 x_5 + 2*x_5 + 3*x_5 x_6 + -1*x_6,"['cardinality', 'cardinality', 'cardinality']",7,0,3,0,False,False,20,4,15,"{'RY': 2, 'CRY': 5, 'SWAP': 2, 'CNOT': 8, 'C(RY, num_ctrl_wires=2,num_zero_ctrl=0)': 1, 'X': 2}",{},111,40,68,"{'CNOT': 52, 'RZ': 24, 'RY': 4, 'CRY': 10, 'SWAP': 4, 'X': 10, 'PhaseShift': 2, 'CRZ': 2, 'C(RY, num_ctrl_wires=2,num_zero_ctrl=0)': 2, 'C(RZ, num_ctrl_wires=2,num_zero_ctrl=0)': 1}",{},10,3,3,3,0,{'Hadamard': 3},96,96,64,"{'CNOT': 64, 'RZ': 86, 'RX': 10}"
201,"['10*x_0 + 8*x_1 + 2*x_2 + 1*x_3 + 4*x_4 <= 10', 'x_5 + x_6 + x_7 >= 2']",knapsack+cardinality,8,2, -5*x_0 + 4*x_0 x_1 + 3*x_0 x_3 + -3*x_0 x_4 + 4*x_0 x_5 + 3*x_0 x_6 + 2*x_0 x_7 + -1*x_1 + 2*x_1 x_2 + -5*x_1 x_3 + 1*x_1 x_4 + 2*x_1 x_5 + 2*x_1 x_6 + -4*x_1 x_7 + 4*x_2 + -1*x_2 x_3 + -3*x_2 x_4 + 3*x_2 x_5 + 2*x_2 x_6 + -3*x_3 x_4 + 1*x_3 x_5 + -4*x_3 x_6 + -2*x_3 x_7 + -3*x_4 + 1*x_4 x_6 + -3*x_4 x_7 + -3*x_5 + 2*x_5 x_6 + 1*x_5 x_7 + 3*x_6 + 4*x_6 x_7 + 4*x_7,"['knapsack', 'cardinality']",8,0,2,0,True,True,161,53,108,"{'Hadamard': 5, 'CNOT': 108, 'RZ': 38, 'RX': 10}","{'Hadamard': 5, 'CNOT': 108, 'RZ': 38, 'RX': 10}",412,146,266,"{'CNOT': 266, 'RZ': 108, 'RX': 28, 'Hadamard': 10}","{'Hadamard': 10, 'CNOT': 216, 'RZ': 76, 'RX': 20}",13,5,5,5,0,{'Hadamard': 5},197,197,134,"{'CNOT': 134, 'RZ': 184, 'RX': 13}"
202,"['5*x_0 + 1*x_1 + 10*x_2 + 4*x_3 <= 10', 'x_4 + x_5 + x_6 >= 0']",knapsack+cardinality,7,2, 3*x_0 + 4*x_0 x_1 + 1*x_0 x_2 + -5*x_0 x_3 + -5*x_0 x_4 + -4*x_1 + -4*x_1 x_2 + -3*x_1 x_3 + -4*x_1 x_4 + 1*x_1 x_6 + 3*x_2 + 3*x_2 x_3 + 1*x_2 x_4 + -1*x_2 x_5 + -4*x_3 + 2*x_3 x_4 + 1*x_3 x_5 + -5*x_3 x_6 + -5*x_4 + -3*x_4 x_5 + 4*x_4 x_6 + -4*x_5 + -3*x_5 x_6 + 4*x_6,"['knapsack', 'cardinality']",7,0,2,0,True,True,57,23,34,"{'Hadamard': 4, 'CNOT': 34, 'RZ': 15, 'RX': 4}","{'Hadamard': 4, 'CNOT': 34, 'RZ': 15, 'RX': 4}",179,77,102,"{'CNOT': 102, 'RZ': 54, 'RX': 15, 'Hadamard': 8}","{'Hadamard': 8, 'CNOT': 68, 'RZ': 30, 'RX': 8}",13,6,6,6,0,{'Hadamard': 6},172,172,110,"{'CNOT': 110, 'RZ': 159, 'RX': 13}"
203,"['3*x_0*x_0 + 1*x_0*x_1 + 3*x_0*x_2 + 4*x_0*x_3 + 5*x_1*x_1 + 4*x_1*x_2 + 2*x_1*x_3 + 2*x_2*x_2 + 4*x_2*x_3 + 4*x_3*x_3 <= 17', 'x_4 + x_5 + x_6 + x_7 == 2']",quadratic_knapsack+cardinality,8,2, -5*x_0 + 4*x_0 x_1 + 3*x_0 x_3 + -3*x_0 x_4 + 4*x_0 x_5 + 3*x_0 x_6 + 2*x_0 x_7 + -1*x_1 + 2*x_1 x_2 + -5*x_1 x_3 + 1*x_1 x_4 + 2*x_1 x_5 + 2*x_1 x_6 + -4*x_1 x_7 + 4*x_2 + -1*x_2 x_3 + -3*x_2 x_4 + 3*x_2 x_5 + 2*x_2 x_6 + -3*x_3 x_4 + 1*x_3 x_5 + -4*x_3 x_6 + -2*x_3 x_7 + -3*x_4 + 1*x_4 x_6 + -3*x_4 x_7 + -3*x_5 + 2*x_5 x_6 + 1*x_5 x_7 + 3*x_6 + 4*x_6 x_7 + 4*x_7,"['quadratic_knapsack', 'cardinality']",8,0,2,0,True,False,37,3,30,"{'X': 2, 'CNOT': 18, 'CRY': 8, 'C(RY, num_ctrl_wires=2,num_zero_ctrl=0)': 1, 'CSWAP': 1, 'SWAP': 4, 'RY': 1, 'CC_RY': 2}","{'RY': 1, 'CRY': 4, 'SWAP': 2, 'CNOT': 10, 'CC_RY': 2, 'CSWAP': 0}",140,46,90,"{'CNOT': 78, 'RZ': 32, 'RY': 10, 'RX': 4, 'CRY': 8, 'SWAP': 4, 'CC_RY': 4, 'CSWAP': 0}","{'RY': 2, 'CRY': 8, 'SWAP': 4, 'CNOT': 20, 'CC_RY': 4, 'CSWAP': 0}",13,5,5,5,0,{'Hadamard': 5},700,700,824,"{'CNOT': 824, 'RZ': 687, 'RX': 13}"
204,"['2*x_0 + 10*x_1 + 4*x_2 <= 6', 'x_3 + x_4 + x_5 + x_6 == 1']",knapsack+cardinality,7,2, -1*x_0 + 4*x_0 x_1 + 1*x_0 x_2 + -2*x_0 x_3 + 3*x_0 x_4 + -1*x_0 x_5 + 4*x_0 x_6 + 2*x_1 + 2*x_1 x_2 + -1*x_1 x_3 + -2*x_1 x_4 + -1*x_1 x_5 + 3*x_1 x_6 + -1*x_2 + -5*x_2 x_3 + -2*x_2 x_4 + 2*x_2 x_5 + -1*x_2 x_6 + 2*x_3 + -1*x_3 x_5 + -3*x_4 + 3*x_4 x_5 + -2*x_4 x_6 + -1*x_5 x_6 + -5*x_6,"['knapsack', 'cardinality']",7,0,2,0,True,False,14,8,6,"{'X': 1, 'CNOT': 3, 'CRY': 3, 'Hadamard': 3, 'RZ': 1, 'RX': 3}","{'Hadamard': 3, 'RZ': 1, 'RX': 3}",97,51,46,"{'CNOT': 46, 'RZ': 28, 'RY': 8, 'RX': 9, 'Hadamard': 6}","{'Hadamard': 6, 'RZ': 2, 'RX': 6}",10,3,3,3,0,{'Hadamard': 3},119,119,80,"{'CNOT': 80, 'RZ': 109, 'RX': 10}"
205,"['1*x_0*x_0 + 4*x_0*x_1 + 1*x_0*x_2 + 2*x_0*x_3 + 5*x_1*x_1 + 4*x_1*x_2 + 3*x_1*x_3 + 5*x_2*x_2 + 4*x_2*x_3 + 2*x_3*x_3 <= 18', '2*x_4*x_4 + 5*x_4*x_5 + 2*x_4*x_6 + 2*x_5*x_5 + 1*x_5*x_6 + 1*x_6*x_6 <= 7']",quadratic_knapsack+quadratic_knapsack,7,2, 3*x_0 x_2 + 3*x_0 x_3 + 3*x_0 x_4 + -1*x_0 x_5 + 4*x_0 x_6 + -2*x_1 + -2*x_1 x_3 + 2*x_1 x_4 + -5*x_1 x_5 + 3*x_1 x_6 + 1*x_2 + -3*x_2 x_3 + -5*x_2 x_4 + 2*x_2 x_5 + 1*x_2 x_6 + 4*x_3 + -1*x_3 x_5 + -2*x_3 x_6 + -4*x_4 + 3*x_4 x_5 + -1*x_4 x_6 + -4*x_5 + 2*x_5 x_6 + -1*x_6,"['quadratic_knapsack', 'quadratic_knapsack']",7,0,2,0,True,False,426,176,250,"{'Hadamard': 7, 'CNOT': 250, 'RZ': 123, 'RX': 46}","{'Hadamard': 7, 'CNOT': 250, 'RZ': 123, 'RX': 46}",919,383,536,"{'CNOT': 536, 'RZ': 270, 'RX': 99, 'Hadamard': 14}","{'Hadamard': 14, 'CNOT': 500, 'RZ': 246, 'RX': 92}",15,8,8,8,0,{'Hadamard': 8},872,872,1002,"{'CNOT': 1002, 'RZ': 857, 'RX': 15}"
206,"['1*x_3*x_3 + 2*x_3*x_4 + 1*x_3*x_5 + 1*x_4*x_4 + 5*x_4*x_5 + 1*x_5*x_5 <= 6', '3*x_0*x_0 + 1*x_0*x_1 + 3*x_0*x_2 + 1*x_1*x_1 + 4*x_1*x_2 + 3*x_2*x_2 <= 5']",quadratic_knapsack+quadratic_knapsack,6,2, -5*x_0 + -1*x_0 x_1 + 3*x_0 x_2 + -5*x_0 x_3 + 1*x_0 x_4 + -5*x_0 x_5 + -1*x_1 + 2*x_1 x_2 + 1*x_1 x_3 + -4*x_1 x_4 + 2*x_1 x_5 + 3*x_2 + -4*x_2 x_4 + 2*x_2 x_5 + 3*x_3 + 2*x_3 x_4 + -1*x_3 x_5 + 4*x_4 + 2*x_5,"['quadratic_knapsack', 'quadratic_knapsack']",6,0,2,0,True,False,126,76,50,"{'Hadamard': 6, 'CNOT': 50, 'RZ': 43, 'RX': 27}","{'Hadamard': 6, 'CNOT': 50, 'RZ': 43, 'RX': 27}",303,177,126,"{'CNOT': 126, 'RZ': 105, 'RX': 60, 'Hadamard': 12}","{'Hadamard': 12, 'CNOT': 100, 'RZ': 86, 'RX': 54}",12,6,6,6,0,{'Hadamard': 6},439,439,434,"{'CNOT': 434, 'RZ': 427, 'RX': 12}"
207,"['4*x_0*x_0 + 4*x_0*x_1 + 1*x_0*x_2 + 5*x_0*x_3 + 5*x_1*x_1 + 5*x_1*x_2 + 5*x_1*x_3 + 1*x_2*x_2 + 4*x_2*x_3 + 1*x_3*x_3 <= 11', 'x_4 + x_5 + x_6 >= 0']",quadratic_knapsack+cardinality,7,2, -3*x_0 + -4*x_0 x_1 + -4*x_0 x_2 + -1*x_0 x_4 + 4*x_0 x_5 + 2*x_0 x_6 + 4*x_1 + 4*x_1 x_2 + -1*x_1 x_3 + -1*x_1 x_4 + 1*x_1 x_5 + -1*x_1 x_6 + -3*x_2 + -4*x_2 x_3 + -2*x_2 x_4 + 1*x_2 x_6 + -1*x_3 + 4*x_3 x_4 + -1*x_3 x_5 + -3*x_3 x_6 + -1*x_4 + -3*x_4 x_5 + 2*x_5 + 3*x_5 x_6 + -1*x_6,"['quadratic_knapsack', 'cardinality']",7,0,2,0,True,True,221,95,126,"{'Hadamard': 4, 'CNOT': 126, 'RZ': 63, 'RX': 28}","{'Hadamard': 4, 'CNOT': 126, 'RZ': 63, 'RX': 28}",509,221,288,"{'CNOT': 288, 'RZ': 150, 'RX': 63, 'Hadamard': 8}","{'Hadamard': 8, 'CNOT': 252, 'RZ': 126, 'RX': 56}",13,6,6,6,0,{'Hadamard': 6},633,633,742,"{'CNOT': 742, 'RZ': 620, 'RX': 13}"
208,"['x_0 + x_1 >= 2', 'x_2 + x_3 + x_4 + x_5 + x_6 == 3']",cardinality+cardinality,7,2, -4*x_0 + 4*x_0 x_1 + -2*x_0 x_2 + -2*x_0 x_3 + 4*x_0 x_4 + -5*x_0 x_5 + -1*x_0 x_6 + -3*x_1 x_2 + 4*x_1 x_3 + 2*x_1 x_4 + 1*x_1 x_5 + -5*x_1 x_6 + -5*x_2 + -4*x_2 x_3 + 1*x_2 x_4 + -3*x_2 x_5 + 2*x_2 x_6 + -3*x_3 + 3*x_3 x_4 + 4*x_4 + -2*x_4 x_5 + 1*x_4 x_6 + -4*x_5 + -4*x_5 x_6 + -5*x_6,"['cardinality', 'cardinality']",7,0,2,0,False,False,33,5,22,"{'X': 5, 'CNOT': 14, 'CRY': 6, 'C(RY, num_ctrl_wires=2,num_zero_ctrl=0)': 3, 'CSWAP': 3, 'SWAP': 2}",{},84,36,48,"{'CNOT': 48, 'RZ': 26, 'RY': 10}",{},7,0,0,0,0,{},80,80,60,"{'CNOT': 60, 'RZ': 73, 'RX': 7}"
209,"['x_0 + x_1 + x_2 == 1', 'x_3 + x_4 + x_5 + x_6 + x_7 == 4']",assignment+cardinality,8,2, -3*x_0 + -3*x_0 x_1 + 2*x_0 x_2 + 2*x_0 x_3 + 3*x_0 x_4 + -5*x_0 x_5 + -5*x_0 x_6 + -5*x_0 x_7 + -4*x_1 + -2*x_1 x_2 + 1*x_1 x_3 + -4*x_1 x_4 + 2*x_1 x_6 + 1*x_1 x_7 + -4*x_2 x_3 + 4*x_2 x_4 + -2*x_2 x_5 + 3*x_2 x_6 + -3*x_2 x_7 + -1*x_3 + -3*x_3 x_4 + -2*x_3 x_5 + -2*x_3 x_6 + -3*x_3 x_7 + -2*x_4 + 1*x_4 x_5 + -5*x_4 x_6 + -1*x_4 x_7 + -4*x_5 + 3*x_5 x_6 + 2*x_5 x_7 + -2*x_6 x_7 + -3*x_7,"['assignment', 'cardinality']",8,0,2,0,False,False,43,5,32,"{'X': 5, 'CNOT': 21, 'CRY': 9, 'C(RY, num_ctrl_wires=2,num_zero_ctrl=0)': 3, 'CSWAP': 3, 'SWAP': 2}",{},121,51,70,"{'CNOT': 70, 'RZ': 35, 'RY': 16}",{},8,0,0,0,0,{},98,98,80,"{'CNOT': 80, 'RZ': 90, 'RX': 8}"
210,"['5*x_0*x_0 + 3*x_0*x_1 + 1*x_0*x_2 + 5*x_0*x_3 + 3*x_1*x_1 + 1*x_1*x_2 + 4*x_1*x_3 + 5*x_2*x_2 + 5*x_2*x_3 + 1*x_3*x_3 <= 20', 'x_4 + x_5 == 1']",quadratic_knapsack+assignment,6,2, -5*x_0 + -1*x_0 x_1 + 3*x_0 x_2 + -5*x_0 x_3 + 1*x_0 x_4 + -5*x_0 x_5 + -1*x_1 + 2*x_1 x_2 + 1*x_1 x_3 + -4*x_1 x_4 + 2*x_1 x_5 + 3*x_2 + -4*x_2 x_4 + 2*x_2 x_5 + 3*x_3 + 2*x_3 x_4 + -1*x_3 x_5 + 4*x_4 + 2*x_5,"['quadratic_knapsack', 'assignment']",6,0,2,0,True,False,378,138,240,"{'X': 1, 'CNOT': 239, 'CRY': 1, 'Hadamard': 4, 'RZ': 105, 'RX': 28}","{'Hadamard': 4, 'CNOT': 238, 'RZ': 105, 'RX': 28}",807,301,506,"{'CNOT': 506, 'RZ': 229, 'RY': 4, 'RX': 60, 'Hadamard': 8}","{'Hadamard': 8, 'CNOT': 476, 'RZ': 210, 'RX': 56}",11,5,5,5,0,{'Hadamard': 5},666,666,790,"{'CNOT': 790, 'RZ': 655, 'RX': 11}"
211,"['5*x_0*x_0 + 2*x_0*x_1 + 2*x_0*x_2 + 3*x_0*x_3 + 1*x_0*x_4 + 1*x_1*x_1 + 4*x_1*x_2 + 4*x_1*x_3 + 3*x_1*x_4 + 1*x_2*x_2 + 3*x_2*x_3 + 1*x_2*x_4 + 5*x_3*x_3 + 1*x_3*x_4 + 5*x_4*x_4 <= 23', 'x_5 + x_6 + x_7 <= 2']",quadratic_knapsack+cardinality,8,2, 1*x_0 + -5*x_0 x_1 + -1*x_0 x_2 + 4*x_0 x_3 + -2*x_0 x_4 + 2*x_0 x_5 + -1*x_0 x_6 + 1*x_1 x_2 + -5*x_1 x_3 + -1*x_1 x_4 + 2*x_1 x_5 + 3*x_1 x_6 + -4*x_1 x_7 + -4*x_2 + -5*x_2 x_3 + -5*x_2 x_4 + -3*x_2 x_5 + 3*x_2 x_7 + -5*x_3 + -2*x_3 x_4 + -1*x_3 x_5 + -2*x_3 x_6 + -4*x_3 x_7 + -2*x_4 + 3*x_4 x_5 + -4*x_4 x_6 + 4*x_4 x_7 + -5*x_5 + -3*x_5 x_7 + -5*x_6 + -1*x_6 x_7,"['quadratic_knapsack', 'cardinality']",8,0,2,0,True,False,44,2,36,"{'RY': 2, 'CRY': 9, 'SWAP': 3, 'CNOT': 24, 'C(RY, num_ctrl_wires=2,num_zero_ctrl=0)': 1, 'CC_RY': 5, 'CSWAP': 0}","{'RY': 1, 'CRY': 6, 'SWAP': 2, 'CNOT': 18, 'CC_RY': 5, 'CSWAP': 0}",185,49,123,"{'CNOT': 98, 'RZ': 33, 'RY': 4, 'CRY': 18, 'SWAP': 6, 'C(RY, num_ctrl_wires=2,num_zero_ctrl=0)': 2, 'X': 6, 'PhaseShift': 1, 'CRZ': 1, 'C(RZ, num_ctrl_wires=2,num_zero_ctrl=0)': 1, 'RX': 5, 'CC_RY': 10, 'CSWAP': 0}","{'RY': 2, 'CRY': 12, 'SWAP': 4, 'CNOT': 36, 'CC_RY': 10, 'CSWAP': 0}",15,7,7,7,0,{'Hadamard': 7},1368,1368,1850,"{'CNOT': 1850, 'RZ': 1353, 'RX': 15}"
212,"['1*x_4*x_4 + 5*x_4*x_5 + 4*x_4*x_6 + 2*x_5*x_5 + 2*x_5*x_6 + 2*x_6*x_6 <= 8', 'x_0 + x_1 + x_2 + x_3 == 0']",cardinality+quadratic_knapsack,7,2, 4*x_0 + 4*x_0 x_1 + 1*x_0 x_2 + 3*x_0 x_3 + 1*x_0 x_4 + -3*x_0 x_5 + -3*x_0 x_6 + -5*x_1 + -2*x_1 x_2 + -5*x_1 x_3 + -4*x_1 x_4 + -4*x_1 x_5 + 1*x_2 + 4*x_2 x_3 + 2*x_2 x_4 + -4*x_2 x_5 + -4*x_2 x_6 + -2*x_3 + 2*x_3 x_4 + -5*x_3 x_5 + -2*x_3 x_6 + 2*x_4 + 1*x_4 x_5 + 3*x_4 x_6 + 4*x_5 + -4*x_5 x_6 + -2*x_6,"['cardinality', 'quadratic_knapsack']",7,0,2,0,True,False,12,1,10,"{'RY': 1, 'CRY': 3, 'SWAP': 1, 'CNOT': 6, 'CC_RY': 1, 'CSWAP': 0}","{'RY': 1, 'CRY': 3, 'SWAP': 1, 'CNOT': 6, 'CC_RY': 1, 'CSWAP': 0}",110,40,68,"{'CNOT': 60, 'RZ': 27, 'RY': 10, 'RX': 3, 'CRY': 6, 'SWAP': 2, 'CC_RY': 2, 'CSWAP': 0}","{'RY': 2, 'CRY': 6, 'SWAP': 2, 'CNOT': 12, 'CC_RY': 2, 'CSWAP': 0}",11,4,4,4,0,{'Hadamard': 4},305,305,298,"{'CNOT': 298, 'RZ': 294, 'RX': 11}"
213,"['x_0 + x_1 + x_2 == 1', 'x_3 + x_4 <= 2']",cardinality+cardinality,5,2, -2*x_0 + -3*x_0 x_1 + -2*x_0 x_2 + -3*x_0 x_3 + -1*x_0 x_4 + -5*x_1 + 2*x_1 x_2 + -1*x_1 x_3 + -4*x_1 x_4 + -2*x_2 + -4*x_2 x_3 + -1*x_2 x_4 + -5*x_3 + -5*x_3 x_4,"['cardinality', 'cardinality']",5,0,2,0,False,False,11,2,9,"{'X': 1, 'CNOT': 4, 'CRY': 4, 'SWAP': 1, 'RY': 1}",{},65,28,37,"{'CNOT': 30, 'RZ': 15, 'RY': 8, 'CRY': 4, 'SWAP': 2, 'X': 4, 'PhaseShift': 1, 'CRZ': 1}",{},7,2,2,2,0,{'Hadamard': 2},63,63,38,"{'CNOT': 38, 'RZ': 56, 'RX': 7}"
214,"['5*x_3 + 4*x_4 + 1*x_5 <= 6', 'x_0 + x_1 + x_2 >= 3']",cardinality+knapsack,6,2, -5*x_0 + -4*x_0 x_1 + -3*x_0 x_2 + -5*x_0 x_3 + 1*x_0 x_4 + -4*x_0 x_5 + -3*x_1 + -1*x_1 x_2 + 3*x_1 x_3 + -2*x_1 x_4 + 4*x_1 x_5 + -2*x_2 + -1*x_2 x_3 + -4*x_2 x_4 + 4*x_3 + -5*x_3 x_4 + 4*x_3 x_5 + -2*x_4 + -5*x_5,"['cardinality', 'knapsack']",6,0,2,0,True,False,14,12,2,"{'X': 3, 'Hadamard': 3, 'CNOT': 2, 'RZ': 3, 'RX': 3}","{'Hadamard': 3, 'CNOT': 2, 'RZ': 3, 'RX': 3}",70,40,30,"{'CNOT': 30, 'RZ': 25, 'RX': 9, 'Hadamard': 6}","{'Hadamard': 6, 'CNOT': 4, 'RZ': 6, 'RX': 6}",9,3,3,3,0,{'Hadamard': 3},100,100,62,"{'CNOT': 62, 'RZ': 91, 'RX': 9}"
215,"['x_0 + x_1 + x_2 >= 1', 'x_3 + x_4 + x_5 == 3']",cardinality+cardinality,6,2, -2*x_0 x_1 + -2*x_0 x_2 + -4*x_0 x_3 + 2*x_0 x_4 + -4*x_0 x_5 + 1*x_1 + 3*x_1 x_2 + 1*x_1 x_3 + -1*x_1 x_4 + 3*x_1 x_5 + -4*x_2 + -1*x_2 x_3 + -3*x_2 x_5 + -4*x_3 + 4*x_3 x_4 + 4*x_3 x_5 + -2*x_4 + 2*x_4 x_5 + -2*x_5,"['cardinality', 'cardinality']",6,0,2,0,True,True,3,3,0,{'X': 3},{},63,29,34,"{'CNOT': 34, 'RZ': 20, 'RY': 6, 'RX': 3}",{},8,2,2,2,0,{'Hadamard': 2},83,83,54,"{'CNOT': 54, 'RZ': 75, 'RX': 8}"
216,"['2*x_0 + 6*x_1 + 1*x_2 <= 3', 'x_3 + x_4 == 2', 'x_5 + x_6 + x_7 == 2']",knapsack+cardinality+cardinality,8,3, 4*x_0 + 4*x_0 x_1 + -3*x_0 x_2 + -3*x_0 x_3 + -1*x_0 x_4 + 2*x_0 x_5 + 1*x_0 x_6 + -2*x_0 x_7 + -4*x_1 + -4*x_1 x_2 + 4*x_1 x_3 + 4*x_1 x_4 + -2*x_1 x_5 + 3*x_1 x_6 + -5*x_1 x_7 + -3*x_2 + 4*x_2 x_3 + -1*x_2 x_4 + 4*x_2 x_5 + -1*x_2 x_7 + -2*x_3 + 3*x_3 x_4 + 4*x_3 x_5 + 4*x_3 x_6 + -1*x_4 + 4*x_4 x_5 + -1*x_4 x_6 + 4*x_4 x_7 + -3*x_5 + 4*x_5 x_6 + 3*x_5 x_7 + -5*x_6 + 4*x_6 x_7 + 4*x_7,"['knapsack', 'cardinality', 'cardinality']",8,0,3,0,True,False,21,11,9,"{'X': 4, 'CNOT': 5, 'CRY': 3, 'CSWAP': 1, 'SWAP': 1, 'Hadamard': 3, 'RZ': 1, 'RX': 3}","{'Hadamard': 3, 'RZ': 1, 'RX': 3}",123,61,62,"{'CNOT': 62, 'RZ': 36, 'RY': 10, 'RX': 9, 'Hadamard': 6}","{'Hadamard': 6, 'RZ': 2, 'RX': 6}",10,2,2,2,0,{'Hadamard': 2},106,106,80,"{'CNOT': 80, 'RZ': 96, 'RX': 10}"
217,"['2*x_0 + 7*x_1 + 7*x_2 <= 7', 'x_3 + x_4 + x_5 >= 0']",knapsack+cardinality,6,2, -2*x_0 + -4*x_0 x_1 + 2*x_0 x_2 + 2*x_0 x_3 + 3*x_0 x_4 + -5*x_0 x_5 + -1*x_1 + 1*x_1 x_3 + -2*x_1 x_4 + -5*x_2 x_3 + 4*x_2 x_4 + 3*x_2 x_5 + 3*x_3 + -3*x_3 x_4 + 2*x_3 x_5 + -1*x_4 + 2*x_4 x_5 + 3*x_5,"['knapsack', 'cardinality']",6,0,2,0,True,True,8,1,7,"{'RY': 1, 'CRY': 2, 'SWAP': 1, 'CNOT': 4, 'CC_RY': 0, 'CSWAP': 0}","{'RY': 1, 'CRY': 2, 'SWAP': 1, 'CNOT': 4, 'CC_RY': 0, 'CSWAP': 0}",67,27,40,"{'CNOT': 34, 'RZ': 19, 'RX': 6, 'RY': 2, 'CRY': 4, 'SWAP': 2, 'CC_RY': 0, 'CSWAP': 0}","{'RY': 2, 'CRY': 4, 'SWAP': 2, 'CNOT': 8, 'CC_RY': 0, 'CSWAP': 0}",11,5,5,5,0,{'Hadamard': 5},122,122,76,"{'CNOT': 76, 'RZ': 111, 'RX': 11}"
218,"['x_0 + x_1 + x_2 + x_3 + x_4 >= 3', 'x_5 + x_6 >= 0']",cardinality+cardinality,7,2, 4*x_0 + 4*x_0 x_1 + 1*x_0 x_2 + 3*x_0 x_3 + 1*x_0 x_4 + -3*x_0 x_5 + -3*x_0 x_6 + -5*x_1 + -2*x_1 x_2 + -5*x_1 x_3 + -4*x_1 x_4 + -4*x_1 x_5 + 1*x_2 + 4*x_2 x_3 + 2*x_2 x_4 + -4*x_2 x_5 + -4*x_2 x_6 + -2*x_3 + 2*x_3 x_4 + -5*x_3 x_5 + -2*x_3 x_6 + 2*x_4 + 1*x_4 x_5 + 3*x_4 x_6 + 4*x_5 + -4*x_5 x_6 + -2*x_6,"['cardinality', 'cardinality']",7,0,2,0,True,True,0,0,0,{},{},74,34,40,"{'CNOT': 40, 'RZ': 27, 'RX': 7}",{},11,4,4,4,0,{'Hadamard': 4},137,137,94,"{'CNOT': 94, 'RZ': 126, 'RX': 11}"
219,"['x_0 + x_1 + x_2 <= 3', 'x_3 + x_4 + x_5 == 1']",cardinality+assignment,6,2, 2*x_0 + -5*x_0 x_1 + 2*x_0 x_2 + -4*x_0 x_3 + -2*x_0 x_4 + 4*x_0 x_5 + -4*x_1 + -5*x_1 x_2 + -5*x_1 x_3 + -5*x_1 x_4 + -5*x_1 x_5 + 1*x_2 + 4*x_2 x_3 + -1*x_2 x_4 + -1*x_2 x_5 + -5*x_3 + -5*x_3 x_5 + -1*x_4 + 1*x_4 x_5 + -1*x_5,"['cardinality', 'assignment']",6,0,2,0,False,False,18,2,15,"{'RY': 1, 'CRY': 6, 'SWAP': 1, 'CNOT': 8, 'C(RY, num_ctrl_wires=2,num_zero_ctrl=0)': 1, 'X': 1}",{},95,35,57,"{'CNOT': 46, 'RZ': 20, 'RY': 8, 'CRY': 8, 'SWAP': 2, 'C(RY, num_ctrl_wires=2,num_zero_ctrl=0)': 2, 'X': 6, 'PhaseShift': 1, 'CRZ': 1, 'C(RZ, num_ctrl_wires=2,num_zero_ctrl=0)': 1}",{},8,2,2,2,0,{'Hadamard': 2},83,83,54,"{'CNOT': 54, 'RZ': 75, 'RX': 8}"
220,"['9*x_0 + 9*x_1 + 4*x_2 + 1*x_3 <= 9', 'x_4 + x_5 <= 2', 'x_6 + x_7 <= 1']",knapsack+cardinality+cardinality,8,3, 2*x_0 + -5*x_0 x_1 + 2*x_0 x_2 + 3*x_0 x_3 + -4*x_0 x_4 + -1*x_0 x_5 + -3*x_0 x_6 + -2*x_0 x_7 + 2*x_1 + -5*x_1 x_2 + 3*x_1 x_3 + -2*x_1 x_4 + 4*x_1 x_5 + -5*x_1 x_6 + 1*x_1 x_7 + -5*x_2 + 4*x_2 x_3 + 4*x_2 x_4 + -1*x_2 x_5 + -5*x_2 x_7 + -1*x_3 + 1*x_3 x_4 + 1*x_3 x_5 + 4*x_3 x_6 + 3*x_3 x_7 + -1*x_4 + -5*x_4 x_5 + -2*x_4 x_6 + -2*x_4 x_7 + -3*x_5 + -4*x_5 x_7 + 4*x_6 + 3*x_6 x_7 + -1*x_7,"['knapsack', 'cardinality', 'cardinality']",8,0,3,0,True,False,77,32,45,"{'RY': 2, 'CRY': 3, 'SWAP': 2, 'CNOT': 40, 'Hadamard': 4, 'RZ': 18, 'RX': 8}","{'Hadamard': 4, 'CNOT': 36, 'RZ': 18, 'RX': 8}",256,112,144,"{'CNOT': 132, 'RZ': 70, 'RY': 4, 'CRY': 6, 'SWAP': 4, 'X': 8, 'PhaseShift': 2, 'CRZ': 2, 'RX': 20, 'Hadamard': 8}","{'Hadamard': 8, 'CNOT': 72, 'RZ': 36, 'RX': 16}",15,7,7,7,0,{'Hadamard': 7},190,190,126,"{'CNOT': 126, 'RZ': 175, 'RX': 15}"
221,"['1*x_0*x_0 + 5*x_0*x_1 + 1*x_0*x_2 + 3*x_1*x_1 + 3*x_1*x_2 + 5*x_2*x_2 <= 10', 'x_3 + x_4 + x_5 <= 1', 'x_6*x_7 == 0']",quadratic_knapsack+cardinality+independent_set,8,3, 4*x_0 + 4*x_0 x_1 + -3*x_0 x_2 + -3*x_0 x_3 + -1*x_0 x_4 + 2*x_0 x_5 + 1*x_0 x_6 + -2*x_0 x_7 + -4*x_1 + -4*x_1 x_2 + 4*x_1 x_3 + 4*x_1 x_4 + -2*x_1 x_5 + 3*x_1 x_6 + -5*x_1 x_7 + -3*x_2 + 4*x_2 x_3 + -1*x_2 x_4 + 4*x_2 x_5 + -1*x_2 x_7 + -2*x_3 + 3*x_3 x_4 + 4*x_3 x_5 + 4*x_3 x_6 + -1*x_4 + 4*x_4 x_5 + -1*x_4 x_6 + 4*x_4 x_7 + -3*x_5 + 4*x_5 x_6 + 3*x_5 x_7 + -5*x_6 + 4*x_6 x_7 + 4*x_7,"['quadratic_knapsack', 'cardinality', 'independent_set']",8,0,3,0,True,False,24,11,13,"{'RY': 2, 'CRY': 3, 'SWAP': 2, 'CNOT': 8, 'Hadamard': 3, 'RZ': 3, 'RX': 3}","{'Hadamard': 3, 'CNOT': 2, 'RZ': 3, 'RX': 3}",152,71,80,"{'CNOT': 68, 'RZ': 40, 'RY': 4, 'CRY': 6, 'SWAP': 4, 'X': 10, 'PhaseShift': 2, 'CRZ': 2, 'C(RZ, num_ctrl_wires=2,num_zero_ctrl=0)': 1, 'RX': 9, 'Hadamard': 6}","{'Hadamard': 6, 'CNOT': 4, 'RZ': 6, 'RX': 6}",13,5,5,5,0,{'Hadamard': 5},321,321,312,"{'CNOT': 312, 'RZ': 308, 'RX': 13}"
222,"['1*x_0 + 9*x_1 + 5*x_2 + 2*x_3 + 10*x_4 <= 10', '10*x_5 + 8*x_6 + 10*x_7 <= 9']",knapsack+knapsack,8,2, -1*x_0 + -4*x_0 x_1 + 1*x_0 x_2 + 3*x_0 x_3 + -1*x_0 x_4 + -1*x_0 x_5 + -1*x_0 x_6 + 1*x_0 x_7 + 4*x_1 + -3*x_1 x_2 + 3*x_1 x_3 + 4*x_1 x_4 + -5*x_1 x_5 + -2*x_1 x_6 + -1*x_1 x_7 + -3*x_2 x_3 + -5*x_2 x_4 + 2*x_2 x_5 + -4*x_2 x_6 + -3*x_2 x_7 + -2*x_3 + 4*x_3 x_4 + -1*x_3 x_6 + -5*x_3 x_7 + -5*x_4 + -4*x_4 x_5 + 4*x_4 x_6 + -1*x_4 x_7 + -1*x_5 + 2*x_5 x_6 + 3*x_5 x_7 + -4*x_6 + -5*x_6 x_7,"['knapsack', 'knapsack']",8,0,2,0,True,False,150,50,100,"{'Hadamard': 8, 'CNOT': 100, 'RZ': 34, 'RX': 8}","{'Hadamard': 8, 'CNOT': 100, 'RZ': 34, 'RX': 8}",396,142,254,"{'CNOT': 254, 'RZ': 102, 'RX': 24, 'Hadamard': 16}","{'Hadamard': 16, 'CNOT': 200, 'RZ': 68, 'RX': 16}",16,8,8,8,0,{'Hadamard': 8},253,253,168,"{'CNOT': 168, 'RZ': 237, 'RX': 16}"
223,"['3*x_0*x_0 + 1*x_0*x_1 + 3*x_0*x_2 + 5*x_1*x_1 + 2*x_1*x_2 + 2*x_2*x_2 <= 8', 'x_3 + x_4 >= 0']",quadratic_knapsack+cardinality,5,2, -2*x_0 + -3*x_0 x_1 + -2*x_0 x_2 + -3*x_0 x_3 + -1*x_0 x_4 + -5*x_1 + 2*x_1 x_2 + -1*x_1 x_3 + -4*x_1 x_4 + -2*x_2 + -4*x_2 x_3 + -1*x_2 x_4 + -5*x_3 + -5*x_3 x_4,"['quadratic_knapsack', 'cardinality']",5,0,2,0,True,True,23,13,10,"{'Hadamard': 3, 'CNOT': 10, 'RZ': 7, 'RX': 3}","{'Hadamard': 3, 'CNOT': 10, 'RZ': 7, 'RX': 3}",86,46,40,"{'CNOT': 40, 'RZ': 29, 'RX': 11, 'Hadamard': 6}","{'Hadamard': 6, 'CNOT': 20, 'RZ': 14, 'RX': 6}",11,6,6,6,0,{'Hadamard': 6},293,293,278,"{'CNOT': 278, 'RZ': 282, 'RX': 11}"
224,"['5*x_2 + 1*x_3 + 10*x_4 + 4*x_5 <= 10', 'x_0 + x_1 <= 1']",cardinality+knapsack,6,2, 2*x_0 + -5*x_0 x_1 + 2*x_0 x_2 + -4*x_0 x_3 + -2*x_0 x_4 + 4*x_0 x_5 + -4*x_1 + -5*x_1 x_2 + -5*x_1 x_3 + -5*x_1 x_4 + -5*x_1 x_5 + 1*x_2 + 4*x_2 x_3 + -1*x_2 x_4 + -1*x_2 x_5 + -5*x_3 + -5*x_3 x_5 + -1*x_4 + 1*x_4 x_5 + -1*x_5,"['cardinality', 'knapsack']",6,0,2,0,True,False,62,24,38,"{'RY': 1, 'CRY': 1, 'SWAP': 1, 'CNOT': 36, 'Hadamard': 4, 'RZ': 15, 'RX': 4}","{'Hadamard': 4, 'CNOT': 34, 'RZ': 15, 'RX': 4}",182,77,105,"{'CNOT': 100, 'RZ': 50, 'RY': 2, 'CRY': 2, 'SWAP': 2, 'X': 4, 'PhaseShift': 1, 'CRZ': 1, 'RX': 12, 'Hadamard': 8}","{'Hadamard': 8, 'CNOT': 68, 'RZ': 30, 'RX': 8}",11,5,5,5,0,{'Hadamard': 5},146,146,90,"{'CNOT': 90, 'RZ': 135, 'RX': 11}"
225,"['5*x_2 + 4*x_3 + 1*x_4 <= 6', 'x_0 + x_1 == 2']",cardinality+knapsack,5,2, 2*x_0 + -1*x_0 x_2 + -4*x_0 x_3 + 1*x_0 x_4 + -5*x_1 + -2*x_1 x_2 + -1*x_1 x_3 + 1*x_1 x_4 + 3*x_2 + -5*x_2 x_3 + -5*x_2 x_4 + -5*x_3 x_4 + 3*x_4,"['cardinality', 'knapsack']",5,0,2,0,True,False,13,11,2,"{'X': 2, 'Hadamard': 3, 'CNOT': 2, 'RZ': 3, 'RX': 3}","{'Hadamard': 3, 'CNOT': 2, 'RZ': 3, 'RX': 3}",64,38,26,"{'CNOT': 26, 'RZ': 19, 'RY': 4, 'RX': 9, 'Hadamard': 6}","{'Hadamard': 6, 'CNOT': 4, 'RZ': 6, 'RX': 6}",8,3,3,3,0,{'Hadamard': 3},85,85,50,"{'CNOT': 50, 'RZ': 77, 'RX': 8}"
226,"['1*x_0*x_0 + 2*x_0*x_1 + 1*x_0*x_2 + 1*x_1*x_1 + 5*x_1*x_2 + 1*x_2*x_2 <= 6', 'x_3 + x_4 + x_5 >= 0']",quadratic_knapsack+cardinality,6,2, 4*x_0 + 4*x_0 x_1 + -3*x_0 x_2 + -2*x_0 x_3 + -5*x_0 x_4 + 4*x_0 x_5 + -2*x_1 + -5*x_1 x_2 + -2*x_1 x_3 + 3*x_1 x_4 + -5*x_1 x_5 + -1*x_2 + -3*x_2 x_3 + -5*x_2 x_4 + 2*x_2 x_5 + 2*x_3 + 3*x_3 x_4 + -1*x_3 x_5 + -4*x_4 + -2*x_4 x_5 + -2*x_5,"['quadratic_knapsack', 'cardinality']",6,0,2,0,True,True,43,33,10,"{'Hadamard': 3, 'CNOT': 10, 'RZ': 15, 'RX': 15}","{'Hadamard': 3, 'CNOT': 10, 'RZ': 15, 'RX': 15}",143,93,50,"{'CNOT': 50, 'RZ': 51, 'RX': 36, 'Hadamard': 6}","{'Hadamard': 6, 'CNOT': 20, 'RZ': 30, 'RX': 30}",11,5,5,5,0,{'Hadamard': 5},271,271,254,"{'CNOT': 254, 'RZ': 260, 'RX': 11}"
227,"['2*x_0 + 5*x_1 + 2*x_2 <= 5', 'x_3 - x_4 - x_5 - x_6 == 0']",knapsack+flow,7,2, 3*x_0 + 4*x_0 x_1 + 1*x_0 x_2 + -5*x_0 x_3 + -5*x_0 x_4 + -4*x_1 + -4*x_1 x_2 + -3*x_1 x_3 + -4*x_1 x_4 + 1*x_1 x_6 + 3*x_2 + 3*x_2 x_3 + 1*x_2 x_4 + -1*x_2 x_5 + -4*x_3 + 2*x_3 x_4 + 1*x_3 x_5 + -5*x_3 x_6 + -5*x_4 + -3*x_4 x_5 + 4*x_4 x_6 + -4*x_5 + -3*x_5 x_6 + 4*x_6,"['knapsack', 'flow']",7,0,2,0,True,False,72,34,38,"{'RY': 1, 'CRY': 2, 'CNOT': 35, 'SWAP': 1, 'Hadamard': 3, 'RZ': 21, 'RX': 9}","{'Hadamard': 3, 'CNOT': 30, 'RZ': 21, 'RX': 9}",203,101,102,"{'CNOT': 102, 'RZ': 66, 'RY': 8, 'RX': 21, 'Hadamard': 6}","{'Hadamard': 6, 'CNOT': 60, 'RZ': 42, 'RX': 18}",10,3,3,3,0,{'Hadamard': 3},113,113,76,"{'CNOT': 76, 'RZ': 103, 'RX': 10}"
228,"['3*x_4 + 1*x_5 + 4*x_6 + 8*x_7 <= 7', 'x_0 + x_1 + x_2 + x_3 >= 4']",cardinality+knapsack,8,2, -1*x_0 + -4*x_0 x_1 + 1*x_0 x_2 + 3*x_0 x_3 + -1*x_0 x_4 + -1*x_0 x_5 + -1*x_0 x_6 + 1*x_0 x_7 + 4*x_1 + -3*x_1 x_2 + 3*x_1 x_3 + 4*x_1 x_4 + -5*x_1 x_5 + -2*x_1 x_6 + -1*x_1 x_7 + -3*x_2 x_3 + -5*x_2 x_4 + 2*x_2 x_5 + -4*x_2 x_6 + -3*x_2 x_7 + -2*x_3 + 4*x_3 x_4 + -1*x_3 x_6 + -5*x_3 x_7 + -5*x_4 + -4*x_4 x_5 + 4*x_4 x_6 + -1*x_4 x_7 + -1*x_5 + 2*x_5 x_6 + 3*x_5 x_7 + -4*x_6 + -5*x_6 x_7,"['cardinality', 'knapsack']",8,0,2,0,True,False,61,27,34,"{'X': 4, 'Hadamard': 4, 'CNOT': 34, 'RZ': 15, 'RX': 4}","{'Hadamard': 4, 'CNOT': 34, 'RZ': 15, 'RX': 4}",206,84,122,"{'CNOT': 122, 'RZ': 64, 'RX': 12, 'Hadamard': 8}","{'Hadamard': 8, 'CNOT': 68, 'RZ': 30, 'RX': 8}",11,3,3,3,0,{'Hadamard': 3},148,148,108,"{'CNOT': 108, 'RZ': 137, 'RX': 11}"
229,"['x_0 + x_1 + x_2 - x_3 == 0', 'x_4 + x_5 + x_6 == 1']",flow+assignment,7,2, 3*x_0 + -2*x_0 x_2 + -1*x_0 x_3 + -5*x_0 x_4 + 1*x_0 x_5 + 2*x_0 x_6 + -5*x_1 x_2 + -4*x_1 x_3 + -3*x_1 x_4 + -2*x_1 x_5 + 2*x_1 x_6 + 4*x_2 + 3*x_2 x_3 + -2*x_2 x_4 + -1*x_2 x_5 + 4*x_3 + 3*x_3 x_4 + 4*x_3 x_6 + -3*x_4 + -3*x_4 x_5 + 3*x_4 x_6 + 3*x_5 + 4*x_5 x_6 + -4*x_6,"['flow', 'assignment']",7,0,2,0,False,False,14,2,12,"{'RY': 1, 'CRY': 4, 'CNOT': 7, 'SWAP': 1, 'X': 1}",{},89,39,50,"{'CNOT': 50, 'RZ': 25, 'RY': 14}",{},7,0,0,0,0,{},69,69,54,"{'CNOT': 54, 'RZ': 62, 'RX': 7}"
230,"['x_0 + x_1 + x_2 + x_3 + x_4 == 1', 'x_5 + x_6 <= 2']",cardinality+cardinality,7,2, 3*x_0 + -2*x_0 x_2 + -1*x_0 x_3 + -5*x_0 x_4 + 1*x_0 x_5 + 2*x_0 x_6 + -5*x_1 x_2 + -4*x_1 x_3 + -3*x_1 x_4 + -2*x_1 x_5 + 2*x_1 x_6 + 4*x_2 + 3*x_2 x_3 + -2*x_2 x_4 + -1*x_2 x_5 + 4*x_3 + 3*x_3 x_4 + 4*x_3 x_6 + -3*x_4 + -3*x_4 x_5 + 3*x_4 x_6 + 3*x_5 + 4*x_5 x_6 + -4*x_6,"['cardinality', 'cardinality']",7,0,2,0,False,False,15,2,13,"{'X': 1, 'CNOT': 6, 'CRY': 6, 'SWAP': 1, 'RY': 1}",{},99,42,57,"{'CNOT': 50, 'RZ': 25, 'RY': 12, 'CRY': 4, 'SWAP': 2, 'X': 4, 'PhaseShift': 1, 'CRZ': 1}",{},9,2,2,2,0,{'Hadamard': 2},100,100,68,"{'CNOT': 68, 'RZ': 91, 'RX': 9}"
231,"['x_0 + x_1 + x_2 + x_3 >= 0', 'x_4 + x_5 >= 0']",cardinality+cardinality,6,2, 4*x_0 + 4*x_0 x_1 + -3*x_0 x_2 + -2*x_0 x_3 + -5*x_0 x_4 + 4*x_0 x_5 + -2*x_1 + -5*x_1 x_2 + -2*x_1 x_3 + 3*x_1 x_4 + -5*x_1 x_5 + -1*x_2 + -3*x_2 x_3 + -5*x_2 x_4 + 2*x_2 x_5 + 2*x_3 + 3*x_3 x_4 + -1*x_3 x_5 + -4*x_4 + -2*x_4 x_5 + -2*x_5,"['cardinality', 'cardinality']",6,0,2,0,True,True,0,0,0,{},{},57,27,30,"{'CNOT': 30, 'RZ': 21, 'RX': 6}",{},11,5,5,5,0,{'Hadamard': 5},124,124,84,"{'CNOT': 84, 'RZ': 113, 'RX': 11}"
232,"['x_0 + x_1 + x_2 == 3', 'x_3 + x_4 + x_5 + x_6 + x_7 >= 4']",cardinality+cardinality,8,2, 3*x_0 + -3*x_0 x_1 + 1*x_0 x_2 + 4*x_0 x_3 + 4*x_0 x_4 + 4*x_0 x_5 + -5*x_0 x_6 + -1*x_0 x_7 + -2*x_1 + -2*x_1 x_2 + 3*x_1 x_3 + -3*x_1 x_4 + -5*x_1 x_5 + -1*x_1 x_6 + 1*x_1 x_7 + -5*x_2 + 1*x_2 x_4 + -4*x_2 x_5 + -5*x_2 x_6 + 1*x_2 x_7 + 2*x_3 + 3*x_3 x_4 + 2*x_3 x_5 + -4*x_3 x_6 + -3*x_3 x_7 + -4*x_4 + -2*x_4 x_5 + -2*x_4 x_6 + -4*x_4 x_7 + -1*x_5 + 1*x_5 x_6 + -5*x_6 + -5*x_6 x_7 + 3*x_7,"['cardinality', 'cardinality']",8,0,2,0,True,True,3,3,0,{'X': 3},{},103,45,58,"{'CNOT': 58, 'RZ': 34, 'RY': 6, 'RX': 5}",{},9,1,1,1,0,{'Hadamard': 1},115,115,88,"{'CNOT': 88, 'RZ': 106, 'RX': 9}"
233,"['x_0 + x_1 == 0', 'x_2 + x_3 == 1']",cardinality+assignment,4,2, 4*x_0 x_1 + 1*x_0 x_2 + 1*x_0 x_3 + -1*x_1 + 1*x_1 x_2 + 4*x_1 x_3 + -2*x_2 + -1*x_2 x_3 + 4*x_3,"['cardinality', 'assignment']",4,0,2,0,False,False,3,1,2,"{'X': 1, 'CNOT': 1, 'CRY': 1}",{},38,18,20,"{'CNOT': 20, 'RZ': 10, 'RY': 8}",{},4,0,0,0,0,{},26,26,16,"{'CNOT': 16, 'RZ': 22, 'RX': 4}"
234,"['5*x_4*x_4 + 3*x_4*x_5 + 1*x_4*x_6 + 5*x_4*x_7 + 3*x_5*x_5 + 1*x_5*x_6 + 4*x_5*x_7 + 5*x_6*x_6 + 5*x_6*x_7 + 1*x_7*x_7 <= 20', 'x_0 - x_1 - x_2 - x_3 == 0']",flow+quadratic_knapsack,8,2, -3*x_0 + -3*x_0 x_1 + 2*x_0 x_2 + 2*x_0 x_3 + 3*x_0 x_4 + -5*x_0 x_5 + -5*x_0 x_6 + -5*x_0 x_7 + -4*x_1 + -2*x_1 x_2 + 1*x_1 x_3 + -4*x_1 x_4 + 2*x_1 x_6 + 1*x_1 x_7 + -4*x_2 x_3 + 4*x_2 x_4 + -2*x_2 x_5 + 3*x_2 x_6 + -3*x_2 x_7 + -1*x_3 + -3*x_3 x_4 + -2*x_3 x_5 + -2*x_3 x_6 + -3*x_3 x_7 + -2*x_4 + 1*x_4 x_5 + -5*x_4 x_6 + -1*x_4 x_7 + -4*x_5 + 3*x_5 x_6 + 2*x_5 x_7 + -2*x_6 x_7 + -3*x_7,"['flow', 'quadratic_knapsack']",8,0,2,0,True,False,384,138,246,"{'RY': 1, 'CRY': 2, 'CNOT': 243, 'SWAP': 1, 'Hadamard': 4, 'RZ': 105, 'RX': 28}","{'Hadamard': 4, 'CNOT': 238, 'RZ': 105, 'RX': 28}",859,321,538,"{'CNOT': 538, 'RZ': 245, 'RY': 8, 'RX': 60, 'Hadamard': 8}","{'Hadamard': 8, 'CNOT': 476, 'RZ': 210, 'RX': 56}",13,5,5,5,0,{'Hadamard': 5},699,699,828,"{'CNOT': 828, 'RZ': 686, 'RX': 13}"
235,"['3*x_4*x_4 + 1*x_4*x_5 + 3*x_4*x_6 + 4*x_4*x_7 + 5*x_5*x_5 + 4*x_5*x_6 + 2*x_5*x_7 + 2*x_6*x_6 + 4*x_6*x_7 + 4*x_7*x_7 <= 17', '7*x_0 + 7*x_1 + 10*x_2 + 2*x_3 <= 10']",knapsack+quadratic_knapsack,8,2, 2*x_0 + 3*x_0 x_1 + -2*x_0 x_3 + -1*x_0 x_4 + 3*x_0 x_5 + 4*x_0 x_6 + -5*x_0 x_7 + 4*x_1 + 2*x_1 x_2 + -4*x_1 x_3 + -2*x_1 x_4 + -4*x_1 x_5 + -3*x_1 x_6 + -2*x_1 x_7 + -4*x_2 x_3 + 2*x_2 x_4 + 3*x_2 x_5 + 1*x_2 x_6 + -4*x_2 x_7 + 1*x_3 + -1*x_3 x_4 + 3*x_3 x_5 + -1*x_3 x_6 + -5*x_4 + -4*x_4 x_5 + -5*x_4 x_6 + -3*x_4 x_7 + 3*x_5 + 4*x_5 x_6 + -3*x_5 x_7 + -3*x_7,"['knapsack', 'quadratic_knapsack']",8,0,2,0,True,False,288,100,186,"{'Hadamard': 4, 'CNOT': 180, 'RZ': 75, 'RX': 20, 'RY': 1, 'CRY': 4, 'SWAP': 2, 'CC_RY': 2, 'CSWAP': 0}","{'Hadamard': 4, 'CNOT': 180, 'RZ': 75, 'RX': 20, 'RY': 1, 'CRY': 4, 'SWAP': 2, 'CC_RY': 2, 'CSWAP': 0}",665,239,422,"{'CNOT': 410, 'RZ': 181, 'RX': 48, 'Hadamard': 8, 'RY': 2, 'CRY': 8, 'SWAP': 4, 'CC_RY': 4, 'CSWAP': 0}","{'Hadamard': 8, 'CNOT': 360, 'RZ': 150, 'RX': 40, 'RY': 2, 'CRY': 8, 'SWAP': 4, 'CC_RY': 4, 'CSWAP': 0}",17,9,9,9,0,{'Hadamard': 9},777,777,868,"{'CNOT': 868, 'RZ': 760, 'RX': 17}"
236,"['x_0 + x_1 - x_2 - x_3 - x_4 == 0', 'x_5 + x_6 - x_7 == 0']",flow+flow,8,2, 2*x_0 + 3*x_0 x_1 + -2*x_0 x_3 + -1*x_0 x_4 + 3*x_0 x_5 + 4*x_0 x_6 + -5*x_0 x_7 + 4*x_1 + 2*x_1 x_2 + -4*x_1 x_3 + -2*x_1 x_4 + -4*x_1 x_5 + -3*x_1 x_6 + -2*x_1 x_7 + -4*x_2 x_3 + 2*x_2 x_4 + 3*x_2 x_5 + 1*x_2 x_6 + -4*x_2 x_7 + 1*x_3 + -1*x_3 x_4 + 3*x_3 x_5 + -1*x_3 x_6 + -5*x_4 + -4*x_4 x_5 + -5*x_4 x_6 + -3*x_4 x_7 + 3*x_5 + 4*x_5 x_6 + -3*x_5 x_7 + -3*x_7,"['flow', 'flow']",8,0,2,0,False,False,24,2,21,"{'RY': 2, 'CRY': 5, 'CNOT': 13, 'SWAP': 3, 'C(RY, num_ctrl_wires=2,num_zero_ctrl=0)': 1}",{},113,47,66,"{'CNOT': 66, 'RZ': 31, 'RY': 16}",{},8,0,0,0,0,{},86,86,76,"{'CNOT': 76, 'RZ': 78, 'RX': 8}"
237,"['x_0 + x_1 + x_2 + x_3 + x_4 <= 0', 'x_5 + x_6 + x_7 >= 3']",cardinality+cardinality,8,2, -5*x_0 + 4*x_0 x_1 + 3*x_0 x_3 + -3*x_0 x_4 + 4*x_0 x_5 + 3*x_0 x_6 + 2*x_0 x_7 + -1*x_1 + 2*x_1 x_2 + -5*x_1 x_3 + 1*x_1 x_4 + 2*x_1 x_5 + 2*x_1 x_6 + -4*x_1 x_7 + 4*x_2 + -1*x_2 x_3 + -3*x_2 x_4 + 3*x_2 x_5 + 2*x_2 x_6 + -3*x_3 x_4 + 1*x_3 x_5 + -4*x_3 x_6 + -2*x_3 x_7 + -3*x_4 + 1*x_4 x_6 + -3*x_4 x_7 + -3*x_5 + 2*x_5 x_6 + 1*x_5 x_7 + 3*x_6 + 4*x_6 x_7 + 4*x_7,"['cardinality', 'cardinality']",8,0,2,0,False,False,3,3,0,{'X': 3},{},97,43,51,"{'CNOT': 50, 'RZ': 32, 'X': 10, 'PhaseShift': 1, 'CRZ': 1, 'C(RZ, num_ctrl_wires=2,num_zero_ctrl=0)': 1, 'C(RZ, num_ctrl_wires=3,num_zero_ctrl=0)': 1, 'C(RZ, num_ctrl_wires=4,num_zero_ctrl=0)': 1}",{},8,0,0,0,0,{},90,90,76,"{'CNOT': 76, 'RZ': 82, 'RX': 8}"
238,"['x_0 + x_1 + x_2 + x_3 == 2', 'x_4*x_5 == 0']",cardinality+independent_set,6,2, -5*x_0 + -1*x_0 x_1 + 3*x_0 x_2 + -5*x_0 x_3 + 1*x_0 x_4 + -5*x_0 x_5 + -1*x_1 + 2*x_1 x_2 + 1*x_1 x_3 + -4*x_1 x_4 + 2*x_1 x_5 + 3*x_2 + -4*x_2 x_4 + 2*x_2 x_5 + 3*x_3 + 2*x_3 x_4 + -1*x_3 x_5 + 4*x_4 + 2*x_5,"['cardinality', 'independent_set']",6,0,2,0,False,False,23,3,18,"{'X': 2, 'CNOT': 10, 'CRY': 5, 'C(RY, num_ctrl_wires=2,num_zero_ctrl=0)': 1, 'CSWAP': 1, 'SWAP': 3, 'RY': 1}",{},77,34,43,"{'CNOT': 38, 'RZ': 19, 'RY': 10, 'CRY': 2, 'SWAP': 2, 'X': 4, 'PhaseShift': 1, 'CRZ': 1}",{},6,0,0,0,0,{},54,54,40,"{'CNOT': 40, 'RZ': 48, 'RX': 6}"
239,"['2*x_0 + 10*x_1 + 4*x_2 <= 6', '4*x_3*x_3 + 5*x_3*x_4 + 2*x_3*x_5 + 5*x_3*x_6 + 4*x_4*x_4 + 3*x_4*x_5 + 5*x_4*x_6 + 3*x_5*x_5 + 2*x_5*x_6 + 3*x_6*x_6 <= 22']",knapsack+quadratic_knapsack,7,2, 3*x_0 + -2*x_0 x_2 + -1*x_0 x_3 + -5*x_0 x_4 + 1*x_0 x_5 + 2*x_0 x_6 + -5*x_1 x_2 + -4*x_1 x_3 + -3*x_1 x_4 + -2*x_1 x_5 + 2*x_1 x_6 + 4*x_2 + 3*x_2 x_3 + -2*x_2 x_4 + -1*x_2 x_5 + 4*x_3 + 3*x_3 x_4 + 4*x_3 x_6 + -3*x_4 + -3*x_4 x_5 + 3*x_4 x_6 + 3*x_5 + 4*x_5 x_6 + -4*x_6,"['knapsack', 'quadratic_knapsack']",7,0,2,0,True,False,32,22,10,"{'Hadamard': 7, 'RZ': 8, 'RX': 7, 'CNOT': 10}","{'Hadamard': 7, 'RZ': 8, 'RX': 7, 'CNOT': 10}",132,76,56,"{'CNOT': 56, 'RZ': 41, 'RX': 21, 'Hadamard': 14}","{'Hadamard': 14, 'RZ': 16, 'RX': 14, 'CNOT': 20}",15,8,8,8,0,{'Hadamard': 8},726,726,828,"{'CNOT': 828, 'RZ': 711, 'RX': 15}"
240,"['3*x_0 + 8*x_1 + 3*x_2 <= 5', 'x_3 + x_4 + x_5 + x_6 + x_7 == 3']",knapsack+cardinality,8,2, 2*x_0 + -5*x_0 x_1 + 2*x_0 x_2 + 3*x_0 x_3 + -4*x_0 x_4 + -1*x_0 x_5 + -3*x_0 x_6 + -2*x_0 x_7 + 2*x_1 + -5*x_1 x_2 + 3*x_1 x_3 + -2*x_1 x_4 + 4*x_1 x_5 + -5*x_1 x_6 + 1*x_1 x_7 + -5*x_2 + 4*x_2 x_3 + 4*x_2 x_4 + -1*x_2 x_5 + -5*x_2 x_7 + -1*x_3 + 1*x_3 x_4 + 1*x_3 x_5 + 4*x_3 x_6 + 3*x_3 x_7 + -1*x_4 + -5*x_4 x_5 + -2*x_4 x_6 + -2*x_4 x_7 + -3*x_5 + -4*x_5 x_7 + 4*x_6 + 3*x_6 x_7 + -1*x_7,"['knapsack', 'cardinality']",8,0,2,0,True,False,134,56,72,"{'X': 3, 'CNOT': 64, 'CRY': 6, 'C(RY, num_ctrl_wires=2,num_zero_ctrl=0)': 3, 'CSWAP': 3, 'SWAP': 2, 'Hadamard': 3, 'RZ': 35, 'RX': 15}","{'Hadamard': 3, 'CNOT': 50, 'RZ': 35, 'RX': 15}",315,153,162,"{'CNOT': 162, 'RZ': 104, 'RY': 10, 'RX': 33, 'Hadamard': 6}","{'Hadamard': 6, 'CNOT': 100, 'RZ': 70, 'RX': 30}",11,3,3,3,0,{'Hadamard': 3},142,142,102,"{'CNOT': 102, 'RZ': 131, 'RX': 11}"
241,"['1*x_0*x_0 + 1*x_0*x_1 + 3*x_0*x_2 + 2*x_0*x_3 + 1*x_1*x_1 + 2*x_1*x_2 + 3*x_1*x_3 + 2*x_2*x_2 + 3*x_2*x_3 + 3*x_3*x_3 <= 7', 'x_4 + x_5 + x_6 + x_7 >= 0']",quadratic_knapsack+cardinality,8,2, 1*x_0 + -3*x_0 x_1 + -5*x_0 x_2 + -2*x_0 x_3 + -2*x_0 x_4 + -4*x_0 x_5 + -5*x_0 x_6 + -2*x_0 x_7 + -2*x_1 + 2*x_1 x_4 + 4*x_1 x_5 + -2*x_1 x_6 + -4*x_1 x_7 + -1*x_2 + -5*x_2 x_4 + 4*x_2 x_5 + 2*x_2 x_6 + 2*x_2 x_7 + -5*x_3 + -5*x_3 x_4 + 2*x_3 x_5 + 1*x_3 x_6 + -3*x_3 x_7 + -2*x_4 + -1*x_4 x_5 + 1*x_4 x_6 + 4*x_4 x_7 + 3*x_5 + -2*x_5 x_6 + -2*x_5 x_7 + -5*x_6 + 1*x_6 x_7 + -3*x_7,"['quadratic_knapsack', 'cardinality']",8,0,2,0,True,True,128,56,72,"{'Hadamard': 4, 'CNOT': 72, 'RZ': 36, 'RX': 16}","{'Hadamard': 4, 'CNOT': 72, 'RZ': 36, 'RX': 16}",347,153,194,"{'CNOT': 194, 'RZ': 105, 'RX': 40, 'Hadamard': 8}","{'Hadamard': 8, 'CNOT': 144, 'RZ': 72, 'RX': 32}",14,6,6,6,0,{'Hadamard': 6},613,613,704,"{'CNOT': 704, 'RZ': 599, 'RX': 14}"
242,"['2*x_4 + 10*x_5 + 4*x_6 <= 6', '8*x_0 + 5*x_1 + 7*x_2 + 4*x_3 <= 11']",knapsack+knapsack,7,2, 3*x_0 + 4*x_0 x_1 + 1*x_0 x_2 + -5*x_0 x_3 + -5*x_0 x_4 + -4*x_1 + -4*x_1 x_2 + -3*x_1 x_3 + -4*x_1 x_4 + 1*x_1 x_6 + 3*x_2 + 3*x_2 x_3 + 1*x_2 x_4 + -1*x_2 x_5 + -4*x_3 + 2*x_3 x_4 + 1*x_3 x_5 + -5*x_3 x_6 + -5*x_4 + -3*x_4 x_5 + 4*x_4 x_6 + -4*x_5 + -3*x_5 x_6 + 4*x_6,"['knapsack', 'knapsack']",7,0,2,0,True,False,64,30,34,"{'Hadamard': 7, 'CNOT': 34, 'RZ': 16, 'RX': 7}","{'Hadamard': 7, 'CNOT': 34, 'RZ': 16, 'RX': 7}",193,91,102,"{'CNOT': 102, 'RZ': 56, 'RX': 21, 'Hadamard': 14}","{'Hadamard': 14, 'CNOT': 68, 'RZ': 32, 'RX': 14}",14,7,7,7,0,{'Hadamard': 7},195,195,120,"{'CNOT': 120, 'RZ': 181, 'RX': 14}"
243,"['5*x_2*x_2 + 2*x_2*x_3 + 2*x_2*x_4 + 3*x_2*x_5 + 1*x_2*x_6 + 1*x_3*x_3 + 4*x_3*x_4 + 4*x_3*x_5 + 3*x_3*x_6 + 1*x_4*x_4 + 3*x_4*x_5 + 1*x_4*x_6 + 5*x_5*x_5 + 1*x_5*x_6 + 5*x_6*x_6 <= 23', 'x_0 + x_1 >= 1']",cardinality+quadratic_knapsack,7,2, 3*x_0 + 4*x_0 x_1 + 1*x_0 x_2 + -5*x_0 x_3 + -5*x_0 x_4 + -4*x_1 + -4*x_1 x_2 + -3*x_1 x_3 + -4*x_1 x_4 + 1*x_1 x_6 + 3*x_2 + 3*x_2 x_3 + 1*x_2 x_4 + -1*x_2 x_5 + -4*x_3 + 2*x_3 x_4 + 1*x_3 x_5 + -5*x_3 x_6 + -5*x_4 + -3*x_4 x_5 + 4*x_4 x_6 + -4*x_5 + -3*x_5 x_6 + 4*x_6,"['cardinality', 'quadratic_knapsack']",7,0,2,0,True,True,32,1,26,"{'RY': 1, 'CRY': 6, 'SWAP': 2, 'CNOT': 18, 'CC_RY': 5, 'CSWAP': 0}","{'RY': 1, 'CRY': 6, 'SWAP': 2, 'CNOT': 18, 'CC_RY': 5, 'CSWAP': 0}",129,33,86,"{'CNOT': 70, 'RZ': 24, 'RX': 7, 'RY': 2, 'CRY': 12, 'SWAP': 4, 'CC_RY': 10, 'CSWAP': 0}","{'RY': 2, 'CRY': 12, 'SWAP': 4, 'CNOT': 36, 'CC_RY': 10, 'CSWAP': 0}",13,6,6,6,0,{'Hadamard': 6},1332,1332,1820,"{'CNOT': 1820, 'RZ': 1319, 'RX': 13}"
244,"['5*x_0 + 1*x_1 + 10*x_2 + 4*x_3 <= 10', '7*x_4 + 7*x_5 + 10*x_6 + 2*x_7 <= 10']",knapsack+knapsack,8,2, 2*x_0 + -5*x_0 x_1 + 2*x_0 x_2 + 3*x_0 x_3 + -4*x_0 x_4 + -1*x_0 x_5 + -3*x_0 x_6 + -2*x_0 x_7 + 2*x_1 + -5*x_1 x_2 + 3*x_1 x_3 + -2*x_1 x_4 + 4*x_1 x_5 + -5*x_1 x_6 + 1*x_1 x_7 + -5*x_2 + 4*x_2 x_3 + 4*x_2 x_4 + -1*x_2 x_5 + -5*x_2 x_7 + -1*x_3 + 1*x_3 x_4 + 1*x_3 x_5 + 4*x_3 x_6 + 3*x_3 x_7 + -1*x_4 + -5*x_4 x_5 + -2*x_4 x_6 + -2*x_4 x_7 + -3*x_5 + -4*x_5 x_7 + 4*x_6 + 3*x_6 x_7 + -1*x_7,"['knapsack', 'knapsack']",8,0,2,0,True,False,326,122,204,"{'Hadamard': 8, 'CNOT': 204, 'RZ': 90, 'RX': 24}","{'Hadamard': 8, 'CNOT': 204, 'RZ': 90, 'RX': 24}",746,286,460,"{'CNOT': 460, 'RZ': 214, 'RX': 56, 'Hadamard': 16}","{'Hadamard': 16, 'CNOT': 408, 'RZ': 180, 'RX': 48}",16,8,8,8,0,{'Hadamard': 8},250,250,164,"{'CNOT': 164, 'RZ': 234, 'RX': 16}"
245,"['1*x_0*x_0 + 4*x_0*x_1 + 1*x_0*x_2 + 5*x_0*x_3 + 2*x_1*x_1 + 3*x_1*x_2 + 3*x_1*x_3 + 5*x_2*x_2 + 4*x_2*x_3 + 5*x_3*x_3 <= 22', 'x_4 + x_5 + x_6 + x_7 <= 1']",quadratic_knapsack+cardinality,8,2, 1*x_0 + -3*x_0 x_1 + -5*x_0 x_2 + -2*x_0 x_3 + -2*x_0 x_4 + -4*x_0 x_5 + -5*x_0 x_6 + -2*x_0 x_7 + -2*x_1 + 2*x_1 x_4 + 4*x_1 x_5 + -2*x_1 x_6 + -4*x_1 x_7 + -1*x_2 + -5*x_2 x_4 + 4*x_2 x_5 + 2*x_2 x_6 + 2*x_2 x_7 + -5*x_3 + -5*x_3 x_4 + 2*x_3 x_5 + 1*x_3 x_6 + -3*x_3 x_7 + -2*x_4 + -1*x_4 x_5 + 1*x_4 x_6 + 4*x_4 x_7 + 3*x_5 + -2*x_5 x_6 + -2*x_5 x_7 + -5*x_6 + 1*x_6 x_7 + -3*x_7,"['quadratic_knapsack', 'cardinality']",8,0,2,0,True,False,35,2,30,"{'RY': 2, 'CRY': 8, 'SWAP': 4, 'CNOT': 18, 'CC_RY': 3, 'CSWAP': 0}","{'RY': 1, 'CRY': 5, 'SWAP': 2, 'CNOT': 12, 'CC_RY': 3, 'CSWAP': 0}",169,50,111,"{'CNOT': 86, 'RZ': 33, 'RY': 4, 'CRY': 16, 'SWAP': 8, 'X': 8, 'PhaseShift': 1, 'CRZ': 1, 'C(RZ, num_ctrl_wires=2,num_zero_ctrl=0)': 1, 'C(RZ, num_ctrl_wires=3,num_zero_ctrl=0)': 1, 'RX': 4, 'CC_RY': 6, 'CSWAP': 0}","{'RY': 2, 'CRY': 10, 'SWAP': 4, 'CNOT': 24, 'CC_RY': 6, 'CSWAP': 0}",14,6,6,6,0,{'Hadamard': 6},716,716,832,"{'CNOT': 832, 'RZ': 702, 'RX': 14}"
246,"['6*x_2 + 2*x_3 + 2*x_4 <= 3', 'x_0 + x_1 <= 2']",cardinality+knapsack,5,2, 2*x_0 + -1*x_0 x_2 + -4*x_0 x_3 + 1*x_0 x_4 + -5*x_1 + -2*x_1 x_2 + -1*x_1 x_3 + 1*x_1 x_4 + 3*x_2 + -5*x_2 x_3 + -5*x_2 x_4 + -5*x_3 x_4 + 3*x_4,"['cardinality', 'knapsack']",5,0,2,0,True,False,29,14,15,"{'RY': 1, 'CRY': 2, 'SWAP': 1, 'CNOT': 12, 'Hadamard': 3, 'RZ': 7, 'RX': 3}","{'Hadamard': 3, 'CNOT': 10, 'RZ': 7, 'RX': 3}",98,49,49,"{'CNOT': 42, 'RZ': 27, 'RY': 2, 'CRY': 4, 'SWAP': 2, 'X': 4, 'PhaseShift': 1, 'CRZ': 1, 'RX': 9, 'Hadamard': 6}","{'Hadamard': 6, 'CNOT': 20, 'RZ': 14, 'RX': 6}",9,4,4,4,0,{'Hadamard': 4},88,88,50,"{'CNOT': 50, 'RZ': 79, 'RX': 9}"
247,"['1*x_0 + 3*x_1 + 9*x_2 + 8*x_3 <= 10', 'x_4 + x_5 >= 1']",knapsack+cardinality,6,2, 2*x_0 + -5*x_0 x_1 + 2*x_0 x_2 + -4*x_0 x_3 + -2*x_0 x_4 + 4*x_0 x_5 + -4*x_1 + -5*x_1 x_2 + -5*x_1 x_3 + -5*x_1 x_4 + -5*x_1 x_5 + 1*x_2 + 4*x_2 x_3 + -1*x_2 x_4 + -1*x_2 x_5 + -5*x_3 + -5*x_3 x_5 + -1*x_4 + 1*x_4 x_5 + -1*x_5,"['knapsack', 'cardinality']",6,0,2,0,True,True,100,68,32,"{'Hadamard': 4, 'CNOT': 32, 'RZ': 32, 'RX': 32}","{'Hadamard': 4, 'CNOT': 32, 'RZ': 32, 'RX': 32}",254,162,92,"{'CNOT': 92, 'RZ': 84, 'RX': 70, 'Hadamard': 8}","{'Hadamard': 8, 'CNOT': 64, 'RZ': 64, 'RX': 64}",11,5,5,5,0,{'Hadamard': 5},146,146,90,"{'CNOT': 90, 'RZ': 135, 'RX': 11}"
248,"['5*x_0*x_0 + 2*x_0*x_1 + 2*x_0*x_2 + 3*x_0*x_3 + 1*x_0*x_4 + 1*x_1*x_1 + 4*x_1*x_2 + 4*x_1*x_3 + 3*x_1*x_4 + 1*x_2*x_2 + 3*x_2*x_3 + 1*x_2*x_4 + 5*x_3*x_3 + 1*x_3*x_4 + 5*x_4*x_4 <= 23', 'x_5 + x_6 == 0']",quadratic_knapsack+cardinality,7,2, -5*x_0 + 1*x_0 x_1 + 4*x_0 x_2 + -2*x_0 x_3 + -2*x_0 x_4 + 4*x_0 x_6 + -3*x_1 + -4*x_1 x_2 + -2*x_1 x_3 + 3*x_1 x_4 + 4*x_1 x_5 + 4*x_1 x_6 + 1*x_2 + -5*x_2 x_3 + -5*x_2 x_4 + -3*x_2 x_5 + 3*x_2 x_6 + -3*x_3 + 1*x_3 x_4 + -5*x_3 x_6 + -4*x_4 + 1*x_4 x_5 + -3*x_4 x_6 + 3*x_5 + -1*x_5 x_6 + 1*x_6,"['quadratic_knapsack', 'cardinality']",7,0,2,0,True,False,32,1,26,"{'RY': 1, 'CRY': 6, 'SWAP': 2, 'CNOT': 18, 'CC_RY': 5, 'CSWAP': 0}","{'RY': 1, 'CRY': 6, 'SWAP': 2, 'CNOT': 18, 'CC_RY': 5, 'CSWAP': 0}",140,36,94,"{'CNOT': 78, 'RZ': 25, 'RY': 6, 'RX': 5, 'CRY': 12, 'SWAP': 4, 'CC_RY': 10, 'CSWAP': 0}","{'RY': 2, 'CRY': 12, 'SWAP': 4, 'CNOT': 36, 'CC_RY': 10, 'CSWAP': 0}",12,5,5,5,0,{'Hadamard': 5},1322,1322,1820,"{'CNOT': 1820, 'RZ': 1310, 'RX': 12}"
249,"['2*x_4 + 5*x_5 + 2*x_6 <= 5', 'x_0 + x_1 + x_2 + x_3 >= 0']",cardinality+knapsack,7,2, 3*x_0 x_2 + 3*x_0 x_3 + 3*x_0 x_4 + -1*x_0 x_5 + 4*x_0 x_6 + -2*x_1 + -2*x_1 x_3 + 2*x_1 x_4 + -5*x_1 x_5 + 3*x_1 x_6 + 1*x_2 + -3*x_2 x_3 + -5*x_2 x_4 + 2*x_2 x_5 + 1*x_2 x_6 + 4*x_3 + -1*x_3 x_5 + -2*x_3 x_6 + -4*x_4 + 3*x_4 x_5 + -1*x_4 x_6 + -4*x_5 + 2*x_5 x_6 + -1*x_6,"['cardinality', 'knapsack']",7,0,2,0,True,True,63,33,30,"{'Hadamard': 3, 'CNOT': 30, 'RZ': 21, 'RX': 9}","{'Hadamard': 3, 'CNOT': 30, 'RZ': 21, 'RX': 9}",193,97,96,"{'CNOT': 96, 'RZ': 66, 'RX': 25, 'Hadamard': 6}","{'Hadamard': 6, 'CNOT': 60, 'RZ': 42, 'RX': 18}",13,6,6,6,0,{'Hadamard': 6},164,164,108,"{'CNOT': 108, 'RZ': 151, 'RX': 13}"
250,"['x_0 + x_1 + x_2 + x_3 >= 4', 'x_4 + x_5 + x_6 + x_7 == 3']",cardinality+cardinality,8,2, -3*x_0 + -3*x_0 x_1 + 2*x_0 x_2 + 2*x_0 x_3 + 3*x_0 x_4 + -5*x_0 x_5 + -5*x_0 x_6 + -5*x_0 x_7 + -4*x_1 + -2*x_1 x_2 + 1*x_1 x_3 + -4*x_1 x_4 + 2*x_1 x_6 + 1*x_1 x_7 + -4*x_2 x_3 + 4*x_2 x_4 + -2*x_2 x_5 + 3*x_2 x_6 + -3*x_2 x_7 + -1*x_3 + -3*x_3 x_4 + -2*x_3 x_5 + -2*x_3 x_6 + -3*x_3 x_7 + -2*x_4 + 1*x_4 x_5 + -5*x_4 x_6 + -1*x_4 x_7 + -4*x_5 + 3*x_5 x_6 + 2*x_5 x_7 + -2*x_6 x_7 + -3*x_7,"['cardinality', 'cardinality']",8,0,2,0,False,False,27,7,17,"{'X': 7, 'CNOT': 11, 'CRY': 5, 'C(RY, num_ctrl_wires=2,num_zero_ctrl=0)': 1, 'CSWAP': 2, 'SWAP': 1}",{},105,43,62,"{'CNOT': 62, 'RZ': 35, 'RY': 8}",{},8,0,0,0,0,{},95,95,78,"{'CNOT': 78, 'RZ': 87, 'RX': 8}"
