constraints_hash,constraint_type,n_x,n_c,qubo_string,has_feasible_solution,n_layers_h,total_time_hr_h,AR_h,AR_feas_h,p_feasible_h,p_optimal_h,converged_h,finished_h,n_layers_p,total_time_hr_p,AR_p,AR_feas_p,p_feasible_p,p_optimal_p,converged_p,finished_p,max_total_time_hr,min_total_time_hr
"['x_0 + x_1 == 0', 'x_2 + x_3 == 1']",cardinality+assignment,4,2, 4*x_0 x_1 + 1*x_0 x_2 + 1*x_0 x_3 + -1*x_1 + 1*x_1 x_2 + 4*x_1 x_3 + -2*x_2 + -1*x_2 x_3 + 4*x_3,True,1,0.0006862940390904744,0.9999989193501578,1.0,1.0,1.0,True,True,1.0,0.000625320143169827,0.928958131919425,0.4706,0.8864,0.4706,True,True,0.0006862940390904744,0.000625320143169827
"['x_0 + x_1 == 1', 'x_2 + x_3 >= 1']",assignment+cardinality,4,2, -3*x_0 + -1*x_0 x_1 + -1*x_0 x_2 + 3*x_0 x_3 + -4*x_1 + -3*x_1 x_2 + -3*x_1 x_3 + 1*x_2 + 2*x_2 x_3 + -5*x_3,True,1,0.0005533322360780504,0.8585776387828385,0.9876333333333334,1.0,0.9815,True,True,1.0,0.000894926455285814,0.9277896517629962,0.32118888888888897,0.907,0.2441,True,True,0.000894926455285814,0.0005533322360780504
"['x_0 + x_1 + x_2 + x_3 == 2', 'x_4*x_5 == 0']",cardinality+independent_set,6,2, -5*x_0 + -1*x_0 x_1 + 3*x_0 x_2 + -5*x_0 x_3 + 1*x_0 x_4 + -5*x_0 x_5 + -1*x_1 + 2*x_1 x_2 + 1*x_1 x_3 + -4*x_1 x_4 + 2*x_1 x_5 + 3*x_2 + -4*x_2 x_4 + 2*x_2 x_5 + 3*x_3 + 2*x_3 x_4 + -1*x_3 x_5 + 4*x_4 + 2*x_5,True,1,0.0007819394932852851,0.7892503109872764,0.7578095238095238,1.0,0.1728,True,True,1.0,0.0012072414159774781,0.9088024755365713,0.44205714285714287,0.8789,0.074,True,True,0.0012072414159774781,0.0007819394932852851
"['1*x_0*x_0 + 5*x_0*x_1 + 3*x_0*x_2 + 4*x_1*x_1 + 2*x_1*x_2 + 4*x_2*x_2 <= 7', '5*x_3*x_3 + 1*x_3*x_4 + 2*x_3*x_5 + 5*x_4*x_4 + 1*x_4*x_5 + 3*x_5*x_5 <= 6']",quadratic_knapsack+quadratic_knapsack,6,2, 4*x_0 + 4*x_0 x_1 + -3*x_0 x_2 + -2*x_0 x_3 + -5*x_0 x_4 + 4*x_0 x_5 + -2*x_1 + -5*x_1 x_2 + -2*x_1 x_3 + 3*x_1 x_4 + -5*x_1 x_5 + -1*x_2 + -3*x_2 x_3 + -5*x_2 x_4 + 2*x_2 x_5 + 2*x_3 + 3*x_3 x_4 + -1*x_3 x_5 + -4*x_4 + -2*x_4 x_5 + -2*x_5,True,1,0.001215209166208903,0.42230355336576125,0.7412,1.0,0.2884,True,True,,,,,,,,False,0.001215209166208903,0.001215209166208903
"['5*x_2*x_2 + 1*x_2*x_3 + 3*x_2*x_4 + 1*x_2*x_5 + 4*x_3*x_3 + 1*x_3*x_4 + 5*x_3*x_5 + 4*x_4*x_4 + 2*x_4*x_5 + 3*x_5*x_5 <= 19', 'x_0 + x_1 >= 0']",cardinality+quadratic_knapsack,6,2, -4*x_0 + 2*x_0 x_1 + -4*x_0 x_2 + 1*x_0 x_3 + -4*x_0 x_4 + 1*x_1 + 4*x_1 x_2 + -3*x_1 x_3 + -1*x_1 x_5 + 2*x_2 + 4*x_2 x_3 + -1*x_2 x_4 + 3*x_3 + 4*x_3 x_4 + -4*x_3 x_5 + -1*x_4 + 3*x_4 x_5 + -1*x_5,True,1,0.0012695775429407755,0.6197192797080721,0.6220159999999998,1.0,0.0517,True,True,,,,,,,,False,0.0012695775429407755,0.0012695775429407755
"['2*x_0*x_0 + 4*x_0*x_1 + 5*x_0*x_2 + 1*x_0*x_3 + 4*x_0*x_4 + 2*x_1*x_1 + 4*x_1*x_2 + 4*x_1*x_3 + 1*x_1*x_4 + 2*x_2*x_2 + 3*x_2*x_3 + 3*x_2*x_4 + 3*x_3*x_3 + 2*x_3*x_4 + 1*x_4*x_4 <= 19', 'x_5 + x_6 == 2']",quadratic_knapsack+cardinality,7,2, 4*x_0 + 4*x_0 x_1 + 1*x_0 x_2 + 3*x_0 x_3 + 1*x_0 x_4 + -3*x_0 x_5 + -3*x_0 x_6 + -5*x_1 + -2*x_1 x_2 + -5*x_1 x_3 + -4*x_1 x_4 + -4*x_1 x_5 + 1*x_2 + 4*x_2 x_3 + 2*x_2 x_4 + -4*x_2 x_5 + -4*x_2 x_6 + -2*x_3 + 2*x_3 x_4 + -5*x_3 x_5 + -2*x_3 x_6 + 2*x_4 + 1*x_4 x_5 + 3*x_4 x_6 + 4*x_5 + -4*x_5 x_6 + -2*x_6,True,1,0.0013364383247163561,0.6661848929214452,0.5263029411764706,1.0,0.027,True,True,,,,,,,,False,0.0013364383247163561,0.0013364383247163561
"['4*x_2*x_2 + 5*x_2*x_3 + 2*x_2*x_4 + 5*x_2*x_5 + 4*x_3*x_3 + 3*x_3*x_4 + 5*x_3*x_5 + 3*x_4*x_4 + 2*x_4*x_5 + 3*x_5*x_5 <= 22', 'x_0 - x_1 == 0']",flow+quadratic_knapsack,6,2, 2*x_0 + -5*x_0 x_1 + 2*x_0 x_2 + -4*x_0 x_3 + -2*x_0 x_4 + 4*x_0 x_5 + -4*x_1 + -5*x_1 x_2 + -5*x_1 x_3 + -5*x_1 x_4 + -5*x_1 x_5 + 1*x_2 + 4*x_2 x_3 + -1*x_2 x_4 + -1*x_2 x_5 + -5*x_3 + -5*x_3 x_5 + -1*x_4 + 1*x_4 x_5 + -1*x_5,True,1,0.0013576428095499675,0.5306836536130511,0.44884722222222234,1.0,0.099,True,True,,,,,,,,False,0.0013576428095499675,0.0013576428095499675
"['3*x_0*x_0 + 1*x_0*x_1 + 3*x_0*x_2 + 4*x_0*x_3 + 5*x_1*x_1 + 4*x_1*x_2 + 2*x_1*x_3 + 2*x_2*x_2 + 4*x_2*x_3 + 4*x_3*x_3 <= 17', '5*x_4 + 4*x_5 + 1*x_6 <= 6']",quadratic_knapsack+knapsack,7,2, 3*x_0 + 4*x_0 x_1 + 1*x_0 x_2 + -5*x_0 x_3 + -5*x_0 x_4 + -4*x_1 + -4*x_1 x_2 + -3*x_1 x_3 + -4*x_1 x_4 + 1*x_1 x_6 + 3*x_2 + 3*x_2 x_3 + 1*x_2 x_4 + -1*x_2 x_5 + -4*x_3 + 2*x_3 x_4 + 1*x_3 x_5 + -5*x_3 x_6 + -5*x_4 + -3*x_4 x_5 + 4*x_4 x_6 + -4*x_5 + -3*x_5 x_6 + 4*x_6,True,1,0.0013835487763086956,0.4633496228293524,0.6050310344827586,1.0,0.0608,True,True,,,,,,,,False,0.0013835487763086956,0.0013835487763086956
"['5*x_2*x_2 + 2*x_2*x_3 + 2*x_2*x_4 + 3*x_2*x_5 + 1*x_2*x_6 + 1*x_3*x_3 + 4*x_3*x_4 + 4*x_3*x_5 + 3*x_3*x_6 + 1*x_4*x_4 + 3*x_4*x_5 + 1*x_4*x_6 + 5*x_5*x_5 + 1*x_5*x_6 + 5*x_6*x_6 <= 23', 'x_0 + x_1 >= 2']",cardinality+quadratic_knapsack,7,2, 3*x_0 + 4*x_0 x_1 + 1*x_0 x_2 + -5*x_0 x_3 + -5*x_0 x_4 + -4*x_1 + -4*x_1 x_2 + -3*x_1 x_3 + -4*x_1 x_4 + 1*x_1 x_6 + 3*x_2 + 3*x_2 x_3 + 1*x_2 x_4 + -1*x_2 x_5 + -4*x_3 + 2*x_3 x_4 + 1*x_3 x_5 + -5*x_3 x_6 + -5*x_4 + -3*x_4 x_5 + 4*x_4 x_6 + -4*x_5 + -3*x_5 x_6 + 4*x_6,True,1,0.0014423521359761555,0.6793829579658784,0.653917142857143,1.0,0.1004,True,True,,,,,,,,False,0.0014423521359761555,0.0014423521359761555
"['5*x_0*x_0 + 2*x_0*x_1 + 2*x_0*x_2 + 3*x_0*x_3 + 1*x_0*x_4 + 1*x_1*x_1 + 4*x_1*x_2 + 4*x_1*x_3 + 3*x_1*x_4 + 1*x_2*x_2 + 3*x_2*x_3 + 1*x_2*x_4 + 5*x_3*x_3 + 1*x_3*x_4 + 5*x_4*x_4 <= 23', 'x_5 + x_6 == 0']",quadratic_knapsack+cardinality,7,2, -5*x_0 + 1*x_0 x_1 + 4*x_0 x_2 + -2*x_0 x_3 + -2*x_0 x_4 + 4*x_0 x_6 + -3*x_1 + -4*x_1 x_2 + -2*x_1 x_3 + 3*x_1 x_4 + 4*x_1 x_5 + 4*x_1 x_6 + 1*x_2 + -5*x_2 x_3 + -5*x_2 x_4 + -3*x_2 x_5 + 3*x_2 x_6 + -3*x_3 + 1*x_3 x_4 + -5*x_3 x_6 + -4*x_4 + 1*x_4 x_5 + -3*x_4 x_6 + 3*x_5 + -1*x_5 x_6 + 1*x_6,True,1,0.0014529456032647027,0.5613537995428194,0.6541588235294118,1.0,0.1008,True,True,,,,,,,,False,0.0014529456032647027,0.0014529456032647027
"['x_0 + x_1 + x_2 == 1', 'x_3 + x_4 + x_5 == 2']",assignment+cardinality,6,2, 1*x_0 + 4*x_0 x_1 + 3*x_0 x_2 + -1*x_0 x_3 + -3*x_0 x_4 + -1*x_1 + -5*x_1 x_2 + -3*x_1 x_3 + -2*x_1 x_4 + -1*x_1 x_5 + -1*x_2 + 4*x_2 x_4 + -5*x_2 x_5 + 3*x_3 + 4*x_3 x_4 + -1*x_3 x_5 + -3*x_4 + 3*x_4 x_5 + 2*x_5,True,1,0.0010939131180445353,0.4847593735450359,0.9655999999999999,1.0,0.8681,True,True,1.0,0.001619500584072537,0.9565151855847585,0.5716666666666665,0.7571,0.1947,True,True,0.001619500584072537,0.0010939131180445353
"['5*x_0*x_0 + 2*x_0*x_1 + 2*x_0*x_2 + 3*x_0*x_3 + 1*x_0*x_4 + 1*x_1*x_1 + 4*x_1*x_2 + 4*x_1*x_3 + 3*x_1*x_4 + 1*x_2*x_2 + 3*x_2*x_3 + 1*x_2*x_4 + 5*x_3*x_3 + 1*x_3*x_4 + 5*x_4*x_4 <= 23', '7*x_5 + 10*x_6 + 9*x_7 <= 8']",quadratic_knapsack+knapsack,8,2, 1*x_0 + -3*x_0 x_1 + -5*x_0 x_2 + -2*x_0 x_3 + -2*x_0 x_4 + -4*x_0 x_5 + -5*x_0 x_6 + -2*x_0 x_7 + -2*x_1 + 2*x_1 x_4 + 4*x_1 x_5 + -2*x_1 x_6 + -4*x_1 x_7 + -1*x_2 + -5*x_2 x_4 + 4*x_2 x_5 + 2*x_2 x_6 + 2*x_2 x_7 + -5*x_3 + -5*x_3 x_4 + 2*x_3 x_5 + 1*x_3 x_6 + -3*x_3 x_7 + -2*x_4 + -1*x_4 x_5 + 1*x_4 x_6 + 4*x_4 x_7 + 3*x_5 + -2*x_5 x_6 + -2*x_5 x_7 + -5*x_6 + 1*x_6 x_7 + -3*x_7,True,1,0.0016198156939612495,0.3082358866544539,0.5916153846153845,1.0,0.0806,True,True,,,,,,,,False,0.0016198156939612495,0.0016198156939612495
"['1*x_0*x_0 + 4*x_0*x_1 + 1*x_0*x_2 + 5*x_0*x_3 + 2*x_1*x_1 + 3*x_1*x_2 + 3*x_1*x_3 + 5*x_2*x_2 + 4*x_2*x_3 + 5*x_3*x_3 <= 22', 'x_4 + x_5 >= 2']",quadratic_knapsack+cardinality,6,2, 4*x_0 + -1*x_0 x_1 + 3*x_0 x_2 + -1*x_0 x_3 + -4*x_0 x_4 + 1*x_0 x_5 + 3*x_1 + 1*x_1 x_2 + -3*x_1 x_3 + -5*x_1 x_4 + -2*x_1 x_5 + -2*x_2 + -4*x_2 x_3 + -3*x_2 x_4 + 2*x_2 x_5 + -5*x_3 + -2*x_3 x_4 + 4*x_4 + -5*x_5,True,1,0.0016370794508192275,0.6623611777561,0.5338285714285714,1.0,0.0995,True,True,,,,,,,,False,0.0016370794508192275,0.0016370794508192275
"['3*x_3*x_3 + 1*x_3*x_4 + 3*x_3*x_5 + 4*x_3*x_6 + 5*x_4*x_4 + 4*x_4*x_5 + 2*x_4*x_6 + 2*x_5*x_5 + 4*x_5*x_6 + 4*x_6*x_6 <= 17', 'x_0 + x_1 + x_2 <= 3']",cardinality+quadratic_knapsack,7,2, -4*x_0 + 4*x_0 x_1 + -2*x_0 x_2 + -2*x_0 x_3 + 4*x_0 x_4 + -5*x_0 x_5 + -1*x_0 x_6 + -3*x_1 x_2 + 4*x_1 x_3 + 2*x_1 x_4 + 1*x_1 x_5 + -5*x_1 x_6 + -5*x_2 + -4*x_2 x_3 + 1*x_2 x_4 + -3*x_2 x_5 + 2*x_2 x_6 + -3*x_3 + 3*x_3 x_4 + 4*x_4 + -2*x_4 x_5 + 1*x_4 x_6 + -4*x_5 + -4*x_5 x_6 + -5*x_6,True,1,0.001659055683347914,0.48910061666726645,0.5480565217391303,1.0,0.0387,True,True,,,,,,,,False,0.001659055683347914,0.001659055683347914
"['3*x_2*x_2 + 1*x_2*x_3 + 3*x_2*x_4 + 4*x_2*x_5 + 5*x_3*x_3 + 4*x_3*x_4 + 2*x_3*x_5 + 2*x_4*x_4 + 4*x_4*x_5 + 4*x_5*x_5 <= 17', 'x_0 + x_1 <= 0']",cardinality+quadratic_knapsack,6,2, -2*x_0 + -4*x_0 x_1 + 2*x_0 x_2 + 2*x_0 x_3 + 3*x_0 x_4 + -5*x_0 x_5 + -1*x_1 + 1*x_1 x_3 + -2*x_1 x_4 + -5*x_2 x_3 + 4*x_2 x_4 + 3*x_2 x_5 + 3*x_3 + -3*x_3 x_4 + 2*x_3 x_5 + -1*x_4 + 2*x_4 x_5 + 3*x_5,True,1,0.0016787493228912354,0.5473475470625242,0.79433,1.0,0.2417,True,True,,,,,,,,False,0.0016787493228912354,0.0016787493228912354
"['4*x_0*x_0 + 3*x_0*x_1 + 3*x_0*x_2 + 2*x_0*x_3 + 2*x_0*x_4 + 2*x_1*x_1 + 3*x_1*x_2 + 2*x_1*x_3 + 3*x_1*x_4 + 3*x_2*x_2 + 5*x_2*x_3 + 4*x_2*x_4 + 3*x_3*x_3 + 5*x_3*x_4 + 1*x_4*x_4 <= 22', 'x_5 + x_6 + x_7 >= 3']",quadratic_knapsack+cardinality,8,2, 3*x_0 + -3*x_0 x_1 + 1*x_0 x_2 + 4*x_0 x_3 + 4*x_0 x_4 + 4*x_0 x_5 + -5*x_0 x_6 + -1*x_0 x_7 + -2*x_1 + -2*x_1 x_2 + 3*x_1 x_3 + -3*x_1 x_4 + -5*x_1 x_5 + -1*x_1 x_6 + 1*x_1 x_7 + -5*x_2 + 1*x_2 x_4 + -4*x_2 x_5 + -5*x_2 x_6 + 1*x_2 x_7 + 2*x_3 + 3*x_3 x_4 + 2*x_3 x_5 + -4*x_3 x_6 + -3*x_3 x_7 + -4*x_4 + -2*x_4 x_5 + -2*x_4 x_6 + -4*x_4 x_7 + -1*x_5 + 1*x_5 x_6 + -5*x_6 + -5*x_6 x_7 + 3*x_7,True,1,0.0016948790020412869,0.6880097848530131,0.5176210526315788,1.0,0.0842,True,True,,,,,,,,False,0.0016948790020412869,0.0016948790020412869
"['5*x_3*x_3 + 1*x_3*x_4 + 3*x_3*x_5 + 1*x_3*x_6 + 4*x_4*x_4 + 1*x_4*x_5 + 5*x_4*x_6 + 4*x_5*x_5 + 2*x_5*x_6 + 3*x_6*x_6 <= 19', 'x_0 + x_1 + x_2 <= 3']",cardinality+quadratic_knapsack,7,2, 4*x_0 + 4*x_0 x_1 + 1*x_0 x_2 + 3*x_0 x_3 + 1*x_0 x_4 + -3*x_0 x_5 + -3*x_0 x_6 + -5*x_1 + -2*x_1 x_2 + -5*x_1 x_3 + -4*x_1 x_4 + -4*x_1 x_5 + 1*x_2 + 4*x_2 x_3 + 2*x_2 x_4 + -4*x_2 x_5 + -4*x_2 x_6 + -2*x_3 + 2*x_3 x_4 + -5*x_3 x_5 + -2*x_3 x_6 + 2*x_4 + 1*x_4 x_5 + 3*x_4 x_6 + 4*x_5 + -4*x_5 x_6 + -2*x_6,True,1,0.0017284495962990654,0.5093064190680617,0.5072666666666669,1.0,0.0165,True,True,,,,,,,,False,0.0017284495962990654,0.0017284495962990654
"['2*x_0 + 7*x_1 + 7*x_2 <= 7', '5*x_3*x_3 + 1*x_3*x_4 + 3*x_3*x_5 + 1*x_3*x_6 + 4*x_4*x_4 + 1*x_4*x_5 + 5*x_4*x_6 + 4*x_5*x_5 + 2*x_5*x_6 + 3*x_6*x_6 <= 19']",knapsack+quadratic_knapsack,7,2, 4*x_0 + 4*x_0 x_1 + 1*x_0 x_2 + 3*x_0 x_3 + 1*x_0 x_4 + -3*x_0 x_5 + -3*x_0 x_6 + -5*x_1 + -2*x_1 x_2 + -5*x_1 x_3 + -4*x_1 x_4 + -4*x_1 x_5 + 1*x_2 + 4*x_2 x_3 + 2*x_2 x_4 + -4*x_2 x_5 + -4*x_2 x_6 + -2*x_3 + 2*x_3 x_4 + -5*x_3 x_5 + -2*x_3 x_6 + 2*x_4 + 1*x_4 x_5 + 3*x_4 x_6 + 4*x_5 + -4*x_5 x_6 + -2*x_6,True,1,0.001762320399284363,0.5323076260509211,0.5020714285714285,1.0,0.1279,True,True,,,,,,,,False,0.001762320399284363,0.001762320399284363
"['4*x_3*x_3 + 5*x_3*x_4 + 2*x_3*x_5 + 5*x_3*x_6 + 4*x_4*x_4 + 3*x_4*x_5 + 5*x_4*x_6 + 3*x_5*x_5 + 2*x_5*x_6 + 3*x_6*x_6 <= 22', 'x_0 + x_1 + x_2 >= 1']",cardinality+quadratic_knapsack,7,2, -3*x_0 + -4*x_0 x_1 + -4*x_0 x_2 + -1*x_0 x_4 + 4*x_0 x_5 + 2*x_0 x_6 + 4*x_1 + 4*x_1 x_2 + -1*x_1 x_3 + -1*x_1 x_4 + 1*x_1 x_5 + -1*x_1 x_6 + -3*x_2 + -4*x_2 x_3 + -2*x_2 x_4 + 1*x_2 x_6 + -1*x_3 + 4*x_3 x_4 + -1*x_3 x_5 + -3*x_3 x_6 + -1*x_4 + -3*x_4 x_5 + 2*x_5 + 3*x_5 x_6 + -1*x_6,True,1,0.0017779811885621812,0.5938597535782792,0.5938115384615384,1.0,0.0117,True,True,,,,,,,,False,0.0017779811885621812,0.0017779811885621812
"['x_0 + x_1 == 1', 'x_2 + x_3 + x_4 + x_5 + x_6 == 3']",assignment+cardinality,7,2, -4*x_0 + -1*x_0 x_1 + 4*x_0 x_2 + 2*x_0 x_3 + -5*x_0 x_4 + 2*x_0 x_5 + -5*x_0 x_6 + 3*x_1 + 3*x_1 x_2 + 4*x_1 x_4 + 3*x_1 x_5 + -2*x_1 x_6 + -5*x_2 + 2*x_2 x_3 + -5*x_2 x_4 + 1*x_2 x_5 + 3*x_2 x_6 + -5*x_3 + -4*x_3 x_4 + 4*x_3 x_5 + 1*x_3 x_6 + -4*x_4 + -5*x_4 x_5 + -5*x_4 x_6 + -3*x_5 x_6 + 3*x_6,True,1,0.0009342113468382094,0.8959760627029114,0.9424125,1.0,0.7904,True,True,1.0,0.0018035577403174507,0.9618059673652621,0.36835625,0.9491,0.1187,True,True,0.0018035577403174507,0.0009342113468382094
"['3*x_3*x_3 + 1*x_3*x_4 + 3*x_3*x_5 + 4*x_3*x_6 + 5*x_4*x_4 + 4*x_4*x_5 + 2*x_4*x_6 + 2*x_5*x_5 + 4*x_5*x_6 + 4*x_6*x_6 <= 17', 'x_0 + x_1 + x_2 >= 1']",cardinality+quadratic_knapsack,7,2, -5*x_0 + 1*x_0 x_1 + 4*x_0 x_2 + -2*x_0 x_3 + -2*x_0 x_4 + 4*x_0 x_6 + -3*x_1 + -4*x_1 x_2 + -2*x_1 x_3 + 3*x_1 x_4 + 4*x_1 x_5 + 4*x_1 x_6 + 1*x_2 + -5*x_2 x_3 + -5*x_2 x_4 + -3*x_2 x_5 + 3*x_2 x_6 + -3*x_3 + 1*x_3 x_4 + -5*x_3 x_6 + -4*x_4 + 1*x_4 x_5 + -3*x_4 x_6 + 3*x_5 + -1*x_5 x_6 + 1*x_6,True,1,0.0018173081345028348,0.5108783270899455,0.511414705882353,1.0,0.0435,True,True,,,,,,,,False,0.0018173081345028348,0.0018173081345028348
"['1*x_3*x_3 + 5*x_3*x_4 + 4*x_3*x_5 + 2*x_4*x_4 + 2*x_4*x_5 + 2*x_5*x_5 <= 8', '5*x_0*x_0 + 3*x_0*x_1 + 5*x_0*x_2 + 4*x_1*x_1 + 5*x_1*x_2 + 3*x_2*x_2 <= 14']",quadratic_knapsack+quadratic_knapsack,6,2, 2*x_0 + -5*x_0 x_1 + 2*x_0 x_2 + -4*x_0 x_3 + -2*x_0 x_4 + 4*x_0 x_5 + -4*x_1 + -5*x_1 x_2 + -5*x_1 x_3 + -5*x_1 x_4 + -5*x_1 x_5 + 1*x_2 + 4*x_2 x_3 + -1*x_2 x_4 + -1*x_2 x_5 + -5*x_3 + -5*x_3 x_5 + -1*x_4 + 1*x_4 x_5 + -1*x_5,True,1,0.0018210010396109686,0.5096809391023329,0.5900583333333332,1.0,0.08,True,True,,,,,,,,False,0.0018210010396109686,0.0018210010396109686
"['x_0 + x_1 == 1', 'x_2 + x_3 + x_4 <= 2']",assignment+cardinality,5,2, 3*x_0 + 1*x_0 x_2 + 3*x_0 x_4 + -5*x_1 + -3*x_1 x_2 + 3*x_2 + 3*x_2 x_3 + -5*x_2 x_4 + -4*x_3 + 2*x_3 x_4 + -3*x_4,True,1,0.001004498733414544,0.7570285726832734,0.753125,1.0,0.2575,True,True,1.0,0.00186370140976376,0.9706796141543672,0.6433949999999999,0.8167,0.1785,True,True,0.00186370140976376,0.001004498733414544
"['x_0 + x_1 + x_2 == 0', 'x_3 + x_4 >= 1']",cardinality+cardinality,5,2, -3*x_0 + -1*x_0 x_2 + -5*x_0 x_3 + 2*x_0 x_4 + 1*x_1 + -4*x_1 x_2 + -3*x_1 x_3 + -3*x_1 x_4 + -2*x_2 + -2*x_2 x_3 + 1*x_2 x_4 + 1*x_3 + -2*x_3 x_4 + -2*x_4,True,1,0.0011003953218460083,0.1725040560761809,0.991075,1.0,0.9805,True,True,1.0,0.001979320115513272,0.9786198443458627,0.33075000000000004,0.8845,0.0,True,True,0.001979320115513272,0.0011003953218460083
"['2*x_0 + 10*x_1 + 4*x_2 <= 6', '4*x_3*x_3 + 5*x_3*x_4 + 2*x_3*x_5 + 5*x_3*x_6 + 4*x_4*x_4 + 3*x_4*x_5 + 5*x_4*x_6 + 3*x_5*x_5 + 2*x_5*x_6 + 3*x_6*x_6 <= 22']",knapsack+quadratic_knapsack,7,2, 3*x_0 + -2*x_0 x_2 + -1*x_0 x_3 + -5*x_0 x_4 + 1*x_0 x_5 + 2*x_0 x_6 + -5*x_1 x_2 + -4*x_1 x_3 + -3*x_1 x_4 + -2*x_1 x_5 + 2*x_1 x_6 + 4*x_2 + 3*x_2 x_3 + -2*x_2 x_4 + -1*x_2 x_5 + 4*x_3 + 3*x_3 x_4 + 4*x_3 x_6 + -3*x_4 + -3*x_4 x_5 + 3*x_4 x_6 + 3*x_5 + 4*x_5 x_6 + -4*x_6,True,1,0.0020644489261839125,0.5212824528773465,0.7286520000000001,1.0,0.1406,True,True,,,,,,,,False,0.0020644489261839125,0.0020644489261839125
"['x_0 + x_1 >= 2', 'x_2 - x_3 - x_4 == 0']",cardinality+flow,5,2, -3*x_0 + -4*x_0 x_1 + -5*x_0 x_2 + -4*x_0 x_3 + -2*x_0 x_4 + -4*x_1 + -1*x_1 x_2 + -3*x_1 x_3 + -2*x_1 x_4 + -5*x_2 + 4*x_2 x_3 + 1*x_2 x_4 + -2*x_3 + -4*x_3 x_4 + 1*x_4,True,1,0.0006229970852533976,0.6666565345687354,0.6645812499999999,1.0,0.6645,True,True,2.0,0.0022162873215145536,0.9943527743311412,0.8861437499999998,0.9833,0.4764,True,True,0.0022162873215145536,0.0006229970852533976
"['2*x_0*x_0 + 5*x_0*x_1 + 4*x_0*x_2 + 2*x_0*x_3 + 4*x_0*x_4 + 5*x_1*x_1 + 5*x_1*x_2 + 2*x_1*x_3 + 1*x_1*x_4 + 4*x_2*x_2 + 1*x_2*x_3 + 2*x_2*x_4 + 5*x_3*x_3 + 4*x_3*x_4 + 2*x_4*x_4 <= 29', 'x_5 + x_6 <= 1']",quadratic_knapsack+cardinality,7,2, 3*x_0 x_2 + 3*x_0 x_3 + 3*x_0 x_4 + -1*x_0 x_5 + 4*x_0 x_6 + -2*x_1 + -2*x_1 x_3 + 2*x_1 x_4 + -5*x_1 x_5 + 3*x_1 x_6 + 1*x_2 + -3*x_2 x_3 + -5*x_2 x_4 + 2*x_2 x_5 + 1*x_2 x_6 + 4*x_3 + -1*x_3 x_5 + -2*x_3 x_6 + -4*x_4 + 3*x_4 x_5 + -1*x_4 x_6 + -4*x_5 + 2*x_5 x_6 + -1*x_6,True,1,0.0022564837005403307,0.5595486528329056,0.6113818181818181,1.0,0.0616,True,True,,,,,,,,False,0.0022564837005403307,0.0022564837005403307
"['5*x_0*x_0 + 3*x_0*x_1 + 5*x_0*x_2 + 4*x_1*x_1 + 5*x_1*x_2 + 3*x_2*x_2 <= 14', '5*x_3*x_3 + 1*x_3*x_4 + 3*x_3*x_5 + 1*x_3*x_6 + 4*x_4*x_4 + 1*x_4*x_5 + 5*x_4*x_6 + 4*x_5*x_5 + 2*x_5*x_6 + 3*x_6*x_6 <= 19']",quadratic_knapsack+quadratic_knapsack,7,2, 3*x_0 + 4*x_0 x_1 + 1*x_0 x_2 + -5*x_0 x_3 + -5*x_0 x_4 + -4*x_1 + -4*x_1 x_2 + -3*x_1 x_3 + -4*x_1 x_4 + 1*x_1 x_6 + 3*x_2 + 3*x_2 x_3 + 1*x_2 x_4 + -1*x_2 x_5 + -4*x_3 + 2*x_3 x_4 + 1*x_3 x_5 + -5*x_3 x_6 + -5*x_4 + -3*x_4 x_5 + 4*x_4 x_6 + -4*x_5 + -3*x_5 x_6 + 4*x_6,True,1,0.002281574871804979,0.533756472180751,0.5345263157894736,1.0,0.0284,True,True,,,,,,,,False,0.002281574871804979,0.002281574871804979
"['3*x_4*x_4 + 1*x_4*x_5 + 3*x_4*x_6 + 4*x_4*x_7 + 5*x_5*x_5 + 4*x_5*x_6 + 2*x_5*x_7 + 2*x_6*x_6 + 4*x_6*x_7 + 4*x_7*x_7 <= 17', 'x_0 + x_1 + x_2 + x_3 <= 1']",cardinality+quadratic_knapsack,8,2, -5*x_0 + 4*x_0 x_1 + 3*x_0 x_3 + -3*x_0 x_4 + 4*x_0 x_5 + 3*x_0 x_6 + 2*x_0 x_7 + -1*x_1 + 2*x_1 x_2 + -5*x_1 x_3 + 1*x_1 x_4 + 2*x_1 x_5 + 2*x_1 x_6 + -4*x_1 x_7 + 4*x_2 + -1*x_2 x_3 + -3*x_2 x_4 + 3*x_2 x_5 + 2*x_2 x_6 + -3*x_3 x_4 + 1*x_3 x_5 + -4*x_3 x_6 + -2*x_3 x_7 + -3*x_4 + 1*x_4 x_6 + -3*x_4 x_7 + -3*x_5 + 2*x_5 x_6 + 1*x_5 x_7 + 3*x_6 + 4*x_6 x_7 + 4*x_7,True,1,0.0024725583526823258,0.6934459659397564,0.6844892857142858,1.0,0.0856,True,True,,,,,,,,False,0.0024725583526823258,0.0024725583526823258
"['4*x_0*x_0 + 4*x_0*x_1 + 1*x_0*x_2 + 5*x_0*x_3 + 5*x_1*x_1 + 5*x_1*x_2 + 5*x_1*x_3 + 1*x_2*x_2 + 4*x_2*x_3 + 1*x_3*x_3 <= 11', 'x_4*x_5 == 0']",quadratic_knapsack+independent_set,6,2, 1*x_0 x_1 + -3*x_0 x_3 + -3*x_0 x_4 + 4*x_0 x_5 + 4*x_1 + 3*x_1 x_5 + 1*x_2 + 3*x_2 x_3 + -4*x_2 x_4 + 1*x_2 x_5 + -1*x_3 + 2*x_3 x_4 + 1*x_3 x_5 + -4*x_4 + -5*x_5,True,1,0.0026822408040364583,0.6653564394465544,0.6192666666666665,1.0,0.0194,True,True,,,,,,,,False,0.0026822408040364583,0.0026822408040364583
"['5*x_2*x_2 + 2*x_2*x_3 + 2*x_2*x_4 + 3*x_2*x_5 + 1*x_2*x_6 + 1*x_3*x_3 + 4*x_3*x_4 + 4*x_3*x_5 + 3*x_3*x_6 + 1*x_4*x_4 + 3*x_4*x_5 + 1*x_4*x_6 + 5*x_5*x_5 + 1*x_5*x_6 + 5*x_6*x_6 <= 23', 'x_0 + x_1 >= 1']",cardinality+quadratic_knapsack,7,2, 3*x_0 + 4*x_0 x_1 + 1*x_0 x_2 + -5*x_0 x_3 + -5*x_0 x_4 + -4*x_1 + -4*x_1 x_2 + -3*x_1 x_3 + -4*x_1 x_4 + 1*x_1 x_6 + 3*x_2 + 3*x_2 x_3 + 1*x_2 x_4 + -1*x_2 x_5 + -4*x_3 + 2*x_3 x_4 + 1*x_3 x_5 + -5*x_3 x_6 + -5*x_4 + -3*x_4 x_5 + 4*x_4 x_6 + -4*x_5 + -3*x_5 x_6 + 4*x_6,True,1,0.002827380696932475,0.591462450532161,0.5922078947368419,1.0,0.0435,True,True,,,,,,,,False,0.002827380696932475,0.002827380696932475
"['1*x_0*x_0 + 4*x_0*x_1 + 1*x_0*x_2 + 5*x_0*x_3 + 2*x_1*x_1 + 3*x_1*x_2 + 3*x_1*x_3 + 5*x_2*x_2 + 4*x_2*x_3 + 5*x_3*x_3 <= 22', 'x_4 + x_5 + x_6 + x_7 <= 1']",quadratic_knapsack+cardinality,8,2, 1*x_0 + -3*x_0 x_1 + -5*x_0 x_2 + -2*x_0 x_3 + -2*x_0 x_4 + -4*x_0 x_5 + -5*x_0 x_6 + -2*x_0 x_7 + -2*x_1 + 2*x_1 x_4 + 4*x_1 x_5 + -2*x_1 x_6 + -4*x_1 x_7 + -1*x_2 + -5*x_2 x_4 + 4*x_2 x_5 + 2*x_2 x_6 + 2*x_2 x_7 + -5*x_3 + -5*x_3 x_4 + 2*x_3 x_5 + 1*x_3 x_6 + -3*x_3 x_7 + -2*x_4 + -1*x_4 x_5 + 1*x_4 x_6 + 4*x_4 x_7 + 3*x_5 + -2*x_5 x_6 + -2*x_5 x_7 + -5*x_6 + 1*x_6 x_7 + -3*x_7,True,1,0.002877224816216363,0.4282361125722333,0.6292588235294119,1.0,0.0357,True,True,,,,,,,,False,0.002877224816216363,0.002877224816216363
"['2*x_0 + 10*x_1 + 4*x_2 <= 6', '5*x_5*x_5 + 3*x_5*x_6 + 5*x_5*x_7 + 4*x_6*x_6 + 5*x_6*x_7 + 3*x_7*x_7 <= 14', 'x_3 + x_4 <= 2']",knapsack+cardinality+quadratic_knapsack,8,3, 3*x_0 + -3*x_0 x_1 + 1*x_0 x_2 + 4*x_0 x_3 + 4*x_0 x_4 + 4*x_0 x_5 + -5*x_0 x_6 + -1*x_0 x_7 + -2*x_1 + -2*x_1 x_2 + 3*x_1 x_3 + -3*x_1 x_4 + -5*x_1 x_5 + -1*x_1 x_6 + 1*x_1 x_7 + -5*x_2 + 1*x_2 x_4 + -4*x_2 x_5 + -5*x_2 x_6 + 1*x_2 x_7 + 2*x_3 + 3*x_3 x_4 + 2*x_3 x_5 + -4*x_3 x_6 + -3*x_3 x_7 + -4*x_4 + -2*x_4 x_5 + -2*x_4 x_6 + -4*x_4 x_7 + -1*x_5 + 1*x_5 x_6 + -5*x_6 + -5*x_6 x_7 + 3*x_7,True,1,0.002891386283768548,0.45317564657356596,0.6200547619047618,1.0,0.0299,True,True,,,,,,,,False,0.002891386283768548,0.002891386283768548
"['1*x_0*x_0 + 5*x_0*x_1 + 3*x_0*x_2 + 4*x_1*x_1 + 2*x_1*x_2 + 4*x_2*x_2 <= 7', '3*x_3*x_3 + 1*x_3*x_4 + 5*x_3*x_5 + 2*x_3*x_6 + 5*x_3*x_7 + 2*x_4*x_4 + 5*x_4*x_5 + 5*x_4*x_6 + 5*x_4*x_7 + 2*x_5*x_5 + 3*x_5*x_6 + 3*x_5*x_7 + 4*x_6*x_6 + 1*x_6*x_7 + 5*x_7*x_7 <= 18']",quadratic_knapsack+quadratic_knapsack,8,2, 1*x_0 + -5*x_0 x_1 + -1*x_0 x_2 + 4*x_0 x_3 + -2*x_0 x_4 + 2*x_0 x_5 + -1*x_0 x_6 + 1*x_1 x_2 + -5*x_1 x_3 + -1*x_1 x_4 + 2*x_1 x_5 + 3*x_1 x_6 + -4*x_1 x_7 + -4*x_2 + -5*x_2 x_3 + -5*x_2 x_4 + -3*x_2 x_5 + 3*x_2 x_7 + -5*x_3 + -2*x_3 x_4 + -1*x_3 x_5 + -2*x_3 x_6 + -4*x_3 x_7 + -2*x_4 + 3*x_4 x_5 + -4*x_4 x_6 + 4*x_4 x_7 + -5*x_5 + -3*x_5 x_7 + -5*x_6 + -1*x_6 x_7,True,1,0.0029034674167633056,0.33218941454921397,0.45354444444444453,1.0,0.0455,True,True,,,,,,,,False,0.0029034674167633056,0.0029034674167633056
"['5*x_0*x_0 + 2*x_0*x_1 + 2*x_0*x_2 + 3*x_0*x_3 + 1*x_0*x_4 + 1*x_1*x_1 + 4*x_1*x_2 + 4*x_1*x_3 + 3*x_1*x_4 + 1*x_2*x_2 + 3*x_2*x_3 + 1*x_2*x_4 + 5*x_3*x_3 + 1*x_3*x_4 + 5*x_4*x_4 <= 23', 'x_5 + x_6 + x_7 <= 2']",quadratic_knapsack+cardinality,8,2, 1*x_0 + -5*x_0 x_1 + -1*x_0 x_2 + 4*x_0 x_3 + -2*x_0 x_4 + 2*x_0 x_5 + -1*x_0 x_6 + 1*x_1 x_2 + -5*x_1 x_3 + -1*x_1 x_4 + 2*x_1 x_5 + 3*x_1 x_6 + -4*x_1 x_7 + -4*x_2 + -5*x_2 x_3 + -5*x_2 x_4 + -3*x_2 x_5 + 3*x_2 x_7 + -5*x_3 + -2*x_3 x_4 + -1*x_3 x_5 + -2*x_3 x_6 + -4*x_3 x_7 + -2*x_4 + 3*x_4 x_5 + -4*x_4 x_6 + 4*x_4 x_7 + -5*x_5 + -3*x_5 x_7 + -5*x_6 + -1*x_6 x_7,True,1,0.002936240169737074,0.3633332717597606,0.42380000000000007,1.0,0.0103,True,True,,,,,,,,False,0.002936240169737074,0.002936240169737074
"['3*x_0*x_0 + 1*x_0*x_1 + 3*x_0*x_2 + 4*x_0*x_3 + 5*x_1*x_1 + 4*x_1*x_2 + 2*x_1*x_3 + 2*x_2*x_2 + 4*x_2*x_3 + 4*x_3*x_3 <= 17', 'x_4 + x_5 + x_6 + x_7 == 2']",quadratic_knapsack+cardinality,8,2, -5*x_0 + 4*x_0 x_1 + 3*x_0 x_3 + -3*x_0 x_4 + 4*x_0 x_5 + 3*x_0 x_6 + 2*x_0 x_7 + -1*x_1 + 2*x_1 x_2 + -5*x_1 x_3 + 1*x_1 x_4 + 2*x_1 x_5 + 2*x_1 x_6 + -4*x_1 x_7 + 4*x_2 + -1*x_2 x_3 + -3*x_2 x_4 + 3*x_2 x_5 + 2*x_2 x_6 + -3*x_3 x_4 + 1*x_3 x_5 + -4*x_3 x_6 + -2*x_3 x_7 + -3*x_4 + 1*x_4 x_6 + -3*x_4 x_7 + -3*x_5 + 2*x_5 x_6 + 1*x_5 x_7 + 3*x_6 + 4*x_6 x_7 + 4*x_7,True,1,0.00297596534093221,0.7372393043953107,0.640260606060606,1.0,0.04,True,True,,,,,,,,False,0.00297596534093221,0.00297596534093221
"['1*x_2*x_2 + 1*x_2*x_3 + 3*x_2*x_4 + 2*x_2*x_5 + 1*x_3*x_3 + 2*x_3*x_4 + 3*x_3*x_5 + 2*x_4*x_4 + 3*x_4*x_5 + 3*x_5*x_5 <= 7', 'x_0*x_1 == 0']",independent_set+quadratic_knapsack,6,2, 4*x_0 + 4*x_0 x_1 + -3*x_0 x_2 + -2*x_0 x_3 + -5*x_0 x_4 + 4*x_0 x_5 + -2*x_1 + -5*x_1 x_2 + -2*x_1 x_3 + 3*x_1 x_4 + -5*x_1 x_5 + -1*x_2 + -3*x_2 x_3 + -5*x_2 x_4 + 2*x_2 x_5 + 2*x_3 + 3*x_3 x_4 + -1*x_3 x_5 + -4*x_4 + -2*x_4 x_5 + -2*x_5,True,1,0.0030076747470431857,0.5103908067010947,0.714755,1.0,0.2896,True,True,,,,,,,,False,0.0030076747470431857,0.0030076747470431857
"['1*x_0*x_0 + 4*x_0*x_1 + 1*x_0*x_2 + 5*x_0*x_3 + 2*x_1*x_1 + 3*x_1*x_2 + 3*x_1*x_3 + 5*x_2*x_2 + 4*x_2*x_3 + 5*x_3*x_3 <= 22', '3*x_4 + 1*x_5 + 4*x_6 + 8*x_7 <= 7']",quadratic_knapsack+knapsack,8,2, 1*x_0 + -5*x_0 x_1 + -1*x_0 x_2 + 4*x_0 x_3 + -2*x_0 x_4 + 2*x_0 x_5 + -1*x_0 x_6 + 1*x_1 x_2 + -5*x_1 x_3 + -1*x_1 x_4 + 2*x_1 x_5 + 3*x_1 x_6 + -4*x_1 x_7 + -4*x_2 + -5*x_2 x_3 + -5*x_2 x_4 + -3*x_2 x_5 + 3*x_2 x_7 + -5*x_3 + -2*x_3 x_4 + -1*x_3 x_5 + -2*x_3 x_6 + -4*x_3 x_7 + -2*x_4 + 3*x_4 x_5 + -4*x_4 x_6 + 4*x_4 x_7 + -5*x_5 + -3*x_5 x_7 + -5*x_6 + -1*x_6 x_7,True,1,0.00310147053665585,0.3691535774243629,0.4662891891891892,1.0,0.0061,True,True,,,,,,,,False,0.00310147053665585,0.00310147053665585
"['2*x_5 + 7*x_6 + 7*x_7 <= 7', '5*x_0*x_0 + 2*x_0*x_1 + 2*x_0*x_2 + 3*x_0*x_3 + 1*x_0*x_4 + 1*x_1*x_1 + 4*x_1*x_2 + 4*x_1*x_3 + 3*x_1*x_4 + 1*x_2*x_2 + 3*x_2*x_3 + 1*x_2*x_4 + 5*x_3*x_3 + 1*x_3*x_4 + 5*x_4*x_4 <= 23']",quadratic_knapsack+knapsack,8,2, -3*x_0 + -3*x_0 x_1 + 2*x_0 x_2 + 2*x_0 x_3 + 3*x_0 x_4 + -5*x_0 x_5 + -5*x_0 x_6 + -5*x_0 x_7 + -4*x_1 + -2*x_1 x_2 + 1*x_1 x_3 + -4*x_1 x_4 + 2*x_1 x_6 + 1*x_1 x_7 + -4*x_2 x_3 + 4*x_2 x_4 + -2*x_2 x_5 + 3*x_2 x_6 + -3*x_2 x_7 + -1*x_3 + -3*x_3 x_4 + -2*x_3 x_5 + -2*x_3 x_6 + -3*x_3 x_7 + -2*x_4 + 1*x_4 x_5 + -5*x_4 x_6 + -1*x_4 x_7 + -4*x_5 + 3*x_5 x_6 + 2*x_5 x_7 + -2*x_6 x_7 + -3*x_7,True,1,0.003109625776608785,0.310731733632912,0.5959359999999997,1.0,0.0529,True,True,,,,,,,,False,0.003109625776608785,0.003109625776608785
"['1*x_0*x_0 + 1*x_0*x_1 + 3*x_0*x_2 + 2*x_0*x_3 + 1*x_1*x_1 + 2*x_1*x_2 + 3*x_1*x_3 + 2*x_2*x_2 + 3*x_2*x_3 + 3*x_3*x_3 <= 7', '4*x_4*x_4 + 5*x_4*x_5 + 2*x_4*x_6 + 5*x_4*x_7 + 4*x_5*x_5 + 3*x_5*x_6 + 5*x_5*x_7 + 3*x_6*x_6 + 2*x_6*x_7 + 3*x_7*x_7 <= 22']",quadratic_knapsack+quadratic_knapsack,8,2, 2*x_0 + -5*x_0 x_1 + 2*x_0 x_2 + 3*x_0 x_3 + -4*x_0 x_4 + -1*x_0 x_5 + -3*x_0 x_6 + -2*x_0 x_7 + 2*x_1 + -5*x_1 x_2 + 3*x_1 x_3 + -2*x_1 x_4 + 4*x_1 x_5 + -5*x_1 x_6 + 1*x_1 x_7 + -5*x_2 + 4*x_2 x_3 + 4*x_2 x_4 + -1*x_2 x_5 + -5*x_2 x_7 + -1*x_3 + 1*x_3 x_4 + 1*x_3 x_5 + 4*x_3 x_6 + 3*x_3 x_7 + -1*x_4 + -5*x_4 x_5 + -2*x_4 x_6 + -2*x_4 x_7 + -3*x_5 + -4*x_5 x_7 + 4*x_6 + 3*x_6 x_7 + -1*x_7,True,1,0.0031178895632425945,0.38552652367432133,0.56389375,1.0,0.0179,True,True,,,,,,,,False,0.0031178895632425945,0.0031178895632425945
"['1*x_0*x_0 + 1*x_0*x_1 + 3*x_0*x_2 + 2*x_0*x_3 + 1*x_1*x_1 + 2*x_1*x_2 + 3*x_1*x_3 + 2*x_2*x_2 + 3*x_2*x_3 + 3*x_3*x_3 <= 7', 'x_4 + x_5 + x_6 + x_7 >= 0']",quadratic_knapsack+cardinality,8,2, 1*x_0 + -3*x_0 x_1 + -5*x_0 x_2 + -2*x_0 x_3 + -2*x_0 x_4 + -4*x_0 x_5 + -5*x_0 x_6 + -2*x_0 x_7 + -2*x_1 + 2*x_1 x_4 + 4*x_1 x_5 + -2*x_1 x_6 + -4*x_1 x_7 + -1*x_2 + -5*x_2 x_4 + 4*x_2 x_5 + 2*x_2 x_6 + 2*x_2 x_7 + -5*x_3 + -5*x_3 x_4 + 2*x_3 x_5 + 1*x_3 x_6 + -3*x_3 x_7 + -2*x_4 + -1*x_4 x_5 + 1*x_4 x_6 + 4*x_4 x_7 + 3*x_5 + -2*x_5 x_6 + -2*x_5 x_7 + -5*x_6 + 1*x_6 x_7 + -3*x_7,True,1,0.003164305488268534,0.40616800267194264,0.5320342105263157,1.0,0.0306,True,True,,,,,,,,False,0.003164305488268534,0.003164305488268534
"['x_0 + x_1 + x_2 >= 0', 'x_3 + x_4 <= 1']",cardinality+cardinality,5,2, 3*x_0 + -4*x_0 x_1 + -5*x_0 x_2 + -3*x_0 x_3 + 1*x_0 x_4 + -4*x_1 + 3*x_1 x_2 + -3*x_1 x_3 + -3*x_1 x_4 + -5*x_2 x_3 + 2*x_2 x_4 + -2*x_3 + -3*x_3 x_4,True,1,0.0015056488249037,0.4589942339687519,0.5148,1.0,0.1522,True,True,1.0,0.0032936179637908934,0.9678159388043204,0.5343125,0.9554,0.1993,True,True,0.0032936179637908934,0.0015056488249037
"['8*x_4 + 5*x_5 + 7*x_6 + 4*x_7 <= 11', 'x_0 + x_1 + x_2 + x_3 >= 0']",cardinality+knapsack,8,2, 4*x_0 + 4*x_0 x_1 + -3*x_0 x_2 + -3*x_0 x_3 + -1*x_0 x_4 + 2*x_0 x_5 + 1*x_0 x_6 + -2*x_0 x_7 + -4*x_1 + -4*x_1 x_2 + 4*x_1 x_3 + 4*x_1 x_4 + -2*x_1 x_5 + 3*x_1 x_6 + -5*x_1 x_7 + -3*x_2 + 4*x_2 x_3 + -1*x_2 x_4 + 4*x_2 x_5 + -1*x_2 x_7 + -2*x_3 + 3*x_3 x_4 + 4*x_3 x_5 + 4*x_3 x_6 + -1*x_4 + 4*x_4 x_5 + -1*x_4 x_6 + 4*x_4 x_7 + -3*x_5 + 4*x_5 x_6 + 3*x_5 x_7 + -5*x_6 + 4*x_6 x_7 + 4*x_7,True,1,0.003317113187577989,0.8012809087604671,0.6555347826086957,1.0,0.1559,True,True,,,,,,,,False,0.003317113187577989,0.003317113187577989
"['1*x_0*x_0 + 1*x_0*x_1 + 3*x_0*x_2 + 2*x_0*x_3 + 1*x_1*x_1 + 2*x_1*x_2 + 3*x_1*x_3 + 2*x_2*x_2 + 3*x_2*x_3 + 3*x_3*x_3 <= 7', '1*x_4*x_4 + 5*x_4*x_5 + 1*x_4*x_6 + 3*x_5*x_5 + 3*x_5*x_6 + 5*x_6*x_6 <= 10']",quadratic_knapsack+quadratic_knapsack,7,2, 3*x_0 + -2*x_0 x_2 + -1*x_0 x_3 + -5*x_0 x_4 + 1*x_0 x_5 + 2*x_0 x_6 + -5*x_1 x_2 + -4*x_1 x_3 + -3*x_1 x_4 + -2*x_1 x_5 + 2*x_1 x_6 + 4*x_2 + 3*x_2 x_3 + -2*x_2 x_4 + -1*x_2 x_5 + 4*x_3 + 3*x_3 x_4 + 4*x_3 x_6 + -3*x_4 + -3*x_4 x_5 + 3*x_4 x_6 + 3*x_5 + 4*x_5 x_6 + -4*x_6,True,1,0.0034605163998074,0.6367809595736902,0.5550545454545455,1.0,0.0197,True,True,,,,,,,,False,0.0034605163998074,0.0034605163998074
"['5*x_0*x_0 + 1*x_0*x_1 + 2*x_0*x_2 + 5*x_1*x_1 + 1*x_1*x_2 + 3*x_2*x_2 <= 6', '5*x_3*x_3 + 3*x_3*x_4 + 1*x_3*x_5 + 5*x_3*x_6 + 3*x_4*x_4 + 1*x_4*x_5 + 4*x_4*x_6 + 5*x_5*x_5 + 5*x_5*x_6 + 1*x_6*x_6 <= 20']",quadratic_knapsack+quadratic_knapsack,7,2, 3*x_0 + -2*x_0 x_2 + -1*x_0 x_3 + -5*x_0 x_4 + 1*x_0 x_5 + 2*x_0 x_6 + -5*x_1 x_2 + -4*x_1 x_3 + -3*x_1 x_4 + -2*x_1 x_5 + 2*x_1 x_6 + 4*x_2 + 3*x_2 x_3 + -2*x_2 x_4 + -1*x_2 x_5 + 4*x_3 + 3*x_3 x_4 + 4*x_3 x_6 + -3*x_4 + -3*x_4 x_5 + 3*x_4 x_6 + 3*x_5 + 4*x_5 x_6 + -4*x_6,True,1,0.003532529738214281,0.6002277147457086,0.667047619047619,1.0,0.1235,True,True,,,,,,,,False,0.003532529738214281,0.003532529738214281
"['1*x_3*x_3 + 2*x_3*x_4 + 1*x_3*x_5 + 1*x_4*x_4 + 5*x_4*x_5 + 1*x_5*x_5 <= 6', '3*x_0*x_0 + 1*x_0*x_1 + 3*x_0*x_2 + 1*x_1*x_1 + 4*x_1*x_2 + 3*x_2*x_2 <= 5']",quadratic_knapsack+quadratic_knapsack,6,2, -5*x_0 + -1*x_0 x_1 + 3*x_0 x_2 + -5*x_0 x_3 + 1*x_0 x_4 + -5*x_0 x_5 + -1*x_1 + 2*x_1 x_2 + 1*x_1 x_3 + -4*x_1 x_4 + 2*x_1 x_5 + 3*x_2 + -4*x_2 x_4 + 2*x_2 x_5 + 3*x_3 + 2*x_3 x_4 + -1*x_3 x_5 + 4*x_4 + 2*x_5,True,1,0.0035333328114615548,0.7109979430250682,0.649745,1.0,0.2188,True,True,,,,,,,,False,0.0035333328114615548,0.0035333328114615548
"['1*x_4*x_4 + 5*x_4*x_5 + 4*x_4*x_6 + 2*x_5*x_5 + 2*x_5*x_6 + 2*x_6*x_6 <= 8', '4*x_0 + 2*x_1 + 10*x_2 + 8*x_3 <= 13']",knapsack+quadratic_knapsack,7,2, -4*x_0 + 4*x_0 x_1 + -2*x_0 x_2 + -2*x_0 x_3 + 4*x_0 x_4 + -5*x_0 x_5 + -1*x_0 x_6 + -3*x_1 x_2 + 4*x_1 x_3 + 2*x_1 x_4 + 1*x_1 x_5 + -5*x_1 x_6 + -5*x_2 + -4*x_2 x_3 + 1*x_2 x_4 + -3*x_2 x_5 + 2*x_2 x_6 + -3*x_3 + 3*x_3 x_4 + 4*x_4 + -2*x_4 x_5 + 1*x_4 x_6 + -4*x_5 + -4*x_5 x_6 + -5*x_6,True,1,0.0035359768072764078,0.47550889933324025,0.5985315789473684,1.0,0.1441,True,True,,,,,,,,False,0.0035359768072764078,0.0035359768072764078
"['5*x_4*x_4 + 3*x_4*x_5 + 1*x_4*x_6 + 5*x_4*x_7 + 3*x_5*x_5 + 1*x_5*x_6 + 4*x_5*x_7 + 5*x_6*x_6 + 5*x_6*x_7 + 1*x_7*x_7 <= 20', 'x_0 - x_1 - x_2 - x_3 == 0']",flow+quadratic_knapsack,8,2, -3*x_0 + -3*x_0 x_1 + 2*x_0 x_2 + 2*x_0 x_3 + 3*x_0 x_4 + -5*x_0 x_5 + -5*x_0 x_6 + -5*x_0 x_7 + -4*x_1 + -2*x_1 x_2 + 1*x_1 x_3 + -4*x_1 x_4 + 2*x_1 x_6 + 1*x_1 x_7 + -4*x_2 x_3 + 4*x_2 x_4 + -2*x_2 x_5 + 3*x_2 x_6 + -3*x_2 x_7 + -1*x_3 + -3*x_3 x_4 + -2*x_3 x_5 + -2*x_3 x_6 + -3*x_3 x_7 + -2*x_4 + 1*x_4 x_5 + -5*x_4 x_6 + -1*x_4 x_7 + -4*x_5 + 3*x_5 x_6 + 2*x_5 x_7 + -2*x_6 x_7 + -3*x_7,True,1,0.0037099337577819825,0.4174540473160468,0.62211875,1.0,0.1179,True,True,,,,,,,,False,0.0037099337577819825,0.0037099337577819825
"['x_0 + x_1 == 1', 'x_2 + x_3 + x_4 + x_5 + x_6 == 5']",assignment+cardinality,7,2, 4*x_0 + 2*x_0 x_1 + -5*x_0 x_3 + 2*x_0 x_4 + -3*x_0 x_5 + 1*x_0 x_6 + -3*x_1 + -4*x_1 x_2 + -1*x_1 x_3 + 1*x_1 x_4 + 3*x_1 x_5 + 2*x_1 x_6 + 4*x_2 x_3 + -1*x_2 x_4 + -3*x_2 x_5 + 4*x_2 x_6 + 2*x_3 + -2*x_3 x_4 + 4*x_3 x_5 + -2*x_3 x_6 + 3*x_4 + -1*x_4 x_6 + 2*x_5 + -2*x_5 x_6 + -1*x_6,True,1,0.0019341340329911973,0.33332932056713704,0.9998999999999993,1.0,0.9999,True,True,1.0,0.0037214119566811458,0.98556988912321,0.3792000000000007,0.7595,0.3792,True,True,0.0037214119566811458,0.0019341340329911973
"['x_0 + x_1 + x_2 + x_3 >= 1', 'x_4 + x_5 <= 2']",cardinality+cardinality,6,2, -5*x_0 + -4*x_0 x_1 + -3*x_0 x_2 + -5*x_0 x_3 + 1*x_0 x_4 + -4*x_0 x_5 + -3*x_1 + -1*x_1 x_2 + 3*x_1 x_3 + -2*x_1 x_4 + 4*x_1 x_5 + -2*x_2 + -1*x_2 x_3 + -4*x_2 x_4 + 4*x_3 + -5*x_3 x_4 + 4*x_3 x_5 + -2*x_4 + -5*x_5,True,1,0.0012225074900521172,0.5684433219054735,0.569472972972973,1.0,0.0276,True,True,1.0,0.0037359678082995946,0.9606666657181107,0.6072297297297297,0.9993,0.1169,True,True,0.0037359678082995946,0.0012225074900521172
"['1*x_0 + 9*x_1 + 5*x_2 + 2*x_3 + 10*x_4 <= 10', '10*x_5 + 8*x_6 + 10*x_7 <= 9']",knapsack+knapsack,8,2, -1*x_0 + -4*x_0 x_1 + 1*x_0 x_2 + 3*x_0 x_3 + -1*x_0 x_4 + -1*x_0 x_5 + -1*x_0 x_6 + 1*x_0 x_7 + 4*x_1 + -3*x_1 x_2 + 3*x_1 x_3 + 4*x_1 x_4 + -5*x_1 x_5 + -2*x_1 x_6 + -1*x_1 x_7 + -3*x_2 x_3 + -5*x_2 x_4 + 2*x_2 x_5 + -4*x_2 x_6 + -3*x_2 x_7 + -2*x_3 + 4*x_3 x_4 + -1*x_3 x_6 + -5*x_3 x_7 + -5*x_4 + -4*x_4 x_5 + 4*x_4 x_6 + -1*x_4 x_7 + -1*x_5 + 2*x_5 x_6 + 3*x_5 x_7 + -4*x_6 + -5*x_6 x_7,True,1,0.003736047082477146,0.3816890784652846,0.6051,1.0,0.1653,True,True,,,,,,,,False,0.003736047082477146,0.003736047082477146
"['x_0 + x_1 + x_2 <= 3', 'x_3 + x_4 + x_5 == 1']",cardinality+assignment,6,2, 2*x_0 + -5*x_0 x_1 + 2*x_0 x_2 + -4*x_0 x_3 + -2*x_0 x_4 + 4*x_0 x_5 + -4*x_1 + -5*x_1 x_2 + -5*x_1 x_3 + -5*x_1 x_4 + -5*x_1 x_5 + 1*x_2 + 4*x_2 x_3 + -1*x_2 x_4 + -1*x_2 x_5 + -5*x_3 + -5*x_3 x_5 + -1*x_4 + 1*x_4 x_5 + -1*x_5,True,1,0.0017347486151589287,0.47931167614453585,0.7151142857142857,1.0,0.1928,True,True,1.0,0.0037397350867589313,0.9555851553958722,0.4517392857142858,0.7891,0.0737,True,True,0.0037397350867589313,0.0017347486151589287
"['x_0 + x_1 == 2', 'x_2 + x_3 + x_4 + x_5 >= 1']",cardinality+cardinality,6,2, 1*x_0 + 4*x_0 x_1 + 3*x_0 x_2 + -1*x_0 x_3 + -3*x_0 x_4 + -1*x_1 + -5*x_1 x_2 + -3*x_1 x_3 + -2*x_1 x_4 + -1*x_1 x_5 + -1*x_2 + 4*x_2 x_4 + -5*x_2 x_5 + 3*x_3 + 4*x_3 x_4 + -1*x_3 x_5 + -3*x_4 + 3*x_4 x_5 + 2*x_5,True,1,0.0018708387348386976,0.4843536339260542,0.6653,1.0,0.1365,True,True,1.0,0.0037591859367158676,0.9798772350296455,0.69082,0.9036,0.1967,True,True,0.0037591859367158676,0.0018708387348386976
"['1*x_3*x_3 + 4*x_3*x_4 + 1*x_3*x_5 + 2*x_3*x_6 + 5*x_4*x_4 + 4*x_4*x_5 + 3*x_4*x_6 + 5*x_5*x_5 + 4*x_5*x_6 + 2*x_6*x_6 <= 18', 'x_0 + x_1 + x_2 >= 2']",cardinality+quadratic_knapsack,7,2, 4*x_0 + 4*x_0 x_1 + 1*x_0 x_2 + 3*x_0 x_3 + 1*x_0 x_4 + -3*x_0 x_5 + -3*x_0 x_6 + -5*x_1 + -2*x_1 x_2 + -5*x_1 x_3 + -4*x_1 x_4 + -4*x_1 x_5 + 1*x_2 + 4*x_2 x_3 + 2*x_2 x_4 + -4*x_2 x_5 + -4*x_2 x_6 + -2*x_3 + 2*x_3 x_4 + -5*x_3 x_5 + -2*x_3 x_6 + 2*x_4 + 1*x_4 x_5 + 3*x_4 x_6 + 4*x_5 + -4*x_5 x_6 + -2*x_6,True,1,0.0037945861948861016,0.5767229823103978,0.5750979166666667,1.0,0.0885,True,True,,,,,,,,False,0.0037945861948861016,0.0037945861948861016
"['5*x_0*x_0 + 3*x_0*x_1 + 4*x_0*x_2 + 5*x_0*x_3 + 1*x_0*x_4 + 1*x_1*x_1 + 4*x_1*x_2 + 2*x_1*x_3 + 3*x_1*x_4 + 4*x_2*x_2 + 5*x_2*x_3 + 1*x_2*x_4 + 1*x_3*x_3 + 5*x_3*x_4 + 2*x_4*x_4 <= 17', 'x_5 + x_6 >= 0']",quadratic_knapsack+cardinality,7,2, 4*x_0 + 2*x_0 x_1 + -5*x_0 x_3 + 2*x_0 x_4 + -3*x_0 x_5 + 1*x_0 x_6 + -3*x_1 + -4*x_1 x_2 + -1*x_1 x_3 + 1*x_1 x_4 + 3*x_1 x_5 + 2*x_1 x_6 + 4*x_2 x_3 + -1*x_2 x_4 + -3*x_2 x_5 + 4*x_2 x_6 + 2*x_3 + -2*x_3 x_4 + 4*x_3 x_5 + -2*x_3 x_6 + 3*x_4 + -1*x_4 x_6 + 2*x_5 + -2*x_5 x_6 + -1*x_6,True,1,0.0038942244980070327,0.5066920407598497,0.5110055555555552,1.0,0.0379,True,True,,,,,,,,False,0.0038942244980070327,0.0038942244980070327
"['1*x_0*x_0 + 4*x_0*x_1 + 1*x_0*x_2 + 5*x_0*x_3 + 2*x_1*x_1 + 3*x_1*x_2 + 3*x_1*x_3 + 5*x_2*x_2 + 4*x_2*x_3 + 5*x_3*x_3 <= 22', '8*x_4 + 5*x_5 + 7*x_6 + 4*x_7 <= 11']",quadratic_knapsack+knapsack,8,2, 4*x_0 + 1*x_0 x_1 + -3*x_0 x_2 + -4*x_0 x_3 + -5*x_0 x_4 + -2*x_0 x_5 + -1*x_0 x_6 + 2*x_0 x_7 + -4*x_1 + 1*x_1 x_2 + 3*x_1 x_3 + 3*x_1 x_4 + -1*x_1 x_5 + -1*x_1 x_6 + -1*x_1 x_7 + -5*x_2 + 4*x_2 x_3 + -3*x_2 x_4 + 4*x_2 x_5 + -2*x_2 x_6 + -3*x_2 x_7 + -5*x_3 + -5*x_3 x_4 + -5*x_3 x_5 + -1*x_3 x_6 + -2*x_3 x_7 + -1*x_4 + -2*x_4 x_5 + 1*x_4 x_6 + -5*x_4 x_7 + -4*x_5 + -5*x_5 x_6 + 3*x_5 x_7 + 4*x_6 + -1*x_6 x_7 + 4*x_7,True,1,0.0038971934715906777,0.35258616168740403,0.5047342857142856,1.0,0.0,True,True,,,,,,,,False,0.0038971934715906777,0.0038971934715906777
"['x_0 + x_1 + x_2 >= 1', 'x_3 + x_4 <= 0']",cardinality+cardinality,5,2, -3*x_0 + -4*x_0 x_1 + -5*x_0 x_2 + -4*x_0 x_3 + -2*x_0 x_4 + -4*x_1 + -1*x_1 x_2 + -3*x_1 x_3 + -2*x_1 x_4 + -5*x_2 + 4*x_2 x_3 + 1*x_2 x_4 + -2*x_3 + -4*x_3 x_4 + 1*x_4,True,1,0.0007951425181494819,0.48811488754495697,0.6604315789473684,1.0,0.4444,True,True,2.0,0.004000187714894613,0.9825580353560376,0.25647368421052635,0.9164,0.0042,True,True,0.004000187714894613,0.0007951425181494819
"['2*x_0*x_0 + 4*x_0*x_1 + 5*x_0*x_2 + 1*x_0*x_3 + 4*x_0*x_4 + 2*x_1*x_1 + 4*x_1*x_2 + 4*x_1*x_3 + 1*x_1*x_4 + 2*x_2*x_2 + 3*x_2*x_3 + 3*x_2*x_4 + 3*x_3*x_3 + 2*x_3*x_4 + 1*x_4*x_4 <= 19', '3*x_5*x_5 + 1*x_5*x_6 + 3*x_5*x_7 + 1*x_6*x_6 + 4*x_6*x_7 + 3*x_7*x_7 <= 5']",quadratic_knapsack+quadratic_knapsack,8,2, 3*x_0 + -3*x_0 x_1 + 1*x_0 x_2 + 4*x_0 x_3 + 4*x_0 x_4 + 4*x_0 x_5 + -5*x_0 x_6 + -1*x_0 x_7 + -2*x_1 + -2*x_1 x_2 + 3*x_1 x_3 + -3*x_1 x_4 + -5*x_1 x_5 + -1*x_1 x_6 + 1*x_1 x_7 + -5*x_2 + 1*x_2 x_4 + -4*x_2 x_5 + -5*x_2 x_6 + 1*x_2 x_7 + 2*x_3 + 3*x_3 x_4 + 2*x_3 x_5 + -4*x_3 x_6 + -3*x_3 x_7 + -4*x_4 + -2*x_4 x_5 + -2*x_4 x_6 + -4*x_4 x_7 + -1*x_5 + 1*x_5 x_6 + -5*x_6 + -5*x_6 x_7 + 3*x_7,True,1,0.0040303172005547415,0.43662616152321265,0.4675444444444444,1.0,0.0037,True,True,,,,,,,,False,0.0040303172005547415,0.0040303172005547415
"['5*x_4*x_4 + 3*x_4*x_5 + 5*x_4*x_6 + 4*x_5*x_5 + 5*x_5*x_6 + 3*x_6*x_6 <= 14', '7*x_0 + 7*x_1 + 10*x_2 + 2*x_3 <= 10']",knapsack+quadratic_knapsack,7,2, -3*x_0 + -4*x_0 x_1 + -4*x_0 x_2 + -1*x_0 x_4 + 4*x_0 x_5 + 2*x_0 x_6 + 4*x_1 + 4*x_1 x_2 + -1*x_1 x_3 + -1*x_1 x_4 + 1*x_1 x_5 + -1*x_1 x_6 + -3*x_2 + -4*x_2 x_3 + -2*x_2 x_4 + 1*x_2 x_6 + -1*x_3 + 4*x_3 x_4 + -1*x_3 x_5 + -3*x_3 x_6 + -1*x_4 + -3*x_4 x_5 + 2*x_5 + 3*x_5 x_6 + -1*x_6,True,1,0.004042079713609484,0.4774601125191654,0.6949400000000001,1.0,0.072,True,True,,,,,,,,False,0.004042079713609484,0.004042079713609484
"['x_0 + x_1 == 1', 'x_2 + x_3 + x_4 + x_5 + x_6 <= 3']",cardinality+cardinality,7,2, -3*x_0 + -4*x_0 x_1 + -4*x_0 x_2 + -1*x_0 x_4 + 4*x_0 x_5 + 2*x_0 x_6 + 4*x_1 + 4*x_1 x_2 + -1*x_1 x_3 + -1*x_1 x_4 + 1*x_1 x_5 + -1*x_1 x_6 + -3*x_2 + -4*x_2 x_3 + -2*x_2 x_4 + 1*x_2 x_6 + -1*x_3 + 4*x_3 x_4 + -1*x_3 x_5 + -3*x_3 x_6 + -1*x_4 + -3*x_4 x_5 + 2*x_5 + 3*x_5 x_6 + -1*x_6,True,1,0.0015917872058020697,0.5905416087101923,0.5924423076923077,1.0,0.0386,True,True,1.0,0.004095889462365045,0.9692257700402223,0.35965,0.8832,0.0,True,True,0.004095889462365045,0.0015917872058020697
"['1*x_0*x_0 + 5*x_0*x_1 + 4*x_0*x_2 + 2*x_1*x_1 + 2*x_1*x_2 + 2*x_2*x_2 <= 8', '4*x_3*x_3 + 1*x_3*x_4 + 2*x_3*x_5 + 4*x_3*x_6 + 1*x_3*x_7 + 2*x_4*x_4 + 3*x_4*x_5 + 1*x_4*x_6 + 1*x_4*x_7 + 3*x_5*x_5 + 3*x_5*x_6 + 4*x_5*x_7 + 1*x_6*x_6 + 3*x_6*x_7 + 2*x_7*x_7 <= 11']",quadratic_knapsack+quadratic_knapsack,8,2, 1*x_0 + -5*x_0 x_1 + -1*x_0 x_2 + 4*x_0 x_3 + -2*x_0 x_4 + 2*x_0 x_5 + -1*x_0 x_6 + 1*x_1 x_2 + -5*x_1 x_3 + -1*x_1 x_4 + 2*x_1 x_5 + 3*x_1 x_6 + -4*x_1 x_7 + -4*x_2 + -5*x_2 x_3 + -5*x_2 x_4 + -3*x_2 x_5 + 3*x_2 x_7 + -5*x_3 + -2*x_3 x_4 + -1*x_3 x_5 + -2*x_3 x_6 + -4*x_3 x_7 + -2*x_4 + 3*x_4 x_5 + -4*x_4 x_6 + 4*x_4 x_7 + -5*x_5 + -3*x_5 x_7 + -5*x_6 + -1*x_6 x_7,True,1,0.004123686419592963,0.3108495420332682,0.4944354838709678,1.0,0.0614,True,True,,,,,,,,False,0.004123686419592963,0.004123686419592963
"['x_0 + x_1 <= 2', 'x_2 + x_3 + x_4 + x_5 >= 0']",cardinality+cardinality,6,2, 4*x_0 + -1*x_0 x_1 + 3*x_0 x_2 + -1*x_0 x_3 + -4*x_0 x_4 + 1*x_0 x_5 + 3*x_1 + 1*x_1 x_2 + -3*x_1 x_3 + -5*x_1 x_4 + -2*x_1 x_5 + -2*x_2 + -4*x_2 x_3 + -3*x_2 x_4 + 2*x_2 x_5 + -5*x_3 + -2*x_3 x_4 + 4*x_4 + -5*x_5,True,1,0.0011086986462275187,0.5453749091915069,0.547551724137931,1.0,0.0256,True,True,1.0,0.004168231553501553,0.9645888661725316,0.5378310344827586,1.0,0.0363,True,True,0.004168231553501553,0.0011086986462275187
"['1*x_3*x_3 + 4*x_3*x_4 + 1*x_3*x_5 + 2*x_3*x_6 + 5*x_4*x_4 + 4*x_4*x_5 + 3*x_4*x_6 + 5*x_5*x_5 + 4*x_5*x_6 + 2*x_6*x_6 <= 18', '5*x_0 + 4*x_1 + 1*x_2 <= 6']",knapsack+quadratic_knapsack,7,2, 3*x_0 + 4*x_0 x_1 + 1*x_0 x_2 + -5*x_0 x_3 + -5*x_0 x_4 + -4*x_1 + -4*x_1 x_2 + -3*x_1 x_3 + -4*x_1 x_4 + 1*x_1 x_6 + 3*x_2 + 3*x_2 x_3 + 1*x_2 x_4 + -1*x_2 x_5 + -4*x_3 + 2*x_3 x_4 + 1*x_3 x_5 + -5*x_3 x_6 + -5*x_4 + -3*x_4 x_5 + 4*x_4 x_6 + -4*x_5 + -3*x_5 x_6 + 4*x_6,True,1,0.004230785038736131,0.5249971644605711,0.62115,1.0,0.0074,True,True,,,,,,,,False,0.004230785038736131,0.004230785038736131
"['1*x_0*x_0 + 4*x_0*x_1 + 1*x_0*x_2 + 2*x_0*x_3 + 5*x_1*x_1 + 4*x_1*x_2 + 3*x_1*x_3 + 5*x_2*x_2 + 4*x_2*x_3 + 2*x_3*x_3 <= 18', '6*x_4 + 2*x_5 + 2*x_6 <= 3']",quadratic_knapsack+knapsack,7,2, 3*x_0 + 4*x_0 x_1 + 1*x_0 x_2 + -5*x_0 x_3 + -5*x_0 x_4 + -4*x_1 + -4*x_1 x_2 + -3*x_1 x_3 + -4*x_1 x_4 + 1*x_1 x_6 + 3*x_2 + 3*x_2 x_3 + 1*x_2 x_4 + -1*x_2 x_5 + -4*x_3 + 2*x_3 x_4 + 1*x_3 x_5 + -5*x_3 x_6 + -5*x_4 + -3*x_4 x_5 + 4*x_4 x_6 + -4*x_5 + -3*x_5 x_6 + 4*x_6,True,1,0.004261983434359232,0.5261587710957919,0.7986599999999998,1.0,0.4828,True,True,,,,,,,,False,0.004261983434359232,0.004261983434359232
"['5*x_2*x_2 + 3*x_2*x_3 + 1*x_2*x_4 + 5*x_2*x_5 + 3*x_3*x_3 + 1*x_3*x_4 + 4*x_3*x_5 + 5*x_4*x_4 + 5*x_4*x_5 + 1*x_5*x_5 <= 20', 'x_0 + x_1 == 1']",assignment+quadratic_knapsack,6,2, -2*x_0 + -4*x_0 x_1 + 2*x_0 x_2 + 2*x_0 x_3 + 3*x_0 x_4 + -5*x_0 x_5 + -1*x_1 + 1*x_1 x_3 + -2*x_1 x_4 + -5*x_2 x_3 + 4*x_2 x_4 + 3*x_2 x_5 + 3*x_3 + -3*x_3 x_4 + 2*x_3 x_5 + -1*x_4 + 2*x_4 x_5 + 3*x_5,True,1,0.004267909460597568,0.6146974180459401,0.7775166666666665,1.0,0.3953,True,True,,,,,,,,False,0.004267909460597568,0.004267909460597568
"['4*x_0*x_0 + 4*x_0*x_1 + 1*x_0*x_2 + 5*x_0*x_3 + 5*x_1*x_1 + 5*x_1*x_2 + 5*x_1*x_3 + 1*x_2*x_2 + 4*x_2*x_3 + 1*x_3*x_3 <= 11', 'x_4 + x_5 + x_6 >= 0']",quadratic_knapsack+cardinality,7,2, -3*x_0 + -4*x_0 x_1 + -4*x_0 x_2 + -1*x_0 x_4 + 4*x_0 x_5 + 2*x_0 x_6 + 4*x_1 + 4*x_1 x_2 + -1*x_1 x_3 + -1*x_1 x_4 + 1*x_1 x_5 + -1*x_1 x_6 + -3*x_2 + -4*x_2 x_3 + -2*x_2 x_4 + 1*x_2 x_6 + -1*x_3 + 4*x_3 x_4 + -1*x_3 x_5 + -3*x_3 x_6 + -1*x_4 + -3*x_4 x_5 + 2*x_5 + 3*x_5 x_6 + -1*x_6,True,1,0.004374958607885573,0.4990716891404224,0.5392249999999997,1.0,0.0091,True,True,,,,,,,,False,0.004374958607885573,0.004374958607885573
"['x_0 + x_1 >= 1', 'x_2 + x_3 + x_4 - x_5 - x_6 - x_7 == 0']",cardinality+flow,8,2, 1*x_0 + -5*x_0 x_1 + -1*x_0 x_2 + 4*x_0 x_3 + -2*x_0 x_4 + 2*x_0 x_5 + -1*x_0 x_6 + 1*x_1 x_2 + -5*x_1 x_3 + -1*x_1 x_4 + 2*x_1 x_5 + 3*x_1 x_6 + -4*x_1 x_7 + -4*x_2 + -5*x_2 x_3 + -5*x_2 x_4 + -3*x_2 x_5 + 3*x_2 x_7 + -5*x_3 + -2*x_3 x_4 + -1*x_3 x_5 + -2*x_3 x_6 + -4*x_3 x_7 + -2*x_4 + 3*x_4 x_5 + -4*x_4 x_6 + 4*x_4 x_7 + -5*x_5 + -3*x_5 x_7 + -5*x_6 + -1*x_6 x_7,True,1,0.00228240708510081,0.4649661860636111,0.4511583333333333,1.0,0.0067,True,True,1.0,0.004448326428731283,0.9355394353601367,0.3174604166666667,0.7738,0.0118,True,True,0.004448326428731283,0.00228240708510081
"['4*x_0*x_0 + 4*x_0*x_1 + 1*x_0*x_2 + 5*x_0*x_3 + 5*x_1*x_1 + 5*x_1*x_2 + 5*x_1*x_3 + 1*x_2*x_2 + 4*x_2*x_3 + 1*x_3*x_3 <= 11', 'x_4 + x_5 + x_6 + x_7 == 4']",quadratic_knapsack+cardinality,8,2, 2*x_0 + 3*x_0 x_1 + -2*x_0 x_3 + -1*x_0 x_4 + 3*x_0 x_5 + 4*x_0 x_6 + -5*x_0 x_7 + 4*x_1 + 2*x_1 x_2 + -4*x_1 x_3 + -2*x_1 x_4 + -4*x_1 x_5 + -3*x_1 x_6 + -2*x_1 x_7 + -4*x_2 x_3 + 2*x_2 x_4 + 3*x_2 x_5 + 1*x_2 x_6 + -4*x_2 x_7 + 1*x_3 + -1*x_3 x_4 + 3*x_3 x_5 + -1*x_3 x_6 + -5*x_4 + -4*x_4 x_5 + -5*x_4 x_6 + -3*x_4 x_7 + 3*x_5 + 4*x_5 x_6 + -3*x_5 x_7 + -3*x_7,True,1,0.004638585911856757,0.8439347781135055,0.5955428571428574,1.0,0.0791,True,True,,,,,,,,False,0.004638585911856757,0.004638585911856757
"['x_0 + x_1 + x_2 + x_3 == 2', 'x_4 + x_5 == 1', 'x_6 + x_7 >= 0']",cardinality+assignment+cardinality,8,3, -1*x_0 + -4*x_0 x_1 + 1*x_0 x_2 + 3*x_0 x_3 + -1*x_0 x_4 + -1*x_0 x_5 + -1*x_0 x_6 + 1*x_0 x_7 + 4*x_1 + -3*x_1 x_2 + 3*x_1 x_3 + 4*x_1 x_4 + -5*x_1 x_5 + -2*x_1 x_6 + -1*x_1 x_7 + -3*x_2 x_3 + -5*x_2 x_4 + 2*x_2 x_5 + -4*x_2 x_6 + -3*x_2 x_7 + -2*x_3 + 4*x_3 x_4 + -1*x_3 x_6 + -5*x_3 x_7 + -5*x_4 + -4*x_4 x_5 + 4*x_4 x_6 + -1*x_4 x_7 + -1*x_5 + 2*x_5 x_6 + 3*x_5 x_7 + -4*x_6 + -5*x_6 x_7,True,1,0.0016200947761535645,0.5928633670327722,0.6041210526315789,1.0,0.1613,True,True,1.0,0.004895780020289951,0.9061741356175463,0.3623236842105263,0.7649,0.0312,True,True,0.004895780020289951,0.0016200947761535645
"['5*x_0*x_0 + 3*x_0*x_1 + 1*x_0*x_2 + 5*x_0*x_3 + 3*x_1*x_1 + 1*x_1*x_2 + 4*x_1*x_3 + 5*x_2*x_2 + 5*x_2*x_3 + 1*x_3*x_3 <= 20', 'x_4 + x_5 == 1']",quadratic_knapsack+assignment,6,2, -5*x_0 + -1*x_0 x_1 + 3*x_0 x_2 + -5*x_0 x_3 + 1*x_0 x_4 + -5*x_0 x_5 + -1*x_1 + 2*x_1 x_2 + 1*x_1 x_3 + -4*x_1 x_4 + 2*x_1 x_5 + 3*x_2 + -4*x_2 x_4 + 2*x_2 x_5 + 3*x_3 + 2*x_3 x_4 + -1*x_3 x_5 + 4*x_4 + 2*x_5,True,1,0.005127096242374844,0.5478956511182923,0.5489499999999999,1.0,0.1042,True,True,,,,,,,,False,0.005127096242374844,0.005127096242374844
"['5*x_0*x_0 + 3*x_0*x_1 + 1*x_0*x_2 + 5*x_0*x_3 + 3*x_1*x_1 + 1*x_1*x_2 + 4*x_1*x_3 + 5*x_2*x_2 + 5*x_2*x_3 + 1*x_3*x_3 <= 20', 'x_4 + x_5 + x_6 >= 0']",quadratic_knapsack+cardinality,7,2, 3*x_0 + -2*x_0 x_2 + -1*x_0 x_3 + -5*x_0 x_4 + 1*x_0 x_5 + 2*x_0 x_6 + -5*x_1 x_2 + -4*x_1 x_3 + -3*x_1 x_4 + -2*x_1 x_5 + 2*x_1 x_6 + 4*x_2 + 3*x_2 x_3 + -2*x_2 x_4 + -1*x_2 x_5 + 4*x_3 + 3*x_3 x_4 + 4*x_3 x_6 + -3*x_4 + -3*x_4 x_5 + 3*x_4 x_6 + 3*x_5 + 4*x_5 x_6 + -4*x_6,True,1,0.005131915476587084,0.6047416137951305,0.5673906249999999,1.0,0.0137,True,True,,,,,,,,False,0.005131915476587084,0.005131915476587084
"['4*x_0*x_0 + 1*x_0*x_1 + 4*x_0*x_2 + 3*x_0*x_3 + 4*x_1*x_1 + 5*x_1*x_2 + 4*x_1*x_3 + 3*x_2*x_2 + 5*x_2*x_3 + 5*x_3*x_3 <= 24', '4*x_4 + 6*x_5 + 1*x_6 + 1*x_7 <= 6']",quadratic_knapsack+knapsack,8,2, 4*x_0 + 4*x_0 x_1 + -3*x_0 x_2 + -3*x_0 x_3 + -1*x_0 x_4 + 2*x_0 x_5 + 1*x_0 x_6 + -2*x_0 x_7 + -4*x_1 + -4*x_1 x_2 + 4*x_1 x_3 + 4*x_1 x_4 + -2*x_1 x_5 + 3*x_1 x_6 + -5*x_1 x_7 + -3*x_2 + 4*x_2 x_3 + -1*x_2 x_4 + 4*x_2 x_5 + -1*x_2 x_7 + -2*x_3 + 3*x_3 x_4 + 4*x_3 x_5 + 4*x_3 x_6 + -1*x_4 + 4*x_4 x_5 + -1*x_4 x_6 + 4*x_4 x_7 + -3*x_5 + 4*x_5 x_6 + 3*x_5 x_7 + -5*x_6 + 4*x_6 x_7 + 4*x_7,True,1,0.0051730712254842125,0.7490926718916495,0.6455571428571428,1.0,0.0012,True,True,,,,,,,,False,0.0051730712254842125,0.0051730712254842125
"['1*x_0*x_0 + 4*x_0*x_1 + 1*x_0*x_2 + 5*x_0*x_3 + 2*x_1*x_1 + 3*x_1*x_2 + 3*x_1*x_3 + 5*x_2*x_2 + 4*x_2*x_3 + 5*x_3*x_3 <= 22', '7*x_4 + 7*x_5 + 10*x_6 + 2*x_7 <= 10']",quadratic_knapsack+knapsack,8,2, 2*x_0 + -5*x_0 x_1 + 2*x_0 x_2 + 3*x_0 x_3 + -4*x_0 x_4 + -1*x_0 x_5 + -3*x_0 x_6 + -2*x_0 x_7 + 2*x_1 + -5*x_1 x_2 + 3*x_1 x_3 + -2*x_1 x_4 + 4*x_1 x_5 + -5*x_1 x_6 + 1*x_1 x_7 + -5*x_2 + 4*x_2 x_3 + 4*x_2 x_4 + -1*x_2 x_5 + -5*x_2 x_7 + -1*x_3 + 1*x_3 x_4 + 1*x_3 x_5 + 4*x_3 x_6 + 3*x_3 x_7 + -1*x_4 + -5*x_4 x_5 + -2*x_4 x_6 + -2*x_4 x_7 + -3*x_5 + -4*x_5 x_7 + 4*x_6 + 3*x_6 x_7 + -1*x_7,True,1,0.0052098276217778525,0.40504565111454016,0.5172612903225807,1.0,0.0767,True,True,,,,,,,,False,0.0052098276217778525,0.0052098276217778525
"['x_0 + x_1 >= 1', 'x_2 + x_3 + x_4 + x_5 + x_6 <= 5']",cardinality+cardinality,7,2, 3*x_0 + -2*x_0 x_2 + -1*x_0 x_3 + -5*x_0 x_4 + 1*x_0 x_5 + 2*x_0 x_6 + -5*x_1 x_2 + -4*x_1 x_3 + -3*x_1 x_4 + -2*x_1 x_5 + 2*x_1 x_6 + 4*x_2 + 3*x_2 x_3 + -2*x_2 x_4 + -1*x_2 x_5 + 4*x_3 + 3*x_3 x_4 + 4*x_3 x_6 + -3*x_4 + -3*x_4 x_5 + 3*x_4 x_6 + 3*x_5 + 4*x_5 x_6 + -4*x_6,True,1,0.0013551033867730035,0.6086905037527005,0.6093771428571425,1.0,0.0344,True,True,1.0,0.005219665500852797,0.9590946323940202,0.4562371428571429,0.7869,0.0016,True,True,0.005219665500852797,0.0013551033867730035
"['x_0 + x_1 + x_2 + x_3 <= 2', 'x_4 + x_5 <= 0']",cardinality+cardinality,6,2, 1*x_0 + 4*x_0 x_1 + 3*x_0 x_2 + -1*x_0 x_3 + -3*x_0 x_4 + -1*x_1 + -5*x_1 x_2 + -3*x_1 x_3 + -2*x_1 x_4 + -1*x_1 x_5 + -1*x_2 + 4*x_2 x_4 + -5*x_2 x_5 + 3*x_3 + 4*x_3 x_4 + -1*x_3 x_5 + -3*x_4 + 3*x_4 x_5 + 2*x_5,True,1,0.0008867511484358046,0.5080667958840932,0.5583727272727274,1.0,0.2931,True,True,2.0,0.005412267711427477,0.9907133252232136,0.8185909090909089,0.8849,0.7989,True,True,0.005412267711427477,0.0008867511484358046
"['x_0 + x_1 + x_2 + x_3 == 0', 'x_4 + x_5 + x_6 + x_7 == 1']",cardinality+cardinality,8,2, -3*x_0 + -3*x_0 x_1 + 2*x_0 x_2 + 2*x_0 x_3 + 3*x_0 x_4 + -5*x_0 x_5 + -5*x_0 x_6 + -5*x_0 x_7 + -4*x_1 + -2*x_1 x_2 + 1*x_1 x_3 + -4*x_1 x_4 + 2*x_1 x_6 + 1*x_1 x_7 + -4*x_2 x_3 + 4*x_2 x_4 + -2*x_2 x_5 + 3*x_2 x_6 + -3*x_2 x_7 + -1*x_3 + -3*x_3 x_4 + -2*x_3 x_5 + -2*x_3 x_6 + -3*x_3 x_7 + -2*x_4 + 1*x_4 x_5 + -5*x_4 x_6 + -1*x_4 x_7 + -4*x_5 + 3*x_5 x_6 + 2*x_5 x_7 + -2*x_6 x_7 + -3*x_7,True,1,0.0011758530139923096,0.1666294924600469,0.9996750000000001,1.0,0.9995,True,True,2.0,0.005527150233586629,0.9852226709821837,0.311575,0.7896,0.0001,True,True,0.005527150233586629,0.0011758530139923096
"['1*x_0*x_0 + 5*x_0*x_1 + 3*x_0*x_2 + 4*x_1*x_1 + 2*x_1*x_2 + 4*x_2*x_2 <= 7', '6*x_3 + 7*x_4 + 8*x_5 + 9*x_6 + 5*x_7 <= 14']",quadratic_knapsack+knapsack,8,2, -1*x_0 + -4*x_0 x_1 + 1*x_0 x_2 + 3*x_0 x_3 + -1*x_0 x_4 + -1*x_0 x_5 + -1*x_0 x_6 + 1*x_0 x_7 + 4*x_1 + -3*x_1 x_2 + 3*x_1 x_3 + 4*x_1 x_4 + -5*x_1 x_5 + -2*x_1 x_6 + -1*x_1 x_7 + -3*x_2 x_3 + -5*x_2 x_4 + 2*x_2 x_5 + -4*x_2 x_6 + -3*x_2 x_7 + -2*x_3 + 4*x_3 x_4 + -1*x_3 x_6 + -5*x_3 x_7 + -5*x_4 + -4*x_4 x_5 + 4*x_4 x_6 + -1*x_4 x_7 + -1*x_5 + 2*x_5 x_6 + 3*x_5 x_7 + -4*x_6 + -5*x_6 x_7,True,1,0.005692286292711893,0.37683659416223714,0.6114541666666666,1.0,0.0416,True,True,,,,,,,,False,0.005692286292711893,0.005692286292711893
"['x_0 + x_1 - x_2 - x_3 - x_4 == 0', 'x_5 + x_6 - x_7 == 0']",flow+flow,8,2, 2*x_0 + 3*x_0 x_1 + -2*x_0 x_3 + -1*x_0 x_4 + 3*x_0 x_5 + 4*x_0 x_6 + -5*x_0 x_7 + 4*x_1 + 2*x_1 x_2 + -4*x_1 x_3 + -2*x_1 x_4 + -4*x_1 x_5 + -3*x_1 x_6 + -2*x_1 x_7 + -4*x_2 x_3 + 2*x_2 x_4 + 3*x_2 x_5 + 1*x_2 x_6 + -4*x_2 x_7 + 1*x_3 + -1*x_3 x_4 + 3*x_3 x_5 + -1*x_3 x_6 + -5*x_4 + -4*x_4 x_5 + -5*x_4 x_6 + -3*x_4 x_7 + 3*x_5 + 4*x_5 x_6 + -3*x_5 x_7 + -3*x_7,True,1,0.0011147901746961805,0.7170653892404381,0.6627379310344828,1.0,0.1875,True,True,2.0,0.005790091355641683,0.9769225797319655,0.5289137931034483,0.915,0.1242,True,True,0.005790091355641683,0.0011147901746961805
"['x_0 + x_1 + x_2 >= 2', 'x_3 + x_4 + x_5 + x_6 <= 3']",cardinality+cardinality,7,2, -4*x_0 + 4*x_0 x_1 + -2*x_0 x_2 + -2*x_0 x_3 + 4*x_0 x_4 + -5*x_0 x_5 + -1*x_0 x_6 + -3*x_1 x_2 + 4*x_1 x_3 + 2*x_1 x_4 + 1*x_1 x_5 + -5*x_1 x_6 + -5*x_2 + -4*x_2 x_3 + 1*x_2 x_4 + -3*x_2 x_5 + 2*x_2 x_6 + -3*x_3 + 3*x_3 x_4 + 4*x_4 + -2*x_4 x_5 + 1*x_4 x_6 + -4*x_5 + -4*x_5 x_6 + -5*x_6,True,1,0.002021553383933173,0.6004453585515968,0.6001711538461537,1.0,0.0181,True,True,1.0,0.005915446546342638,0.9396297537240197,0.40585961538461535,0.8193,0.0001,True,True,0.005915446546342638,0.002021553383933173
"['2*x_5 + 10*x_6 + 4*x_7 <= 6', '3*x_0*x_0 + 1*x_0*x_1 + 5*x_0*x_2 + 2*x_0*x_3 + 5*x_0*x_4 + 2*x_1*x_1 + 5*x_1*x_2 + 5*x_1*x_3 + 5*x_1*x_4 + 2*x_2*x_2 + 3*x_2*x_3 + 3*x_2*x_4 + 4*x_3*x_3 + 1*x_3*x_4 + 5*x_4*x_4 <= 18']",quadratic_knapsack+knapsack,8,2, 3*x_0 + -3*x_0 x_1 + 1*x_0 x_2 + 4*x_0 x_3 + 4*x_0 x_4 + 4*x_0 x_5 + -5*x_0 x_6 + -1*x_0 x_7 + -2*x_1 + -2*x_1 x_2 + 3*x_1 x_3 + -3*x_1 x_4 + -5*x_1 x_5 + -1*x_1 x_6 + 1*x_1 x_7 + -5*x_2 + 1*x_2 x_4 + -4*x_2 x_5 + -5*x_2 x_6 + 1*x_2 x_7 + 2*x_3 + 3*x_3 x_4 + 2*x_3 x_5 + -4*x_3 x_6 + -3*x_3 x_7 + -4*x_4 + -2*x_4 x_5 + -2*x_4 x_6 + -4*x_4 x_7 + -1*x_5 + 1*x_5 x_6 + -5*x_6 + -5*x_6 x_7 + 3*x_7,True,1,0.0059730178780025905,0.39007782199172464,0.6554303030303031,1.0,0.0582,True,True,,,,,,,,False,0.0059730178780025905,0.0059730178780025905
"['x_0 + x_1 + x_2 + x_3 >= 3', 'x_4 + x_5 + x_6 >= 3']",cardinality+cardinality,7,2, -4*x_0 + -1*x_0 x_1 + 4*x_0 x_2 + 2*x_0 x_3 + -5*x_0 x_4 + 2*x_0 x_5 + -5*x_0 x_6 + 3*x_1 + 3*x_1 x_2 + 4*x_1 x_4 + 3*x_1 x_5 + -2*x_1 x_6 + -5*x_2 + 2*x_2 x_3 + -5*x_2 x_4 + 1*x_2 x_5 + 3*x_2 x_6 + -5*x_3 + -4*x_3 x_4 + 4*x_3 x_5 + 1*x_3 x_6 + -4*x_4 + -5*x_4 x_5 + -5*x_4 x_6 + -3*x_5 x_6 + 3*x_6,True,1,0.001375986933708191,0.9603857407968938,0.9098352941176473,1.0,0.8289,True,True,2.0,0.006226926644643148,0.9807117883907193,0.6420411764705879,0.7764,0.5482,True,True,0.006226926644643148,0.001375986933708191
"['1*x_0*x_0 + 4*x_0*x_1 + 1*x_0*x_2 + 2*x_0*x_3 + 5*x_1*x_1 + 4*x_1*x_2 + 3*x_1*x_3 + 5*x_2*x_2 + 4*x_2*x_3 + 2*x_3*x_3 <= 18', '2*x_4*x_4 + 5*x_4*x_5 + 2*x_4*x_6 + 2*x_5*x_5 + 1*x_5*x_6 + 1*x_6*x_6 <= 7']",quadratic_knapsack+quadratic_knapsack,7,2, 3*x_0 x_2 + 3*x_0 x_3 + 3*x_0 x_4 + -1*x_0 x_5 + 4*x_0 x_6 + -2*x_1 + -2*x_1 x_3 + 2*x_1 x_4 + -5*x_1 x_5 + 3*x_1 x_6 + 1*x_2 + -3*x_2 x_3 + -5*x_2 x_4 + 2*x_2 x_5 + 1*x_2 x_6 + 4*x_3 + -1*x_3 x_5 + -2*x_3 x_6 + -4*x_4 + 3*x_4 x_5 + -1*x_4 x_6 + -4*x_5 + 2*x_5 x_6 + -1*x_6,True,1,0.006233235862520006,0.5774552968380277,0.6321636363636361,1.0,0.0105,True,True,,,,,,,,False,0.006233235862520006,0.006233235862520006
"['3*x_4*x_4 + 1*x_4*x_5 + 3*x_4*x_6 + 4*x_4*x_7 + 5*x_5*x_5 + 4*x_5*x_6 + 2*x_5*x_7 + 2*x_6*x_6 + 4*x_6*x_7 + 4*x_7*x_7 <= 17', '7*x_0 + 7*x_1 + 10*x_2 + 2*x_3 <= 10']",knapsack+quadratic_knapsack,8,2, 2*x_0 + 3*x_0 x_1 + -2*x_0 x_3 + -1*x_0 x_4 + 3*x_0 x_5 + 4*x_0 x_6 + -5*x_0 x_7 + 4*x_1 + 2*x_1 x_2 + -4*x_1 x_3 + -2*x_1 x_4 + -4*x_1 x_5 + -3*x_1 x_6 + -2*x_1 x_7 + -4*x_2 x_3 + 2*x_2 x_4 + 3*x_2 x_5 + 1*x_2 x_6 + -4*x_2 x_7 + 1*x_3 + -1*x_3 x_4 + 3*x_3 x_5 + -1*x_3 x_6 + -5*x_4 + -4*x_4 x_5 + -5*x_4 x_6 + -3*x_4 x_7 + 3*x_5 + 4*x_5 x_6 + -3*x_5 x_7 + -3*x_7,True,1,0.00628668381108178,0.5539940144275649,0.6509794117647059,1.0,0.1167,True,True,,,,,,,,False,0.00628668381108178,0.00628668381108178
"['x_0 + x_1 + x_2 + x_3 + x_4 <= 0', 'x_5 + x_6 + x_7 == 1']",cardinality+cardinality,8,2, 1*x_0 + -3*x_0 x_1 + -5*x_0 x_2 + -2*x_0 x_3 + -2*x_0 x_4 + -4*x_0 x_5 + -5*x_0 x_6 + -2*x_0 x_7 + -2*x_1 + 2*x_1 x_4 + 4*x_1 x_5 + -2*x_1 x_6 + -4*x_1 x_7 + -1*x_2 + -5*x_2 x_4 + 4*x_2 x_5 + 2*x_2 x_6 + 2*x_2 x_7 + -5*x_3 + -5*x_3 x_4 + 2*x_3 x_5 + 1*x_3 x_6 + -3*x_3 x_7 + -2*x_4 + -1*x_4 x_5 + 1*x_4 x_6 + 4*x_4 x_7 + 3*x_5 + -2*x_5 x_6 + -2*x_5 x_7 + -5*x_6 + 1*x_6 x_7 + -3*x_7,True,1,0.0012831231620576648,0.2591081482617,0.994525,1.0,0.9811,True,True,2.0,0.0063230239682727386,0.9852562887307388,0.6991999999999999,0.7545,0.5345,True,True,0.0063230239682727386,0.0012831231620576648
"['2*x_0*x_0 + 5*x_0*x_1 + 4*x_0*x_2 + 4*x_0*x_3 + 3*x_0*x_4 + 4*x_1*x_1 + 4*x_1*x_2 + 1*x_1*x_3 + 2*x_1*x_4 + 3*x_2*x_2 + 1*x_2*x_3 + 4*x_2*x_4 + 3*x_3*x_3 + 4*x_3*x_4 + 3*x_4*x_4 <= 16', '3*x_5 + 8*x_6 + 3*x_7 <= 5']",quadratic_knapsack+knapsack,8,2, 2*x_0 + -5*x_0 x_1 + 2*x_0 x_2 + 3*x_0 x_3 + -4*x_0 x_4 + -1*x_0 x_5 + -3*x_0 x_6 + -2*x_0 x_7 + 2*x_1 + -5*x_1 x_2 + 3*x_1 x_3 + -2*x_1 x_4 + 4*x_1 x_5 + -5*x_1 x_6 + 1*x_1 x_7 + -5*x_2 + 4*x_2 x_3 + 4*x_2 x_4 + -1*x_2 x_5 + -5*x_2 x_7 + -1*x_3 + 1*x_3 x_4 + 1*x_3 x_5 + 4*x_3 x_6 + 3*x_3 x_7 + -1*x_4 + -5*x_4 x_5 + -2*x_4 x_6 + -2*x_4 x_7 + -3*x_5 + -4*x_5 x_7 + 4*x_6 + 3*x_6 x_7 + -1*x_7,True,1,0.0065123004383511015,0.4191146184650171,0.686275,1.0,0.0118,True,True,,,,,,,,False,0.0065123004383511015,0.0065123004383511015
"['x_0 + x_1 + x_2 + x_3 >= 0', 'x_4 + x_5 >= 0']",cardinality+cardinality,6,2, 4*x_0 + 4*x_0 x_1 + -3*x_0 x_2 + -2*x_0 x_3 + -5*x_0 x_4 + 4*x_0 x_5 + -2*x_1 + -5*x_1 x_2 + -2*x_1 x_3 + 3*x_1 x_4 + -5*x_1 x_5 + -1*x_2 + -3*x_2 x_3 + -5*x_2 x_4 + 2*x_2 x_5 + 2*x_3 + 3*x_3 x_4 + -1*x_3 x_5 + -4*x_4 + -2*x_4 x_5 + -2*x_5,True,1,0.002033659285969204,0.508966474052683,0.5064714285714287,1.0,0.0046,True,True,1.0,0.006534182031949361,0.9708983075895282,0.43628571428571433,1.0,0.002,True,True,0.006534182031949361,0.002033659285969204
"['2*x_0 + 5*x_1 + 2*x_2 <= 5', 'x_3 + x_4 + x_5 == 2']",knapsack+cardinality,6,2, -4*x_0 + 2*x_0 x_1 + -4*x_0 x_2 + 1*x_0 x_3 + -4*x_0 x_4 + 1*x_1 + 4*x_1 x_2 + -3*x_1 x_3 + -1*x_1 x_5 + 2*x_2 + 4*x_2 x_3 + -1*x_2 x_4 + 3*x_3 + 4*x_3 x_4 + -4*x_3 x_5 + -1*x_4 + 3*x_4 x_5 + -1*x_5,True,1,0.0012509412897957696,0.6850292630580535,0.7250190476190476,1.0,0.3806,True,True,2.0,0.006562375161382887,0.9170555609358729,0.5067285714285713,0.8215,0.0075,True,True,0.006562375161382887,0.0012509412897957696
"['x_0 + x_1 <= 2', 'x_2 + x_3 + x_4 + x_5 + x_6 == 5']",cardinality+cardinality,7,2, -5*x_0 + 1*x_0 x_1 + 4*x_0 x_2 + -2*x_0 x_3 + -2*x_0 x_4 + 4*x_0 x_6 + -3*x_1 + -4*x_1 x_2 + -2*x_1 x_3 + 3*x_1 x_4 + 4*x_1 x_5 + 4*x_1 x_6 + 1*x_2 + -5*x_2 x_3 + -5*x_2 x_4 + -3*x_2 x_5 + 3*x_2 x_6 + -3*x_3 + 1*x_3 x_4 + -5*x_3 x_6 + -4*x_4 + 1*x_4 x_5 + -3*x_4 x_6 + 3*x_5 + -1*x_5 x_6 + 1*x_6,True,1,0.0009305834770202637,0.8453058463469165,0.9151999999999999,1.0,0.7904,True,True,2.0,0.006591372754838731,0.9881188853226935,0.42393333333333305,0.8341,0.4154,True,True,0.006591372754838731,0.0009305834770202637
"['x_0 + x_1 + x_2 == 1', 'x_3 + x_4 <= 2']",cardinality+cardinality,5,2, -2*x_0 + -3*x_0 x_1 + -2*x_0 x_2 + -3*x_0 x_3 + -1*x_0 x_4 + -5*x_1 + 2*x_1 x_2 + -1*x_1 x_3 + -4*x_1 x_4 + -2*x_2 + -4*x_2 x_3 + -1*x_2 x_4 + -5*x_3 + -5*x_3 x_4,True,1,0.001256366040971544,0.469948944713743,0.8269666666666663,1.0,0.7394,True,True,2.0,0.006648693217171563,0.9817976134636945,0.5479722222222222,0.9702,0.2403,True,True,0.006648693217171563,0.001256366040971544
"['2*x_0*x_0 + 5*x_0*x_1 + 4*x_0*x_2 + 4*x_0*x_3 + 3*x_0*x_4 + 4*x_1*x_1 + 4*x_1*x_2 + 1*x_1*x_3 + 2*x_1*x_4 + 3*x_2*x_2 + 1*x_2*x_3 + 4*x_2*x_4 + 3*x_3*x_3 + 4*x_3*x_4 + 3*x_4*x_4 <= 16', 'x_5 + x_6 + x_7 >= 3']",quadratic_knapsack+cardinality,8,2, 2*x_0 + -5*x_0 x_1 + 2*x_0 x_2 + 3*x_0 x_3 + -4*x_0 x_4 + -1*x_0 x_5 + -3*x_0 x_6 + -2*x_0 x_7 + 2*x_1 + -5*x_1 x_2 + 3*x_1 x_3 + -2*x_1 x_4 + 4*x_1 x_5 + -5*x_1 x_6 + 1*x_1 x_7 + -5*x_2 + 4*x_2 x_3 + 4*x_2 x_4 + -1*x_2 x_5 + -5*x_2 x_7 + -1*x_3 + 1*x_3 x_4 + 1*x_3 x_5 + 4*x_3 x_6 + 3*x_3 x_7 + -1*x_4 + -5*x_4 x_5 + -2*x_4 x_6 + -2*x_4 x_7 + -3*x_5 + -4*x_5 x_7 + 4*x_6 + 3*x_6 x_7 + -1*x_7,True,1,0.006690452231301202,0.543114500736276,0.7823533333333332,1.0,0.0,True,True,,,,,,,,False,0.006690452231301202,0.006690452231301202
"['x_0 + x_1 + x_2 + x_3 == 4', 'x_4 + x_5 + x_6 <= 3']",cardinality+cardinality,7,2, 3*x_0 + 4*x_0 x_1 + 1*x_0 x_2 + -5*x_0 x_3 + -5*x_0 x_4 + -4*x_1 + -4*x_1 x_2 + -3*x_1 x_3 + -4*x_1 x_4 + 1*x_1 x_6 + 3*x_2 + 3*x_2 x_3 + 1*x_2 x_4 + -1*x_2 x_5 + -4*x_3 + 2*x_3 x_4 + 1*x_3 x_5 + -5*x_3 x_6 + -5*x_4 + -3*x_4 x_5 + 4*x_4 x_6 + -4*x_5 + -3*x_5 x_6 + 4*x_6,True,1,0.0010098529524273342,0.882297459110261,0.9184166666666668,1.0,0.4941,True,True,2.0,0.006750402649243673,0.9712618356479299,0.5984666666666666,0.7903,0.3561,True,True,0.006750402649243673,0.0010098529524273342
"['1*x_5*x_5 + 5*x_5*x_6 + 3*x_5*x_7 + 4*x_6*x_6 + 2*x_6*x_7 + 4*x_7*x_7 <= 7', '6*x_0 + 7*x_1 + 8*x_2 + 9*x_3 + 5*x_4 <= 14']",knapsack+quadratic_knapsack,8,2, 4*x_0 + 4*x_0 x_1 + -3*x_0 x_2 + -3*x_0 x_3 + -1*x_0 x_4 + 2*x_0 x_5 + 1*x_0 x_6 + -2*x_0 x_7 + -4*x_1 + -4*x_1 x_2 + 4*x_1 x_3 + 4*x_1 x_4 + -2*x_1 x_5 + 3*x_1 x_6 + -5*x_1 x_7 + -3*x_2 + 4*x_2 x_3 + -1*x_2 x_4 + 4*x_2 x_5 + -1*x_2 x_7 + -2*x_3 + 3*x_3 x_4 + 4*x_3 x_5 + 4*x_3 x_6 + -1*x_4 + 4*x_4 x_5 + -1*x_4 x_6 + 4*x_4 x_7 + -3*x_5 + 4*x_5 x_6 + 3*x_5 x_7 + -5*x_6 + 4*x_6 x_7 + 4*x_7,True,1,0.006778363453017341,0.7356494742112759,0.5510263157894736,1.0,0.0238,True,True,,,,,,,,False,0.006778363453017341,0.006778363453017341
"['x_0 + x_1 + x_2 + x_3 <= 2', 'x_4 + x_5 + x_6 >= 0']",cardinality+cardinality,7,2, -4*x_0 + -1*x_0 x_1 + 4*x_0 x_2 + 2*x_0 x_3 + -5*x_0 x_4 + 2*x_0 x_5 + -5*x_0 x_6 + 3*x_1 + 3*x_1 x_2 + 4*x_1 x_4 + 3*x_1 x_5 + -2*x_1 x_6 + -5*x_2 + 2*x_2 x_3 + -5*x_2 x_4 + 1*x_2 x_5 + 3*x_2 x_6 + -5*x_3 + -4*x_3 x_4 + 4*x_3 x_5 + 1*x_3 x_6 + -4*x_4 + -5*x_4 x_5 + -5*x_4 x_6 + -3*x_5 x_6 + 3*x_6,True,1,0.001948152052031623,0.5361278352186892,0.49431470588235293,1.0,0.0495,True,True,1.0,0.00685122205151452,0.969283825885652,0.34265294117647055,0.8399,0.0185,True,True,0.00685122205151452,0.001948152052031623
"['x_0 + x_1 + x_2 + x_3 + x_4 == 1', 'x_5 + x_6 <= 2']",cardinality+cardinality,7,2, 3*x_0 + -2*x_0 x_2 + -1*x_0 x_3 + -5*x_0 x_4 + 1*x_0 x_5 + 2*x_0 x_6 + -5*x_1 x_2 + -4*x_1 x_3 + -3*x_1 x_4 + -2*x_1 x_5 + 2*x_1 x_6 + 4*x_2 + 3*x_2 x_3 + -2*x_2 x_4 + -1*x_2 x_5 + 4*x_3 + 3*x_3 x_4 + 4*x_3 x_6 + -3*x_4 + -3*x_4 x_5 + 3*x_4 x_6 + 3*x_5 + 4*x_5 x_6 + -4*x_6,True,1,0.0009167606300777859,0.5867255895261612,0.7718733333333335,1.0,0.1372,True,True,2.0,0.0068576853805118135,0.9919199242882667,0.7708133333333332,0.9158,0.195,True,True,0.0068576853805118135,0.0009167606300777859
"['x_0 + x_1 + x_2 + x_3 <= 4', 'x_4 + x_5 + x_6 <= 3']",cardinality+cardinality,7,2, -1*x_0 + 4*x_0 x_1 + 1*x_0 x_2 + -2*x_0 x_3 + 3*x_0 x_4 + -1*x_0 x_5 + 4*x_0 x_6 + 2*x_1 + 2*x_1 x_2 + -1*x_1 x_3 + -2*x_1 x_4 + -1*x_1 x_5 + 3*x_1 x_6 + -1*x_2 + -5*x_2 x_3 + -2*x_2 x_4 + 2*x_2 x_5 + -1*x_2 x_6 + 2*x_3 + -1*x_3 x_5 + -3*x_4 + 3*x_4 x_5 + -2*x_4 x_6 + -1*x_5 x_6 + -5*x_6,True,1,0.0014086070325639512,0.45314217679139623,0.4558559999999999,1.0,0.0036,True,True,1.0,0.006864277389314439,0.9606022845529717,0.451044,1.0,0.0083,True,True,0.006864277389314439,0.0014086070325639512
"['x_0 + x_1 + x_2 + x_3 + x_4 >= 3', 'x_5 + x_6 >= 0']",cardinality+cardinality,7,2, 4*x_0 + 4*x_0 x_1 + 1*x_0 x_2 + 3*x_0 x_3 + 1*x_0 x_4 + -3*x_0 x_5 + -3*x_0 x_6 + -5*x_1 + -2*x_1 x_2 + -5*x_1 x_3 + -4*x_1 x_4 + -4*x_1 x_5 + 1*x_2 + 4*x_2 x_3 + 2*x_2 x_4 + -4*x_2 x_5 + -4*x_2 x_6 + -2*x_3 + 2*x_3 x_4 + -5*x_3 x_5 + -2*x_3 x_6 + 2*x_4 + 1*x_4 x_5 + 3*x_4 x_6 + 4*x_5 + -4*x_5 x_6 + -2*x_6,True,1,0.0026153726047939726,0.5720504073766091,0.5698624999999999,1.0,0.0233,True,True,1.0,0.007219400008519491,0.9675054992863362,0.6012062499999999,0.9397,0.1155,True,True,0.007219400008519491,0.0026153726047939726
"['x_0 + x_1 == 1', 'x_2 + x_3 + x_4 + x_5 + x_6 == 0']",assignment+cardinality,7,2, 4*x_0 + 4*x_0 x_1 + 1*x_0 x_2 + 3*x_0 x_3 + 1*x_0 x_4 + -3*x_0 x_5 + -3*x_0 x_6 + -5*x_1 + -2*x_1 x_2 + -5*x_1 x_3 + -4*x_1 x_4 + -4*x_1 x_5 + 1*x_2 + 4*x_2 x_3 + 2*x_2 x_4 + -4*x_2 x_5 + -4*x_2 x_6 + -2*x_3 + 2*x_3 x_4 + -5*x_3 x_5 + -2*x_3 x_6 + 2*x_4 + 1*x_4 x_5 + 3*x_4 x_6 + 4*x_5 + -4*x_5 x_6 + -2*x_6,True,1,0.0011149364709854125,0.47915878493279,0.9999,1.0,0.9999,True,True,2.0,0.007241486973232693,0.9900934477035662,0.6677,0.8544,0.6677,True,True,0.007241486973232693,0.0011149364709854125
"['x_0 + x_1 + x_2 == 1', 'x_3 + x_4 - x_5 - x_6 == 0']",assignment+flow,7,2, -4*x_0 + 4*x_0 x_1 + -2*x_0 x_2 + -2*x_0 x_3 + 4*x_0 x_4 + -5*x_0 x_5 + -1*x_0 x_6 + -3*x_1 x_2 + 4*x_1 x_3 + 2*x_1 x_4 + 1*x_1 x_5 + -5*x_1 x_6 + -5*x_2 + -4*x_2 x_3 + 1*x_2 x_4 + -3*x_2 x_5 + 2*x_2 x_6 + -3*x_3 + 3*x_3 x_4 + 4*x_4 + -2*x_4 x_5 + 1*x_4 x_6 + -4*x_5 + -4*x_5 x_6 + -5*x_6,True,1,0.0013209147585762871,0.5192096547388838,0.80061,1.0,0.2206,True,True,2.0,0.007371563646528456,0.9693545330698301,0.54731,0.8595,0.1034,True,True,0.007371563646528456,0.0013209147585762871
"['x_0 + x_1 + x_2 - x_3 - x_4 == 0', 'x_5 + x_6 <= 0']",flow+cardinality,7,2, 4*x_0 + 2*x_0 x_1 + -5*x_0 x_3 + 2*x_0 x_4 + -3*x_0 x_5 + 1*x_0 x_6 + -3*x_1 + -4*x_1 x_2 + -1*x_1 x_3 + 1*x_1 x_4 + 3*x_1 x_5 + 2*x_1 x_6 + 4*x_2 x_3 + -1*x_2 x_4 + -3*x_2 x_5 + 4*x_2 x_6 + 2*x_3 + -2*x_3 x_4 + 4*x_3 x_5 + -2*x_3 x_6 + 3*x_4 + -1*x_4 x_6 + 2*x_5 + -2*x_5 x_6 + -1*x_6,True,1,0.0015841911236445108,0.6889341277520216,0.9455454545454545,1.0,0.5778,True,True,2.0,0.007650863528251648,0.9812742599000439,0.7967363636363637,0.8698,0.7386,True,True,0.007650863528251648,0.0015841911236445108
"['x_0 + x_1 + x_2 - x_3 == 0', 'x_4 + x_5 + x_6 == 1']",flow+assignment,7,2, 3*x_0 + -2*x_0 x_2 + -1*x_0 x_3 + -5*x_0 x_4 + 1*x_0 x_5 + 2*x_0 x_6 + -5*x_1 x_2 + -4*x_1 x_3 + -3*x_1 x_4 + -2*x_1 x_5 + 2*x_1 x_6 + 4*x_2 + 3*x_2 x_3 + -2*x_2 x_4 + -1*x_2 x_5 + 4*x_3 + 3*x_3 x_4 + 4*x_3 x_6 + -3*x_4 + -3*x_4 x_5 + 3*x_4 x_6 + 3*x_5 + 4*x_5 x_6 + -4*x_6,True,1,0.0017947651942571005,0.6508191135698315,0.9277352941176469,1.0,0.1928,True,True,2.0,0.007785868710941738,0.9750690414567631,0.5649117647058824,0.9055,0.0005,True,True,0.007785868710941738,0.0017947651942571005
"['x_0 + x_1 >= 2', 'x_2 + x_3 + x_4 + x_5 + x_6 == 3']",cardinality+cardinality,7,2, -4*x_0 + 4*x_0 x_1 + -2*x_0 x_2 + -2*x_0 x_3 + 4*x_0 x_4 + -5*x_0 x_5 + -1*x_0 x_6 + -3*x_1 x_2 + 4*x_1 x_3 + 2*x_1 x_4 + 1*x_1 x_5 + -5*x_1 x_6 + -5*x_2 + -4*x_2 x_3 + 1*x_2 x_4 + -3*x_2 x_5 + 2*x_2 x_6 + -3*x_3 + 3*x_3 x_4 + 4*x_4 + -2*x_4 x_5 + 1*x_4 x_6 + -4*x_5 + -4*x_5 x_6 + -5*x_6,True,1,0.0017118679814868503,0.7466686754368125,0.8009361111111111,1.0,0.3054,True,True,2.0,0.008584661549992031,0.9659902685383301,0.43594722222222215,0.8323,0.2069,True,True,0.008584661549992031,0.0017118679814868503
"['2*x_0*x_0 + 5*x_0*x_1 + 4*x_0*x_2 + 4*x_0*x_3 + 3*x_0*x_4 + 4*x_1*x_1 + 4*x_1*x_2 + 1*x_1*x_3 + 2*x_1*x_4 + 3*x_2*x_2 + 1*x_2*x_3 + 4*x_2*x_4 + 3*x_3*x_3 + 4*x_3*x_4 + 3*x_4*x_4 <= 16', 'x_5 + x_6 >= 2']",quadratic_knapsack+cardinality,7,2, 3*x_0 + -2*x_0 x_2 + -1*x_0 x_3 + -5*x_0 x_4 + 1*x_0 x_5 + 2*x_0 x_6 + -5*x_1 x_2 + -4*x_1 x_3 + -3*x_1 x_4 + -2*x_1 x_5 + 2*x_1 x_6 + 4*x_2 + 3*x_2 x_3 + -2*x_2 x_4 + -1*x_2 x_5 + 4*x_3 + 3*x_3 x_4 + 4*x_3 x_6 + -3*x_4 + -3*x_4 x_5 + 3*x_4 x_6 + 3*x_5 + 4*x_5 x_6 + -4*x_6,True,1,0.009348005851109823,0.5173086919067889,0.7562499999999999,1.0,0.1388,True,True,,,,,,,,False,0.009348005851109823,0.009348005851109823
"['x_0 + x_1 + x_2 >= 1', 'x_3 + x_4 + x_5 == 3']",cardinality+cardinality,6,2, -2*x_0 x_1 + -2*x_0 x_2 + -4*x_0 x_3 + 2*x_0 x_4 + -4*x_0 x_5 + 1*x_1 + 3*x_1 x_2 + 1*x_1 x_3 + -1*x_1 x_4 + 3*x_1 x_5 + -4*x_2 + -1*x_2 x_3 + -3*x_2 x_5 + -4*x_3 + 4*x_3 x_4 + 4*x_3 x_5 + -2*x_4 + 2*x_4 x_5 + -2*x_5,True,1,0.0018678818146387736,0.5460161797881257,0.7060299999999999,1.0,0.4178,True,True,2.0,0.00961648921171824,0.9883949691921804,0.65826,0.9277,0.0034,True,True,0.00961648921171824,0.0018678818146387736
"['x_0 + x_1 + x_2 + x_3 + x_4 <= 1', 'x_5 + x_6 == 2']",cardinality+cardinality,7,2, 4*x_0 + 4*x_0 x_1 + 1*x_0 x_2 + 3*x_0 x_3 + 1*x_0 x_4 + -3*x_0 x_5 + -3*x_0 x_6 + -5*x_1 + -2*x_1 x_2 + -5*x_1 x_3 + -4*x_1 x_4 + -4*x_1 x_5 + 1*x_2 + 4*x_2 x_3 + 2*x_2 x_4 + -4*x_2 x_5 + -4*x_2 x_6 + -2*x_3 + 2*x_3 x_4 + -5*x_3 x_5 + -2*x_3 x_6 + 2*x_4 + 1*x_4 x_5 + 3*x_4 x_6 + 4*x_5 + -4*x_5 x_6 + -2*x_6,True,1,0.001837381852997674,0.5905287727619145,0.9560733333333332,1.0,0.7408,True,True,2.0,0.009639313287205166,0.9928992375934818,0.6569200000000001,0.9292,0.008,True,True,0.009639313287205166,0.001837381852997674
"['x_0 + x_1 + x_2 >= 3', 'x_3 + x_4 + x_5 + x_6 == 2']",cardinality+cardinality,7,2, 4*x_0 + 4*x_0 x_1 + 1*x_0 x_2 + 3*x_0 x_3 + 1*x_0 x_4 + -3*x_0 x_5 + -3*x_0 x_6 + -5*x_1 + -2*x_1 x_2 + -5*x_1 x_3 + -4*x_1 x_4 + -4*x_1 x_5 + 1*x_2 + 4*x_2 x_3 + 2*x_2 x_4 + -4*x_2 x_5 + -4*x_2 x_6 + -2*x_3 + 2*x_3 x_4 + -5*x_3 x_5 + -2*x_3 x_6 + 2*x_4 + 1*x_4 x_5 + 3*x_4 x_6 + 4*x_5 + -4*x_5 x_6 + -2*x_6,True,1,0.001046989295217726,0.6798896432702293,0.8937217391304348,1.0,0.8002,True,True,3.0,0.009746831589274937,0.9759682339602439,0.5678608695652174,0.8518,0.328,True,True,0.009746831589274937,0.001046989295217726
"['x_0 + x_1 >= 1', 'x_2 + x_3 + x_4 + x_5 + x_6 >= 3']",cardinality+cardinality,7,2, 3*x_0 x_2 + 3*x_0 x_3 + 3*x_0 x_4 + -1*x_0 x_5 + 4*x_0 x_6 + -2*x_1 + -2*x_1 x_3 + 2*x_1 x_4 + -5*x_1 x_5 + 3*x_1 x_6 + 1*x_2 + -3*x_2 x_3 + -5*x_2 x_4 + 2*x_2 x_5 + 1*x_2 x_6 + 4*x_3 + -1*x_3 x_5 + -2*x_3 x_6 + -4*x_4 + 3*x_4 x_5 + -1*x_4 x_6 + -4*x_5 + 2*x_5 x_6 + -1*x_6,True,1,0.0012945810953776042,0.6665036243439572,0.6632333333333335,1.0,0.0408,True,True,2.0,0.009763462940851847,0.9837464813084688,0.5205666666666665,0.8792,0.0002,True,True,0.009763462940851847,0.0012945810953776042
"['2*x_3*x_3 + 4*x_3*x_4 + 4*x_3*x_5 + 4*x_3*x_6 + 5*x_3*x_7 + 1*x_4*x_4 + 2*x_4*x_5 + 2*x_4*x_6 + 5*x_4*x_7 + 1*x_5*x_5 + 3*x_5*x_6 + 1*x_5*x_7 + 5*x_6*x_6 + 4*x_6*x_7 + 1*x_7*x_7 <= 28', '3*x_0*x_0 + 1*x_0*x_1 + 3*x_0*x_2 + 1*x_1*x_1 + 4*x_1*x_2 + 3*x_2*x_2 <= 5']",quadratic_knapsack+quadratic_knapsack,8,2, 1*x_0 + -5*x_0 x_1 + -1*x_0 x_2 + 4*x_0 x_3 + -2*x_0 x_4 + 2*x_0 x_5 + -1*x_0 x_6 + 1*x_1 x_2 + -5*x_1 x_3 + -1*x_1 x_4 + 2*x_1 x_5 + 3*x_1 x_6 + -4*x_1 x_7 + -4*x_2 + -5*x_2 x_3 + -5*x_2 x_4 + -3*x_2 x_5 + 3*x_2 x_7 + -5*x_3 + -2*x_3 x_4 + -1*x_3 x_5 + -2*x_3 x_6 + -4*x_3 x_7 + -2*x_4 + 3*x_4 x_5 + -4*x_4 x_6 + 4*x_4 x_7 + -5*x_5 + -3*x_5 x_7 + -5*x_6 + -1*x_6 x_7,True,1,0.009933840764893426,0.3185587421028106,0.37249761904761913,1.0,0.0113,True,True,,,,,,,,False,0.009933840764893426,0.009933840764893426
"['x_0 + x_1 + x_2 == 2', 'x_3 + x_4 + x_5 + x_6 <= 1']",cardinality+cardinality,7,2, -3*x_0 + -4*x_0 x_1 + -4*x_0 x_2 + -1*x_0 x_4 + 4*x_0 x_5 + 2*x_0 x_6 + 4*x_1 + 4*x_1 x_2 + -1*x_1 x_3 + -1*x_1 x_4 + 1*x_1 x_5 + -1*x_1 x_6 + -3*x_2 + -4*x_2 x_3 + -2*x_2 x_4 + 1*x_2 x_6 + -1*x_3 + 4*x_3 x_4 + -1*x_3 x_5 + -3*x_3 x_6 + -1*x_4 + -3*x_4 x_5 + 2*x_5 + 3*x_5 x_6 + -1*x_6,True,1,0.0017182538244459363,0.7315570537271364,0.7443130434782609,1.0,0.2074,True,True,2.0,0.010041414101918538,0.9836246402178058,0.7187956521739131,0.8397,0.4251,True,True,0.010041414101918538,0.0017182538244459363
"['x_0 + x_1 + x_2 + x_3 >= 4', 'x_4 + x_5 <= 2']",cardinality+cardinality,6,2, -2*x_0 x_1 + -2*x_0 x_2 + -4*x_0 x_3 + 2*x_0 x_4 + -4*x_0 x_5 + 1*x_1 + 3*x_1 x_2 + 1*x_1 x_3 + -1*x_1 x_4 + 3*x_1 x_5 + -4*x_2 + -1*x_2 x_3 + -3*x_2 x_5 + -4*x_3 + 4*x_3 x_4 + 4*x_3 x_5 + -2*x_4 + 2*x_4 x_5 + -2*x_5,True,1,0.0012472276555167304,0.7469962067958994,0.88798,1.0,0.8662,True,True,2.0,0.010197589596112569,0.9900366764548133,0.2820199999999998,0.9389,0.0011,True,True,0.010197589596112569,0.0012472276555167304
"['x_0 + x_1 + x_2 + x_3 + x_4 == 0', 'x_5 + x_6 + x_7 == 1']",cardinality+cardinality,8,2, 2*x_0 + -5*x_0 x_1 + 2*x_0 x_2 + 3*x_0 x_3 + -4*x_0 x_4 + -1*x_0 x_5 + -3*x_0 x_6 + -2*x_0 x_7 + 2*x_1 + -5*x_1 x_2 + 3*x_1 x_3 + -2*x_1 x_4 + 4*x_1 x_5 + -5*x_1 x_6 + 1*x_1 x_7 + -5*x_2 + 4*x_2 x_3 + 4*x_2 x_4 + -1*x_2 x_5 + -5*x_2 x_7 + -1*x_3 + 1*x_3 x_4 + 1*x_3 x_5 + 4*x_3 x_6 + 3*x_3 x_7 + -1*x_4 + -5*x_4 x_5 + -2*x_4 x_6 + -2*x_4 x_7 + -3*x_5 + -4*x_5 x_7 + 4*x_6 + 3*x_6 x_7 + -1*x_7,True,1,0.0023372271325853137,0.339701895496812,0.9957714285714285,1.0,0.9882,True,True,2.0,0.010282910002602471,0.9831046112413401,0.2629999999999999,0.7611,0.0005,True,True,0.010282910002602471,0.0023372271325853137
"['2*x_0*x_0 + 4*x_0*x_1 + 4*x_0*x_2 + 4*x_0*x_3 + 5*x_0*x_4 + 1*x_1*x_1 + 2*x_1*x_2 + 2*x_1*x_3 + 5*x_1*x_4 + 1*x_2*x_2 + 3*x_2*x_3 + 1*x_2*x_4 + 5*x_3*x_3 + 4*x_3*x_4 + 1*x_4*x_4 <= 28', 'x_5 + x_6 + x_7 <= 0']",quadratic_knapsack+cardinality,8,2, 3*x_0 + -3*x_0 x_1 + 1*x_0 x_2 + 4*x_0 x_3 + 4*x_0 x_4 + 4*x_0 x_5 + -5*x_0 x_6 + -1*x_0 x_7 + -2*x_1 + -2*x_1 x_2 + 3*x_1 x_3 + -3*x_1 x_4 + -5*x_1 x_5 + -1*x_1 x_6 + 1*x_1 x_7 + -5*x_2 + 1*x_2 x_4 + -4*x_2 x_5 + -5*x_2 x_6 + 1*x_2 x_7 + 2*x_3 + 3*x_3 x_4 + 2*x_3 x_5 + -4*x_3 x_6 + -3*x_3 x_7 + -4*x_4 + -2*x_4 x_5 + -2*x_4 x_6 + -4*x_4 x_7 + -1*x_5 + 1*x_5 x_6 + -5*x_6 + -5*x_6 x_7 + 3*x_7,True,1,0.01050540996922387,0.35036324964260956,0.6396740740740741,1.0,0.0321,True,True,,,,,,,,False,0.01050540996922387,0.01050540996922387
"['x_0 + x_1 + x_2 == 1', 'x_3 + x_4 + x_5 + x_6 + x_7 == 4']",assignment+cardinality,8,2, -3*x_0 + -3*x_0 x_1 + 2*x_0 x_2 + 2*x_0 x_3 + 3*x_0 x_4 + -5*x_0 x_5 + -5*x_0 x_6 + -5*x_0 x_7 + -4*x_1 + -2*x_1 x_2 + 1*x_1 x_3 + -4*x_1 x_4 + 2*x_1 x_6 + 1*x_1 x_7 + -4*x_2 x_3 + 4*x_2 x_4 + -2*x_2 x_5 + 3*x_2 x_6 + -3*x_2 x_7 + -1*x_3 + -3*x_3 x_4 + -2*x_3 x_5 + -2*x_3 x_6 + -3*x_3 x_7 + -2*x_4 + 1*x_4 x_5 + -5*x_4 x_6 + -1*x_4 x_7 + -4*x_5 + 3*x_5 x_6 + 2*x_5 x_7 + -2*x_6 x_7 + -3*x_7,True,1,0.0024044560723834566,0.6595741044790567,0.8870380952380952,1.0,0.5398,True,True,2.0,0.01102757645977868,0.9839385746326381,0.48994761904761913,0.8516,0.0,True,True,0.01102757645977868,0.0024044560723834566
"['x_0 + x_1 + x_2 + x_3 + x_4 >= 5', 'x_5 + x_6 >= 0']",cardinality+cardinality,7,2, -4*x_0 + 4*x_0 x_1 + -2*x_0 x_2 + -2*x_0 x_3 + 4*x_0 x_4 + -5*x_0 x_5 + -1*x_0 x_6 + -3*x_1 x_2 + 4*x_1 x_3 + 2*x_1 x_4 + 1*x_1 x_5 + -5*x_1 x_6 + -5*x_2 + -4*x_2 x_3 + 1*x_2 x_4 + -3*x_2 x_5 + 2*x_2 x_6 + -3*x_3 + 3*x_3 x_4 + 4*x_4 + -2*x_4 x_5 + 1*x_4 x_6 + -4*x_5 + -4*x_5 x_6 + -5*x_6,True,1,0.0017457980579800075,0.7171394742285468,0.9710679999999999,1.0,0.9521,True,True,2.0,0.011535494658682081,0.9836764659804137,0.7000919999999999,0.8463,0.6315,True,True,0.011535494658682081,0.0017457980579800075
"['x_0 - x_1 - x_2 == 0', 'x_3 + x_4 + x_5 + x_6 + x_7 <= 3']",flow+cardinality,8,2, 4*x_0 + 1*x_0 x_1 + -3*x_0 x_2 + -4*x_0 x_3 + -5*x_0 x_4 + -2*x_0 x_5 + -1*x_0 x_6 + 2*x_0 x_7 + -4*x_1 + 1*x_1 x_2 + 3*x_1 x_3 + 3*x_1 x_4 + -1*x_1 x_5 + -1*x_1 x_6 + -1*x_1 x_7 + -5*x_2 + 4*x_2 x_3 + -3*x_2 x_4 + 4*x_2 x_5 + -2*x_2 x_6 + -3*x_2 x_7 + -5*x_3 + -5*x_3 x_4 + -5*x_3 x_5 + -1*x_3 x_6 + -2*x_3 x_7 + -1*x_4 + -2*x_4 x_5 + 1*x_4 x_6 + -5*x_4 x_7 + -4*x_5 + -5*x_5 x_6 + 3*x_5 x_7 + 4*x_6 + -1*x_6 x_7 + 4*x_7,True,1,0.001728751924302843,0.4673943152294778,0.4719410256410257,1.0,0.0231,True,True,2.0,0.011626189483536614,0.9646075676459391,0.3796358974358975,0.8483,0.0055,True,True,0.011626189483536614,0.001728751924302843
"['x_0 + x_1 <= 1', 'x_2 + x_3 + x_4 <= 3', 'x_5 + x_6 >= 2']",cardinality+cardinality+cardinality,7,3, -3*x_0 + -4*x_0 x_1 + -4*x_0 x_2 + -1*x_0 x_4 + 4*x_0 x_5 + 2*x_0 x_6 + 4*x_1 + 4*x_1 x_2 + -1*x_1 x_3 + -1*x_1 x_4 + 1*x_1 x_5 + -1*x_1 x_6 + -3*x_2 + -4*x_2 x_3 + -2*x_2 x_4 + 1*x_2 x_6 + -1*x_3 + 4*x_3 x_4 + -1*x_3 x_5 + -3*x_3 x_6 + -1*x_4 + -3*x_4 x_5 + 2*x_5 + 3*x_5 x_6 + -1*x_6,True,1,0.0019218937555948894,0.571323663362327,0.7080619047619047,1.0,0.1515,True,True,2.0,0.011964776714642843,0.9659719547180105,0.5695952380952382,0.8439,0.0449,True,True,0.011964776714642843,0.0019218937555948894
"['x_0 + x_1 + x_2 + x_3 + x_4 <= 0', 'x_5 + x_6 + x_7 >= 3']",cardinality+cardinality,8,2, -5*x_0 + 4*x_0 x_1 + 3*x_0 x_3 + -3*x_0 x_4 + 4*x_0 x_5 + 3*x_0 x_6 + 2*x_0 x_7 + -1*x_1 + 2*x_1 x_2 + -5*x_1 x_3 + 1*x_1 x_4 + 2*x_1 x_5 + 2*x_1 x_6 + -4*x_1 x_7 + 4*x_2 + -1*x_2 x_3 + -3*x_2 x_4 + 3*x_2 x_5 + 2*x_2 x_6 + -3*x_3 x_4 + 1*x_3 x_5 + -4*x_3 x_6 + -2*x_3 x_7 + -3*x_4 + 1*x_4 x_6 + -3*x_4 x_7 + -3*x_5 + 2*x_5 x_6 + 1*x_5 x_7 + 3*x_6 + 4*x_6 x_7 + 4*x_7,True,1,0.001282366911570231,0.40000000000000013,,1.0,1.0,True,True,3.0,0.012977430158191257,0.9956872106428426,,0.9352,0.9352,True,True,0.012977430158191257,0.001282366911570231
"['x_0 + x_1 + x_2 + x_3 >= 2', 'x_4 + x_5 + x_6 <= 1']",cardinality+cardinality,7,2, -4*x_0 + -1*x_0 x_1 + 4*x_0 x_2 + 2*x_0 x_3 + -5*x_0 x_4 + 2*x_0 x_5 + -5*x_0 x_6 + 3*x_1 + 3*x_1 x_2 + 4*x_1 x_4 + 3*x_1 x_5 + -2*x_1 x_6 + -5*x_2 + 2*x_2 x_3 + -5*x_2 x_4 + 1*x_2 x_5 + 3*x_2 x_6 + -5*x_3 + -4*x_3 x_4 + 4*x_3 x_5 + 1*x_3 x_6 + -4*x_4 + -5*x_4 x_5 + -5*x_4 x_6 + -3*x_5 x_6 + 3*x_6,True,1,0.001792457832230462,0.5357862333549331,0.6015999999999997,1.0,0.123,True,True,2.0,0.014778370923466153,0.9777962150607872,0.3482242424242424,0.7934,0.006,True,True,0.014778370923466153,0.001792457832230462
"['1*x_0*x_0 + 2*x_0*x_1 + 1*x_0*x_2 + 1*x_1*x_1 + 5*x_1*x_2 + 1*x_2*x_2 <= 6', 'x_3 + x_4 + x_5 >= 0']",quadratic_knapsack+cardinality,6,2, 4*x_0 + 4*x_0 x_1 + -3*x_0 x_2 + -2*x_0 x_3 + -5*x_0 x_4 + 4*x_0 x_5 + -2*x_1 + -5*x_1 x_2 + -2*x_1 x_3 + 3*x_1 x_4 + -5*x_1 x_5 + -1*x_2 + -3*x_2 x_3 + -5*x_2 x_4 + 2*x_2 x_5 + 2*x_3 + 3*x_3 x_4 + -1*x_3 x_5 + -4*x_4 + -2*x_4 x_5 + -2*x_5,True,1,0.0026276948054631552,0.41494694180009645,0.5815600000000001,1.0,0.096,True,True,1.0,0.014947005046738519,0.9013029130133128,0.3668949999999999,0.7754,0.0248,True,True,0.014947005046738519,0.0026276948054631552
"['x_0 + x_1 + x_2 + x_3 + x_4 == 2', 'x_5 + x_6 + x_7 <= 2']",cardinality+cardinality,8,2, 2*x_0 + 3*x_0 x_1 + -2*x_0 x_3 + -1*x_0 x_4 + 3*x_0 x_5 + 4*x_0 x_6 + -5*x_0 x_7 + 4*x_1 + 2*x_1 x_2 + -4*x_1 x_3 + -2*x_1 x_4 + -4*x_1 x_5 + -3*x_1 x_6 + -2*x_1 x_7 + -4*x_2 x_3 + 2*x_2 x_4 + 3*x_2 x_5 + 1*x_2 x_6 + -4*x_2 x_7 + 1*x_3 + -1*x_3 x_4 + 3*x_3 x_5 + -1*x_3 x_6 + -5*x_4 + -4*x_4 x_5 + -5*x_4 x_6 + -3*x_4 x_7 + 3*x_5 + 4*x_5 x_6 + -3*x_5 x_7 + -3*x_7,True,1,0.002432402107450697,0.6391598968308116,0.7507666666666666,1.0,0.1317,True,True,2.0,0.01578854302565257,0.9829752930294854,0.620023076923077,0.9331,0.0002,True,True,0.01578854302565257,0.002432402107450697
"['1*x_2*x_2 + 5*x_2*x_3 + 4*x_2*x_4 + 2*x_3*x_3 + 2*x_3*x_4 + 2*x_4*x_4 <= 8', 'x_0 + x_1 <= 2']",cardinality+quadratic_knapsack,5,2, 1*x_0 + 2*x_0 x_1 + -2*x_0 x_2 + 1*x_0 x_3 + 2*x_0 x_4 + -2*x_1 + -1*x_1 x_2 + -2*x_1 x_3 + 2*x_1 x_4 + -1*x_2 + -1*x_2 x_3 + -2*x_2 x_4 + -4*x_3 + 4*x_3 x_4 + 3*x_4,True,1,0.0013675292995240953,0.6350034550317407,0.6367263157894736,1.0,0.1639,True,True,1.0,0.016664471162690056,0.904898166174782,0.4498052631578948,0.9279,0.0313,True,True,0.016664471162690056,0.0013675292995240953
"['x_0 + x_1 + x_2 == 3', 'x_3 + x_4 + x_5 + x_6 + x_7 >= 4']",cardinality+cardinality,8,2, 3*x_0 + -3*x_0 x_1 + 1*x_0 x_2 + 4*x_0 x_3 + 4*x_0 x_4 + 4*x_0 x_5 + -5*x_0 x_6 + -1*x_0 x_7 + -2*x_1 + -2*x_1 x_2 + 3*x_1 x_3 + -3*x_1 x_4 + -5*x_1 x_5 + -1*x_1 x_6 + 1*x_1 x_7 + -5*x_2 + 1*x_2 x_4 + -4*x_2 x_5 + -5*x_2 x_6 + 1*x_2 x_7 + 2*x_3 + 3*x_3 x_4 + 2*x_3 x_5 + -4*x_3 x_6 + -3*x_3 x_7 + -4*x_4 + -2*x_4 x_5 + -2*x_4 x_6 + -4*x_4 x_7 + -1*x_5 + 1*x_5 x_6 + -5*x_6 + -5*x_6 x_7 + 3*x_7,True,1,0.001788276301489936,0.9092818250487256,0.9283878787878791,1.0,0.7905,True,True,3.0,0.018175120088789198,0.9849554650828517,0.5105121212121212,0.7774,0.0067,True,True,0.018175120088789198,0.001788276301489936
"['x_0 + x_1 + x_2 == 1', 'x_3 + x_4 + x_5 + x_6 <= 4']",cardinality+cardinality,7,2, -4*x_0 + 4*x_0 x_1 + -2*x_0 x_2 + -2*x_0 x_3 + 4*x_0 x_4 + -5*x_0 x_5 + -1*x_0 x_6 + -3*x_1 x_2 + 4*x_1 x_3 + 2*x_1 x_4 + 1*x_1 x_5 + -5*x_1 x_6 + -5*x_2 + -4*x_2 x_3 + 1*x_2 x_4 + -3*x_2 x_5 + 2*x_2 x_6 + -3*x_3 + 3*x_3 x_4 + 4*x_4 + -2*x_4 x_5 + 1*x_4 x_6 + -4*x_5 + -4*x_5 x_6 + -5*x_6,True,1,0.0010968552695380317,0.47889035700209853,0.6043315789473684,1.0,0.1218,True,True,3.0,0.019444709287749395,0.8637737609044669,0.4466868421052631,0.7681,0.0436,True,True,0.019444709287749395,0.0010968552695380317
"['x_0 + x_1 + x_2 + x_3 >= 4', 'x_4 + x_5 + x_6 + x_7 == 3']",cardinality+cardinality,8,2, -3*x_0 + -3*x_0 x_1 + 2*x_0 x_2 + 2*x_0 x_3 + 3*x_0 x_4 + -5*x_0 x_5 + -5*x_0 x_6 + -5*x_0 x_7 + -4*x_1 + -2*x_1 x_2 + 1*x_1 x_3 + -4*x_1 x_4 + 2*x_1 x_6 + 1*x_1 x_7 + -4*x_2 x_3 + 4*x_2 x_4 + -2*x_2 x_5 + 3*x_2 x_6 + -3*x_2 x_7 + -1*x_3 + -3*x_3 x_4 + -2*x_3 x_5 + -2*x_3 x_6 + -3*x_3 x_7 + -2*x_4 + 1*x_4 x_5 + -5*x_4 x_6 + -1*x_4 x_7 + -4*x_5 + 3*x_5 x_6 + 2*x_5 x_7 + -2*x_6 x_7 + -3*x_7,True,1,0.0010520937045415243,0.8730988416159174,0.9874625000000004,1.0,0.913,True,True,4.0,0.020333491961161295,0.9882692430456557,0.7701000000000006,0.8301,0.3515,True,True,0.020333491961161295,0.0010520937045415243
"['2*x_0 + 6*x_1 + 1*x_2 <= 3', 'x_3 + x_4 == 1']",knapsack+assignment,5,2, -3*x_0 + -4*x_0 x_1 + -5*x_0 x_2 + -4*x_0 x_3 + -2*x_0 x_4 + -4*x_1 + -1*x_1 x_2 + -3*x_1 x_3 + -2*x_1 x_4 + -5*x_2 + 4*x_2 x_3 + 1*x_2 x_4 + -2*x_3 + -4*x_3 x_4 + 1*x_4,True,1,0.0008328765630722046,0.4476766928186586,0.95033125,1.0,0.9366,True,True,5.0,0.021079414619339838,0.8773127449305456,0.2872687500000001,0.4975,0.117,False,True,0.021079414619339838,0.0008328765630722046
"['x_0 + x_1 == 0', 'x_2 + x_3 + x_4 + x_5 <= 0']",cardinality+cardinality,6,2, -2*x_0 + -4*x_0 x_1 + 2*x_0 x_2 + 2*x_0 x_3 + 3*x_0 x_4 + -5*x_0 x_5 + -1*x_1 + 1*x_1 x_3 + -2*x_1 x_4 + -5*x_2 x_3 + 4*x_2 x_4 + 3*x_2 x_5 + 3*x_3 + -3*x_3 x_4 + 2*x_3 x_5 + -1*x_4 + 2*x_4 x_5 + 3*x_5,True,1,0.0018034677373038397,0.55,,1.0,1.0,True,True,2.0,0.02111915343337589,0.9971475422680884,,0.9645,0.9645,True,True,0.02111915343337589,0.0018034677373038397
"['x_0 + x_1 + x_2 + x_3 + x_4 >= 1', 'x_5 - x_6 - x_7 == 0']",cardinality+flow,8,2, 1*x_0 + -3*x_0 x_1 + -5*x_0 x_2 + -2*x_0 x_3 + -2*x_0 x_4 + -4*x_0 x_5 + -5*x_0 x_6 + -2*x_0 x_7 + -2*x_1 + 2*x_1 x_4 + 4*x_1 x_5 + -2*x_1 x_6 + -4*x_1 x_7 + -1*x_2 + -5*x_2 x_4 + 4*x_2 x_5 + 2*x_2 x_6 + 2*x_2 x_7 + -5*x_3 + -5*x_3 x_4 + 2*x_3 x_5 + 1*x_3 x_6 + -3*x_3 x_7 + -2*x_4 + -1*x_4 x_5 + 1*x_4 x_6 + 4*x_4 x_7 + 3*x_5 + -2*x_5 x_6 + -2*x_5 x_7 + -5*x_6 + 1*x_6 x_7 + -3*x_7,True,1,0.0022176176971859403,0.4211599609288132,0.4713411764705885,1.0,0.0261,True,True,2.0,0.021245998210377162,0.9408599302550607,0.547614705882353,0.9043,0.0737,True,True,0.021245998210377162,0.0022176176971859403
"['1*x_3*x_3 + 5*x_3*x_4 + 4*x_3*x_5 + 2*x_4*x_4 + 2*x_4*x_5 + 2*x_5*x_5 <= 8', 'x_0 + x_1 + x_2 <= 3']",cardinality+quadratic_knapsack,6,2, 4*x_0 + -1*x_0 x_1 + 3*x_0 x_2 + -1*x_0 x_3 + -4*x_0 x_4 + 1*x_0 x_5 + 3*x_1 + 1*x_1 x_2 + -3*x_1 x_3 + -5*x_1 x_4 + -2*x_1 x_5 + -2*x_2 + -4*x_2 x_3 + -3*x_2 x_4 + 2*x_2 x_5 + -5*x_3 + -2*x_3 x_4 + 4*x_4 + -5*x_5,True,1,0.0018320771058400471,0.5081023764386446,0.6099375,1.0,0.0695,True,True,1.0,0.0212676602602005,0.88399271640163,0.41622499999999996,0.8759,0.0224,True,True,0.0212676602602005,0.0018320771058400471
"['x_0 + x_1 == 0', 'x_2 + x_3 + x_4 + x_5 + x_6 >= 4']",cardinality+cardinality,7,2, -1*x_0 + 4*x_0 x_1 + 1*x_0 x_2 + -2*x_0 x_3 + 3*x_0 x_4 + -1*x_0 x_5 + 4*x_0 x_6 + 2*x_1 + 2*x_1 x_2 + -1*x_1 x_3 + -2*x_1 x_4 + -1*x_1 x_5 + 3*x_1 x_6 + -1*x_2 + -5*x_2 x_3 + -2*x_2 x_4 + 2*x_2 x_5 + -1*x_2 x_6 + 2*x_3 + -1*x_3 x_5 + -3*x_4 + 3*x_4 x_5 + -2*x_4 x_6 + -1*x_5 x_6 + -5*x_6,True,1,0.0026579304536183674,0.9096866843537709,0.8097166666666666,1.0,0.5291,True,True,3.0,0.021465812855296664,0.9856106319864285,0.5064333333333333,0.84,0.2797,True,True,0.021465812855296664,0.0026579304536183674
"['x_0 + x_1 + x_2 == 0', 'x_3 + x_4 + x_5 + x_6 + x_7 == 1']",cardinality+cardinality,8,2, -3*x_0 + -3*x_0 x_1 + 2*x_0 x_2 + 2*x_0 x_3 + 3*x_0 x_4 + -5*x_0 x_5 + -5*x_0 x_6 + -5*x_0 x_7 + -4*x_1 + -2*x_1 x_2 + 1*x_1 x_3 + -4*x_1 x_4 + 2*x_1 x_6 + 1*x_1 x_7 + -4*x_2 x_3 + 4*x_2 x_4 + -2*x_2 x_5 + 3*x_2 x_6 + -3*x_2 x_7 + -1*x_3 + -3*x_3 x_4 + -2*x_3 x_5 + -2*x_3 x_6 + -3*x_3 x_7 + -2*x_4 + 1*x_4 x_5 + -5*x_4 x_6 + -1*x_4 x_7 + -4*x_5 + 3*x_5 x_6 + 2*x_5 x_7 + -2*x_6 x_7 + -3*x_7,True,1,0.0019139048788282607,0.15878292903241278,0.9078999999999999,1.0,0.7119,True,True,3.0,0.022106727957725524,0.987230394762089,0.3205,0.8399,0.0,True,True,0.022106727957725524,0.0019139048788282607
"['x_0 + x_1 - x_2 == 0', 'x_3 + x_4 + x_5 <= 3', 'x_6*x_7 == 0']",flow+cardinality+independent_set,8,3, 1*x_0 + -3*x_0 x_1 + -5*x_0 x_2 + -2*x_0 x_3 + -2*x_0 x_4 + -4*x_0 x_5 + -5*x_0 x_6 + -2*x_0 x_7 + -2*x_1 + 2*x_1 x_4 + 4*x_1 x_5 + -2*x_1 x_6 + -4*x_1 x_7 + -1*x_2 + -5*x_2 x_4 + 4*x_2 x_5 + 2*x_2 x_6 + 2*x_2 x_7 + -5*x_3 + -5*x_3 x_4 + 2*x_3 x_5 + 1*x_3 x_6 + -3*x_3 x_7 + -2*x_4 + -1*x_4 x_5 + 1*x_4 x_6 + 4*x_4 x_7 + 3*x_5 + -2*x_5 x_6 + -2*x_5 x_7 + -5*x_6 + 1*x_6 x_7 + -3*x_7,True,1,0.002246339784728156,0.5129875241886352,0.64458,1.0,0.0854,True,True,3.0,0.02366643296347724,0.9749697985621057,0.4259925,0.9434,0.0292,True,True,0.02366643296347724,0.002246339784728156
"['x_0 + x_1 + x_2 + x_3 <= 4', 'x_4 + x_5 + x_6 <= 0']",cardinality+cardinality,7,2, 4*x_0 + 2*x_0 x_1 + -5*x_0 x_3 + 2*x_0 x_4 + -3*x_0 x_5 + 1*x_0 x_6 + -3*x_1 + -4*x_1 x_2 + -1*x_1 x_3 + 1*x_1 x_4 + 3*x_1 x_5 + 2*x_1 x_6 + 4*x_2 x_3 + -1*x_2 x_4 + -3*x_2 x_5 + 4*x_2 x_6 + 2*x_3 + -2*x_3 x_4 + 4*x_3 x_5 + -2*x_3 x_6 + 3*x_4 + -1*x_4 x_6 + 2*x_5 + -2*x_5 x_6 + -1*x_6,True,1,0.0014456337690353393,0.7501788156926152,0.6529692307692307,1.0,0.226,True,True,3.0,0.025116526749398974,0.9917984788620406,0.821546153846154,0.8845,0.7477,True,True,0.025116526749398974,0.0014456337690353393
"['x_0 + x_1 + x_2 <= 2', 'x_3 + x_4 <= 0', 'x_5 + x_6 + x_7 == 1']",cardinality+cardinality+assignment,8,3, 1*x_0 + -3*x_0 x_1 + -5*x_0 x_2 + -2*x_0 x_3 + -2*x_0 x_4 + -4*x_0 x_5 + -5*x_0 x_6 + -2*x_0 x_7 + -2*x_1 + 2*x_1 x_4 + 4*x_1 x_5 + -2*x_1 x_6 + -4*x_1 x_7 + -1*x_2 + -5*x_2 x_4 + 4*x_2 x_5 + 2*x_2 x_6 + 2*x_2 x_7 + -5*x_3 + -5*x_3 x_4 + 2*x_3 x_5 + 1*x_3 x_6 + -3*x_3 x_7 + -2*x_4 + -1*x_4 x_5 + 1*x_4 x_6 + 4*x_4 x_7 + 3*x_5 + -2*x_5 x_6 + -2*x_5 x_7 + -5*x_6 + 1*x_6 x_7 + -3*x_7,True,1,0.001946070260471768,0.38814771053633335,0.8105833333333333,1.0,0.4556,True,True,3.0,0.026140876081254746,0.9760962733273835,0.4302541666666666,0.8572,0.0709,True,True,0.026140876081254746,0.001946070260471768
"['2*x_0 + 7*x_1 + 7*x_2 <= 7', 'x_3 + x_4 == 2']",knapsack+cardinality,5,2, 3*x_0 + 1*x_0 x_2 + 3*x_0 x_4 + -5*x_1 + -3*x_1 x_2 + 3*x_2 + 3*x_2 x_3 + -5*x_2 x_4 + -4*x_3 + 2*x_3 x_4 + -3*x_4,True,1,0.000768472088707818,0.7853309692397354,0.8823636363636363,1.0,0.8106,True,True,5.0,0.0275228445397483,0.8360143647297285,0.09940909090909089,0.2305,0.0478,False,True,0.0275228445397483,0.000768472088707818
"['x_0 + x_1 + x_2 <= 1', 'x_3 + x_4 + x_5 >= 0', 'x_6 + x_7 <= 2']",cardinality+cardinality+cardinality,8,3, 2*x_0 + 3*x_0 x_1 + -2*x_0 x_3 + -1*x_0 x_4 + 3*x_0 x_5 + 4*x_0 x_6 + -5*x_0 x_7 + 4*x_1 + 2*x_1 x_2 + -4*x_1 x_3 + -2*x_1 x_4 + -4*x_1 x_5 + -3*x_1 x_6 + -2*x_1 x_7 + -4*x_2 x_3 + 2*x_2 x_4 + 3*x_2 x_5 + 1*x_2 x_6 + -4*x_2 x_7 + 1*x_3 + -1*x_3 x_4 + 3*x_3 x_5 + -1*x_3 x_6 + -5*x_4 + -4*x_4 x_5 + -5*x_4 x_6 + -3*x_4 x_7 + 3*x_5 + 4*x_5 x_6 + -3*x_5 x_7 + -3*x_7,True,1,0.003267009456952413,0.6534773201204437,0.6426880952380952,1.0,0.0528,True,True,2.0,0.03304244193765852,0.9647481557586228,0.5434595238095237,0.9489,0.0009,True,True,0.03304244193765852,0.003267009456952413
"['2*x_0 + 10*x_1 + 4*x_2 <= 6', 'x_3 + x_4 + x_5 <= 0']",knapsack+cardinality,6,2, -4*x_0 + 2*x_0 x_1 + -4*x_0 x_2 + 1*x_0 x_3 + -4*x_0 x_4 + 1*x_1 + 4*x_1 x_2 + -3*x_1 x_3 + -1*x_1 x_5 + 2*x_2 + 4*x_2 x_3 + -1*x_2 x_4 + 3*x_3 + 4*x_3 x_4 + -4*x_3 x_5 + -1*x_4 + 3*x_4 x_5 + -1*x_5,True,1,0.0009652403328153823,0.7294990220715312,0.90395,1.0,0.7581,True,True,5.0,0.03863313893477122,0.7884493856179968,0.026075,0.0664,0.0094,False,True,0.03863313893477122,0.0009652403328153823
"['2*x_2 + 5*x_3 + 2*x_4 <= 5', 'x_0 + x_1 == 1']",cardinality+knapsack,5,2, -2*x_0 + -3*x_0 x_1 + -2*x_0 x_2 + -3*x_0 x_3 + -1*x_0 x_4 + -5*x_1 + 2*x_1 x_2 + -1*x_1 x_3 + -4*x_1 x_4 + -2*x_2 + -4*x_2 x_3 + -1*x_2 x_4 + -5*x_3 + -5*x_3 x_4,True,1,0.0017981971634758844,0.26420597218021435,0.8358444444444443,1.0,0.2013,True,True,5.0,0.04259125623438093,0.8415567486127896,0.15865555555555558,0.2956,0.0425,False,True,0.04259125623438093,0.0017981971634758844
"['10*x_2 + 8*x_3 + 10*x_4 <= 9', 'x_0*x_1 == 0']",independent_set+knapsack,5,2, -2*x_0 + -3*x_0 x_1 + -2*x_0 x_2 + -3*x_0 x_3 + -1*x_0 x_4 + -5*x_1 + 2*x_1 x_2 + -1*x_1 x_3 + -4*x_1 x_4 + -2*x_2 + -4*x_2 x_3 + -1*x_2 x_4 + -5*x_3 + -5*x_3 x_4,True,1,0.0008749482366773818,0.2886430576114108,0.9447454545454544,1.0,0.5845,True,True,5.0,0.04276743643813663,0.8032969424292806,0.11967272727272728,0.1793,0.0545,False,True,0.04276743643813663,0.0008749482366773818
"['5*x_3 + 4*x_4 + 1*x_5 <= 6', 'x_0 + x_1 + x_2 == 0']",cardinality+knapsack,6,2, -4*x_0 + 2*x_0 x_1 + -4*x_0 x_2 + 1*x_0 x_3 + -4*x_0 x_4 + 1*x_1 + 4*x_1 x_2 + -3*x_1 x_3 + -1*x_1 x_5 + 2*x_2 + 4*x_2 x_3 + -1*x_2 x_4 + 3*x_3 + 4*x_3 x_4 + -4*x_3 x_5 + -1*x_4 + 3*x_4 x_5 + -1*x_5,True,1,0.0013434837924109564,0.5723303403138861,0.8597999999999999,1.0,0.5287,True,True,5.0,0.04960340314441257,0.8476451467631408,0.23418,0.3515,0.0886,False,True,0.04960340314441257,0.0013434837924109564
"['5*x_0 + 4*x_1 + 1*x_2 <= 6', 'x_3 + x_4 + x_5 + x_6 == 0']",knapsack+cardinality,7,2, 3*x_0 + -2*x_0 x_2 + -1*x_0 x_3 + -5*x_0 x_4 + 1*x_0 x_5 + 2*x_0 x_6 + -5*x_1 x_2 + -4*x_1 x_3 + -3*x_1 x_4 + -2*x_1 x_5 + 2*x_1 x_6 + 4*x_2 + 3*x_2 x_3 + -2*x_2 x_4 + -1*x_2 x_5 + 4*x_3 + 3*x_3 x_4 + 4*x_3 x_6 + -3*x_4 + -3*x_4 x_5 + 3*x_4 x_6 + 3*x_5 + 4*x_5 x_6 + -4*x_6,True,1,0.0010714526971181233,0.5749846496313535,0.8542,1.0,0.1508,True,True,5.0,0.050599133637216354,0.8448266347944435,0.11825000000000001,0.2031,0.0452,False,True,0.050599133637216354,0.0010714526971181233
"['5*x_2 + 4*x_3 + 1*x_4 <= 6', 'x_0 + x_1 == 2']",cardinality+knapsack,5,2, 2*x_0 + -1*x_0 x_2 + -4*x_0 x_3 + 1*x_0 x_4 + -5*x_1 + -2*x_1 x_2 + -1*x_1 x_3 + 1*x_1 x_4 + 3*x_2 + -5*x_2 x_3 + -5*x_2 x_4 + -5*x_3 x_4 + 3*x_4,True,1,0.0016227739387088352,0.5745235410709498,0.9799,1.0,0.9625,True,True,5.0,0.054226936366822985,0.8295875501935868,0.11889999999999999,0.2228,0.0592,False,True,0.054226936366822985,0.0016227739387088352
"['6*x_2 + 2*x_3 + 2*x_4 <= 3', 'x_0 + x_1 <= 2']",cardinality+knapsack,5,2, 2*x_0 + -1*x_0 x_2 + -4*x_0 x_3 + 1*x_0 x_4 + -5*x_1 + -2*x_1 x_2 + -1*x_1 x_3 + 1*x_1 x_4 + 3*x_2 + -5*x_2 x_3 + -5*x_2 x_4 + -5*x_3 x_4 + 3*x_4,True,1,0.0018840092420578003,0.39662449316285625,0.6778142857142857,1.0,0.1996,True,True,5.0,0.06198699712753296,0.9230056224384591,0.15713571428571427,0.4966,0.0001,False,True,0.06198699712753296,0.0018840092420578003
"['2*x_3 + 7*x_4 + 7*x_5 <= 7', 'x_0 + x_1 + x_2 == 2']",cardinality+knapsack,6,2, 2*x_0 + -5*x_0 x_1 + 2*x_0 x_2 + -4*x_0 x_3 + -2*x_0 x_4 + 4*x_0 x_5 + -4*x_1 + -5*x_1 x_2 + -5*x_1 x_3 + -5*x_1 x_4 + -5*x_1 x_5 + 1*x_2 + 4*x_2 x_3 + -1*x_2 x_4 + -1*x_2 x_5 + -5*x_3 + -5*x_3 x_5 + -1*x_4 + 1*x_4 x_5 + -1*x_5,True,1,0.001140846742524041,0.5559726345649488,0.8355571428571429,1.0,0.4086,True,True,5.0,0.06274263044198354,0.823267916524971,0.20490714285714284,0.2935,0.0653,False,True,0.06274263044198354,0.001140846742524041
"['2*x_0 + 6*x_1 + 1*x_2 <= 3', 'x_3 + x_4 - x_5 - x_6 - x_7 == 0']",knapsack+flow,8,2, -1*x_0 + -4*x_0 x_1 + 1*x_0 x_2 + 3*x_0 x_3 + -1*x_0 x_4 + -1*x_0 x_5 + -1*x_0 x_6 + 1*x_0 x_7 + 4*x_1 + -3*x_1 x_2 + 3*x_1 x_3 + 4*x_1 x_4 + -5*x_1 x_5 + -2*x_1 x_6 + -1*x_1 x_7 + -3*x_2 x_3 + -5*x_2 x_4 + 2*x_2 x_5 + -4*x_2 x_6 + -3*x_2 x_7 + -2*x_3 + 4*x_3 x_4 + -1*x_3 x_6 + -5*x_3 x_7 + -5*x_4 + -4*x_4 x_5 + 4*x_4 x_6 + -1*x_4 x_7 + -1*x_5 + 2*x_5 x_6 + 3*x_5 x_7 + -4*x_6 + -5*x_6 x_7,True,1,0.0015637082523769802,0.5966637218143506,0.5043899999999999,1.0,0.1416,True,True,5.0,0.0629546551571952,0.7968460781747129,0.03311333333333333,0.1515,0.0002,False,True,0.0629546551571952,0.0015637082523769802
"['x_0 + x_1 + x_2 >= 2', 'x_3 + x_4 + x_5 + x_6 + x_7 <= 5']",cardinality+cardinality,8,2, 2*x_0 + -5*x_0 x_1 + 2*x_0 x_2 + 3*x_0 x_3 + -4*x_0 x_4 + -1*x_0 x_5 + -3*x_0 x_6 + -2*x_0 x_7 + 2*x_1 + -5*x_1 x_2 + 3*x_1 x_3 + -2*x_1 x_4 + 4*x_1 x_5 + -5*x_1 x_6 + 1*x_1 x_7 + -5*x_2 + 4*x_2 x_3 + 4*x_2 x_4 + -1*x_2 x_5 + -5*x_2 x_7 + -1*x_3 + 1*x_3 x_4 + 1*x_3 x_5 + 4*x_3 x_6 + 3*x_3 x_7 + -1*x_4 + -5*x_4 x_5 + -2*x_4 x_6 + -2*x_4 x_7 + -3*x_5 + -4*x_5 x_7 + 4*x_6 + 3*x_6 x_7 + -1*x_7,True,1,0.0030437168810102675,0.5047265661277707,0.4683000000000001,1.0,0.0163,True,True,3.0,0.06382330238819123,0.9169149001749324,0.26297954545454544,0.7515,0.0078,True,True,0.06382330238819123,0.0030437168810102675
"['6*x_0 + 2*x_1 + 2*x_2 <= 3', 'x_3 + x_4 + x_5 <= 1']",knapsack+cardinality,6,2, 4*x_0 + 4*x_0 x_1 + -3*x_0 x_2 + -2*x_0 x_3 + -5*x_0 x_4 + 4*x_0 x_5 + -2*x_1 + -5*x_1 x_2 + -2*x_1 x_3 + 3*x_1 x_4 + -5*x_1 x_5 + -1*x_2 + -3*x_2 x_3 + -5*x_2 x_4 + 2*x_2 x_5 + 2*x_3 + 3*x_3 x_4 + -1*x_3 x_5 + -4*x_4 + -2*x_4 x_5 + -2*x_5,True,1,0.0022915199730131363,0.4833373921624516,0.7940166666666667,1.0,0.6163,True,True,5.0,0.06524476985136668,0.9224159837712952,0.24735833333333335,0.2956,0.0005,False,True,0.06524476985136668,0.0022915199730131363
"['5*x_3 + 4*x_4 + 1*x_5 <= 6', 'x_0 + x_1 + x_2 >= 3']",cardinality+knapsack,6,2, -5*x_0 + -4*x_0 x_1 + -3*x_0 x_2 + -5*x_0 x_3 + 1*x_0 x_4 + -4*x_0 x_5 + -3*x_1 + -1*x_1 x_2 + 3*x_1 x_3 + -2*x_1 x_4 + 4*x_1 x_5 + -2*x_2 + -1*x_2 x_3 + -4*x_2 x_4 + 4*x_3 + -5*x_3 x_4 + 4*x_3 x_5 + -2*x_4 + -5*x_5,True,1,0.0015528123908572727,0.9283015456754131,0.7959846153846157,1.0,0.5568,True,True,5.0,0.06655491709709167,0.8271852581693234,0.034823076923076964,0.0976,0.013,False,True,0.06655491709709167,0.0015528123908572727
"['10*x_3 + 8*x_4 + 10*x_5 <= 9', 'x_0 + x_1 + x_2 == 0']",cardinality+knapsack,6,2, -2*x_0 + -4*x_0 x_1 + 2*x_0 x_2 + 2*x_0 x_3 + 3*x_0 x_4 + -5*x_0 x_5 + -1*x_1 + 1*x_1 x_3 + -2*x_1 x_4 + -5*x_2 x_3 + 4*x_2 x_4 + 3*x_2 x_5 + 3*x_3 + -3*x_3 x_4 + 2*x_3 x_5 + -1*x_4 + 2*x_4 x_5 + 3*x_5,True,1,0.0010968723562028674,0.5999846546546703,0.9998,1.0,0.9998,True,True,5.0,0.06669873899883694,0.7972065952294484,0.021099999999999994,0.036,0.0211,False,True,0.06669873899883694,0.0010968723562028674
"['x_0 + x_1 - x_2 == 0', 'x_3 + x_4 + x_5 + x_6 + x_7 <= 2']",flow+cardinality,8,2, -1*x_0 + -4*x_0 x_1 + 1*x_0 x_2 + 3*x_0 x_3 + -1*x_0 x_4 + -1*x_0 x_5 + -1*x_0 x_6 + 1*x_0 x_7 + 4*x_1 + -3*x_1 x_2 + 3*x_1 x_3 + 4*x_1 x_4 + -5*x_1 x_5 + -2*x_1 x_6 + -1*x_1 x_7 + -3*x_2 x_3 + -5*x_2 x_4 + 2*x_2 x_5 + -4*x_2 x_6 + -3*x_2 x_7 + -2*x_3 + 4*x_3 x_4 + -1*x_3 x_6 + -5*x_3 x_7 + -5*x_4 + -4*x_4 x_5 + 4*x_4 x_6 + -1*x_4 x_7 + -1*x_5 + 2*x_5 x_6 + 3*x_5 x_7 + -4*x_6 + -5*x_6 x_7,True,1,0.0017059961292478774,0.4389383054569855,0.558995,1.0,0.0002,True,True,4.0,0.06675644775231679,0.9841619271180642,0.22773500000000002,0.8716,0.0008,True,True,0.06675644775231679,0.0017059961292478774
"['5*x_3 + 4*x_4 + 1*x_5 <= 6', 'x_0 + x_1 + x_2 == 1']",assignment+knapsack,6,2, 1*x_0 x_1 + -3*x_0 x_3 + -3*x_0 x_4 + 4*x_0 x_5 + 4*x_1 + 3*x_1 x_5 + 1*x_2 + 3*x_2 x_3 + -4*x_2 x_4 + 1*x_2 x_5 + -1*x_3 + 2*x_3 x_4 + 1*x_3 x_5 + -4*x_4 + -5*x_5,True,1,0.001657622257868449,0.6478474416172174,0.5317599999999999,1.0,0.1703,True,True,5.0,0.06846754007869296,0.8688631974580199,0.22970000000000002,0.4971,0.041,False,True,0.06846754007869296,0.001657622257868449
"['10*x_2 + 1*x_3 + 9*x_4 <= 7', 'x_0 + x_1 >= 1']",cardinality+knapsack,5,2, -3*x_0 + 1*x_0 x_1 + 2*x_0 x_2 + 1*x_0 x_3 + 2*x_0 x_4 + 3*x_1 + 3*x_1 x_2 + 2*x_1 x_3 + 1*x_1 x_4 + -2*x_2 + -1*x_2 x_3 + -1*x_2 x_4 + 2*x_3 + -3*x_3 x_4 + -2*x_4,True,1,0.0017410735951529609,0.6277502492500862,0.84234,1.0,0.7957,True,True,5.0,0.07215745800071292,0.820999570508719,0.13737,0.2029,0.0921,False,True,0.07215745800071292,0.0017410735951529609
"['x_0 + x_1 + x_2 + x_3 >= 0', 'x_4 + x_5 + x_6 + x_7 == 3']",cardinality+cardinality,8,2, 4*x_0 + 1*x_0 x_1 + -3*x_0 x_2 + -4*x_0 x_3 + -5*x_0 x_4 + -2*x_0 x_5 + -1*x_0 x_6 + 2*x_0 x_7 + -4*x_1 + 1*x_1 x_2 + 3*x_1 x_3 + 3*x_1 x_4 + -1*x_1 x_5 + -1*x_1 x_6 + -1*x_1 x_7 + -5*x_2 + 4*x_2 x_3 + -3*x_2 x_4 + 4*x_2 x_5 + -2*x_2 x_6 + -3*x_2 x_7 + -5*x_3 + -5*x_3 x_4 + -5*x_3 x_5 + -1*x_3 x_6 + -2*x_3 x_7 + -1*x_4 + -2*x_4 x_5 + 1*x_4 x_6 + -5*x_4 x_7 + -4*x_5 + -5*x_5 x_6 + 3*x_5 x_7 + 4*x_6 + -1*x_6 x_7 + 4*x_7,True,1,0.0014681996901830037,0.6970481039361976,0.6714575,1.0,0.0322,True,True,5.0,0.0769918688138326,0.9605712495953895,0.3298875,0.5175,0.0535,False,True,0.0769918688138326,0.0014681996901830037
"['2*x_0 + 6*x_1 + 1*x_2 <= 3', 'x_3 + x_4 == 2', 'x_5 + x_6 + x_7 == 2']",knapsack+cardinality+cardinality,8,3, 4*x_0 + 4*x_0 x_1 + -3*x_0 x_2 + -3*x_0 x_3 + -1*x_0 x_4 + 2*x_0 x_5 + 1*x_0 x_6 + -2*x_0 x_7 + -4*x_1 + -4*x_1 x_2 + 4*x_1 x_3 + 4*x_1 x_4 + -2*x_1 x_5 + 3*x_1 x_6 + -5*x_1 x_7 + -3*x_2 + 4*x_2 x_3 + -1*x_2 x_4 + 4*x_2 x_5 + -1*x_2 x_7 + -2*x_3 + 3*x_3 x_4 + 4*x_3 x_5 + 4*x_3 x_6 + -1*x_4 + 4*x_4 x_5 + -1*x_4 x_6 + 4*x_4 x_7 + -3*x_5 + 4*x_5 x_6 + 3*x_5 x_7 + -5*x_6 + 4*x_6 x_7 + 4*x_7,True,1,0.002494902080959744,0.5228660652552138,0.9269785714285712,1.0,0.8481,True,True,5.0,0.07741407831509908,0.9412628434976333,0.28951428571428567,0.494,0.2254,False,True,0.07741407831509908,0.002494902080959744
"['4*x_0 + 6*x_1 + 1*x_2 + 1*x_3 <= 6', 'x_4 + x_5 - x_6 - x_7 == 0']",knapsack+flow,8,2, 1*x_0 + -5*x_0 x_1 + -1*x_0 x_2 + 4*x_0 x_3 + -2*x_0 x_4 + 2*x_0 x_5 + -1*x_0 x_6 + 1*x_1 x_2 + -5*x_1 x_3 + -1*x_1 x_4 + 2*x_1 x_5 + 3*x_1 x_6 + -4*x_1 x_7 + -4*x_2 + -5*x_2 x_3 + -5*x_2 x_4 + -3*x_2 x_5 + 3*x_2 x_7 + -5*x_3 + -2*x_3 x_4 + -1*x_3 x_5 + -2*x_3 x_6 + -4*x_3 x_7 + -2*x_4 + 3*x_4 x_5 + -4*x_4 x_6 + 4*x_4 x_7 + -5*x_5 + -3*x_5 x_7 + -5*x_6 + -1*x_6 x_7,True,1,0.002737213969230652,0.42765728166803213,0.4884348837209302,1.0,0.0086,True,True,5.0,0.07843728767500983,0.8251936484403105,0.08115348837209303,0.2217,0.0034,False,True,0.07843728767500983,0.002737213969230652
"['7*x_3 + 7*x_4 + 10*x_5 + 2*x_6 <= 10', 'x_0 + x_1 + x_2 == 0']",cardinality+knapsack,7,2, -3*x_0 + -4*x_0 x_1 + -4*x_0 x_2 + -1*x_0 x_4 + 4*x_0 x_5 + 2*x_0 x_6 + 4*x_1 + 4*x_1 x_2 + -1*x_1 x_3 + -1*x_1 x_4 + 1*x_1 x_5 + -1*x_1 x_6 + -3*x_2 + -4*x_2 x_3 + -2*x_2 x_4 + 1*x_2 x_6 + -1*x_3 + 4*x_3 x_4 + -1*x_3 x_5 + -3*x_3 x_6 + -1*x_4 + -3*x_4 x_5 + 2*x_5 + 3*x_5 x_6 + -1*x_6,True,1,0.0022387090656492445,0.5329418528282621,0.8360000000000001,1.0,0.7236,True,True,5.0,0.08067352791627248,0.8135304417705714,0.020714285714285713,0.0464,0.0067,False,True,0.08067352791627248,0.0022387090656492445
"['2*x_0 + 5*x_1 + 2*x_2 <= 5', 'x_3 - x_4 - x_5 - x_6 == 0']",knapsack+flow,7,2, 3*x_0 + 4*x_0 x_1 + 1*x_0 x_2 + -5*x_0 x_3 + -5*x_0 x_4 + -4*x_1 + -4*x_1 x_2 + -3*x_1 x_3 + -4*x_1 x_4 + 1*x_1 x_6 + 3*x_2 + 3*x_2 x_3 + 1*x_2 x_4 + -1*x_2 x_5 + -4*x_3 + 2*x_3 x_4 + 1*x_3 x_5 + -5*x_3 x_6 + -5*x_4 + -3*x_4 x_5 + 4*x_4 x_6 + -4*x_5 + -3*x_5 x_6 + 4*x_6,True,1,0.0028191647926966348,0.4896893465673139,0.583676,1.0,0.3058,True,True,5.0,0.08481698837545183,0.8318032770053561,0.20966399999999996,0.377,0.0344,False,True,0.08481698837545183,0.0028191647926966348
"['3*x_0 + 8*x_1 + 3*x_2 <= 5', 'x_3 + x_4 + x_5 + x_6 + x_7 == 3']",knapsack+cardinality,8,2, 2*x_0 + -5*x_0 x_1 + 2*x_0 x_2 + 3*x_0 x_3 + -4*x_0 x_4 + -1*x_0 x_5 + -3*x_0 x_6 + -2*x_0 x_7 + 2*x_1 + -5*x_1 x_2 + 3*x_1 x_3 + -2*x_1 x_4 + 4*x_1 x_5 + -5*x_1 x_6 + 1*x_1 x_7 + -5*x_2 + 4*x_2 x_3 + 4*x_2 x_4 + -1*x_2 x_5 + -5*x_2 x_7 + -1*x_3 + 1*x_3 x_4 + 1*x_3 x_5 + 4*x_3 x_6 + 3*x_3 x_7 + -1*x_4 + -5*x_4 x_5 + -2*x_4 x_6 + -2*x_4 x_7 + -3*x_5 + -4*x_5 x_7 + 4*x_6 + 3*x_6 x_7 + -1*x_7,True,1,0.002002828518549601,0.5555946429379752,0.715082857142857,1.0,0.3843,True,True,5.0,0.08598857919375101,0.7943309490066897,0.054085714285714286,0.1302,0.0058,False,True,0.08598857919375101,0.002002828518549601
"['2*x_0 + 10*x_1 + 4*x_2 <= 6', 'x_3 + x_4 + x_5 + x_6 == 1']",knapsack+cardinality,7,2, -1*x_0 + 4*x_0 x_1 + 1*x_0 x_2 + -2*x_0 x_3 + 3*x_0 x_4 + -1*x_0 x_5 + 4*x_0 x_6 + 2*x_1 + 2*x_1 x_2 + -1*x_1 x_3 + -2*x_1 x_4 + -1*x_1 x_5 + 3*x_1 x_6 + -1*x_2 + -5*x_2 x_3 + -2*x_2 x_4 + 2*x_2 x_5 + -1*x_2 x_6 + 2*x_3 + -1*x_3 x_5 + -3*x_4 + 3*x_4 x_5 + -2*x_4 x_6 + -1*x_5 x_6 + -5*x_6,True,1,0.0021619421905941434,0.5431494318023954,0.8447555555555555,1.0,0.563,True,True,5.0,0.09199912051359813,0.7917991416098622,0.06191111111111111,0.1326,0.012,False,True,0.09199912051359813,0.0021619421905941434
"['3*x_4 + 1*x_5 + 4*x_6 + 8*x_7 <= 7', 'x_0 + x_1 + x_2 + x_3 >= 4']",cardinality+knapsack,8,2, -1*x_0 + -4*x_0 x_1 + 1*x_0 x_2 + 3*x_0 x_3 + -1*x_0 x_4 + -1*x_0 x_5 + -1*x_0 x_6 + 1*x_0 x_7 + 4*x_1 + -3*x_1 x_2 + 3*x_1 x_3 + 4*x_1 x_4 + -5*x_1 x_5 + -2*x_1 x_6 + -1*x_1 x_7 + -3*x_2 x_3 + -5*x_2 x_4 + 2*x_2 x_5 + -4*x_2 x_6 + -3*x_2 x_7 + -2*x_3 + 4*x_3 x_4 + -1*x_3 x_6 + -5*x_3 x_7 + -5*x_4 + -4*x_4 x_5 + 4*x_4 x_6 + -1*x_4 x_7 + -1*x_5 + 2*x_5 x_6 + 3*x_5 x_7 + -4*x_6 + -5*x_6 x_7,True,1,0.0016578548484378391,0.5855369384556619,0.8554266666666667,1.0,0.3371,True,True,5.0,0.0929985707336002,0.8083885694333244,0.011606666666666666,0.024,0.002,False,True,0.0929985707336002,0.0016578548484378391
"['9*x_0 + 9*x_1 + 4*x_2 + 1*x_3 <= 9', 'x_4 + x_5 == 1']",knapsack+assignment,6,2, 1*x_0 x_1 + -3*x_0 x_3 + -3*x_0 x_4 + 4*x_0 x_5 + 4*x_1 + 3*x_1 x_5 + 1*x_2 + 3*x_2 x_3 + -4*x_2 x_4 + 1*x_2 x_5 + -1*x_3 + 2*x_3 x_4 + 1*x_3 x_5 + -4*x_4 + -5*x_5,True,1,0.0023073044750425552,0.7312683762896828,0.8482444444444445,1.0,0.6382,True,True,5.0,0.09379694289631314,0.812410846484015,0.09418888888888889,0.1804,0.0209,False,True,0.09379694289631314,0.0023073044750425552
"['2*x_0 + 10*x_1 + 4*x_2 <= 6', 'x_3 - x_4 - x_5 - x_6 == 0']",knapsack+flow,7,2, 4*x_0 + 4*x_0 x_1 + 1*x_0 x_2 + 3*x_0 x_3 + 1*x_0 x_4 + -3*x_0 x_5 + -3*x_0 x_6 + -5*x_1 + -2*x_1 x_2 + -5*x_1 x_3 + -4*x_1 x_4 + -4*x_1 x_5 + 1*x_2 + 4*x_2 x_3 + 2*x_2 x_4 + -4*x_2 x_5 + -4*x_2 x_6 + -2*x_3 + 2*x_3 x_4 + -5*x_3 x_5 + -2*x_3 x_6 + 2*x_4 + 1*x_4 x_5 + 3*x_4 x_6 + 4*x_5 + -4*x_5 x_6 + -2*x_6,True,1,0.002366196711858114,0.4332559730111834,0.8655958333333332,1.0,0.5289,True,True,5.0,0.09383947292963664,0.7870177374076909,0.091575,0.144,0.0074,False,True,0.09383947292963664,0.002366196711858114
"['5*x_3 + 4*x_4 + 1*x_5 <= 6', 'x_0 + x_1 + x_2 >= 2', 'x_6 + x_7 >= 2']",cardinality+knapsack+cardinality,8,3, -5*x_0 + 4*x_0 x_1 + 3*x_0 x_3 + -3*x_0 x_4 + 4*x_0 x_5 + 3*x_0 x_6 + 2*x_0 x_7 + -1*x_1 + 2*x_1 x_2 + -5*x_1 x_3 + 1*x_1 x_4 + 2*x_1 x_5 + 2*x_1 x_6 + -4*x_1 x_7 + 4*x_2 + -1*x_2 x_3 + -3*x_2 x_4 + 3*x_2 x_5 + 2*x_2 x_6 + -3*x_3 x_4 + 1*x_3 x_5 + -4*x_3 x_6 + -2*x_3 x_7 + -3*x_4 + 1*x_4 x_6 + -3*x_4 x_7 + -3*x_5 + 2*x_5 x_6 + 1*x_5 x_7 + 3*x_6 + 4*x_6 x_7 + 4*x_7,True,1,0.0014192361964119806,0.3996282521526977,0.7150759999999998,1.0,0.2249,True,True,5.0,0.094682321217325,0.8988576732093457,0.14435200000000004,0.278,0.0094,False,True,0.094682321217325,0.0014192361964119806
"['2*x_0 + 7*x_1 + 7*x_2 <= 7', 'x_3 + x_4 + x_5 >= 0']",knapsack+cardinality,6,2, -2*x_0 + -4*x_0 x_1 + 2*x_0 x_2 + 2*x_0 x_3 + 3*x_0 x_4 + -5*x_0 x_5 + -1*x_1 + 1*x_1 x_3 + -2*x_1 x_4 + -5*x_2 x_3 + 4*x_2 x_4 + 3*x_2 x_5 + 3*x_3 + -3*x_3 x_4 + 2*x_3 x_5 + -1*x_4 + 2*x_4 x_5 + 3*x_5,True,1,0.001825893521308899,0.542088281089282,0.7257599999999998,1.0,0.2383,True,True,5.0,0.10269234710269504,0.8098393130255781,0.2849933333333333,0.4945,0.028,False,True,0.10269234710269504,0.001825893521308899
"['2*x_0 + 5*x_1 + 2*x_2 <= 5', 'x_3 + x_4 + x_5 >= 0']",knapsack+cardinality,6,2, 4*x_0 + -1*x_0 x_1 + 3*x_0 x_2 + -1*x_0 x_3 + -4*x_0 x_4 + 1*x_0 x_5 + 3*x_1 + 1*x_1 x_2 + -3*x_1 x_3 + -5*x_1 x_4 + -2*x_1 x_5 + -2*x_2 + -4*x_2 x_3 + -3*x_2 x_4 + 2*x_2 x_5 + -5*x_3 + -2*x_3 x_4 + 4*x_4 + -5*x_5,True,1,0.0023732368813620675,0.6023033393458166,0.7223149999999998,1.0,0.1911,True,True,5.0,0.10328882263766395,0.8345068176058872,0.30258999999999997,0.6765,0.0294,False,True,0.10328882263766395,0.0023732368813620675
"['2*x_0 + 7*x_1 + 7*x_2 <= 7', 'x_3 + x_4 + x_5 <= 3']",knapsack+cardinality,6,2, -2*x_0 x_1 + -2*x_0 x_2 + -4*x_0 x_3 + 2*x_0 x_4 + -4*x_0 x_5 + 1*x_1 + 3*x_1 x_2 + 1*x_1 x_3 + -1*x_1 x_4 + 3*x_1 x_5 + -4*x_2 + -1*x_2 x_3 + -3*x_2 x_5 + -4*x_3 + 4*x_3 x_4 + 4*x_3 x_5 + -2*x_4 + 2*x_4 x_5 + -2*x_5,True,1,0.0016564661926693387,0.4429673831542811,0.71659375,1.0,0.2448,True,True,5.0,0.10568867292669085,0.8157007530528536,0.30135625,0.5241,0.0265,False,True,0.10568867292669085,0.0016564661926693387
"['3*x_0 + 8*x_1 + 3*x_2 <= 5', 'x_3 + x_4 + x_5 - x_6 - x_7 == 0']",knapsack+flow,8,2, -3*x_0 + -3*x_0 x_1 + 2*x_0 x_2 + 2*x_0 x_3 + 3*x_0 x_4 + -5*x_0 x_5 + -5*x_0 x_6 + -5*x_0 x_7 + -4*x_1 + -2*x_1 x_2 + 1*x_1 x_3 + -4*x_1 x_4 + 2*x_1 x_6 + 1*x_1 x_7 + -4*x_2 x_3 + 4*x_2 x_4 + -2*x_2 x_5 + 3*x_2 x_6 + -3*x_2 x_7 + -1*x_3 + -3*x_3 x_4 + -2*x_3 x_5 + -2*x_3 x_6 + -3*x_3 x_7 + -2*x_4 + 1*x_4 x_5 + -5*x_4 x_6 + -1*x_4 x_7 + -4*x_5 + 3*x_5 x_6 + 2*x_5 x_7 + -2*x_6 x_7 + -3*x_7,True,1,0.003776491218143039,0.40775258725656266,0.5183066666666666,1.0,0.0903,True,True,5.0,0.10985708309544458,0.7890494853026195,0.03647333333333333,0.113,0.0013,False,True,0.10985708309544458,0.003776491218143039
"['1*x_0 + 10*x_1 + 3*x_2 + 5*x_3 + 1*x_4 <= 12', 'x_5*x_6 == 0']",knapsack+independent_set,7,2, 3*x_0 + -2*x_0 x_2 + -1*x_0 x_3 + -5*x_0 x_4 + 1*x_0 x_5 + 2*x_0 x_6 + -5*x_1 x_2 + -4*x_1 x_3 + -3*x_1 x_4 + -2*x_1 x_5 + 2*x_1 x_6 + 4*x_2 + 3*x_2 x_3 + -2*x_2 x_4 + -1*x_2 x_5 + 4*x_3 + 3*x_3 x_4 + 4*x_3 x_6 + -3*x_4 + -3*x_4 x_5 + 3*x_4 x_6 + 3*x_5 + 4*x_5 x_6 + -4*x_6,True,1,0.0018041678931978013,0.5620092327587225,0.5934347826086956,1.0,0.0383,True,True,5.0,0.11894430942005581,0.8456439109858045,0.30350434782608704,0.5907,0.0026,False,True,0.11894430942005581,0.0018041678931978013
"['2*x_0 + 7*x_1 + 7*x_2 <= 7', '2*x_3 + 10*x_4 + 4*x_5 <= 6']",knapsack+knapsack,6,2, 1*x_0 + 4*x_0 x_1 + 3*x_0 x_2 + -1*x_0 x_3 + -3*x_0 x_4 + -1*x_1 + -5*x_1 x_2 + -3*x_1 x_3 + -2*x_1 x_4 + -1*x_1 x_5 + -1*x_2 + 4*x_2 x_4 + -5*x_2 x_5 + 3*x_3 + 4*x_3 x_4 + -1*x_3 x_5 + -3*x_4 + 3*x_4 x_5 + 2*x_5,True,1,0.0011315998766157362,0.4559189260706664,0.6373750000000001,1.0,0.1609,True,True,5.0,0.12075492103894551,0.7930611320747653,0.09539999999999997,0.236,0.0157,False,True,0.12075492103894551,0.0011315998766157362
"['2*x_5 + 7*x_6 + 7*x_7 <= 7', 'x_0 + x_1 + x_2 + x_3 + x_4 == 1']",cardinality+knapsack,8,2, 2*x_0 + -5*x_0 x_1 + 2*x_0 x_2 + 3*x_0 x_3 + -4*x_0 x_4 + -1*x_0 x_5 + -3*x_0 x_6 + -2*x_0 x_7 + 2*x_1 + -5*x_1 x_2 + 3*x_1 x_3 + -2*x_1 x_4 + 4*x_1 x_5 + -5*x_1 x_6 + 1*x_1 x_7 + -5*x_2 + 4*x_2 x_3 + 4*x_2 x_4 + -1*x_2 x_5 + -5*x_2 x_7 + -1*x_3 + 1*x_3 x_4 + 1*x_3 x_5 + 4*x_3 x_6 + 3*x_3 x_7 + -1*x_4 + -5*x_4 x_5 + -2*x_4 x_6 + -2*x_4 x_7 + -3*x_5 + -4*x_5 x_7 + 4*x_6 + 3*x_6 x_7 + -1*x_7,True,1,0.0021635876761542426,0.44966105551058966,0.8397888888888891,1.0,0.543,True,True,5.0,0.12270999206437005,0.8087945457838145,0.04124444444444444,0.0795,0.0076,False,True,0.12270999206437005,0.0021635876761542426
"['1*x_0 + 3*x_1 + 9*x_2 + 8*x_3 <= 10', 'x_4 + x_5 <= 1']",knapsack+cardinality,6,2, -4*x_0 + 2*x_0 x_1 + -4*x_0 x_2 + 1*x_0 x_3 + -4*x_0 x_4 + 1*x_1 + 4*x_1 x_2 + -3*x_1 x_3 + -1*x_1 x_5 + 2*x_2 + 4*x_2 x_3 + -1*x_2 x_4 + 3*x_3 + 4*x_3 x_4 + -4*x_3 x_5 + -1*x_4 + 3*x_4 x_5 + -1*x_5,True,1,0.0021150637997521295,0.7800335033149157,0.6946833333333332,1.0,0.0245,True,True,5.0,0.1264671763446596,0.8242715509272514,0.17579999999999998,0.3914,0.0158,False,True,0.1264671763446596,0.0021150637997521295
"['2*x_0 + 5*x_1 + 2*x_2 <= 5', 'x_3 + x_4 + x_5 + x_6 + x_7 >= 5']",knapsack+cardinality,8,2, 1*x_0 + -3*x_0 x_1 + -5*x_0 x_2 + -2*x_0 x_3 + -2*x_0 x_4 + -4*x_0 x_5 + -5*x_0 x_6 + -2*x_0 x_7 + -2*x_1 + 2*x_1 x_4 + 4*x_1 x_5 + -2*x_1 x_6 + -4*x_1 x_7 + -1*x_2 + -5*x_2 x_4 + 4*x_2 x_5 + 2*x_2 x_6 + 2*x_2 x_7 + -5*x_3 + -5*x_3 x_4 + 2*x_3 x_5 + 1*x_3 x_6 + -3*x_3 x_7 + -2*x_4 + -1*x_4 x_5 + 1*x_4 x_6 + 4*x_4 x_7 + 3*x_5 + -2*x_5 x_6 + -2*x_5 x_7 + -5*x_6 + 1*x_6 x_7 + -3*x_7,True,1,0.0027879503038194444,0.8090462593540347,0.9706631578947368,1.0,0.858,True,True,5.0,0.12888582600487603,0.8339700721453938,0.0023947368421052633,0.0095,0.0009,False,True,0.12888582600487603,0.0027879503038194444
"['1*x_0 + 9*x_1 + 5*x_2 + 2*x_3 + 10*x_4 <= 10', 'x_5 + x_6 >= 2']",knapsack+cardinality,7,2, -3*x_0 + -4*x_0 x_1 + -4*x_0 x_2 + -1*x_0 x_4 + 4*x_0 x_5 + 2*x_0 x_6 + 4*x_1 + 4*x_1 x_2 + -1*x_1 x_3 + -1*x_1 x_4 + 1*x_1 x_5 + -1*x_1 x_6 + -3*x_2 + -4*x_2 x_3 + -2*x_2 x_4 + 1*x_2 x_6 + -1*x_3 + 4*x_3 x_4 + -1*x_3 x_5 + -3*x_3 x_6 + -1*x_4 + -3*x_4 x_5 + 2*x_5 + 3*x_5 x_6 + -1*x_6,True,1,0.0015405222442415026,0.6191202339089512,0.8861875000000001,1.0,0.423,True,True,5.0,0.12941517684194775,0.8164985102067265,0.033856250000000004,0.0861,0.0068,False,True,0.12941517684194775,0.0015405222442415026
"['3*x_0 + 1*x_1 + 4*x_2 + 8*x_3 <= 7', 'x_4 + x_5 + x_6 + x_7 == 4']",knapsack+cardinality,8,2, 1*x_0 + -5*x_0 x_1 + -1*x_0 x_2 + 4*x_0 x_3 + -2*x_0 x_4 + 2*x_0 x_5 + -1*x_0 x_6 + 1*x_1 x_2 + -5*x_1 x_3 + -1*x_1 x_4 + 2*x_1 x_5 + 3*x_1 x_6 + -4*x_1 x_7 + -4*x_2 + -5*x_2 x_3 + -5*x_2 x_4 + -3*x_2 x_5 + 3*x_2 x_7 + -5*x_3 + -2*x_3 x_4 + -1*x_3 x_5 + -2*x_3 x_6 + -4*x_3 x_7 + -2*x_4 + 3*x_4 x_5 + -4*x_4 x_6 + 4*x_4 x_7 + -5*x_5 + -3*x_5 x_7 + -5*x_6 + -1*x_6 x_7,True,1,0.0027178159687254165,0.4641096711448114,0.7709000000000004,1.0,0.3086,True,True,5.0,0.13483703189426,0.8108239798169055,0.008330000000000002,0.0221,0.0028,False,True,0.13483703189426,0.0027178159687254165
"['3*x_5 + 8*x_6 + 3*x_7 <= 5', 'x_0 + x_1 + x_2 + x_3 + x_4 == 3']",cardinality+knapsack,8,2, -5*x_0 + 4*x_0 x_1 + 3*x_0 x_3 + -3*x_0 x_4 + 4*x_0 x_5 + 3*x_0 x_6 + 2*x_0 x_7 + -1*x_1 + 2*x_1 x_2 + -5*x_1 x_3 + 1*x_1 x_4 + 2*x_1 x_5 + 2*x_1 x_6 + -4*x_1 x_7 + 4*x_2 + -1*x_2 x_3 + -3*x_2 x_4 + 3*x_2 x_5 + 2*x_2 x_6 + -3*x_3 x_4 + 1*x_3 x_5 + -4*x_3 x_6 + -2*x_3 x_7 + -3*x_4 + 1*x_4 x_6 + -3*x_4 x_7 + -3*x_5 + 2*x_5 x_6 + 1*x_5 x_7 + 3*x_6 + 4*x_6 x_7 + 4*x_7,True,1,0.004122625059551663,0.8938498695504874,0.8151000000000002,1.0,0.5473,True,True,5.0,0.14174833794434866,0.8096080186743853,0.06192692307692306,0.1156,0.0038,False,True,0.14174833794434866,0.004122625059551663
"['5*x_2 + 1*x_3 + 10*x_4 + 4*x_5 <= 10', 'x_0 + x_1 <= 1']",cardinality+knapsack,6,2, 2*x_0 + -5*x_0 x_1 + 2*x_0 x_2 + -4*x_0 x_3 + -2*x_0 x_4 + 4*x_0 x_5 + -4*x_1 + -5*x_1 x_2 + -5*x_1 x_3 + -5*x_1 x_4 + -5*x_1 x_5 + 1*x_2 + 4*x_2 x_3 + -1*x_2 x_4 + -1*x_2 x_5 + -5*x_3 + -5*x_3 x_5 + -1*x_4 + 1*x_4 x_5 + -1*x_5,True,1,0.0022706466913223265,0.48002000936724004,0.6116818181818182,1.0,0.1096,True,True,5.0,0.146525822546747,0.8230500073154776,0.1591121212121212,0.4146,0.0107,False,True,0.146525822546747,0.0022706466913223265
"['1*x_0 + 3*x_1 + 9*x_2 + 8*x_3 <= 10', 'x_4 + x_5 >= 1']",knapsack+cardinality,6,2, 2*x_0 + -5*x_0 x_1 + 2*x_0 x_2 + -4*x_0 x_3 + -2*x_0 x_4 + 4*x_0 x_5 + -4*x_1 + -5*x_1 x_2 + -5*x_1 x_3 + -5*x_1 x_4 + -5*x_1 x_5 + 1*x_2 + 4*x_2 x_3 + -1*x_2 x_4 + -1*x_2 x_5 + -5*x_3 + -5*x_3 x_5 + -1*x_4 + 1*x_4 x_5 + -1*x_5,True,1,0.0029726173480351765,0.4114368612017591,0.7531478260869566,1.0,0.1691,True,True,5.0,0.14817471769120957,0.8304907655679094,0.2048260869565217,0.3982,0.0156,False,True,0.14817471769120957,0.0029726173480351765
"['4*x_0*x_0 + 4*x_0*x_1 + 2*x_0*x_2 + 5*x_1*x_1 + 1*x_1*x_2 + 2*x_2*x_2 <= 9', 'x_3 + x_4 + x_5 + x_6 + x_7 <= 5']",quadratic_knapsack+cardinality,8,2, 4*x_0 + 1*x_0 x_1 + -3*x_0 x_2 + -4*x_0 x_3 + -5*x_0 x_4 + -2*x_0 x_5 + -1*x_0 x_6 + 2*x_0 x_7 + -4*x_1 + 1*x_1 x_2 + 3*x_1 x_3 + 3*x_1 x_4 + -1*x_1 x_5 + -1*x_1 x_6 + -1*x_1 x_7 + -5*x_2 + 4*x_2 x_3 + -3*x_2 x_4 + 4*x_2 x_5 + -2*x_2 x_6 + -3*x_2 x_7 + -5*x_3 + -5*x_3 x_4 + -5*x_3 x_5 + -1*x_3 x_6 + -2*x_3 x_7 + -1*x_4 + -2*x_4 x_5 + 1*x_4 x_6 + -5*x_4 x_7 + -4*x_5 + -5*x_5 x_6 + 3*x_5 x_7 + 4*x_6 + -1*x_6 x_7 + 4*x_7,True,1,0.0019867801003985936,0.503508824167899,0.5008640000000001,1.0,0.0206,True,True,2.0,0.17822506990697648,0.8722070076308108,0.34125000000000005,0.7502,0.0036,True,True,0.17822506990697648,0.0019867801003985936
"['7*x_0 + 10*x_1 + 9*x_2 <= 8', 'x_3 + x_4 + x_5 + x_6 <= 2']",knapsack+cardinality,7,2, 3*x_0 + -2*x_0 x_2 + -1*x_0 x_3 + -5*x_0 x_4 + 1*x_0 x_5 + 2*x_0 x_6 + -5*x_1 x_2 + -4*x_1 x_3 + -3*x_1 x_4 + -2*x_1 x_5 + 2*x_1 x_6 + 4*x_2 + 3*x_2 x_3 + -2*x_2 x_4 + -1*x_2 x_5 + 4*x_3 + 3*x_3 x_4 + 4*x_3 x_6 + -3*x_4 + -3*x_4 x_5 + 3*x_4 x_6 + 3*x_5 + 4*x_5 x_6 + -4*x_6,True,1,0.001251824034584893,0.5887544741357569,0.7079533333333333,1.0,0.1302,True,True,5.0,0.18087883942657046,0.7875412815278774,0.09596,0.1751,0.01,False,True,0.18087883942657046,0.001251824034584893
"['1*x_0 + 6*x_1 + 9*x_2 + 8*x_3 + 9*x_4 <= 18', 'x_5 + x_6 >= 2']",knapsack+cardinality,7,2, -5*x_0 + 1*x_0 x_1 + 4*x_0 x_2 + -2*x_0 x_3 + -2*x_0 x_4 + 4*x_0 x_6 + -3*x_1 + -4*x_1 x_2 + -2*x_1 x_3 + 3*x_1 x_4 + 4*x_1 x_5 + 4*x_1 x_6 + 1*x_2 + -5*x_2 x_3 + -5*x_2 x_4 + -3*x_2 x_5 + 3*x_2 x_6 + -3*x_3 + 1*x_3 x_4 + -5*x_3 x_6 + -4*x_4 + 1*x_4 x_5 + -3*x_4 x_6 + 3*x_5 + -1*x_5 x_6 + 1*x_6,True,1,0.0017604723241594102,0.534827859051349,0.758325,1.0,0.4326,True,True,5.0,0.1869205446375741,0.8424945926210318,0.07035,0.1708,0.0056,False,True,0.1869205446375741,0.0017604723241594102
"['9*x_0 + 9*x_1 + 4*x_2 + 1*x_3 <= 9', 'x_4 - x_5 - x_6 - x_7 == 0']",knapsack+flow,8,2, -3*x_0 + -3*x_0 x_1 + 2*x_0 x_2 + 2*x_0 x_3 + 3*x_0 x_4 + -5*x_0 x_5 + -5*x_0 x_6 + -5*x_0 x_7 + -4*x_1 + -2*x_1 x_2 + 1*x_1 x_3 + -4*x_1 x_4 + 2*x_1 x_6 + 1*x_1 x_7 + -4*x_2 x_3 + 4*x_2 x_4 + -2*x_2 x_5 + 3*x_2 x_6 + -3*x_2 x_7 + -1*x_3 + -3*x_3 x_4 + -2*x_3 x_5 + -2*x_3 x_6 + -3*x_3 x_7 + -2*x_4 + 1*x_4 x_5 + -5*x_4 x_6 + -1*x_4 x_7 + -4*x_5 + 3*x_5 x_6 + 2*x_5 x_7 + -2*x_6 x_7 + -3*x_7,True,1,0.0031535376442803275,0.2799562780676565,0.58995625,1.0,0.1456,True,True,5.0,0.19482691076066758,0.8073423637841265,0.044168750000000014,0.0868,0.0041,False,True,0.19482691076066758,0.0031535376442803275
"['8*x_0 + 10*x_1 + 1*x_2 + 2*x_3 <= 12', 'x_4 + x_5 + x_6 - x_7 == 0']",knapsack+flow,8,2, 1*x_0 + -3*x_0 x_1 + -5*x_0 x_2 + -2*x_0 x_3 + -2*x_0 x_4 + -4*x_0 x_5 + -5*x_0 x_6 + -2*x_0 x_7 + -2*x_1 + 2*x_1 x_4 + 4*x_1 x_5 + -2*x_1 x_6 + -4*x_1 x_7 + -1*x_2 + -5*x_2 x_4 + 4*x_2 x_5 + 2*x_2 x_6 + 2*x_2 x_7 + -5*x_3 + -5*x_3 x_4 + 2*x_3 x_5 + 1*x_3 x_6 + -3*x_3 x_7 + -2*x_4 + -1*x_4 x_5 + 1*x_4 x_6 + 4*x_4 x_7 + 3*x_5 + -2*x_5 x_6 + -2*x_5 x_7 + -5*x_6 + 1*x_6 x_7 + -3*x_7,True,1,0.00299268470870124,0.47750898413086923,0.6077645161290323,1.0,0.1514,True,True,5.0,0.2134065008163452,0.8327396311959006,0.07159354838709678,0.1807,0.0043,False,True,0.2134065008163452,0.00299268470870124
"['8*x_4 + 10*x_5 + 1*x_6 + 2*x_7 <= 12', 'x_0 + x_1 + x_2 + x_3 == 1']",cardinality+knapsack,8,2, -3*x_0 + -3*x_0 x_1 + 2*x_0 x_2 + 2*x_0 x_3 + 3*x_0 x_4 + -5*x_0 x_5 + -5*x_0 x_6 + -5*x_0 x_7 + -4*x_1 + -2*x_1 x_2 + 1*x_1 x_3 + -4*x_1 x_4 + 2*x_1 x_6 + 1*x_1 x_7 + -4*x_2 x_3 + 4*x_2 x_4 + -2*x_2 x_5 + 3*x_2 x_6 + -3*x_2 x_7 + -1*x_3 + -3*x_3 x_4 + -2*x_3 x_5 + -2*x_3 x_6 + -3*x_3 x_7 + -2*x_4 + 1*x_4 x_5 + -5*x_4 x_6 + -1*x_4 x_7 + -4*x_5 + 3*x_5 x_6 + 2*x_5 x_7 + -2*x_6 x_7 + -3*x_7,True,1,0.002674192786216736,0.3967104307606482,0.6886307692307692,1.0,0.247,True,True,5.0,0.21723571340243022,0.8311798913939865,0.08225,0.1931,0.005,False,True,0.21723571340243022,0.002674192786216736
"['9*x_3 + 2*x_4 + 1*x_5 + 9*x_6 + 6*x_7 <= 13', 'x_0 + x_1 + x_2 == 0']",cardinality+knapsack,8,2, 4*x_0 + 1*x_0 x_1 + -3*x_0 x_2 + -4*x_0 x_3 + -5*x_0 x_4 + -2*x_0 x_5 + -1*x_0 x_6 + 2*x_0 x_7 + -4*x_1 + 1*x_1 x_2 + 3*x_1 x_3 + 3*x_1 x_4 + -1*x_1 x_5 + -1*x_1 x_6 + -1*x_1 x_7 + -5*x_2 + 4*x_2 x_3 + -3*x_2 x_4 + 4*x_2 x_5 + -2*x_2 x_6 + -3*x_2 x_7 + -5*x_3 + -5*x_3 x_4 + -5*x_3 x_5 + -1*x_3 x_6 + -2*x_3 x_7 + -1*x_4 + -2*x_4 x_5 + 1*x_4 x_6 + -5*x_4 x_7 + -4*x_5 + -5*x_5 x_6 + 3*x_5 x_7 + 4*x_6 + -1*x_6 x_7 + 4*x_7,True,1,0.0031403217050764297,0.403505941298928,0.47185000000000005,1.0,0.1382,True,True,5.0,0.2525697835948732,0.8460037300756064,0.01351153846153846,0.0419,0.0029,False,True,0.2525697835948732,0.0031403217050764297
"['1*x_3 + 10*x_4 + 3*x_5 + 5*x_6 + 1*x_7 <= 12', 'x_0 + x_1 + x_2 == 2']",cardinality+knapsack,8,2, 4*x_0 + 4*x_0 x_1 + -3*x_0 x_2 + -3*x_0 x_3 + -1*x_0 x_4 + 2*x_0 x_5 + 1*x_0 x_6 + -2*x_0 x_7 + -4*x_1 + -4*x_1 x_2 + 4*x_1 x_3 + 4*x_1 x_4 + -2*x_1 x_5 + 3*x_1 x_6 + -5*x_1 x_7 + -3*x_2 + 4*x_2 x_3 + -1*x_2 x_4 + 4*x_2 x_5 + -1*x_2 x_7 + -2*x_3 + 3*x_3 x_4 + 4*x_3 x_5 + 4*x_3 x_6 + -1*x_4 + 4*x_4 x_5 + -1*x_4 x_6 + 4*x_4 x_7 + -3*x_5 + 4*x_5 x_6 + 3*x_5 x_7 + -5*x_6 + 4*x_6 x_7 + 4*x_7,True,1,0.002761979964044359,0.751348261012196,0.657051724137931,1.0,0.0595,True,True,5.0,0.25410200509760117,0.8405180979184093,0.13136206896551722,0.2432,0.0105,False,True,0.25410200509760117,0.002761979964044359
"['1*x_3*x_3 + 2*x_3*x_4 + 1*x_3*x_5 + 1*x_4*x_4 + 5*x_4*x_5 + 1*x_5*x_5 <= 6', 'x_0 + x_1 + x_2 == 0']",cardinality+quadratic_knapsack,6,2, -2*x_0 x_1 + -2*x_0 x_2 + -4*x_0 x_3 + 2*x_0 x_4 + -4*x_0 x_5 + 1*x_1 + 3*x_1 x_2 + 1*x_1 x_3 + -1*x_1 x_4 + 3*x_1 x_5 + -4*x_2 + -1*x_2 x_3 + -3*x_2 x_5 + -4*x_3 + 4*x_3 x_4 + 4*x_3 x_5 + -2*x_4 + 2*x_4 x_5 + -2*x_5,True,1,0.0014436438348558213,0.37707488794103866,0.9496,1.0,0.9107,True,True,5.0,0.27348429785834416,0.8795506374529966,0.05575,0.1162,0.0083,False,True,0.27348429785834416,0.0014436438348558213
"['2*x_0 + 2*x_1 + 9*x_2 + 10*x_3 + 4*x_4 <= 18', 'x_5 + x_6 + x_7 == 3']",knapsack+cardinality,8,2, 2*x_0 + 3*x_0 x_1 + -2*x_0 x_3 + -1*x_0 x_4 + 3*x_0 x_5 + 4*x_0 x_6 + -5*x_0 x_7 + 4*x_1 + 2*x_1 x_2 + -4*x_1 x_3 + -2*x_1 x_4 + -4*x_1 x_5 + -3*x_1 x_6 + -2*x_1 x_7 + -4*x_2 x_3 + 2*x_2 x_4 + 3*x_2 x_5 + 1*x_2 x_6 + -4*x_2 x_7 + 1*x_3 + -1*x_3 x_4 + 3*x_3 x_5 + -1*x_3 x_6 + -5*x_4 + -4*x_4 x_5 + -5*x_4 x_6 + -3*x_4 x_7 + 3*x_5 + 4*x_5 x_6 + -3*x_5 x_7 + -3*x_7,True,1,0.001525970564948188,0.7922493272862668,0.7368870967741935,1.0,0.0904,True,True,5.0,0.273573889931043,0.8401057435584279,0.03851612903225806,0.0849,0.0024,False,True,0.273573889931043,0.001525970564948188
"['1*x_0*x_0 + 5*x_0*x_1 + 3*x_0*x_2 + 4*x_1*x_1 + 2*x_1*x_2 + 4*x_2*x_2 <= 7', 'x_3 + x_4 + x_5 <= 0']",quadratic_knapsack+cardinality,6,2, -4*x_0 + 2*x_0 x_1 + -4*x_0 x_2 + 1*x_0 x_3 + -4*x_0 x_4 + 1*x_1 + 4*x_1 x_2 + -3*x_1 x_3 + -1*x_1 x_5 + 2*x_2 + 4*x_2 x_3 + -1*x_2 x_4 + 3*x_3 + 4*x_3 x_4 + -4*x_3 x_5 + -1*x_4 + 3*x_4 x_5 + -1*x_5,True,1,0.0009425889783435398,0.6656826532803973,0.9400333333333334,1.0,0.9152,True,True,5.0,0.27687328259150185,0.8732930975801029,0.03648333333333333,0.0857,0.0212,False,True,0.27687328259150185,0.0009425889783435398
"['2*x_5 + 7*x_6 + 7*x_7 <= 7', 'x_0 + x_1 + x_2 + x_3 + x_4 <= 2']",cardinality+knapsack,8,2, -3*x_0 + -3*x_0 x_1 + 2*x_0 x_2 + 2*x_0 x_3 + 3*x_0 x_4 + -5*x_0 x_5 + -5*x_0 x_6 + -5*x_0 x_7 + -4*x_1 + -2*x_1 x_2 + 1*x_1 x_3 + -4*x_1 x_4 + 2*x_1 x_6 + 1*x_1 x_7 + -4*x_2 x_3 + 4*x_2 x_4 + -2*x_2 x_5 + 3*x_2 x_6 + -3*x_2 x_7 + -1*x_3 + -3*x_3 x_4 + -2*x_3 x_5 + -2*x_3 x_6 + -3*x_3 x_7 + -2*x_4 + 1*x_4 x_5 + -5*x_4 x_6 + -1*x_4 x_7 + -4*x_5 + 3*x_5 x_6 + 2*x_5 x_7 + -2*x_6 x_7 + -3*x_7,True,1,0.0027875761191050214,0.30196065626003615,0.6063,1.0,0.1206,True,True,5.0,0.28168715801503924,0.8128764573189888,0.12077272727272727,0.2638,0.0044,False,True,0.28168715801503924,0.0027875761191050214
"['5*x_0 + 1*x_1 + 10*x_2 + 4*x_3 <= 10', 'x_4 + x_5 + x_6 >= 0']",knapsack+cardinality,7,2, 3*x_0 + 4*x_0 x_1 + 1*x_0 x_2 + -5*x_0 x_3 + -5*x_0 x_4 + -4*x_1 + -4*x_1 x_2 + -3*x_1 x_3 + -4*x_1 x_4 + 1*x_1 x_6 + 3*x_2 + 3*x_2 x_3 + 1*x_2 x_4 + -1*x_2 x_5 + -4*x_3 + 2*x_3 x_4 + 1*x_3 x_5 + -5*x_3 x_6 + -5*x_4 + -3*x_4 x_5 + 4*x_4 x_6 + -4*x_5 + -3*x_5 x_6 + 4*x_6,True,1,0.0026201593213611178,0.6406400646431932,0.6095085714285714,1.0,0.0321,True,True,5.0,0.2876366052362654,0.8254765067488942,0.2573942857142858,0.5659,0.0077,False,True,0.2876366052362654,0.0026201593213611178
"['7*x_5 + 10*x_6 + 9*x_7 <= 8', 'x_0 + x_1 + x_2 + x_3 + x_4 >= 4']",cardinality+knapsack,8,2, -5*x_0 + 4*x_0 x_1 + 3*x_0 x_3 + -3*x_0 x_4 + 4*x_0 x_5 + 3*x_0 x_6 + 2*x_0 x_7 + -1*x_1 + 2*x_1 x_2 + -5*x_1 x_3 + 1*x_1 x_4 + 2*x_1 x_5 + 2*x_1 x_6 + -4*x_1 x_7 + 4*x_2 + -1*x_2 x_3 + -3*x_2 x_4 + 3*x_2 x_5 + 2*x_2 x_6 + -3*x_3 x_4 + 1*x_3 x_5 + -4*x_3 x_6 + -2*x_3 x_7 + -3*x_4 + 1*x_4 x_6 + -3*x_4 x_7 + -3*x_5 + 2*x_5 x_6 + 1*x_5 x_7 + 3*x_6 + 4*x_6 x_7 + 4*x_7,True,1,0.0027062145868937174,0.8674876048852105,0.902205,1.0,0.4456,True,True,5.0,0.2878852476014031,0.7878193718281958,0.02929499999999999,0.0461,0.0031,False,True,0.2878852476014031,0.0027062145868937174
"['6*x_3 + 7*x_4 + 8*x_5 + 9*x_6 + 5*x_7 <= 14', 'x_0 + x_1 + x_2 == 1']",cardinality+knapsack,8,2, 4*x_0 + 4*x_0 x_1 + -3*x_0 x_2 + -3*x_0 x_3 + -1*x_0 x_4 + 2*x_0 x_5 + 1*x_0 x_6 + -2*x_0 x_7 + -4*x_1 + -4*x_1 x_2 + 4*x_1 x_3 + 4*x_1 x_4 + -2*x_1 x_5 + 3*x_1 x_6 + -5*x_1 x_7 + -3*x_2 + 4*x_2 x_3 + -1*x_2 x_4 + 4*x_2 x_5 + -1*x_2 x_7 + -2*x_3 + 3*x_3 x_4 + 4*x_3 x_5 + 4*x_3 x_6 + -1*x_4 + 4*x_4 x_5 + -1*x_4 x_6 + 4*x_4 x_7 + -3*x_5 + 4*x_5 x_6 + 3*x_5 x_7 + -5*x_6 + 4*x_6 x_7 + 4*x_7,True,1,0.005911080241203308,0.7658717529364023,0.6880588235294118,1.0,0.1416,True,True,5.0,0.2933989973200692,0.8422067200408356,0.06647058823529413,0.1379,0.0055,False,True,0.2933989973200692,0.005911080241203308
"['1*x_3 + 3*x_4 + 9*x_5 + 8*x_6 <= 10', 'x_0 + x_1 + x_2 <= 3']",cardinality+knapsack,7,2, 3*x_0 + -2*x_0 x_2 + -1*x_0 x_3 + -5*x_0 x_4 + 1*x_0 x_5 + 2*x_0 x_6 + -5*x_1 x_2 + -4*x_1 x_3 + -3*x_1 x_4 + -2*x_1 x_5 + 2*x_1 x_6 + 4*x_2 + 3*x_2 x_3 + -2*x_2 x_4 + -1*x_2 x_5 + 4*x_3 + 3*x_3 x_4 + 4*x_3 x_6 + -3*x_4 + -3*x_4 x_5 + 3*x_4 x_6 + 3*x_5 + 4*x_5 x_6 + -4*x_6,True,1,0.002899925774998135,0.5791701454800587,0.5292814814814814,1.0,0.0423,True,True,5.0,0.2950493703285853,0.8223892105486493,0.22697407407407402,0.5157,0.0085,False,True,0.2950493703285853,0.002899925774998135
"['2*x_4 + 5*x_5 + 2*x_6 <= 5', 'x_0 + x_1 + x_2 + x_3 >= 0']",cardinality+knapsack,7,2, 3*x_0 x_2 + 3*x_0 x_3 + 3*x_0 x_4 + -1*x_0 x_5 + 4*x_0 x_6 + -2*x_1 + -2*x_1 x_3 + 2*x_1 x_4 + -5*x_1 x_5 + 3*x_1 x_6 + 1*x_2 + -3*x_2 x_3 + -5*x_2 x_4 + 2*x_2 x_5 + 1*x_2 x_6 + 4*x_3 + -1*x_3 x_5 + -2*x_3 x_6 + -4*x_4 + 3*x_4 x_5 + -1*x_4 x_6 + -4*x_5 + 2*x_5 x_6 + -1*x_6,True,1,0.002703952524397108,0.5250328471851736,0.5709545454545455,1.0,0.0533,True,True,5.0,0.30954674667782256,0.8621352135666365,0.2859636363636364,0.6206,0.0029,False,True,0.30954674667782256,0.002703952524397108
"['2*x_5*x_5 + 5*x_5*x_6 + 2*x_5*x_7 + 2*x_6*x_6 + 1*x_6*x_7 + 1*x_7*x_7 <= 7', 'x_0 + x_1 + x_2 == 3', 'x_3*x_4 == 0']",cardinality+independent_set+quadratic_knapsack,8,3, 3*x_0 + -3*x_0 x_1 + 1*x_0 x_2 + 4*x_0 x_3 + 4*x_0 x_4 + 4*x_0 x_5 + -5*x_0 x_6 + -1*x_0 x_7 + -2*x_1 + -2*x_1 x_2 + 3*x_1 x_3 + -3*x_1 x_4 + -5*x_1 x_5 + -1*x_1 x_6 + 1*x_1 x_7 + -5*x_2 + 1*x_2 x_4 + -4*x_2 x_5 + -5*x_2 x_6 + 1*x_2 x_7 + 2*x_3 + 3*x_3 x_4 + 2*x_3 x_5 + -4*x_3 x_6 + -3*x_3 x_7 + -4*x_4 + -2*x_4 x_5 + -2*x_4 x_6 + -4*x_4 x_7 + -1*x_5 + 1*x_5 x_6 + -5*x_6 + -5*x_6 x_7 + 3*x_7,True,1,0.001837389734056261,0.6797383383280815,0.7576257142857142,1.0,0.5407,True,True,5.0,0.3385554928249783,0.8653516061500038,0.07169999999999999,0.1402,0.0205,False,True,0.3385554928249783,0.001837389734056261
"['2*x_4 + 10*x_5 + 4*x_6 <= 6', '8*x_0 + 5*x_1 + 7*x_2 + 4*x_3 <= 11']",knapsack+knapsack,7,2, 3*x_0 + 4*x_0 x_1 + 1*x_0 x_2 + -5*x_0 x_3 + -5*x_0 x_4 + -4*x_1 + -4*x_1 x_2 + -3*x_1 x_3 + -4*x_1 x_4 + 1*x_1 x_6 + 3*x_2 + 3*x_2 x_3 + 1*x_2 x_4 + -1*x_2 x_5 + -4*x_3 + 2*x_3 x_4 + 1*x_3 x_5 + -5*x_3 x_6 + -5*x_4 + -3*x_4 x_5 + 4*x_4 x_6 + -4*x_5 + -3*x_5 x_6 + 4*x_6,True,1,0.0014297182030147976,0.5020212175198361,0.601764,1.0,0.1441,True,True,5.0,0.35274646659692127,0.8224536452284066,0.07985199999999999,0.2179,0.0073,False,True,0.35274646659692127,0.0014297182030147976
"['2*x_4 + 7*x_5 + 7*x_6 <= 7', 'x_0 + x_1 + x_2 + x_3 >= 0']",cardinality+knapsack,7,2, 4*x_0 + 4*x_0 x_1 + 1*x_0 x_2 + 3*x_0 x_3 + 1*x_0 x_4 + -3*x_0 x_5 + -3*x_0 x_6 + -5*x_1 + -2*x_1 x_2 + -5*x_1 x_3 + -4*x_1 x_4 + -4*x_1 x_5 + 1*x_2 + 4*x_2 x_3 + 2*x_2 x_4 + -4*x_2 x_5 + -4*x_2 x_6 + -2*x_3 + 2*x_3 x_4 + -5*x_3 x_5 + -2*x_3 x_6 + 2*x_4 + 1*x_4 x_5 + 3*x_4 x_6 + 4*x_5 + -4*x_5 x_6 + -2*x_6,True,1,0.0024791674481497872,0.4801580184653392,0.6449694444444444,1.0,0.0482,True,True,5.0,0.35275103052457174,0.8119734840455443,0.28563333333333324,0.5182,0.0086,False,True,0.35275103052457174,0.0024791674481497872
"['10*x_4 + 8*x_5 + 10*x_6 <= 9', '4*x_0 + 6*x_1 + 2*x_2 + 10*x_3 <= 7']",knapsack+knapsack,7,2, 4*x_0 + 2*x_0 x_1 + -5*x_0 x_3 + 2*x_0 x_4 + -3*x_0 x_5 + 1*x_0 x_6 + -3*x_1 + -4*x_1 x_2 + -1*x_1 x_3 + 1*x_1 x_4 + 3*x_1 x_5 + 2*x_1 x_6 + 4*x_2 x_3 + -1*x_2 x_4 + -3*x_2 x_5 + 4*x_2 x_6 + 2*x_3 + -2*x_3 x_4 + 4*x_3 x_5 + -2*x_3 x_6 + 3*x_4 + -1*x_4 x_6 + 2*x_5 + -2*x_5 x_6 + -1*x_6,True,1,0.001683260401089986,0.651920300318329,0.677442857142857,1.0,0.2855,True,True,5.0,0.3580995242463218,0.793734542209961,0.029228571428571437,0.0733,0.0074,False,True,0.3580995242463218,0.001683260401089986
"['7*x_4 + 7*x_5 + 10*x_6 + 2*x_7 <= 10', 'x_0 + x_1 + x_2 + x_3 >= 2']",cardinality+knapsack,8,2, -3*x_0 + -3*x_0 x_1 + 2*x_0 x_2 + 2*x_0 x_3 + 3*x_0 x_4 + -5*x_0 x_5 + -5*x_0 x_6 + -5*x_0 x_7 + -4*x_1 + -2*x_1 x_2 + 1*x_1 x_3 + -4*x_1 x_4 + 2*x_1 x_6 + 1*x_1 x_7 + -4*x_2 x_3 + 4*x_2 x_4 + -2*x_2 x_5 + 3*x_2 x_6 + -3*x_2 x_7 + -1*x_3 + -3*x_3 x_4 + -2*x_3 x_5 + -2*x_3 x_6 + -3*x_3 x_7 + -2*x_4 + 1*x_4 x_5 + -5*x_4 x_6 + -1*x_4 x_7 + -4*x_5 + 3*x_5 x_6 + 2*x_5 x_7 + -2*x_6 x_7 + -3*x_7,True,1,0.003395533561706543,0.4622989754937626,0.553885,1.0,0.0305,True,True,5.0,0.36436701489819423,0.8146881903379648,0.13062249999999997,0.294,0.0042,False,True,0.36436701489819423,0.003395533561706543
"['2*x_5 + 5*x_6 + 2*x_7 <= 5', 'x_0 + x_1 + x_2 + x_3 + x_4 >= 1']",cardinality+knapsack,8,2, 3*x_0 + -3*x_0 x_1 + 1*x_0 x_2 + 4*x_0 x_3 + 4*x_0 x_4 + 4*x_0 x_5 + -5*x_0 x_6 + -1*x_0 x_7 + -2*x_1 + -2*x_1 x_2 + 3*x_1 x_3 + -3*x_1 x_4 + -5*x_1 x_5 + -1*x_1 x_6 + 1*x_1 x_7 + -5*x_2 + 1*x_2 x_4 + -4*x_2 x_5 + -5*x_2 x_6 + 1*x_2 x_7 + 2*x_3 + 3*x_3 x_4 + 2*x_3 x_5 + -4*x_3 x_6 + -3*x_3 x_7 + -4*x_4 + -2*x_4 x_5 + -2*x_4 x_6 + -4*x_4 x_7 + -1*x_5 + 1*x_5 x_6 + -5*x_6 + -5*x_6 x_7 + 3*x_7,True,1,0.002512000468042162,0.3909910183893314,0.5240558139534881,1.0,0.0192,True,True,5.0,0.3662953835725784,0.8772472740187995,0.2660837209302325,0.6034,0.0046,False,True,0.3662953835725784,0.002512000468042162
"['10*x_0 + 8*x_1 + 2*x_2 + 1*x_3 + 4*x_4 <= 10', 'x_5 + x_6 + x_7 >= 2']",knapsack+cardinality,8,2, -5*x_0 + 4*x_0 x_1 + 3*x_0 x_3 + -3*x_0 x_4 + 4*x_0 x_5 + 3*x_0 x_6 + 2*x_0 x_7 + -1*x_1 + 2*x_1 x_2 + -5*x_1 x_3 + 1*x_1 x_4 + 2*x_1 x_5 + 2*x_1 x_6 + -4*x_1 x_7 + 4*x_2 + -1*x_2 x_3 + -3*x_2 x_4 + 3*x_2 x_5 + 2*x_2 x_6 + -3*x_3 x_4 + 1*x_3 x_5 + -4*x_3 x_6 + -2*x_3 x_7 + -3*x_4 + 1*x_4 x_6 + -3*x_4 x_7 + -3*x_5 + 2*x_5 x_6 + 1*x_5 x_7 + 3*x_6 + 4*x_6 x_7 + 4*x_7,True,1,0.004110278023613824,0.5882774204671412,0.6394586206896551,1.0,0.0448,True,True,5.0,0.4274746173620224,0.8168190142122561,0.09966206896551716,0.1875,0.0036,False,True,0.4274746173620224,0.004110278023613824
"['3*x_2*x_2 + 1*x_2*x_3 + 3*x_2*x_4 + 1*x_3*x_3 + 4*x_3*x_4 + 3*x_4*x_4 <= 5', 'x_0 + x_1 >= 2']",cardinality+quadratic_knapsack,5,2, 3*x_0 + 1*x_0 x_2 + 3*x_0 x_4 + -5*x_1 + -3*x_1 x_2 + 3*x_2 + 3*x_2 x_3 + -5*x_2 x_4 + -4*x_3 + 2*x_3 x_4 + -3*x_4,True,1,0.0020991774400075276,0.600161269811745,0.80488,1.0,0.7777,True,True,5.0,0.4318228875266181,0.8788055940572713,0.10064000000000001,0.289,0.068,False,True,0.4318228875266181,0.0020991774400075276
"['6*x_0 + 7*x_1 + 8*x_2 + 9*x_3 + 5*x_4 <= 14', 'x_5 + x_6 + x_7 >= 2']",knapsack+cardinality,8,2, -1*x_0 + -4*x_0 x_1 + 1*x_0 x_2 + 3*x_0 x_3 + -1*x_0 x_4 + -1*x_0 x_5 + -1*x_0 x_6 + 1*x_0 x_7 + 4*x_1 + -3*x_1 x_2 + 3*x_1 x_3 + 4*x_1 x_4 + -5*x_1 x_5 + -2*x_1 x_6 + -1*x_1 x_7 + -3*x_2 x_3 + -5*x_2 x_4 + 2*x_2 x_5 + -4*x_2 x_6 + -3*x_2 x_7 + -2*x_3 + 4*x_3 x_4 + -1*x_3 x_6 + -5*x_3 x_7 + -5*x_4 + -4*x_4 x_5 + 4*x_4 x_6 + -1*x_4 x_7 + -1*x_5 + 2*x_5 x_6 + 3*x_5 x_7 + -4*x_6 + -5*x_6 x_7,True,1,0.007044861912727356,0.5093737995409058,0.5563920000000001,1.0,0.0258,True,True,5.0,0.43380613764127096,0.8461389710722881,0.09028800000000002,0.197,0.0046,False,True,0.43380613764127096,0.007044861912727356
"['3*x_0 + 8*x_1 + 3*x_2 <= 5', 'x_3 + x_4 + x_5 + x_6 + x_7 >= 0']",knapsack+cardinality,8,2, -1*x_0 + -4*x_0 x_1 + 1*x_0 x_2 + 3*x_0 x_3 + -1*x_0 x_4 + -1*x_0 x_5 + -1*x_0 x_6 + 1*x_0 x_7 + 4*x_1 + -3*x_1 x_2 + 3*x_1 x_3 + 4*x_1 x_4 + -5*x_1 x_5 + -2*x_1 x_6 + -1*x_1 x_7 + -3*x_2 x_3 + -5*x_2 x_4 + 2*x_2 x_5 + -4*x_2 x_6 + -3*x_2 x_7 + -2*x_3 + 4*x_3 x_4 + -1*x_3 x_6 + -5*x_3 x_7 + -5*x_4 + -4*x_4 x_5 + 4*x_4 x_6 + -1*x_4 x_7 + -1*x_5 + 2*x_5 x_6 + 3*x_5 x_7 + -4*x_6 + -5*x_6 x_7,True,1,0.00403046985467275,0.5309276225737326,0.4598593749999999,1.0,0.0359,True,True,5.0,0.44766097565491997,0.8123173824952108,0.15928437500000003,0.3822,0.0072,False,True,0.44766097565491997,0.00403046985467275
"['1*x_0*x_0 + 2*x_0*x_1 + 1*x_0*x_2 + 1*x_1*x_1 + 5*x_1*x_2 + 1*x_2*x_2 <= 6', 'x_3 + x_4 + x_5 >= 3']",quadratic_knapsack+cardinality,6,2, -2*x_0 + -4*x_0 x_1 + 2*x_0 x_2 + 2*x_0 x_3 + 3*x_0 x_4 + -5*x_0 x_5 + -1*x_1 + 1*x_1 x_3 + -2*x_1 x_4 + -5*x_2 x_3 + 4*x_2 x_4 + 3*x_2 x_5 + 3*x_3 + -3*x_3 x_4 + 2*x_3 x_5 + -1*x_4 + 2*x_4 x_5 + 3*x_5,True,1,0.002221685118145413,0.5467176125307265,0.79204,1.0,0.7122,True,True,5.0,0.44878624671035344,0.8818099586607259,0.04489999999999999,0.1461,0.0226,False,True,0.44878624671035344,0.002221685118145413
"['1*x_0 + 4*x_1 + 8*x_2 + 10*x_3 + 8*x_4 <= 16', 'x_5 + x_6 + x_7 == 1']",knapsack+cardinality,8,2, 4*x_0 + 4*x_0 x_1 + -3*x_0 x_2 + -3*x_0 x_3 + -1*x_0 x_4 + 2*x_0 x_5 + 1*x_0 x_6 + -2*x_0 x_7 + -4*x_1 + -4*x_1 x_2 + 4*x_1 x_3 + 4*x_1 x_4 + -2*x_1 x_5 + 3*x_1 x_6 + -5*x_1 x_7 + -3*x_2 + 4*x_2 x_3 + -1*x_2 x_4 + 4*x_2 x_5 + -1*x_2 x_7 + -2*x_3 + 3*x_3 x_4 + 4*x_3 x_5 + 4*x_3 x_6 + -1*x_4 + 4*x_4 x_5 + -1*x_4 x_6 + 4*x_4 x_7 + -3*x_5 + 4*x_5 x_6 + 3*x_5 x_7 + -5*x_6 + 4*x_6 x_7 + 4*x_7,True,1,0.004906796216964722,0.8571266461438956,0.731252380952381,1.0,0.2794,True,True,5.0,0.45651668952571023,0.8283391729676541,0.08714761904761904,0.1988,0.0086,False,True,0.45651668952571023,0.004906796216964722
"['5*x_2*x_2 + 1*x_2*x_3 + 2*x_2*x_4 + 5*x_3*x_3 + 1*x_3*x_4 + 3*x_4*x_4 <= 6', 'x_0*x_1 == 0']",independent_set+quadratic_knapsack,5,2, 1*x_0 + 2*x_0 x_1 + -2*x_0 x_2 + 1*x_0 x_3 + 2*x_0 x_4 + -2*x_1 + -1*x_1 x_2 + -2*x_1 x_3 + 2*x_1 x_4 + -1*x_2 + -1*x_2 x_3 + -2*x_2 x_4 + -4*x_3 + 4*x_3 x_4 + 3*x_4,True,1,0.0017393820153342352,0.6240249109254625,0.7037571428571427,1.0,0.427,True,True,5.0,0.4643764138221741,0.8601117004336574,0.21319999999999997,0.4247,0.0429,False,True,0.4643764138221741,0.0017393820153342352
"['1*x_2 + 6*x_3 + 9*x_4 + 8*x_5 + 9*x_6 <= 18', 'x_0 + x_1 >= 0']",cardinality+knapsack,7,2, 3*x_0 + 4*x_0 x_1 + 1*x_0 x_2 + -5*x_0 x_3 + -5*x_0 x_4 + -4*x_1 + -4*x_1 x_2 + -3*x_1 x_3 + -4*x_1 x_4 + 1*x_1 x_6 + 3*x_2 + 3*x_2 x_3 + 1*x_2 x_4 + -1*x_2 x_5 + -4*x_3 + 2*x_3 x_4 + 1*x_3 x_5 + -5*x_3 x_6 + -5*x_4 + -3*x_4 x_5 + 4*x_4 x_6 + -4*x_5 + -3*x_5 x_6 + 4*x_6,True,1,0.001976837118466695,0.4874434807947627,0.5805937500000001,1.0,0.0529,True,True,5.0,0.46992560784022014,0.8408853374803048,0.33705312499999995,0.673,0.0171,False,True,0.46992560784022014,0.001976837118466695
"['3*x_0*x_0 + 1*x_0*x_1 + 3*x_0*x_2 + 5*x_1*x_1 + 2*x_1*x_2 + 2*x_2*x_2 <= 8', 'x_3 + x_4 + x_5 + x_6 == 3']",quadratic_knapsack+cardinality,7,2, 3*x_0 x_2 + 3*x_0 x_3 + 3*x_0 x_4 + -1*x_0 x_5 + 4*x_0 x_6 + -2*x_1 + -2*x_1 x_3 + 2*x_1 x_4 + -5*x_1 x_5 + 3*x_1 x_6 + 1*x_2 + -3*x_2 x_3 + -5*x_2 x_4 + 2*x_2 x_5 + 1*x_2 x_6 + 4*x_3 + -1*x_3 x_5 + -2*x_3 x_6 + -4*x_4 + 3*x_4 x_5 + -1*x_4 x_6 + -4*x_5 + 2*x_5 x_6 + -1*x_6,True,1,0.0010810912979973687,0.6590605317166571,0.7695777777777778,1.0,0.0226,True,True,5.0,0.47711879054705303,0.8556309748423484,0.08371111111111111,0.1497,0.0084,False,True,0.47711879054705303,0.0010810912979973687
"['8*x_4 + 5*x_5 + 7*x_6 + 4*x_7 <= 11', 'x_0 + x_1 + x_2 + x_3 >= 2']",cardinality+knapsack,8,2, 1*x_0 + -3*x_0 x_1 + -5*x_0 x_2 + -2*x_0 x_3 + -2*x_0 x_4 + -4*x_0 x_5 + -5*x_0 x_6 + -2*x_0 x_7 + -2*x_1 + 2*x_1 x_4 + 4*x_1 x_5 + -2*x_1 x_6 + -4*x_1 x_7 + -1*x_2 + -5*x_2 x_4 + 4*x_2 x_5 + 2*x_2 x_6 + 2*x_2 x_7 + -5*x_3 + -5*x_3 x_4 + 2*x_3 x_5 + 1*x_3 x_6 + -3*x_3 x_7 + -2*x_4 + -1*x_4 x_5 + 1*x_4 x_6 + 4*x_4 x_7 + 3*x_5 + -2*x_5 x_6 + -2*x_5 x_7 + -5*x_6 + 1*x_6 x_7 + -3*x_7,True,1,0.0031106082598368326,0.5508309322553057,0.6415976744186047,1.0,0.0727,True,True,5.0,0.49895856777826947,0.8371068740693121,0.1469860465116279,0.302,0.0033,False,True,0.49895856777826947,0.0031106082598368326
"['3*x_0 + 8*x_1 + 3*x_2 <= 5', '5*x_3*x_3 + 1*x_3*x_4 + 2*x_3*x_5 + 5*x_4*x_4 + 1*x_4*x_5 + 3*x_5*x_5 <= 6']",knapsack+quadratic_knapsack,6,2, -2*x_0 + -4*x_0 x_1 + 2*x_0 x_2 + 2*x_0 x_3 + 3*x_0 x_4 + -5*x_0 x_5 + -1*x_1 + 1*x_1 x_3 + -2*x_1 x_4 + -5*x_2 x_3 + 4*x_2 x_4 + 3*x_2 x_5 + 3*x_3 + -3*x_3 x_4 + 2*x_3 x_5 + -1*x_4 + 2*x_4 x_5 + 3*x_5,True,1,0.001947621703147888,0.6335627492258306,0.7664799999999999,1.0,0.2177,True,True,5.0,0.5007803356647491,0.8226225399081115,0.11635999999999996,0.2178,0.0223,False,True,0.5007803356647491,0.001947621703147888
"['1*x_3*x_3 + 5*x_3*x_4 + 3*x_3*x_5 + 4*x_4*x_4 + 2*x_4*x_5 + 4*x_5*x_5 <= 7', 'x_0 + x_1 + x_2 == 0']",cardinality+quadratic_knapsack,6,2, -5*x_0 + -4*x_0 x_1 + -3*x_0 x_2 + -5*x_0 x_3 + 1*x_0 x_4 + -4*x_0 x_5 + -3*x_1 + -1*x_1 x_2 + 3*x_1 x_3 + -2*x_1 x_4 + 4*x_1 x_5 + -2*x_2 + -1*x_2 x_3 + -4*x_2 x_4 + 4*x_3 + -5*x_3 x_4 + 4*x_3 x_5 + -2*x_4 + -5*x_5,True,1,0.0014855372905731201,0.3100098016225543,0.942111111111111,1.0,0.886,True,True,5.0,0.5314965498447418,0.8751980771854904,0.029233333333333333,0.0732,0.0113,False,True,0.5314965498447418,0.0014855372905731201
"['6*x_5 + 2*x_6 + 2*x_7 <= 3', '9*x_0 + 2*x_1 + 1*x_2 + 9*x_3 + 6*x_4 <= 13']",knapsack+knapsack,8,2, 2*x_0 + 3*x_0 x_1 + -2*x_0 x_3 + -1*x_0 x_4 + 3*x_0 x_5 + 4*x_0 x_6 + -5*x_0 x_7 + 4*x_1 + 2*x_1 x_2 + -4*x_1 x_3 + -2*x_1 x_4 + -4*x_1 x_5 + -3*x_1 x_6 + -2*x_1 x_7 + -4*x_2 x_3 + 2*x_2 x_4 + 3*x_2 x_5 + 1*x_2 x_6 + -4*x_2 x_7 + 1*x_3 + -1*x_3 x_4 + 3*x_3 x_5 + -1*x_3 x_6 + -5*x_4 + -4*x_4 x_5 + -5*x_4 x_6 + -3*x_4 x_7 + 3*x_5 + 4*x_5 x_6 + -3*x_5 x_7 + -3*x_7,True,1,0.0032726991176605224,0.5628465456787007,0.7188115384615384,1.0,0.1075,True,True,5.0,0.5335273627440135,0.8360227032517273,0.11053461538461534,0.1927,0.0049,False,True,0.5335273627440135,0.0032726991176605224
"['1*x_0*x_0 + 5*x_0*x_1 + 3*x_0*x_2 + 4*x_1*x_1 + 2*x_1*x_2 + 4*x_2*x_2 <= 7', 'x_3 + x_4 + x_5 == 1']",quadratic_knapsack+cardinality,6,2, 4*x_0 + 4*x_0 x_1 + -3*x_0 x_2 + -2*x_0 x_3 + -5*x_0 x_4 + 4*x_0 x_5 + -2*x_1 + -5*x_1 x_2 + -2*x_1 x_3 + 3*x_1 x_4 + -5*x_1 x_5 + -1*x_2 + -3*x_2 x_3 + -5*x_2 x_4 + 2*x_2 x_5 + 2*x_3 + 3*x_3 x_4 + -1*x_3 x_5 + -4*x_4 + -2*x_4 x_5 + -2*x_5,True,1,0.0017561825778749254,0.4932497637595423,0.8650875,1.0,0.0566,True,True,5.0,0.5626900847090616,0.8837971554941572,0.1058125,0.2056,0.0196,False,True,0.5626900847090616,0.0017561825778749254
"['1*x_0*x_0 + 2*x_0*x_1 + 1*x_0*x_2 + 1*x_1*x_1 + 5*x_1*x_2 + 1*x_2*x_2 <= 6', 'x_3 + x_4 + x_5 + x_6 <= 1']",quadratic_knapsack+cardinality,7,2, -4*x_0 + -1*x_0 x_1 + 4*x_0 x_2 + 2*x_0 x_3 + -5*x_0 x_4 + 2*x_0 x_5 + -5*x_0 x_6 + 3*x_1 + 3*x_1 x_2 + 4*x_1 x_4 + 3*x_1 x_5 + -2*x_1 x_6 + -5*x_2 + 2*x_2 x_3 + -5*x_2 x_4 + 1*x_2 x_5 + 3*x_2 x_6 + -5*x_3 + -4*x_3 x_4 + 4*x_3 x_5 + 1*x_3 x_6 + -4*x_4 + -5*x_4 x_5 + -5*x_4 x_6 + -3*x_5 x_6 + 3*x_6,True,1,0.002491278847058614,0.4197134228978659,0.498956,1.0,0.0719,True,True,5.0,0.5701196662584941,0.8809965330884754,0.131332,0.391,0.0009,False,True,0.5701196662584941,0.002491278847058614
"['1*x_3 + 10*x_4 + 3*x_5 + 5*x_6 + 1*x_7 <= 12', '3*x_0 + 8*x_1 + 3*x_2 <= 5']",knapsack+knapsack,8,2, -1*x_0 + -4*x_0 x_1 + 1*x_0 x_2 + 3*x_0 x_3 + -1*x_0 x_4 + -1*x_0 x_5 + -1*x_0 x_6 + 1*x_0 x_7 + 4*x_1 + -3*x_1 x_2 + 3*x_1 x_3 + 4*x_1 x_4 + -5*x_1 x_5 + -2*x_1 x_6 + -1*x_1 x_7 + -3*x_2 x_3 + -5*x_2 x_4 + 2*x_2 x_5 + -4*x_2 x_6 + -3*x_2 x_7 + -2*x_3 + 4*x_3 x_4 + -1*x_3 x_6 + -5*x_3 x_7 + -5*x_4 + -4*x_4 x_5 + 4*x_4 x_6 + -1*x_4 x_7 + -1*x_5 + 2*x_5 x_6 + 3*x_5 x_7 + -4*x_6 + -5*x_6 x_7,True,1,0.0031292435857984756,0.4647389010937394,0.4219206896551723,1.0,0.1042,True,True,5.0,0.5926631090376112,0.8251213471660336,0.06880344827586203,0.2398,0.0033,False,True,0.5926631090376112,0.0031292435857984756
"['1*x_0*x_0 + 5*x_0*x_1 + 1*x_0*x_2 + 3*x_1*x_1 + 3*x_1*x_2 + 5*x_2*x_2 <= 10', 'x_3 + x_4 + x_5 + x_6 + x_7 == 3']",quadratic_knapsack+cardinality,8,2, 4*x_0 + 1*x_0 x_1 + -3*x_0 x_2 + -4*x_0 x_3 + -5*x_0 x_4 + -2*x_0 x_5 + -1*x_0 x_6 + 2*x_0 x_7 + -4*x_1 + 1*x_1 x_2 + 3*x_1 x_3 + 3*x_1 x_4 + -1*x_1 x_5 + -1*x_1 x_6 + -1*x_1 x_7 + -5*x_2 + 4*x_2 x_3 + -3*x_2 x_4 + 4*x_2 x_5 + -2*x_2 x_6 + -3*x_2 x_7 + -5*x_3 + -5*x_3 x_4 + -5*x_3 x_5 + -1*x_3 x_6 + -2*x_3 x_7 + -1*x_4 + -2*x_4 x_5 + 1*x_4 x_6 + -5*x_4 x_7 + -4*x_5 + -5*x_5 x_6 + 3*x_5 x_7 + 4*x_6 + -1*x_6 x_7 + 4*x_7,True,1,0.0014465556542078654,0.6397741971946649,0.6668472222222221,1.0,0.2077,True,True,5.0,0.6446184952391518,0.8715598533478705,0.09565833333333337,0.2247,0.003,False,True,0.6446184952391518,0.0014465556542078654
"['2*x_0 + 10*x_1 + 4*x_2 <= 6', '9*x_3 + 9*x_4 + 4*x_5 + 1*x_6 <= 9']",knapsack+knapsack,7,2, -3*x_0 + -4*x_0 x_1 + -4*x_0 x_2 + -1*x_0 x_4 + 4*x_0 x_5 + 2*x_0 x_6 + 4*x_1 + 4*x_1 x_2 + -1*x_1 x_3 + -1*x_1 x_4 + 1*x_1 x_5 + -1*x_1 x_6 + -3*x_2 + -4*x_2 x_3 + -2*x_2 x_4 + 1*x_2 x_6 + -1*x_3 + 4*x_3 x_4 + -1*x_3 x_5 + -3*x_3 x_6 + -1*x_4 + -3*x_4 x_5 + 2*x_5 + 3*x_5 x_6 + -1*x_6,True,1,0.003304263287120395,0.7677561751923908,0.7721090909090909,1.0,0.4005,True,True,5.0,0.6536677793661754,0.7984155608716709,0.09028636363636365,0.1965,0.0082,False,True,0.6536677793661754,0.003304263287120395
"['1*x_0*x_0 + 5*x_0*x_1 + 4*x_0*x_2 + 2*x_1*x_1 + 2*x_1*x_2 + 2*x_2*x_2 <= 8', 'x_3 + x_4 + x_5 + x_6 <= 1']",quadratic_knapsack+cardinality,7,2, 4*x_0 + 4*x_0 x_1 + 1*x_0 x_2 + 3*x_0 x_3 + 1*x_0 x_4 + -3*x_0 x_5 + -3*x_0 x_6 + -5*x_1 + -2*x_1 x_2 + -5*x_1 x_3 + -4*x_1 x_4 + -4*x_1 x_5 + 1*x_2 + 4*x_2 x_3 + 2*x_2 x_4 + -4*x_2 x_5 + -4*x_2 x_6 + -2*x_3 + 2*x_3 x_4 + -5*x_3 x_5 + -2*x_3 x_6 + 2*x_4 + 1*x_4 x_5 + 3*x_4 x_6 + 4*x_5 + -4*x_5 x_6 + -2*x_6,True,1,0.0015395437346564398,0.46624039851280236,0.6698739130434781,1.0,0.2099,True,True,5.0,0.6584590572781033,0.8744869469314555,0.12276956521739132,0.2475,0.0115,False,True,0.6584590572781033,0.0015395437346564398
"['2*x_5 + 7*x_6 + 7*x_7 <= 7', 'x_0 + x_1 + x_2 + x_3 + x_4 <= 4']",cardinality+knapsack,8,2, -3*x_0 + -3*x_0 x_1 + 2*x_0 x_2 + 2*x_0 x_3 + 3*x_0 x_4 + -5*x_0 x_5 + -5*x_0 x_6 + -5*x_0 x_7 + -4*x_1 + -2*x_1 x_2 + 1*x_1 x_3 + -4*x_1 x_4 + 2*x_1 x_6 + 1*x_1 x_7 + -4*x_2 x_3 + 4*x_2 x_4 + -2*x_2 x_5 + 3*x_2 x_6 + -3*x_2 x_7 + -1*x_3 + -3*x_3 x_4 + -2*x_3 x_5 + -2*x_3 x_6 + -3*x_3 x_7 + -2*x_4 + 1*x_4 x_5 + -5*x_4 x_6 + -1*x_4 x_7 + -4*x_5 + 3*x_5 x_6 + 2*x_5 x_7 + -2*x_6 x_7 + -3*x_7,True,1,0.0026444679498672484,0.3625308917783752,0.6020931034482757,1.0,0.0832,True,True,5.0,0.6721189519431856,0.8119392232311853,0.24779999999999994,0.4949,0.0125,False,True,0.6721189519431856,0.0026444679498672484
"['5*x_2 + 10*x_3 + 1*x_4 + 9*x_5 + 6*x_6 <= 19', 'x_0 + x_1 >= 0']",cardinality+knapsack,7,2, -1*x_0 + 4*x_0 x_1 + 1*x_0 x_2 + -2*x_0 x_3 + 3*x_0 x_4 + -1*x_0 x_5 + 4*x_0 x_6 + 2*x_1 + 2*x_1 x_2 + -1*x_1 x_3 + -2*x_1 x_4 + -1*x_1 x_5 + 3*x_1 x_6 + -1*x_2 + -5*x_2 x_3 + -2*x_2 x_4 + 2*x_2 x_5 + -1*x_2 x_6 + 2*x_3 + -1*x_3 x_5 + -3*x_4 + 3*x_4 x_5 + -2*x_4 x_6 + -1*x_5 x_6 + -5*x_6,True,1,0.0043753155734803945,0.3969982601931284,0.45186818181818184,1.0,0.0061,True,True,5.0,0.6751874393224716,0.8469196491918953,0.26441363636363646,0.6472,0.0061,False,True,0.6751874393224716,0.0043753155734803945
"['9*x_0 + 9*x_1 + 4*x_2 + 1*x_3 <= 9', 'x_4 + x_5 <= 2', 'x_6 + x_7 <= 1']",knapsack+cardinality+cardinality,8,3, 2*x_0 + -5*x_0 x_1 + 2*x_0 x_2 + 3*x_0 x_3 + -4*x_0 x_4 + -1*x_0 x_5 + -3*x_0 x_6 + -2*x_0 x_7 + 2*x_1 + -5*x_1 x_2 + 3*x_1 x_3 + -2*x_1 x_4 + 4*x_1 x_5 + -5*x_1 x_6 + 1*x_1 x_7 + -5*x_2 + 4*x_2 x_3 + 4*x_2 x_4 + -1*x_2 x_5 + -5*x_2 x_7 + -1*x_3 + 1*x_3 x_4 + 1*x_3 x_5 + 4*x_3 x_6 + 3*x_3 x_7 + -1*x_4 + -5*x_4 x_5 + -2*x_4 x_6 + -2*x_4 x_7 + -3*x_5 + -4*x_5 x_7 + 4*x_6 + 3*x_6 x_7 + -1*x_7,True,1,0.0034463828139834935,0.5262546782086434,0.6414903225806453,1.0,0.241,True,True,5.0,0.6842967869838079,0.8042312089502318,0.10689677419354834,0.2745,0.0049,False,True,0.6842967869838079,0.0034463828139834935
"['3*x_0*x_0 + 1*x_0*x_1 + 3*x_0*x_2 + 1*x_1*x_1 + 4*x_1*x_2 + 3*x_2*x_2 <= 5', 'x_3 + x_4 + x_5 >= 1']",quadratic_knapsack+cardinality,6,2, -2*x_0 + -4*x_0 x_1 + 2*x_0 x_2 + 2*x_0 x_3 + 3*x_0 x_4 + -5*x_0 x_5 + -1*x_1 + 1*x_1 x_3 + -2*x_1 x_4 + -5*x_2 x_3 + 4*x_2 x_4 + 3*x_2 x_5 + 3*x_3 + -3*x_3 x_4 + 2*x_3 x_5 + -1*x_4 + 2*x_4 x_5 + 3*x_5,True,1,0.0028932414452234904,0.6449182160614011,0.64427,1.0,0.0048,True,True,5.0,0.6874978780084187,0.9110750745117244,0.3175,0.6133,0.0227,False,True,0.6874978780084187,0.0028932414452234904
"['3*x_0*x_0 + 1*x_0*x_1 + 3*x_0*x_2 + 5*x_1*x_1 + 2*x_1*x_2 + 2*x_2*x_2 <= 8', 'x_3 + x_4 - x_5 - x_6 - x_7 == 0']",quadratic_knapsack+flow,8,2, 1*x_0 + -3*x_0 x_1 + -5*x_0 x_2 + -2*x_0 x_3 + -2*x_0 x_4 + -4*x_0 x_5 + -5*x_0 x_6 + -2*x_0 x_7 + -2*x_1 + 2*x_1 x_4 + 4*x_1 x_5 + -2*x_1 x_6 + -4*x_1 x_7 + -1*x_2 + -5*x_2 x_4 + 4*x_2 x_5 + 2*x_2 x_6 + 2*x_2 x_7 + -5*x_3 + -5*x_3 x_4 + 2*x_3 x_5 + 1*x_3 x_6 + -3*x_3 x_7 + -2*x_4 + -1*x_4 x_5 + 1*x_4 x_6 + 4*x_4 x_7 + 3*x_5 + -2*x_5 x_6 + -2*x_5 x_7 + -5*x_6 + 1*x_6 x_7 + -3*x_7,True,1,0.0015512390931447346,0.4749155124679105,0.5297972972972974,1.0,0.168,True,True,5.0,0.6875357882844078,0.8547276050204938,0.08217837837837838,0.2061,0.0033,False,True,0.6875357882844078,0.0015512390931447346
"['3*x_0*x_0 + 1*x_0*x_1 + 3*x_0*x_2 + 1*x_1*x_1 + 4*x_1*x_2 + 3*x_2*x_2 <= 5', 'x_3 + x_4 + x_5 + x_6 + x_7 <= 1']",quadratic_knapsack+cardinality,8,2, 4*x_0 + 1*x_0 x_1 + -3*x_0 x_2 + -4*x_0 x_3 + -5*x_0 x_4 + -2*x_0 x_5 + -1*x_0 x_6 + 2*x_0 x_7 + -4*x_1 + 1*x_1 x_2 + 3*x_1 x_3 + 3*x_1 x_4 + -1*x_1 x_5 + -1*x_1 x_6 + -1*x_1 x_7 + -5*x_2 + 4*x_2 x_3 + -3*x_2 x_4 + 4*x_2 x_5 + -2*x_2 x_6 + -3*x_2 x_7 + -5*x_3 + -5*x_3 x_4 + -5*x_3 x_5 + -1*x_3 x_6 + -2*x_3 x_7 + -1*x_4 + -2*x_4 x_5 + 1*x_4 x_6 + -5*x_4 x_7 + -4*x_5 + -5*x_5 x_6 + 3*x_5 x_7 + 4*x_6 + -1*x_6 x_7 + 4*x_7,True,1,0.0029949213398827446,0.34403437233429845,0.8030421052631579,1.0,0.4584,True,True,5.0,0.6996109604173236,0.8564406112347915,0.07976315789473684,0.1219,0.0126,False,True,0.6996109604173236,0.0029949213398827446
"['2*x_3 + 2*x_4 + 9*x_5 + 10*x_6 + 4*x_7 <= 18', 'x_0 + x_1 + x_2 >= 2']",cardinality+knapsack,8,2, 2*x_0 + -5*x_0 x_1 + 2*x_0 x_2 + 3*x_0 x_3 + -4*x_0 x_4 + -1*x_0 x_5 + -3*x_0 x_6 + -2*x_0 x_7 + 2*x_1 + -5*x_1 x_2 + 3*x_1 x_3 + -2*x_1 x_4 + 4*x_1 x_5 + -5*x_1 x_6 + 1*x_1 x_7 + -5*x_2 + 4*x_2 x_3 + 4*x_2 x_4 + -1*x_2 x_5 + -5*x_2 x_7 + -1*x_3 + 1*x_3 x_4 + 1*x_3 x_5 + 4*x_3 x_6 + 3*x_3 x_7 + -1*x_4 + -5*x_4 x_5 + -2*x_4 x_6 + -2*x_4 x_7 + -3*x_5 + -4*x_5 x_7 + 4*x_6 + 3*x_6 x_7 + -1*x_7,True,1,0.00303071399529775,0.49231976509961206,0.4930048780487805,1.0,0.0757,True,True,5.0,0.7092611561218898,0.8415520280980636,0.16278536585365852,0.3968,0.0043,False,True,0.7092611561218898,0.00303071399529775
"['5*x_0*x_0 + 1*x_0*x_1 + 2*x_0*x_2 + 5*x_1*x_1 + 1*x_1*x_2 + 3*x_2*x_2 <= 6', '6*x_3 + 2*x_4 + 2*x_5 <= 3']",quadratic_knapsack+knapsack,6,2, -4*x_0 + 2*x_0 x_1 + -4*x_0 x_2 + 1*x_0 x_3 + -4*x_0 x_4 + 1*x_1 + 4*x_1 x_2 + -3*x_1 x_3 + -1*x_1 x_5 + 2*x_2 + 4*x_2 x_3 + -1*x_2 x_4 + 3*x_3 + 4*x_3 x_4 + -4*x_3 x_5 + -1*x_4 + 3*x_4 x_5 + -1*x_5,True,1,0.0016429490513271755,0.7022611849674086,0.5887636363636364,1.0,0.4344,True,True,5.0,0.7288203074534734,0.8464073298708706,0.08759999999999998,0.2796,0.0362,False,True,0.7288203074534734,0.0016429490513271755
"['1*x_0*x_0 + 5*x_0*x_1 + 3*x_0*x_2 + 4*x_1*x_1 + 2*x_1*x_2 + 4*x_2*x_2 <= 7', 'x_3 + x_4 + x_5 + x_6 >= 3']",quadratic_knapsack+cardinality,7,2, -4*x_0 + -1*x_0 x_1 + 4*x_0 x_2 + 2*x_0 x_3 + -5*x_0 x_4 + 2*x_0 x_5 + -5*x_0 x_6 + 3*x_1 + 3*x_1 x_2 + 4*x_1 x_4 + 3*x_1 x_5 + -2*x_1 x_6 + -5*x_2 + 2*x_2 x_3 + -5*x_2 x_4 + 1*x_2 x_5 + 3*x_2 x_6 + -5*x_3 + -4*x_3 x_4 + 4*x_3 x_5 + 1*x_3 x_6 + -4*x_4 + -5*x_4 x_5 + -5*x_4 x_6 + -3*x_5 x_6 + 3*x_6,True,1,0.0022628568278418647,0.847106527959121,0.824746875,1.0,0.232,True,True,5.0,0.7571706428792742,0.8612226346744127,0.08574999999999998,0.153,0.0139,False,True,0.7571706428792742,0.0022628568278418647
"['2*x_0*x_0 + 5*x_0*x_1 + 2*x_0*x_2 + 2*x_1*x_1 + 1*x_1*x_2 + 1*x_2*x_2 <= 7', 'x_3 + x_4 + x_5 + x_6 + x_7 == 5']",quadratic_knapsack+cardinality,8,2, 2*x_0 + 3*x_0 x_1 + -2*x_0 x_3 + -1*x_0 x_4 + 3*x_0 x_5 + 4*x_0 x_6 + -5*x_0 x_7 + 4*x_1 + 2*x_1 x_2 + -4*x_1 x_3 + -2*x_1 x_4 + -4*x_1 x_5 + -3*x_1 x_6 + -2*x_1 x_7 + -4*x_2 x_3 + 2*x_2 x_4 + 3*x_2 x_5 + 1*x_2 x_6 + -4*x_2 x_7 + 1*x_3 + -1*x_3 x_4 + 3*x_3 x_5 + -1*x_3 x_6 + -5*x_4 + -4*x_4 x_5 + -5*x_4 x_6 + -3*x_4 x_7 + 3*x_5 + 4*x_5 x_6 + -3*x_5 x_7 + -3*x_7,True,1,0.0032157365481058756,0.9522868325141758,0.9728666666666669,1.0,0.9684,True,True,5.0,0.7603879866335127,0.8641244997860077,0.06835833333333333,0.1769,0.0564,False,True,0.7603879866335127,0.0032157365481058756
"['3*x_0*x_0 + 1*x_0*x_1 + 3*x_0*x_2 + 5*x_1*x_1 + 2*x_1*x_2 + 2*x_2*x_2 <= 8', '5*x_3 + 4*x_4 + 1*x_5 <= 6']",quadratic_knapsack+knapsack,6,2, -2*x_0 x_1 + -2*x_0 x_2 + -4*x_0 x_3 + 2*x_0 x_4 + -4*x_0 x_5 + 1*x_1 + 3*x_1 x_2 + 1*x_1 x_3 + -1*x_1 x_4 + 3*x_1 x_5 + -4*x_2 + -1*x_2 x_3 + -3*x_2 x_5 + -4*x_3 + 4*x_3 x_4 + 4*x_3 x_5 + -2*x_4 + 2*x_4 x_5 + -2*x_5,True,1,0.0013003964556588068,0.5886025073486896,0.5302695652173913,1.0,0.0232,True,True,5.0,0.7701397638188469,0.8529935840754563,0.1723434782608695,0.4706,0.015,False,True,0.7701397638188469,0.0013003964556588068
"['3*x_0*x_0 + 1*x_0*x_1 + 3*x_0*x_2 + 5*x_1*x_1 + 2*x_1*x_2 + 2*x_2*x_2 <= 8', 'x_3 - x_4 - x_5 == 0']",quadratic_knapsack+flow,6,2, -2*x_0 + -4*x_0 x_1 + 2*x_0 x_2 + 2*x_0 x_3 + 3*x_0 x_4 + -5*x_0 x_5 + -1*x_1 + 1*x_1 x_3 + -2*x_1 x_4 + -5*x_2 x_3 + 4*x_2 x_4 + 3*x_2 x_5 + 3*x_3 + -3*x_3 x_4 + 2*x_3 x_5 + -1*x_4 + 2*x_4 x_5 + 3*x_5,True,1,0.0015783947706222534,0.6104108608275937,0.8352727272727273,1.0,0.33,True,True,5.0,0.7719824541939629,0.8536177859047066,0.18834545454545454,0.2709,0.0276,False,True,0.7719824541939629,0.0015783947706222534
"['3*x_0*x_0 + 1*x_0*x_1 + 3*x_0*x_2 + 1*x_1*x_1 + 4*x_1*x_2 + 3*x_2*x_2 <= 5', 'x_3 + x_4 + x_5 + x_6 + x_7 == 3']",quadratic_knapsack+cardinality,8,2, 4*x_0 + 4*x_0 x_1 + -3*x_0 x_2 + -3*x_0 x_3 + -1*x_0 x_4 + 2*x_0 x_5 + 1*x_0 x_6 + -2*x_0 x_7 + -4*x_1 + -4*x_1 x_2 + 4*x_1 x_3 + 4*x_1 x_4 + -2*x_1 x_5 + 3*x_1 x_6 + -5*x_1 x_7 + -3*x_2 + 4*x_2 x_3 + -1*x_2 x_4 + 4*x_2 x_5 + -1*x_2 x_7 + -2*x_3 + 3*x_3 x_4 + 4*x_3 x_5 + 4*x_3 x_6 + -1*x_4 + 4*x_4 x_5 + -1*x_4 x_6 + 4*x_4 x_7 + -3*x_5 + 4*x_5 x_6 + 3*x_5 x_7 + -5*x_6 + 4*x_6 x_7 + 4*x_7,True,1,0.003398180405298869,0.6303659952771492,0.7609374999999997,1.0,0.133,True,True,5.0,0.7879389270808962,0.8563870467695622,0.09625624999999997,0.1778,0.0206,False,True,0.7879389270808962,0.003398180405298869
"['5*x_3*x_3 + 3*x_3*x_4 + 5*x_3*x_5 + 4*x_4*x_4 + 5*x_4*x_5 + 3*x_5*x_5 <= 14', 'x_0 + x_1 + x_2 == 1']",cardinality+quadratic_knapsack,6,2, 4*x_0 + -1*x_0 x_1 + 3*x_0 x_2 + -1*x_0 x_3 + -4*x_0 x_4 + 1*x_0 x_5 + 3*x_1 + 1*x_1 x_2 + -3*x_1 x_3 + -5*x_1 x_4 + -2*x_1 x_5 + -2*x_2 + -4*x_2 x_3 + -3*x_2 x_4 + 2*x_2 x_5 + -5*x_3 + -2*x_3 x_4 + 4*x_4 + -5*x_5,True,1,0.0015101208951738146,0.6303207909985148,0.7949833333333335,1.0,0.246,True,True,5.0,0.7979504197173648,0.8827888672038693,0.1478111111111111,0.3352,0.0182,False,True,0.7979504197173648,0.0015101208951738146
"['1*x_5*x_5 + 5*x_5*x_6 + 4*x_5*x_7 + 2*x_6*x_6 + 2*x_6*x_7 + 2*x_7*x_7 <= 8', 'x_0 + x_1 + x_2 + x_3 + x_4 == 3']",cardinality+quadratic_knapsack,8,2, 1*x_0 + -3*x_0 x_1 + -5*x_0 x_2 + -2*x_0 x_3 + -2*x_0 x_4 + -4*x_0 x_5 + -5*x_0 x_6 + -2*x_0 x_7 + -2*x_1 + 2*x_1 x_4 + 4*x_1 x_5 + -2*x_1 x_6 + -4*x_1 x_7 + -1*x_2 + -5*x_2 x_4 + 4*x_2 x_5 + 2*x_2 x_6 + 2*x_2 x_7 + -5*x_3 + -5*x_3 x_4 + 2*x_3 x_5 + 1*x_3 x_6 + -3*x_3 x_7 + -2*x_4 + -1*x_4 x_5 + 1*x_4 x_6 + 4*x_4 x_7 + 3*x_5 + -2*x_5 x_6 + -2*x_5 x_7 + -5*x_6 + 1*x_6 x_7 + -3*x_7,True,1,0.0015019864506191677,0.5444801126637968,0.6364,1.0,0.0146,True,True,5.0,0.8034303814835019,0.876360522738631,0.1454789473684211,0.2788,0.0043,False,True,0.8034303814835019,0.0015019864506191677
"['3*x_4 + 1*x_5 + 4*x_6 + 8*x_7 <= 7', '9*x_0 + 9*x_1 + 4*x_2 + 1*x_3 <= 9']",knapsack+knapsack,8,2, 3*x_0 + -3*x_0 x_1 + 1*x_0 x_2 + 4*x_0 x_3 + 4*x_0 x_4 + 4*x_0 x_5 + -5*x_0 x_6 + -1*x_0 x_7 + -2*x_1 + -2*x_1 x_2 + 3*x_1 x_3 + -3*x_1 x_4 + -5*x_1 x_5 + -1*x_1 x_6 + 1*x_1 x_7 + -5*x_2 + 1*x_2 x_4 + -4*x_2 x_5 + -5*x_2 x_6 + 1*x_2 x_7 + 2*x_3 + 3*x_3 x_4 + 2*x_3 x_5 + -4*x_3 x_6 + -3*x_3 x_7 + -4*x_4 + -2*x_4 x_5 + -2*x_4 x_6 + -4*x_4 x_7 + -1*x_5 + 1*x_5 x_6 + -5*x_6 + -5*x_6 x_7 + 3*x_7,True,1,0.0031773480441835192,0.46154861123920354,0.6814115384615385,1.0,0.2497,True,True,5.0,0.8637725508875317,0.8066640285526231,0.08178076923076923,0.1617,0.0052,False,True,0.8637725508875317,0.0031773480441835192
"['3*x_0*x_0 + 1*x_0*x_1 + 3*x_0*x_2 + 5*x_1*x_1 + 2*x_1*x_2 + 2*x_2*x_2 <= 8', 'x_3 + x_4 >= 0']",quadratic_knapsack+cardinality,5,2, -2*x_0 + -3*x_0 x_1 + -2*x_0 x_2 + -3*x_0 x_3 + -1*x_0 x_4 + -5*x_1 + 2*x_1 x_2 + -1*x_1 x_3 + -4*x_1 x_4 + -2*x_2 + -4*x_2 x_3 + -1*x_2 x_4 + -5*x_3 + -5*x_3 x_4,True,1,0.0016834837198257445,0.4033269187241621,0.581472,1.0,0.2156,True,True,5.0,0.8675290153423945,0.8586169981746052,0.220192,0.6399,0.0266,False,True,0.8675290153423945,0.0016834837198257445
"['1*x_4*x_4 + 5*x_4*x_5 + 4*x_4*x_6 + 2*x_5*x_5 + 2*x_5*x_6 + 2*x_6*x_6 <= 8', 'x_0 + x_1 + x_2 + x_3 == 0']",cardinality+quadratic_knapsack,7,2, 4*x_0 + 4*x_0 x_1 + 1*x_0 x_2 + 3*x_0 x_3 + 1*x_0 x_4 + -3*x_0 x_5 + -3*x_0 x_6 + -5*x_1 + -2*x_1 x_2 + -5*x_1 x_3 + -4*x_1 x_4 + -4*x_1 x_5 + 1*x_2 + 4*x_2 x_3 + 2*x_2 x_4 + -4*x_2 x_5 + -4*x_2 x_6 + -2*x_3 + 2*x_3 x_4 + -5*x_3 x_5 + -2*x_3 x_6 + 2*x_4 + 1*x_4 x_5 + 3*x_4 x_6 + 4*x_5 + -4*x_5 x_6 + -2*x_6,True,1,0.0020310393306944103,0.39264321327824936,0.8720333333333333,1.0,0.5528,True,True,5.0,0.9161350595288806,0.8792792649255379,0.057899999999999986,0.0936,0.031,False,True,0.9161350595288806,0.0020310393306944103
"['10*x_5 + 1*x_6 + 9*x_7 <= 7', '6*x_0 + 7*x_1 + 8*x_2 + 9*x_3 + 5*x_4 <= 14']",knapsack+knapsack,8,2, 3*x_0 + -3*x_0 x_1 + 1*x_0 x_2 + 4*x_0 x_3 + 4*x_0 x_4 + 4*x_0 x_5 + -5*x_0 x_6 + -1*x_0 x_7 + -2*x_1 + -2*x_1 x_2 + 3*x_1 x_3 + -3*x_1 x_4 + -5*x_1 x_5 + -1*x_1 x_6 + 1*x_1 x_7 + -5*x_2 + 1*x_2 x_4 + -4*x_2 x_5 + -5*x_2 x_6 + 1*x_2 x_7 + 2*x_3 + 3*x_3 x_4 + 2*x_3 x_5 + -4*x_3 x_6 + -3*x_3 x_7 + -4*x_4 + -2*x_4 x_5 + -2*x_4 x_6 + -4*x_4 x_7 + -1*x_5 + 1*x_5 x_6 + -5*x_6 + -5*x_6 x_7 + 3*x_7,True,1,0.006903306974305047,0.4397872574255455,0.5824260869565216,1.0,0.0439,True,True,5.0,0.9414742730723487,0.8280594782260142,0.04108260869565217,0.0965,0.0038,False,True,0.9414742730723487,0.006903306974305047
"['1*x_0*x_0 + 5*x_0*x_1 + 1*x_0*x_2 + 3*x_1*x_1 + 3*x_1*x_2 + 5*x_2*x_2 <= 10', 'x_3 + x_4 + x_5 <= 1', 'x_6*x_7 == 0']",quadratic_knapsack+cardinality+independent_set,8,3, 4*x_0 + 4*x_0 x_1 + -3*x_0 x_2 + -3*x_0 x_3 + -1*x_0 x_4 + 2*x_0 x_5 + 1*x_0 x_6 + -2*x_0 x_7 + -4*x_1 + -4*x_1 x_2 + 4*x_1 x_3 + 4*x_1 x_4 + -2*x_1 x_5 + 3*x_1 x_6 + -5*x_1 x_7 + -3*x_2 + 4*x_2 x_3 + -1*x_2 x_4 + 4*x_2 x_5 + -1*x_2 x_7 + -2*x_3 + 3*x_3 x_4 + 4*x_3 x_5 + 4*x_3 x_6 + -1*x_4 + 4*x_4 x_5 + -1*x_4 x_6 + 4*x_4 x_7 + -3*x_5 + 4*x_5 x_6 + 3*x_5 x_7 + -5*x_6 + 4*x_6 x_7 + 4*x_7,True,1,0.0029422847429911294,0.7405164381729611,0.5547263157894736,1.0,0.0895,True,True,5.0,1.1253083432383006,0.8750757749523567,0.14665789473684207,0.3236,0.0054,False,True,1.1253083432383006,0.0029422847429911294
"['1*x_3*x_3 + 5*x_3*x_4 + 4*x_3*x_5 + 2*x_4*x_4 + 2*x_4*x_5 + 2*x_5*x_5 <= 8', 'x_0 + x_1 + x_2 >= 2']",cardinality+quadratic_knapsack,6,2, 4*x_0 + -1*x_0 x_1 + 3*x_0 x_2 + -1*x_0 x_3 + -4*x_0 x_4 + 1*x_0 x_5 + 3*x_1 + 1*x_1 x_2 + -3*x_1 x_3 + -5*x_1 x_4 + -2*x_1 x_5 + -2*x_2 + -4*x_2 x_3 + -3*x_2 x_4 + 2*x_2 x_5 + -5*x_3 + -2*x_3 x_4 + 4*x_4 + -5*x_5,True,1,0.0020407758156458537,0.5822644310477219,0.6999458333333333,1.0,0.1282,True,True,5.0,1.156555674539672,0.8768036730459932,0.2255875,0.4576,0.0136,False,True,1.156555674539672,0.0020407758156458537
"['5*x_0 + 1*x_1 + 10*x_2 + 4*x_3 <= 10', '7*x_4 + 7*x_5 + 10*x_6 + 2*x_7 <= 10']",knapsack+knapsack,8,2, 2*x_0 + -5*x_0 x_1 + 2*x_0 x_2 + 3*x_0 x_3 + -4*x_0 x_4 + -1*x_0 x_5 + -3*x_0 x_6 + -2*x_0 x_7 + 2*x_1 + -5*x_1 x_2 + 3*x_1 x_3 + -2*x_1 x_4 + 4*x_1 x_5 + -5*x_1 x_6 + 1*x_1 x_7 + -5*x_2 + 4*x_2 x_3 + 4*x_2 x_4 + -1*x_2 x_5 + -5*x_2 x_7 + -1*x_3 + 1*x_3 x_4 + 1*x_3 x_5 + 4*x_3 x_6 + 3*x_3 x_7 + -1*x_4 + -5*x_4 x_5 + -2*x_4 x_6 + -2*x_4 x_7 + -3*x_5 + -4*x_5 x_7 + 4*x_6 + 3*x_6 x_7 + -1*x_7,True,1,0.006503953867488437,0.3654176432756236,0.4700178571428572,1.0,0.0058,True,True,5.0,1.2166172588533826,0.8149379802989981,0.09011071428571427,0.2471,0.0039,False,True,1.2166172588533826,0.006503953867488437
"['10*x_5 + 1*x_6 + 9*x_7 <= 7', '5*x_2*x_2 + 1*x_2*x_3 + 2*x_2*x_4 + 5*x_3*x_3 + 1*x_3*x_4 + 3*x_4*x_4 <= 6', 'x_0*x_1 == 0']",independent_set+quadratic_knapsack+knapsack,8,3, 2*x_0 + -5*x_0 x_1 + 2*x_0 x_2 + 3*x_0 x_3 + -4*x_0 x_4 + -1*x_0 x_5 + -3*x_0 x_6 + -2*x_0 x_7 + 2*x_1 + -5*x_1 x_2 + 3*x_1 x_3 + -2*x_1 x_4 + 4*x_1 x_5 + -5*x_1 x_6 + 1*x_1 x_7 + -5*x_2 + 4*x_2 x_3 + 4*x_2 x_4 + -1*x_2 x_5 + -5*x_2 x_7 + -1*x_3 + 1*x_3 x_4 + 1*x_3 x_5 + 4*x_3 x_6 + 3*x_3 x_7 + -1*x_4 + -5*x_4 x_5 + -2*x_4 x_6 + -2*x_4 x_7 + -3*x_5 + -4*x_5 x_7 + 4*x_6 + 3*x_6 x_7 + -1*x_7,True,1,0.0029163881805207995,0.3490640259968287,0.6871777777777778,1.0,0.1107,True,True,5.0,1.2451486981577344,0.805173312059672,0.04596111111111111,0.0941,0.0034,False,True,1.2451486981577344,0.0029163881805207995
"['1*x_0*x_0 + 5*x_0*x_1 + 4*x_0*x_2 + 2*x_1*x_1 + 2*x_1*x_2 + 2*x_2*x_2 <= 8', 'x_3 + x_4 + x_5 + x_6 + x_7 <= 1']",quadratic_knapsack+cardinality,8,2, 1*x_0 + -3*x_0 x_1 + -5*x_0 x_2 + -2*x_0 x_3 + -2*x_0 x_4 + -4*x_0 x_5 + -5*x_0 x_6 + -2*x_0 x_7 + -2*x_1 + 2*x_1 x_4 + 4*x_1 x_5 + -2*x_1 x_6 + -4*x_1 x_7 + -1*x_2 + -5*x_2 x_4 + 4*x_2 x_5 + 2*x_2 x_6 + 2*x_2 x_7 + -5*x_3 + -5*x_3 x_4 + 2*x_3 x_5 + 1*x_3 x_6 + -3*x_3 x_7 + -2*x_4 + -1*x_4 x_5 + 1*x_4 x_6 + 4*x_4 x_7 + 3*x_5 + -2*x_5 x_6 + -2*x_5 x_7 + -5*x_6 + 1*x_6 x_7 + -3*x_7,True,1,0.002704861958821615,0.33856513126356047,0.7040125000000002,1.0,0.1182,True,True,5.0,1.4145491678184934,0.8699584388058036,0.09147083333333332,0.1716,0.0025,False,True,1.4145491678184934,0.002704861958821615
"['3*x_0*x_0 + 1*x_0*x_1 + 3*x_0*x_2 + 1*x_1*x_1 + 4*x_1*x_2 + 3*x_2*x_2 <= 5', '5*x_3*x_3 + 1*x_3*x_4 + 2*x_3*x_5 + 5*x_4*x_4 + 1*x_4*x_5 + 3*x_5*x_5 <= 6']",quadratic_knapsack+quadratic_knapsack,6,2, -5*x_0 + -4*x_0 x_1 + -3*x_0 x_2 + -5*x_0 x_3 + 1*x_0 x_4 + -4*x_0 x_5 + -3*x_1 + -1*x_1 x_2 + 3*x_1 x_3 + -2*x_1 x_4 + 4*x_1 x_5 + -2*x_2 + -1*x_2 x_3 + -4*x_2 x_4 + 4*x_3 + -5*x_3 x_4 + 4*x_3 x_5 + -2*x_4 + -5*x_5,True,1,0.0023099050919214883,0.4468905314201616,0.6437904761904761,1.0,0.0534,True,True,5.0,1.415304038921992,0.870190413287278,0.18013333333333328,0.388,0.0118,False,True,1.415304038921992,0.0023099050919214883
"['2*x_3 + 5*x_4 + 2*x_5 <= 5', '5*x_0*x_0 + 3*x_0*x_1 + 5*x_0*x_2 + 4*x_1*x_1 + 5*x_1*x_2 + 3*x_2*x_2 <= 14']",quadratic_knapsack+knapsack,6,2, 4*x_0 + 4*x_0 x_1 + -3*x_0 x_2 + -2*x_0 x_3 + -5*x_0 x_4 + 4*x_0 x_5 + -2*x_1 + -5*x_1 x_2 + -2*x_1 x_3 + 3*x_1 x_4 + -5*x_1 x_5 + -1*x_2 + -3*x_2 x_3 + -5*x_2 x_4 + 2*x_2 x_5 + 2*x_3 + 3*x_3 x_4 + -1*x_3 x_5 + -4*x_4 + -2*x_4 x_5 + -2*x_5,True,1,0.0024663584099875557,0.5094664876367027,0.6251478260869566,1.0,0.1561,True,True,5.0,1.6207989582750533,0.8733751995252684,0.19980869565217385,0.5435,0.0203,False,True,1.6207989582750533,0.0024663584099875557
"['3*x_2*x_2 + 1*x_2*x_3 + 3*x_2*x_4 + 5*x_3*x_3 + 2*x_3*x_4 + 2*x_4*x_4 <= 8', 'x_0 + x_1 == 1', 'x_5 + x_6 + x_7 >= 1']",cardinality+quadratic_knapsack+cardinality,8,3, 4*x_0 + 4*x_0 x_1 + -3*x_0 x_2 + -3*x_0 x_3 + -1*x_0 x_4 + 2*x_0 x_5 + 1*x_0 x_6 + -2*x_0 x_7 + -4*x_1 + -4*x_1 x_2 + 4*x_1 x_3 + 4*x_1 x_4 + -2*x_1 x_5 + 3*x_1 x_6 + -5*x_1 x_7 + -3*x_2 + 4*x_2 x_3 + -1*x_2 x_4 + 4*x_2 x_5 + -1*x_2 x_7 + -2*x_3 + 3*x_3 x_4 + 4*x_3 x_5 + 4*x_3 x_6 + -1*x_4 + 4*x_4 x_5 + -1*x_4 x_6 + 4*x_4 x_7 + -3*x_5 + 4*x_5 x_6 + 3*x_5 x_7 + -5*x_6 + 4*x_6 x_7 + 4*x_7,True,1,0.002509287397066752,0.818162610648249,0.7563833333333331,1.0,0.0748,True,True,5.0,1.6906748758422003,0.8529869825129397,0.14949666666666658,0.2678,0.0075,False,True,1.6906748758422003,0.002509287397066752
"['4*x_3 + 6*x_4 + 1*x_5 + 1*x_6 <= 6', '5*x_0*x_0 + 3*x_0*x_1 + 5*x_0*x_2 + 4*x_1*x_1 + 5*x_1*x_2 + 3*x_2*x_2 <= 14']",quadratic_knapsack+knapsack,7,2, 3*x_0 + -2*x_0 x_2 + -1*x_0 x_3 + -5*x_0 x_4 + 1*x_0 x_5 + 2*x_0 x_6 + -5*x_1 x_2 + -4*x_1 x_3 + -3*x_1 x_4 + -2*x_1 x_5 + 2*x_1 x_6 + 4*x_2 + 3*x_2 x_3 + -2*x_2 x_4 + -1*x_2 x_5 + 4*x_3 + 3*x_3 x_4 + 4*x_3 x_6 + -3*x_4 + -3*x_4 x_5 + 3*x_4 x_6 + 3*x_5 + 4*x_5 x_6 + -4*x_6,True,1,0.00477244410249922,0.5190565047896275,0.6244482758620691,1.0,0.0458,True,True,5.0,1.9200701656606463,0.8680684343200097,0.2770862068965519,0.5006,0.0087,False,True,1.9200701656606463,0.00477244410249922
"['2*x_0*x_0 + 5*x_0*x_1 + 2*x_0*x_2 + 2*x_1*x_1 + 1*x_1*x_2 + 1*x_2*x_2 <= 7', '3*x_3*x_3 + 1*x_3*x_4 + 3*x_3*x_5 + 5*x_4*x_4 + 2*x_4*x_5 + 2*x_5*x_5 <= 8']",quadratic_knapsack+quadratic_knapsack,6,2, 2*x_0 + -5*x_0 x_1 + 2*x_0 x_2 + -4*x_0 x_3 + -2*x_0 x_4 + 4*x_0 x_5 + -4*x_1 + -5*x_1 x_2 + -5*x_1 x_3 + -5*x_1 x_4 + -5*x_1 x_5 + 1*x_2 + 4*x_2 x_3 + -1*x_2 x_4 + -1*x_2 x_5 + -5*x_3 + -5*x_3 x_5 + -1*x_4 + 1*x_4 x_5 + -1*x_5,True,1,0.002813406785329183,0.5398001331858848,0.6872545454545455,1.0,0.2297,True,True,5.0,3.497930712302526,0.8549008328883466,0.17516363636363624,0.4653,0.0133,False,True,3.497930712302526,0.002813406785329183
"['5*x_0*x_0 + 1*x_0*x_1 + 3*x_0*x_2 + 1*x_0*x_3 + 4*x_1*x_1 + 1*x_1*x_2 + 5*x_1*x_3 + 4*x_2*x_2 + 2*x_2*x_3 + 3*x_3*x_3 <= 19', 'x_4 - x_5 - x_6 == 0']",quadratic_knapsack+flow,7,2, 4*x_0 + 4*x_0 x_1 + 1*x_0 x_2 + 3*x_0 x_3 + 1*x_0 x_4 + -3*x_0 x_5 + -3*x_0 x_6 + -5*x_1 + -2*x_1 x_2 + -5*x_1 x_3 + -4*x_1 x_4 + -4*x_1 x_5 + 1*x_2 + 4*x_2 x_3 + 2*x_2 x_4 + -4*x_2 x_5 + -4*x_2 x_6 + -2*x_3 + 2*x_3 x_4 + -5*x_3 x_5 + -2*x_3 x_6 + 2*x_4 + 1*x_4 x_5 + 3*x_4 x_6 + 4*x_5 + -4*x_5 x_6 + -2*x_6,True,1,0.0012269350555207995,0.4301176381259893,0.5085777777777777,1.0,0.0437,True,True,5.0,3.922190427382787,0.8845374704829876,0.14413703703703698,0.3446,0.0078,False,True,3.922190427382787,0.0012269350555207995
"['1*x_3*x_3 + 5*x_3*x_4 + 4*x_3*x_5 + 2*x_4*x_4 + 2*x_4*x_5 + 2*x_5*x_5 <= 8', 'x_0 + x_1 + x_2 <= 1']",cardinality+quadratic_knapsack,6,2, -2*x_0 x_1 + -2*x_0 x_2 + -4*x_0 x_3 + 2*x_0 x_4 + -4*x_0 x_5 + 1*x_1 + 3*x_1 x_2 + 1*x_1 x_3 + -1*x_1 x_4 + 3*x_1 x_5 + -4*x_2 + -1*x_2 x_3 + -3*x_2 x_5 + -4*x_3 + 4*x_3 x_4 + 4*x_3 x_5 + -2*x_4 + 2*x_4 x_5 + -2*x_5,True,1,0.0014063264264000787,0.46784235986934025,0.704246153846154,1.0,0.2495,True,True,5.0,4.402287163933118,0.880548821845489,0.20747692307692303,0.3955,0.0247,False,True,4.402287163933118,0.0014063264264000787
"['1*x_0*x_0 + 5*x_0*x_1 + 1*x_0*x_2 + 3*x_1*x_1 + 3*x_1*x_2 + 5*x_2*x_2 <= 10', 'x_3 + x_4 + x_5 == 1']",quadratic_knapsack+cardinality,6,2, -2*x_0 + -4*x_0 x_1 + 2*x_0 x_2 + 2*x_0 x_3 + 3*x_0 x_4 + -5*x_0 x_5 + -1*x_1 + 1*x_1 x_3 + -2*x_1 x_4 + -5*x_2 x_3 + 4*x_2 x_4 + 3*x_2 x_5 + 3*x_3 + -3*x_3 x_4 + 2*x_3 x_5 + -1*x_4 + 2*x_4 x_5 + 3*x_5,True,1,0.0013248895936542088,0.7577591870735864,0.6762466666666666,1.0,0.4209,True,True,5.0,4.421127220789591,0.8747273975026155,0.12586,0.3232,0.0166,False,True,4.421127220789591,0.0013248895936542088
"['4*x_4 + 6*x_5 + 2*x_6 + 10*x_7 <= 7', '8*x_0 + 5*x_1 + 7*x_2 + 4*x_3 <= 11']",knapsack+knapsack,8,2, 4*x_0 + 1*x_0 x_1 + -3*x_0 x_2 + -4*x_0 x_3 + -5*x_0 x_4 + -2*x_0 x_5 + -1*x_0 x_6 + 2*x_0 x_7 + -4*x_1 + 1*x_1 x_2 + 3*x_1 x_3 + 3*x_1 x_4 + -1*x_1 x_5 + -1*x_1 x_6 + -1*x_1 x_7 + -5*x_2 + 4*x_2 x_3 + -3*x_2 x_4 + 4*x_2 x_5 + -2*x_2 x_6 + -3*x_2 x_7 + -5*x_3 + -5*x_3 x_4 + -5*x_3 x_5 + -1*x_3 x_6 + -2*x_3 x_7 + -1*x_4 + -2*x_4 x_5 + 1*x_4 x_6 + -5*x_4 x_7 + -4*x_5 + -5*x_5 x_6 + 3*x_5 x_7 + 4*x_6 + -1*x_6 x_7 + 4*x_7,True,1,0.0025619210799535117,0.4465730687231112,0.7516173913043478,1.0,0.0895,True,True,5.0,4.563099735511674,0.8184543606289506,0.06838260869565214,0.1352,0.0043,False,True,4.563099735511674,0.0025619210799535117
