task_id,constraints_hash,constraint_type,n_x,n_c,qubo_string,families,n_qubits_pc,n_slack_pc,n_struct_pc,n_pen_pc,has_vcg_pc,vcg_missing_pc,sp_total_pc,sp_1q_pc,sp_2q_pc,sp_gates_pc,vcg_sp_gates_pc,layer_total_pc,layer_1q_pc,layer_2q_pc,layer_gates_pc,vcg_layer_gates_pc,n_qubits_p,n_slack_p,sp_total_p,sp_1q_p,sp_2q_p,sp_gates_p,layer_total_p,layer_1q_p,layer_2q_p,layer_gates_p
1,"['3*x_1*x_1 + 1*x_1*x_0 + 3*x_1*x_2 + 4*x_1*x_3 + 5*x_0*x_0 + 4*x_0*x_2 + 2*x_0*x_3 + 2*x_2*x_2 + 4*x_2*x_3 + 4*x_3*x_3 <= 17', 'x_1 + x_4 <= 0']",cardinality+quadratic_knapsack,5,2, -2*x_0 + -3*x_0 x_1 + -2*x_0 x_2 + -3*x_0 x_3 + -1*x_0 x_4 + -5*x_1 + 2*x_1 x_2 + -1*x_1 x_3 + -4*x_1 x_4 + -2*x_2 + -4*x_2 x_3 + -1*x_2 x_4 + -5*x_3 + -5*x_3 x_4,"['cardinality', 'quadratic_knapsack']",10,5,1,1,False,False,5,5,0,{'Hadamard': 5},{},1440,657,783,"{'CNOT': 782, 'RZ': 644, 'X': 4, 'PhaseShift': 1, 'CRZ': 1, 'RX': 8}",{},10,5,5,5,0,{'Hadamard': 5},659,659,784,"{'CNOT': 784, 'RZ': 649, 'RX': 10}"
2,"['x_0 + x_2 <= 0', 'x_1 + x_2 + x_3 == 2', 'x_1 + x_2 <= 1']",cardinality+cardinality+cardinality,4,3, 2*x_0 + -4*x_0 x_1 + 4*x_0 x_2 + -4*x_0 x_3 + 2*x_1 x_2 + 2*x_2,"['cardinality', 'cardinality', 'cardinality']",4,0,1,2,False,False,5,1,4,"{'RY': 1, 'CRY': 1, 'SWAP': 1, 'CNOT': 2}",{},61,36,25,"{'CNOT': 20, 'RZ': 27, 'RY': 2, 'CRY': 2, 'SWAP': 2, 'X': 4, 'PhaseShift': 1, 'CRZ': 1, 'RX': 2}",{},5,1,1,1,0,{'Hadamard': 1},47,47,22,"{'CNOT': 22, 'RZ': 42, 'RX': 5}"
3,"['1*x_4*x_4 + 4*x_4*x_0 + 1*x_4*x_3 + 2*x_4*x_5 + 5*x_0*x_0 + 4*x_0*x_3 + 3*x_0*x_5 + 5*x_3*x_3 + 4*x_3*x_5 + 2*x_5*x_5 <= 18', '5*x_6*x_6 + 3*x_6*x_5 + 5*x_6*x_4 + 4*x_5*x_5 + 5*x_5*x_4 + 3*x_4*x_4 <= 14', 'x_4 + x_2 <= 2']",quadratic_knapsack+cardinality+quadratic_knapsack,7,3, 3*x_0 x_2 + 3*x_0 x_3 + 3*x_0 x_4 + -1*x_0 x_5 + 4*x_0 x_6 + -2*x_1 + -2*x_1 x_3 + 2*x_1 x_4 + -5*x_1 x_5 + 3*x_1 x_6 + 1*x_2 + -3*x_2 x_3 + -5*x_2 x_4 + 2*x_2 x_5 + 1*x_2 x_6 + 4*x_3 + -1*x_3 x_5 + -2*x_3 x_6 + -4*x_4 + 3*x_4 x_5 + -1*x_4 x_6 + -4*x_5 + 2*x_5 x_6 + -1*x_6,"['quadratic_knapsack', 'cardinality', 'quadratic_knapsack']",16,9,1,2,False,False,15,10,5,"{'Hadamard': 9, 'RY': 1, 'CRY': 2, 'SWAP': 1, 'CNOT': 2}",{},1974,919,1055,"{'CNOT': 1048, 'RZ': 898, 'RY': 2, 'CRY': 4, 'SWAP': 2, 'X': 4, 'PhaseShift': 1, 'CRZ': 1, 'RX': 14}",{},18,11,11,11,0,{'Hadamard': 11},942,942,1056,"{'CNOT': 1056, 'RZ': 924, 'RX': 18}"
4,"['1*x_2*x_2 + 2*x_2*x_0 + 1*x_2*x_1 + 1*x_0*x_0 + 5*x_0*x_1 + 1*x_1*x_1 <= 6', 'x_0 + x_2 >= 2']",quadratic_knapsack+cardinality,3,2, -4*x_0 + 3*x_0 x_1 + 2*x_0 x_2 + -4*x_1 + 1*x_1 x_2 + 3*x_2,"['quadratic_knapsack', 'cardinality']",3,0,1,1,True,True,0,0,0,{},{},24,16,8,"{'CNOT': 8, 'RZ': 13, 'RX': 3}",{},6,3,3,3,0,{'Hadamard': 3},223,223,212,"{'CNOT': 212, 'RZ': 217, 'RX': 6}"
5,"['x_1 + x_4 - x_2 - x_0 == 0', 'x_2 + x_3 + x_5 + x_0 >= 3', 'x_5 + x_2 + x_0 + x_3 + x_4 >= 0']",cardinality+cardinality+flow,6,3, 4*x_0 + -1*x_0 x_1 + 3*x_0 x_2 + -1*x_0 x_3 + -4*x_0 x_4 + 1*x_0 x_5 + 3*x_1 + 1*x_1 x_2 + -3*x_1 x_3 + -5*x_1 x_4 + -2*x_1 x_5 + -2*x_2 + -4*x_2 x_3 + -3*x_2 x_4 + 2*x_2 x_5 + -5*x_3 + -2*x_3 x_4 + 4*x_4 + -5*x_5,"['cardinality', 'cardinality', 'flow']",10,4,1,2,False,False,16,5,11,"{'Hadamard': 4, 'RY': 1, 'CRY': 3, 'CNOT': 6, 'SWAP': 2}",{},275,165,110,"{'CNOT': 110, 'RZ': 151, 'RY': 8, 'RX': 6}",{},10,4,4,4,0,{'Hadamard': 4},183,183,114,"{'CNOT': 114, 'RZ': 173, 'RX': 10}"
6,"['5*x_2*x_2 + 3*x_2*x_7 + 4*x_2*x_1 + 5*x_2*x_5 + 1*x_2*x_6 + 1*x_7*x_7 + 4*x_7*x_1 + 2*x_7*x_5 + 3*x_7*x_6 + 4*x_1*x_1 + 5*x_1*x_5 + 1*x_1*x_6 + 1*x_5*x_5 + 5*x_5*x_6 + 2*x_6*x_6 <= 17', '6*x_5 + 7*x_1 + 8*x_6 + 9*x_4 + 5*x_3 <= 14', 'x_6 + x_4 - x_3 == 0']",quadratic_knapsack+flow+knapsack,8,3, -3*x_0 + -3*x_0 x_1 + 2*x_0 x_2 + 2*x_0 x_3 + 3*x_0 x_4 + -5*x_0 x_5 + -5*x_0 x_6 + -5*x_0 x_7 + -4*x_1 + -2*x_1 x_2 + 1*x_1 x_3 + -4*x_1 x_4 + 2*x_1 x_6 + 1*x_1 x_7 + -4*x_2 x_3 + 4*x_2 x_4 + -2*x_2 x_5 + 3*x_2 x_6 + -3*x_2 x_7 + -1*x_3 + -3*x_3 x_4 + -2*x_3 x_5 + -2*x_3 x_6 + -3*x_3 x_7 + -2*x_4 + 1*x_4 x_5 + -5*x_4 x_6 + -1*x_4 x_7 + -4*x_5 + 3*x_5 x_6 + 2*x_5 x_7 + -2*x_6 x_7 + -3*x_7,"['quadratic_knapsack', 'flow', 'knapsack']",17,9,1,2,False,False,15,10,5,"{'Hadamard': 9, 'RY': 1, 'CRY': 1, 'CNOT': 3, 'SWAP': 1}",{},3373,1461,1912,"{'CNOT': 1912, 'RZ': 1441, 'RY': 6, 'RX': 14}",{},17,9,9,9,0,{'Hadamard': 9},1470,1470,1912,"{'CNOT': 1912, 'RZ': 1453, 'RX': 17}"
7,"['2*x_1*x_1 + 5*x_1*x_3 + 4*x_1*x_2 + 4*x_1*x_0 + 3*x_1*x_4 + 4*x_3*x_3 + 4*x_3*x_2 + 1*x_3*x_0 + 2*x_3*x_4 + 3*x_2*x_2 + 1*x_2*x_0 + 4*x_2*x_4 + 3*x_0*x_0 + 4*x_0*x_4 + 3*x_4*x_4 <= 16', 'x_3 + x_4 + x_2 <= 1']",quadratic_knapsack+cardinality,5,2, 3*x_0 + -4*x_0 x_1 + -5*x_0 x_2 + -3*x_0 x_3 + 1*x_0 x_4 + -4*x_1 + 3*x_1 x_2 + -3*x_1 x_3 + -3*x_1 x_4 + -5*x_2 x_3 + 2*x_2 x_4 + -2*x_3 + -3*x_3 x_4,"['quadratic_knapsack', 'cardinality']",10,5,1,1,False,False,13,6,7,"{'Hadamard': 5, 'RY': 1, 'CRY': 2, 'SWAP': 1, 'CNOT': 4}",{},3127,1311,1815,"{'CNOT': 1808, 'RZ': 1295, 'RY': 2, 'CRY': 4, 'SWAP': 2, 'X': 6, 'PhaseShift': 1, 'CRZ': 1, 'C(RZ, num_ctrl_wires=2,num_zero_ctrl=0)': 1, 'RX': 7}",{},11,6,6,6,0,{'Hadamard': 6},1332,1332,1812,"{'CNOT': 1812, 'RZ': 1321, 'RX': 11}"
8,"['2*x_2*x_2 + 5*x_2*x_1 + 2*x_2*x_0 + 2*x_1*x_1 + 1*x_1*x_0 + 1*x_0*x_0 <= 7', '3*x_0*x_0 + 1*x_0*x_1 + 3*x_0*x_2 + 5*x_1*x_1 + 2*x_1*x_2 + 2*x_2*x_2 <= 8']",quadratic_knapsack+quadratic_knapsack,3,2, 2*x_0 + -1*x_0 x_1 + -2*x_0 x_2 + 3*x_1 x_2 + -1*x_2,"['quadratic_knapsack', 'quadratic_knapsack']",7,4,1,1,True,True,4,4,0,{'Hadamard': 4},{},510,258,252,"{'CNOT': 252, 'RZ': 251, 'RX': 7}",{},10,7,7,7,0,{'Hadamard': 7},465,465,456,"{'CNOT': 456, 'RZ': 455, 'RX': 10}"
9,"['3*x_5*x_5 + 1*x_5*x_6 + 3*x_5*x_1 + 5*x_6*x_6 + 2*x_6*x_1 + 2*x_1*x_1 <= 8', 'x_2 + x_4 + x_0 - x_7 - x_1 - x_5 == 0', 'x_4 + x_7 == 0']",cardinality+flow+quadratic_knapsack,8,3, 1*x_0 + -5*x_0 x_1 + -1*x_0 x_2 + 4*x_0 x_3 + -2*x_0 x_4 + 2*x_0 x_5 + -1*x_0 x_6 + 1*x_1 x_2 + -5*x_1 x_3 + -1*x_1 x_4 + 2*x_1 x_5 + 3*x_1 x_6 + -4*x_1 x_7 + -4*x_2 + -5*x_2 x_3 + -5*x_2 x_4 + -3*x_2 x_5 + 3*x_2 x_7 + -5*x_3 + -2*x_3 x_4 + -1*x_3 x_5 + -2*x_3 x_6 + -4*x_3 x_7 + -2*x_4 + 3*x_4 x_5 + -4*x_4 x_6 + 4*x_4 x_7 + -5*x_5 + -3*x_5 x_7 + -5*x_6 + -1*x_6 x_7,"['cardinality', 'flow', 'quadratic_knapsack']",8,0,2,1,True,True,0,0,0,{},{},178,94,84,"{'CNOT': 84, 'RZ': 84, 'RY': 4, 'RX': 6}",{},12,4,4,4,0,{'Hadamard': 4},346,346,328,"{'CNOT': 328, 'RZ': 334, 'RX': 12}"
10,"['3*x_1*x_1 + 1*x_1*x_3 + 5*x_1*x_5 + 2*x_1*x_4 + 5*x_1*x_2 + 2*x_3*x_3 + 5*x_3*x_5 + 5*x_3*x_4 + 5*x_3*x_2 + 2*x_5*x_5 + 3*x_5*x_4 + 3*x_5*x_2 + 4*x_4*x_4 + 1*x_4*x_2 + 5*x_2*x_2 <= 18', 'x_1 + x_4 >= 2', 'x_5*x_1 == 0']",quadratic_knapsack+cardinality+independent_set,6,3, -2*x_0 + -4*x_0 x_1 + 2*x_0 x_2 + 2*x_0 x_3 + 3*x_0 x_4 + -5*x_0 x_5 + -1*x_1 + 1*x_1 x_3 + -2*x_1 x_4 + -5*x_2 x_3 + 4*x_2 x_4 + 3*x_2 x_5 + 3*x_3 + -3*x_3 x_4 + 2*x_3 x_5 + -1*x_4 + 2*x_4 x_5 + 3*x_5,"['quadratic_knapsack', 'cardinality', 'independent_set']",11,5,1,2,False,False,10,6,4,"{'Hadamard': 5, 'RY': 1, 'CRY': 1, 'SWAP': 1, 'CNOT': 2}",{},3139,1322,1817,"{'CNOT': 1812, 'RZ': 1306, 'RY': 2, 'CRY': 2, 'SWAP': 2, 'X': 4, 'PhaseShift': 1, 'CRZ': 1, 'RX': 9}",{},11,5,5,5,0,{'Hadamard': 5},1320,1320,1810,"{'CNOT': 1810, 'RZ': 1309, 'RX': 11}"
11,"['1*x_3 + 6*x_0 + 9*x_2 + 8*x_6 + 9*x_1 <= 18', '1*x_7*x_7 + 5*x_7*x_0 + 3*x_7*x_1 + 4*x_0*x_0 + 2*x_0*x_1 + 4*x_1*x_1 <= 7', 'x_3 + x_0 + x_6 + x_5 + x_1 <= 5']",quadratic_knapsack+knapsack+cardinality,8,3, -3*x_0 + -3*x_0 x_1 + 2*x_0 x_2 + 2*x_0 x_3 + 3*x_0 x_4 + -5*x_0 x_5 + -5*x_0 x_6 + -5*x_0 x_7 + -4*x_1 + -2*x_1 x_2 + 1*x_1 x_3 + -4*x_1 x_4 + 2*x_1 x_6 + 1*x_1 x_7 + -4*x_2 x_3 + 4*x_2 x_4 + -2*x_2 x_5 + 3*x_2 x_6 + -3*x_2 x_7 + -1*x_3 + -3*x_3 x_4 + -2*x_3 x_5 + -2*x_3 x_6 + -3*x_3 x_7 + -2*x_4 + 1*x_4 x_5 + -5*x_4 x_6 + -1*x_4 x_7 + -4*x_5 + 3*x_5 x_6 + 2*x_5 x_7 + -2*x_6 x_7 + -3*x_7,"['quadratic_knapsack', 'knapsack', 'cardinality']",16,8,1,2,False,False,45,9,30,"{'Hadamard': 8, 'RY': 1, 'CRY': 8, 'SWAP': 2, 'CNOT': 20, 'C(RY, num_ctrl_wires=2,num_zero_ctrl=0)': 6}",{},842,418,409,"{'CNOT': 388, 'RZ': 394, 'RY': 2, 'CRY': 16, 'SWAP': 4, 'C(RY, num_ctrl_wires=2,num_zero_ctrl=0)': 12, 'X': 10, 'PhaseShift': 1, 'CRZ': 1, 'C(RZ, num_ctrl_wires=2,num_zero_ctrl=0)': 1, 'C(RZ, num_ctrl_wires=3,num_zero_ctrl=0)': 1, 'C(RZ, num_ctrl_wires=4,num_zero_ctrl=0)': 1, 'RX': 11}",{},19,11,11,11,0,{'Hadamard': 11},513,513,404,"{'CNOT': 404, 'RZ': 494, 'RX': 19}"
12,"['2*x_4*x_4 + 5*x_4*x_1 + 4*x_4*x_3 + 4*x_4*x_2 + 3*x_4*x_0 + 4*x_1*x_1 + 4*x_1*x_3 + 1*x_1*x_2 + 2*x_1*x_0 + 3*x_3*x_3 + 1*x_3*x_2 + 4*x_3*x_0 + 3*x_2*x_2 + 4*x_2*x_0 + 3*x_0*x_0 <= 16', 'x_4 + x_1 + x_2 + x_3 + x_0 <= 0']",quadratic_knapsack+cardinality,5,2, 3*x_0 + 1*x_0 x_2 + 3*x_0 x_4 + -5*x_1 + -3*x_1 x_2 + 3*x_2 + 3*x_2 x_3 + -5*x_2 x_4 + -4*x_3 + 2*x_3 x_4 + -3*x_4,"['quadratic_knapsack', 'cardinality']",10,5,1,1,False,False,5,5,0,{'Hadamard': 5},{},3103,1307,1793,"{'CNOT': 1792, 'RZ': 1291, 'X': 10, 'PhaseShift': 1, 'CRZ': 1, 'C(RZ, num_ctrl_wires=2,num_zero_ctrl=0)': 1, 'C(RZ, num_ctrl_wires=3,num_zero_ctrl=0)': 1, 'C(RZ, num_ctrl_wires=4,num_zero_ctrl=0)': 1, 'RX': 5}",{},10,5,5,5,0,{'Hadamard': 5},1336,1336,1812,"{'CNOT': 1812, 'RZ': 1326, 'RX': 10}"
13,"['5*x_1*x_1 + 3*x_1*x_3 + 5*x_1*x_5 + 4*x_3*x_3 + 5*x_3*x_5 + 3*x_5*x_5 <= 14', 'x_0 + x_1 + x_4 + x_5 + x_3 >= 3']",cardinality+quadratic_knapsack,6,2, -2*x_0 + -4*x_0 x_1 + 2*x_0 x_2 + 2*x_0 x_3 + 3*x_0 x_4 + -5*x_0 x_5 + -1*x_1 + 1*x_1 x_3 + -2*x_1 x_4 + -5*x_2 x_3 + 4*x_2 x_4 + 3*x_2 x_5 + 3*x_3 + -3*x_3 x_4 + 2*x_3 x_5 + -1*x_4 + 2*x_4 x_5 + 3*x_5,"['cardinality', 'quadratic_knapsack']",10,4,1,1,True,True,4,4,0,{'Hadamard': 4},{},546,274,272,"{'CNOT': 272, 'RZ': 264, 'RX': 10}",{},12,6,6,6,0,{'Hadamard': 6},353,353,314,"{'CNOT': 314, 'RZ': 341, 'RX': 12}"
14,"['4*x_0*x_0 + 1*x_0*x_1 + 2*x_0*x_4 + 4*x_0*x_3 + 1*x_0*x_2 + 2*x_1*x_1 + 3*x_1*x_4 + 1*x_1*x_3 + 1*x_1*x_2 + 3*x_4*x_4 + 3*x_4*x_3 + 4*x_4*x_2 + 1*x_3*x_3 + 3*x_3*x_2 + 2*x_2*x_2 <= 11', 'x_3 + x_0 + x_4 + x_2 >= 0', 'x_3 + x_1 - x_4 - x_0 == 0']",cardinality+quadratic_knapsack+flow,5,3, -3*x_0 + -1*x_0 x_2 + -5*x_0 x_3 + 2*x_0 x_4 + 1*x_1 + -4*x_1 x_2 + -3*x_1 x_3 + -3*x_1 x_4 + -2*x_2 + -2*x_2 x_3 + 1*x_2 x_4 + 1*x_3 + -2*x_3 x_4 + -2*x_4,"['cardinality', 'quadratic_knapsack', 'flow']",12,7,1,2,False,False,19,8,11,"{'Hadamard': 7, 'RY': 1, 'CRY': 3, 'CNOT': 6, 'SWAP': 2}",{},3011,1281,1730,"{'CNOT': 1730, 'RZ': 1265, 'RY': 8, 'RX': 8}",{},12,7,7,7,0,{'Hadamard': 7},1299,1299,1734,"{'CNOT': 1734, 'RZ': 1287, 'RX': 12}"
15,"['x_0 + x_4 + x_5 + x_6 >= 2', 'x_4 + x_3 == 0', 'x_7 + x_1 + x_6 + x_2 + x_5 >= 1']",cardinality+cardinality+cardinality,8,3, 2*x_0 + 3*x_0 x_1 + -2*x_0 x_3 + -1*x_0 x_4 + 3*x_0 x_5 + 4*x_0 x_6 + -5*x_0 x_7 + 4*x_1 + 2*x_1 x_2 + -4*x_1 x_3 + -2*x_1 x_4 + -4*x_1 x_5 + -3*x_1 x_6 + -2*x_1 x_7 + -4*x_2 x_3 + 2*x_2 x_4 + 3*x_2 x_5 + 1*x_2 x_6 + -4*x_2 x_7 + 1*x_3 + -1*x_3 x_4 + 3*x_3 x_5 + -1*x_3 x_6 + -5*x_4 + -4*x_4 x_5 + -5*x_4 x_6 + -3*x_4 x_7 + 3*x_5 + 4*x_5 x_6 + -3*x_5 x_7 + -3*x_7,"['cardinality', 'cardinality', 'cardinality']",10,2,2,1,True,True,2,2,0,{'Hadamard': 2},{},184,100,84,"{'CNOT': 84, 'RZ': 88, 'RY': 4, 'RX': 8}",{},13,5,5,5,0,{'Hadamard': 5},206,206,138,"{'CNOT': 138, 'RZ': 193, 'RX': 13}"
16,"['5*x_2 + 10*x_0 + 1*x_4 + 9*x_6 + 6*x_1 <= 19', 'x_1 + x_6 >= 0', 'x_2 + x_0 >= 1']",cardinality+cardinality+knapsack,8,3, 4*x_0 + 4*x_0 x_1 + -3*x_0 x_2 + -3*x_0 x_3 + -1*x_0 x_4 + 2*x_0 x_5 + 1*x_0 x_6 + -2*x_0 x_7 + -4*x_1 + -4*x_1 x_2 + 4*x_1 x_3 + 4*x_1 x_4 + -2*x_1 x_5 + 3*x_1 x_6 + -5*x_1 x_7 + -3*x_2 + 4*x_2 x_3 + -1*x_2 x_4 + 4*x_2 x_5 + -1*x_2 x_7 + -2*x_3 + 3*x_3 x_4 + 4*x_3 x_5 + 4*x_3 x_6 + -1*x_4 + 4*x_4 x_5 + -1*x_4 x_6 + 4*x_4 x_7 + -3*x_5 + 4*x_5 x_6 + 3*x_5 x_7 + -5*x_6 + 4*x_6 x_7 + 4*x_7,"['cardinality', 'cardinality', 'knapsack']",13,5,2,1,True,True,5,5,0,{'Hadamard': 5},{},344,202,142,"{'CNOT': 142, 'RZ': 189, 'RX': 13}",{},16,8,8,8,0,{'Hadamard': 8},242,242,160,"{'CNOT': 160, 'RZ': 226, 'RX': 16}"
17,"['5*x_0*x_0 + 3*x_0*x_3 + 4*x_0*x_2 + 5*x_0*x_1 + 1*x_0*x_5 + 1*x_3*x_3 + 4*x_3*x_2 + 2*x_3*x_1 + 3*x_3*x_5 + 4*x_2*x_2 + 5*x_2*x_1 + 1*x_2*x_5 + 1*x_1*x_1 + 5*x_1*x_5 + 2*x_5*x_5 <= 17', 'x_4 + x_5 + x_0 - x_2 == 0']",flow+quadratic_knapsack,6,2, -4*x_0 + 2*x_0 x_1 + -4*x_0 x_2 + 1*x_0 x_3 + -4*x_0 x_4 + 1*x_1 + 4*x_1 x_2 + -3*x_1 x_3 + -1*x_1 x_5 + 2*x_2 + 4*x_2 x_3 + -1*x_2 x_4 + 3*x_3 + 4*x_3 x_4 + -4*x_3 x_5 + -1*x_4 + 3*x_4 x_5 + -1*x_5,"['flow', 'quadratic_knapsack']",11,5,1,1,False,False,14,6,8,"{'Hadamard': 5, 'RY': 1, 'CRY': 2, 'CNOT': 5, 'SWAP': 1}",{},3124,1312,1812,"{'CNOT': 1812, 'RZ': 1297, 'RY': 8, 'RX': 7}",{},11,5,5,5,0,{'Hadamard': 5},1330,1330,1816,"{'CNOT': 1816, 'RZ': 1319, 'RX': 11}"
18,"['x_0 + x_5 + x_3 + x_2 + x_4 >= 2', 'x_5 + x_2 + x_3 + x_1 >= 2']",cardinality+cardinality,6,2, 2*x_0 + -5*x_0 x_1 + 2*x_0 x_2 + -4*x_0 x_3 + -2*x_0 x_4 + 4*x_0 x_5 + -4*x_1 + -5*x_1 x_2 + -5*x_1 x_3 + -5*x_1 x_4 + -5*x_1 x_5 + 1*x_2 + 4*x_2 x_3 + -1*x_2 x_4 + -1*x_2 x_5 + -5*x_3 + -5*x_3 x_5 + -1*x_4 + 1*x_4 x_5 + -1*x_5,"['cardinality', 'cardinality']",8,2,1,1,True,True,2,2,0,{'Hadamard': 2},{},175,105,70,"{'CNOT': 70, 'RZ': 97, 'RX': 8}",{},10,4,4,4,0,{'Hadamard': 4},164,164,100,"{'CNOT': 100, 'RZ': 154, 'RX': 10}"
19,"['9*x_2 + 9*x_0 + 4*x_3 + 1*x_1 <= 9', 'x_2 + x_1 + x_3 + x_4 >= 2']",knapsack+cardinality,5,2, -2*x_0 + -3*x_0 x_1 + -2*x_0 x_2 + -3*x_0 x_3 + -1*x_0 x_4 + -5*x_1 + 2*x_1 x_2 + -1*x_1 x_3 + -4*x_1 x_4 + -2*x_2 + -4*x_2 x_3 + -1*x_2 x_4 + -5*x_3 + -5*x_3 x_4,"['knapsack', 'cardinality']",7,2,1,1,True,True,2,2,0,{'Hadamard': 2},{},129,79,50,"{'CNOT': 50, 'RZ': 72, 'RX': 7}",{},11,6,6,6,0,{'Hadamard': 6},183,183,106,"{'CNOT': 106, 'RZ': 172, 'RX': 11}"
20,"['1*x_2*x_2 + 5*x_2*x_5 + 3*x_2*x_0 + 4*x_5*x_5 + 2*x_5*x_0 + 4*x_0*x_0 <= 7', '3*x_1*x_1 + 1*x_1*x_2 + 5*x_1*x_0 + 2*x_1*x_4 + 5*x_1*x_5 + 2*x_2*x_2 + 5*x_2*x_0 + 5*x_2*x_4 + 5*x_2*x_5 + 2*x_0*x_0 + 3*x_0*x_4 + 3*x_0*x_5 + 4*x_4*x_4 + 1*x_4*x_5 + 5*x_5*x_5 <= 18']",quadratic_knapsack+quadratic_knapsack,7,2, 3*x_0 + 4*x_0 x_1 + 1*x_0 x_2 + -5*x_0 x_3 + -5*x_0 x_4 + -4*x_1 + -4*x_1 x_2 + -3*x_1 x_3 + -4*x_1 x_4 + 1*x_1 x_6 + 3*x_2 + 3*x_2 x_3 + 1*x_2 x_4 + -1*x_2 x_5 + -4*x_3 + 2*x_3 x_4 + 1*x_3 x_5 + -5*x_3 x_6 + -5*x_4 + -3*x_4 x_5 + 4*x_4 x_6 + -4*x_5 + -3*x_5 x_6 + 4*x_6,"['quadratic_knapsack', 'quadratic_knapsack']",12,5,1,1,True,True,5,5,0,{'Hadamard': 5},{},3130,1316,1814,"{'CNOT': 1814, 'RZ': 1304, 'RX': 12}",{},15,8,8,8,0,{'Hadamard': 8},1523,1523,2018,"{'CNOT': 2018, 'RZ': 1508, 'RX': 15}"
21,"['1*x_0 + 10*x_5 + 3*x_2 + 5*x_4 + 1*x_1 <= 12', '6*x_1 + 2*x_3 + 2*x_4 <= 3']",knapsack+knapsack,6,2, 4*x_0 + 4*x_0 x_1 + -3*x_0 x_2 + -2*x_0 x_3 + -5*x_0 x_4 + 4*x_0 x_5 + -2*x_1 + -5*x_1 x_2 + -2*x_1 x_3 + 3*x_1 x_4 + -5*x_1 x_5 + -1*x_2 + -3*x_2 x_3 + -5*x_2 x_4 + 2*x_2 x_5 + 2*x_3 + 3*x_3 x_4 + -1*x_3 x_5 + -4*x_4 + -2*x_4 x_5 + -2*x_5,"['knapsack', 'knapsack']",8,2,1,1,True,True,2,2,0,{'Hadamard': 2},{},119,69,50,"{'CNOT': 50, 'RZ': 61, 'RX': 8}",{},12,6,6,6,0,{'Hadamard': 6},199,199,122,"{'CNOT': 122, 'RZ': 187, 'RX': 12}"
22,"['x_1 + x_0 + x_4 <= 1', 'x_4 + x_1 + x_3 == 0']",cardinality+cardinality,5,2, -3*x_0 + -1*x_0 x_2 + -5*x_0 x_3 + 2*x_0 x_4 + 1*x_1 + -4*x_1 x_2 + -3*x_1 x_3 + -3*x_1 x_4 + -2*x_2 + -2*x_2 x_3 + 1*x_2 x_4 + 1*x_3 + -2*x_3 x_4 + -2*x_4,"['cardinality', 'cardinality']",5,0,1,1,False,False,8,1,7,"{'RY': 1, 'CRY': 2, 'SWAP': 1, 'CNOT': 4}",{},77,37,39,"{'CNOT': 32, 'RZ': 26, 'RY': 2, 'CRY': 4, 'SWAP': 2, 'X': 6, 'PhaseShift': 1, 'CRZ': 1, 'C(RZ, num_ctrl_wires=2,num_zero_ctrl=0)': 1, 'RX': 2}",{},6,1,1,1,0,{'Hadamard': 1},58,58,36,"{'CNOT': 36, 'RZ': 52, 'RX': 6}"
23,"['x_2 + x_1 + x_4 + x_0 + x_3 == 3', 'x_2 + x_3 + x_4 + x_0 + x_1 <= 4']",cardinality+cardinality,5,2, -3*x_0 + -1*x_0 x_2 + -5*x_0 x_3 + 2*x_0 x_4 + 1*x_1 + -4*x_1 x_2 + -3*x_1 x_3 + -3*x_1 x_4 + -2*x_2 + -2*x_2 x_3 + 1*x_2 x_4 + 1*x_3 + -2*x_3 x_4 + -2*x_4,"['cardinality', 'cardinality']",8,3,1,1,False,False,34,6,22,"{'Hadamard': 3, 'X': 3, 'CNOT': 14, 'CRY': 6, 'C(RY, num_ctrl_wires=2,num_zero_ctrl=0)': 3, 'CSWAP': 3, 'SWAP': 2}",{},211,127,84,"{'CNOT': 84, 'RZ': 114, 'RY': 10, 'RX': 3}",{},8,3,3,3,0,{'Hadamard': 3},162,162,94,"{'CNOT': 94, 'RZ': 154, 'RX': 8}"
24,"['2*x_2*x_2 + 5*x_2*x_5 + 4*x_2*x_4 + 4*x_2*x_3 + 3*x_2*x_6 + 4*x_5*x_5 + 4*x_5*x_4 + 1*x_5*x_3 + 2*x_5*x_6 + 3*x_4*x_4 + 1*x_4*x_3 + 4*x_4*x_6 + 3*x_3*x_3 + 4*x_3*x_6 + 3*x_6*x_6 <= 16', 'x_2 + x_0 == 1', 'x_6 + x_4 >= 2']",quadratic_knapsack+cardinality+assignment,7,3, -4*x_0 + -1*x_0 x_1 + 4*x_0 x_2 + 2*x_0 x_3 + -5*x_0 x_4 + 2*x_0 x_5 + -5*x_0 x_6 + 3*x_1 + 3*x_1 x_2 + 4*x_1 x_4 + 3*x_1 x_5 + -2*x_1 x_6 + -5*x_2 + 2*x_2 x_3 + -5*x_2 x_4 + 1*x_2 x_5 + 3*x_2 x_6 + -5*x_3 + -4*x_3 x_4 + 4*x_3 x_5 + 1*x_3 x_6 + -4*x_4 + -5*x_4 x_5 + -5*x_4 x_6 + -3*x_5 x_6 + 3*x_6,"['quadratic_knapsack', 'cardinality', 'assignment']",12,5,2,1,False,False,10,8,2,"{'Hadamard': 5, 'X': 3, 'CNOT': 1, 'CRY': 1}",{},3143,1319,1824,"{'CNOT': 1824, 'RZ': 1307, 'RY': 4, 'RX': 8}",{},12,5,5,5,0,{'Hadamard': 5},1333,1333,1824,"{'CNOT': 1824, 'RZ': 1321, 'RX': 12}"
25,"['5*x_2 + 10*x_5 + 1*x_6 + 9*x_3 + 6*x_4 <= 19', 'x_0 + x_6 + x_4 + x_3 == 1', 'x_4 + x_0 == 1']",cardinality+knapsack+assignment,7,3, -4*x_0 + 4*x_0 x_1 + -2*x_0 x_2 + -2*x_0 x_3 + 4*x_0 x_4 + -5*x_0 x_5 + -1*x_0 x_6 + -3*x_1 x_2 + 4*x_1 x_3 + 2*x_1 x_4 + 1*x_1 x_5 + -5*x_1 x_6 + -5*x_2 + -4*x_2 x_3 + 1*x_2 x_4 + -3*x_2 x_5 + 2*x_2 x_6 + -3*x_3 + 3*x_3 x_4 + 4*x_4 + -2*x_4 x_5 + 1*x_4 x_6 + -4*x_5 + -4*x_5 x_6 + -5*x_6,"['cardinality', 'knapsack', 'assignment']",12,5,1,2,False,False,12,6,6,"{'Hadamard': 5, 'X': 1, 'CNOT': 3, 'CRY': 3}",{},342,204,138,"{'CNOT': 138, 'RZ': 188, 'RY': 8, 'RX': 8}",{},12,5,5,5,0,{'Hadamard': 5},226,226,142,"{'CNOT': 142, 'RZ': 214, 'RX': 12}"
26,"['x_0 + x_1 + x_3 + x_2 >= 1', 'x_0 + x_2 <= 2']",cardinality+cardinality,5,2, -2*x_0 + -3*x_0 x_1 + -2*x_0 x_2 + -3*x_0 x_3 + -1*x_0 x_4 + -5*x_1 + 2*x_1 x_2 + -1*x_1 x_3 + -4*x_1 x_4 + -2*x_2 + -4*x_2 x_3 + -1*x_2 x_4 + -5*x_3 + -5*x_3 x_4,"['cardinality', 'cardinality']",7,2,1,1,False,False,8,3,5,"{'Hadamard': 2, 'RY': 1, 'CRY': 2, 'SWAP': 1, 'CNOT': 2}",{},145,84,61,"{'CNOT': 54, 'RZ': 72, 'RY': 2, 'CRY': 4, 'SWAP': 2, 'X': 4, 'PhaseShift': 1, 'CRZ': 1, 'RX': 5}",{},9,4,4,4,0,{'Hadamard': 4},107,107,62,"{'CNOT': 62, 'RZ': 98, 'RX': 9}"
27,"['1*x_4*x_4 + 5*x_4*x_2 + 4*x_4*x_3 + 2*x_2*x_2 + 2*x_2*x_3 + 2*x_3*x_3 <= 8', '2*x_2*x_2 + 4*x_2*x_3 + 4*x_2*x_6 + 4*x_2*x_1 + 5*x_2*x_0 + 1*x_3*x_3 + 2*x_3*x_6 + 2*x_3*x_1 + 5*x_3*x_0 + 1*x_6*x_6 + 3*x_6*x_1 + 1*x_6*x_0 + 5*x_1*x_1 + 4*x_1*x_0 + 1*x_0*x_0 <= 28', 'x_3 + x_5 + x_6 <= 2']",quadratic_knapsack+quadratic_knapsack+cardinality,7,3, 4*x_0 + 2*x_0 x_1 + -5*x_0 x_3 + 2*x_0 x_4 + -3*x_0 x_5 + 1*x_0 x_6 + -3*x_1 + -4*x_1 x_2 + -1*x_1 x_3 + 1*x_1 x_4 + 3*x_1 x_5 + 2*x_1 x_6 + 4*x_2 x_3 + -1*x_2 x_4 + -3*x_2 x_5 + 4*x_2 x_6 + 2*x_3 + -2*x_3 x_4 + 4*x_3 x_5 + -2*x_3 x_6 + 3*x_4 + -1*x_4 x_6 + 2*x_5 + -2*x_5 x_6 + -1*x_6,"['quadratic_knapsack', 'quadratic_knapsack', 'cardinality']",16,9,1,2,False,False,21,10,10,"{'Hadamard': 9, 'RY': 1, 'CRY': 3, 'SWAP': 1, 'CNOT': 6, 'C(RY, num_ctrl_wires=2,num_zero_ctrl=0)': 1}",{},3659,1571,2085,"{'CNOT': 2076, 'RZ': 1549, 'RY': 2, 'CRY': 6, 'SWAP': 2, 'C(RY, num_ctrl_wires=2,num_zero_ctrl=0)': 2, 'X': 6, 'PhaseShift': 1, 'CRZ': 1, 'C(RZ, num_ctrl_wires=2,num_zero_ctrl=0)': 1, 'RX': 13}",{},18,11,11,11,0,{'Hadamard': 11},1607,1607,2084,"{'CNOT': 2084, 'RZ': 1589, 'RX': 18}"
28,"['5*x_4*x_4 + 2*x_4*x_3 + 2*x_4*x_2 + 3*x_4*x_0 + 1*x_4*x_1 + 1*x_3*x_3 + 4*x_3*x_2 + 4*x_3*x_0 + 3*x_3*x_1 + 1*x_2*x_2 + 3*x_2*x_0 + 1*x_2*x_1 + 5*x_0*x_0 + 1*x_0*x_1 + 5*x_1*x_1 <= 23', '8*x_3 + 10*x_4 + 1*x_1 + 2*x_0 <= 12', 'x_2 + x_4 + x_0 + x_1 + x_3 >= 3']",cardinality+knapsack+quadratic_knapsack,5,3, 3*x_0 + -4*x_0 x_1 + -5*x_0 x_2 + -3*x_0 x_3 + 1*x_0 x_4 + -4*x_1 + 3*x_1 x_2 + -3*x_1 x_3 + -3*x_1 x_4 + -5*x_2 x_3 + 2*x_2 x_4 + -2*x_3 + -3*x_3 x_4,"['cardinality', 'knapsack', 'quadratic_knapsack']",14,9,1,2,True,True,9,9,0,{'Hadamard': 9},{},3265,1409,1856,"{'CNOT': 1856, 'RZ': 1395, 'RX': 14}",{},16,11,11,11,0,{'Hadamard': 11},1488,1488,1898,"{'CNOT': 1898, 'RZ': 1472, 'RX': 16}"
29,"['3*x_1*x_1 + 1*x_1*x_5 + 5*x_1*x_0 + 2*x_1*x_3 + 5*x_1*x_2 + 2*x_5*x_5 + 5*x_5*x_0 + 5*x_5*x_3 + 5*x_5*x_2 + 2*x_0*x_0 + 3*x_0*x_3 + 3*x_0*x_2 + 4*x_3*x_3 + 1*x_3*x_2 + 5*x_2*x_2 <= 18', 'x_3 + x_4 + x_0 - x_1 - x_2 == 0', 'x_5 + x_2 + x_1 == 2']",cardinality+quadratic_knapsack+flow,6,3, 1*x_0 x_1 + -3*x_0 x_3 + -3*x_0 x_4 + 4*x_0 x_5 + 4*x_1 + 3*x_1 x_5 + 1*x_2 + 3*x_2 x_3 + -4*x_2 x_4 + 1*x_2 x_5 + -1*x_3 + 2*x_3 x_4 + 1*x_3 x_5 + -4*x_4 + -5*x_5,"['cardinality', 'quadratic_knapsack', 'flow']",11,5,1,2,False,False,17,7,9,"{'Hadamard': 5, 'X': 2, 'CNOT': 5, 'CRY': 3, 'CSWAP': 1, 'SWAP': 1}",{},3171,1345,1826,"{'CNOT': 1826, 'RZ': 1331, 'RY': 6, 'RX': 8}",{},11,5,5,5,0,{'Hadamard': 5},1357,1357,1826,"{'CNOT': 1826, 'RZ': 1346, 'RX': 11}"
30,"['3*x_3*x_3 + 1*x_3*x_1 + 3*x_3*x_0 + 1*x_1*x_1 + 4*x_1*x_0 + 3*x_0*x_0 <= 5', '5*x_1*x_1 + 1*x_1*x_2 + 2*x_1*x_0 + 5*x_2*x_2 + 1*x_2*x_0 + 3*x_0*x_0 <= 6']",quadratic_knapsack+quadratic_knapsack,4,2, 1*x_0 + -4*x_0 x_1 + 3*x_0 x_2 + 1*x_0 x_3 + -3*x_1 x_2 + -5*x_1 x_3 + -3*x_2 + -5*x_2 x_3 + -3*x_3,"['quadratic_knapsack', 'quadratic_knapsack']",7,3,1,1,True,True,3,3,0,{'Hadamard': 3},{},437,221,216,"{'CNOT': 216, 'RZ': 214, 'RX': 7}",{},10,6,6,6,0,{'Hadamard': 6},428,428,420,"{'CNOT': 420, 'RZ': 418, 'RX': 10}"
31,"['1*x_5*x_5 + 5*x_5*x_6 + 2*x_5*x_3 + 2*x_5*x_4 + 3*x_6*x_6 + 2*x_6*x_3 + 3*x_6*x_4 + 2*x_3*x_3 + 4*x_3*x_4 + 5*x_4*x_4 <= 13', 'x_1 + x_3 + x_7 + x_6 == 1', 'x_7 + x_0 + x_4 + x_1 <= 2']",cardinality+cardinality+quadratic_knapsack,8,3, 1*x_0 + -5*x_0 x_1 + -1*x_0 x_2 + 4*x_0 x_3 + -2*x_0 x_4 + 2*x_0 x_5 + -1*x_0 x_6 + 1*x_1 x_2 + -5*x_1 x_3 + -1*x_1 x_4 + 2*x_1 x_5 + 3*x_1 x_6 + -4*x_1 x_7 + -4*x_2 + -5*x_2 x_3 + -5*x_2 x_4 + -3*x_2 x_5 + 3*x_2 x_7 + -5*x_3 + -2*x_3 x_4 + -1*x_3 x_5 + -2*x_3 x_6 + -4*x_3 x_7 + -2*x_4 + 3*x_4 x_5 + -4*x_4 x_6 + 4*x_4 x_7 + -5*x_5 + -3*x_5 x_7 + -5*x_6 + -1*x_6 x_7,"['cardinality', 'cardinality', 'quadratic_knapsack']",12,4,1,2,False,False,23,5,16,"{'Hadamard': 4, 'RY': 1, 'CRY': 4, 'SWAP': 2, 'CNOT': 10, 'C(RY, num_ctrl_wires=2,num_zero_ctrl=0)': 2}",{},1426,639,781,"{'CNOT': 768, 'RZ': 620, 'RY': 2, 'CRY': 8, 'SWAP': 4, 'C(RY, num_ctrl_wires=2,num_zero_ctrl=0)': 4, 'X': 8, 'PhaseShift': 1, 'CRZ': 1, 'C(RZ, num_ctrl_wires=2,num_zero_ctrl=0)': 1, 'C(RZ, num_ctrl_wires=3,num_zero_ctrl=0)': 1, 'RX': 8}",{},14,6,6,6,0,{'Hadamard': 6},691,691,778,"{'CNOT': 778, 'RZ': 677, 'RX': 14}"
32,"['5*x_2*x_2 + 2*x_2*x_5 + 2*x_2*x_3 + 3*x_2*x_6 + 1*x_2*x_7 + 1*x_5*x_5 + 4*x_5*x_3 + 4*x_5*x_6 + 3*x_5*x_7 + 1*x_3*x_3 + 3*x_3*x_6 + 1*x_3*x_7 + 5*x_6*x_6 + 1*x_6*x_7 + 5*x_7*x_7 <= 23', '8*x_7 + 10*x_5 + 1*x_1 + 2*x_2 <= 12', 'x_3 - x_6 - x_5 - x_2 == 0']",quadratic_knapsack+flow+knapsack,8,3, -5*x_0 + 4*x_0 x_1 + 3*x_0 x_3 + -3*x_0 x_4 + 4*x_0 x_5 + 3*x_0 x_6 + 2*x_0 x_7 + -1*x_1 + 2*x_1 x_2 + -5*x_1 x_3 + 1*x_1 x_4 + 2*x_1 x_5 + 2*x_1 x_6 + -4*x_1 x_7 + 4*x_2 + -1*x_2 x_3 + -3*x_2 x_4 + 3*x_2 x_5 + 2*x_2 x_6 + -3*x_3 x_4 + 1*x_3 x_5 + -4*x_3 x_6 + -2*x_3 x_7 + -3*x_4 + 1*x_4 x_6 + -3*x_4 x_7 + -3*x_5 + 2*x_5 x_6 + 1*x_5 x_7 + 3*x_6 + 4*x_6 x_7 + 4*x_7,"['quadratic_knapsack', 'flow', 'knapsack']",17,9,1,2,False,False,18,10,8,"{'Hadamard': 9, 'RY': 1, 'CRY': 2, 'CNOT': 5, 'SWAP': 1}",{},3327,1433,1894,"{'CNOT': 1894, 'RZ': 1412, 'RY': 8, 'RX': 13}",{},17,9,9,9,0,{'Hadamard': 9},1451,1451,1898,"{'CNOT': 1898, 'RZ': 1434, 'RX': 17}"
33,"['3*x_2*x_2 + 1*x_2*x_4 + 3*x_2*x_1 + 1*x_4*x_4 + 4*x_4*x_1 + 3*x_1*x_1 <= 5', 'x_4 + x_0 + x_3 + x_2 + x_1 == 0']",quadratic_knapsack+cardinality,5,2, -3*x_0 + 1*x_0 x_1 + 2*x_0 x_2 + 1*x_0 x_3 + 2*x_0 x_4 + 3*x_1 + 3*x_1 x_2 + 2*x_1 x_3 + 1*x_1 x_4 + -2*x_2 + -1*x_2 x_3 + -1*x_2 x_4 + 2*x_3 + -3*x_3 x_4 + -2*x_4,"['quadratic_knapsack', 'cardinality']",8,3,1,1,False,False,3,3,0,{'Hadamard': 3},{},465,231,234,"{'CNOT': 234, 'RZ': 218, 'RY': 10, 'RX': 3}",{},8,3,3,3,0,{'Hadamard': 3},261,261,244,"{'CNOT': 244, 'RZ': 253, 'RX': 8}"
34,"['1*x_3*x_3 + 2*x_3*x_1 + 1*x_3*x_2 + 1*x_1*x_1 + 5*x_1*x_2 + 1*x_2*x_2 <= 6', 'x_3 + x_1 + x_0 + x_2 <= 1']",quadratic_knapsack+cardinality,4,2, -4*x_0 + 4*x_0 x_1 + 1*x_0 x_2 + -5*x_0 x_3 + 1*x_1 + 1*x_1 x_2 + 4*x_1 x_3 + 3*x_2 + -1*x_2 x_3 + -4*x_3,"['quadratic_knapsack', 'cardinality']",7,3,1,1,False,False,15,4,11,"{'Hadamard': 3, 'RY': 1, 'CRY': 3, 'SWAP': 2, 'CNOT': 6}",{},469,228,239,"{'CNOT': 228, 'RZ': 214, 'RY': 2, 'CRY': 6, 'SWAP': 4, 'X': 8, 'PhaseShift': 1, 'CRZ': 1, 'C(RZ, num_ctrl_wires=2,num_zero_ctrl=0)': 1, 'C(RZ, num_ctrl_wires=3,num_zero_ctrl=0)': 1, 'RX': 3}",{},8,4,4,4,0,{'Hadamard': 4},262,262,236,"{'CNOT': 236, 'RZ': 254, 'RX': 8}"
35,"['5*x_0*x_0 + 3*x_0*x_2 + 1*x_0*x_1 + 5*x_0*x_3 + 3*x_2*x_2 + 1*x_2*x_1 + 4*x_2*x_3 + 5*x_1*x_1 + 5*x_1*x_3 + 1*x_3*x_3 <= 20', '5*x_3 + 10*x_1 + 1*x_4 + 9*x_0 + 6*x_2 <= 19', 'x_4 - x_3 - x_1 == 0']",flow+quadratic_knapsack+knapsack,5,3, -3*x_0 + 1*x_0 x_1 + 2*x_0 x_2 + 1*x_0 x_3 + 2*x_0 x_4 + 3*x_1 + 3*x_1 x_2 + 2*x_1 x_3 + 1*x_1 x_4 + -2*x_2 + -1*x_2 x_3 + -1*x_2 x_4 + 2*x_3 + -3*x_3 x_4 + -2*x_4,"['flow', 'quadratic_knapsack', 'knapsack']",15,10,1,2,False,False,16,11,5,"{'Hadamard': 10, 'RY': 1, 'CRY': 1, 'CNOT': 3, 'SWAP': 1}",{},1694,816,878,"{'CNOT': 878, 'RZ': 798, 'RY': 6, 'RX': 12}",{},15,10,10,10,0,{'Hadamard': 10},825,825,878,"{'CNOT': 878, 'RZ': 810, 'RX': 15}"
36,"['x_2 + x_6 <= 0', 'x_6 + x_4 + x_7 + x_0 + x_5 <= 1', 'x_7 + x_1 + x_4 + x_5 + x_0 >= 1']",cardinality+cardinality+cardinality,8,3, 4*x_0 + 4*x_0 x_1 + -3*x_0 x_2 + -3*x_0 x_3 + -1*x_0 x_4 + 2*x_0 x_5 + 1*x_0 x_6 + -2*x_0 x_7 + -4*x_1 + -4*x_1 x_2 + 4*x_1 x_3 + 4*x_1 x_4 + -2*x_1 x_5 + 3*x_1 x_6 + -5*x_1 x_7 + -3*x_2 + 4*x_2 x_3 + -1*x_2 x_4 + 4*x_2 x_5 + -1*x_2 x_7 + -2*x_3 + 3*x_3 x_4 + 4*x_3 x_5 + 4*x_3 x_6 + -1*x_4 + 4*x_4 x_5 + -1*x_4 x_6 + 4*x_4 x_7 + -3*x_5 + 4*x_5 x_6 + 3*x_5 x_7 + -5*x_6 + 4*x_6 x_7 + 4*x_7,"['cardinality', 'cardinality', 'cardinality']",9,1,2,1,True,True,1,1,0,{'Hadamard': 1},{},186,103,83,"{'CNOT': 82, 'RZ': 91, 'X': 4, 'PhaseShift': 1, 'CRZ': 1, 'RX': 7}",{},12,4,4,4,0,{'Hadamard': 4},208,208,140,"{'CNOT': 140, 'RZ': 196, 'RX': 12}"
37,"['2*x_0*x_0 + 5*x_0*x_2 + 4*x_0*x_1 + 4*x_0*x_3 + 3*x_0*x_4 + 4*x_2*x_2 + 4*x_2*x_1 + 1*x_2*x_3 + 2*x_2*x_4 + 3*x_1*x_1 + 1*x_1*x_3 + 4*x_1*x_4 + 3*x_3*x_3 + 4*x_3*x_4 + 3*x_4*x_4 <= 16', '3*x_3 + 8*x_2 + 3*x_1 <= 5']",quadratic_knapsack+knapsack,5,2, -3*x_0 + 1*x_0 x_1 + 2*x_0 x_2 + 1*x_0 x_3 + 2*x_0 x_4 + 3*x_1 + 3*x_1 x_2 + 2*x_1 x_3 + 1*x_1 x_4 + -2*x_2 + -1*x_2 x_3 + -1*x_2 x_4 + 2*x_3 + -3*x_3 x_4 + -2*x_4,"['quadratic_knapsack', 'knapsack']",8,3,1,1,True,True,3,3,0,{'Hadamard': 3},{},129,79,50,"{'CNOT': 50, 'RZ': 71, 'RX': 8}",{},13,8,8,8,0,{'Hadamard': 8},1364,1364,1830,"{'CNOT': 1830, 'RZ': 1351, 'RX': 13}"
38,"['4*x_4*x_4 + 5*x_4*x_6 + 2*x_4*x_0 + 5*x_4*x_3 + 4*x_6*x_6 + 3*x_6*x_0 + 5*x_6*x_3 + 3*x_0*x_0 + 2*x_0*x_3 + 3*x_3*x_3 <= 22', '5*x_3*x_3 + 2*x_3*x_5 + 2*x_3*x_0 + 3*x_3*x_6 + 1*x_3*x_4 + 1*x_5*x_5 + 4*x_5*x_0 + 4*x_5*x_6 + 3*x_5*x_4 + 1*x_0*x_0 + 3*x_0*x_6 + 1*x_0*x_4 + 5*x_6*x_6 + 1*x_6*x_4 + 5*x_4*x_4 <= 23', 'x_0 + x_5 + x_4 - x_7 - x_2 == 0']",quadratic_knapsack+flow+quadratic_knapsack,8,3, 4*x_0 + 1*x_0 x_1 + -3*x_0 x_2 + -4*x_0 x_3 + -5*x_0 x_4 + -2*x_0 x_5 + -1*x_0 x_6 + 2*x_0 x_7 + -4*x_1 + 1*x_1 x_2 + 3*x_1 x_3 + 3*x_1 x_4 + -1*x_1 x_5 + -1*x_1 x_6 + -1*x_1 x_7 + -5*x_2 + 4*x_2 x_3 + -3*x_2 x_4 + 4*x_2 x_5 + -2*x_2 x_6 + -3*x_2 x_7 + -5*x_3 + -5*x_3 x_4 + -5*x_3 x_5 + -1*x_3 x_6 + -2*x_3 x_7 + -1*x_4 + -2*x_4 x_5 + 1*x_4 x_6 + -5*x_4 x_7 + -4*x_5 + -5*x_5 x_6 + 3*x_5 x_7 + 4*x_6 + -1*x_6 x_7 + 4*x_7,"['quadratic_knapsack', 'flow', 'quadratic_knapsack']",18,10,1,2,False,False,28,11,16,"{'Hadamard': 10, 'RY': 1, 'CRY': 4, 'CNOT': 10, 'SWAP': 2, 'C(RY, num_ctrl_wires=2,num_zero_ctrl=0)': 1}",{},4576,1968,2608,"{'CNOT': 2608, 'RZ': 1945, 'RY': 10, 'RX': 13}",{},18,10,10,10,0,{'Hadamard': 10},1998,1998,2618,"{'CNOT': 2618, 'RZ': 1980, 'RX': 18}"
39,"['2*x_1*x_1 + 4*x_1*x_4 + 5*x_1*x_3 + 1*x_1*x_0 + 4*x_1*x_2 + 2*x_4*x_4 + 4*x_4*x_3 + 4*x_4*x_0 + 1*x_4*x_2 + 2*x_3*x_3 + 3*x_3*x_0 + 3*x_3*x_2 + 3*x_0*x_0 + 2*x_0*x_2 + 1*x_2*x_2 <= 19', 'x_3 + x_2 == 2']",quadratic_knapsack+cardinality,5,2, 2*x_0 + -1*x_0 x_2 + -4*x_0 x_3 + 1*x_0 x_4 + -5*x_1 + -2*x_1 x_2 + -1*x_1 x_3 + 1*x_1 x_4 + 3*x_2 + -5*x_2 x_3 + -5*x_2 x_4 + -5*x_3 x_4 + 3*x_4,"['quadratic_knapsack', 'cardinality']",10,5,1,1,False,False,7,7,0,"{'Hadamard': 5, 'X': 2}",{},3107,1305,1802,"{'CNOT': 1802, 'RZ': 1293, 'RY': 4, 'RX': 8}",{},10,5,5,5,0,{'Hadamard': 5},1310,1310,1800,"{'CNOT': 1800, 'RZ': 1300, 'RX': 10}"
40,"['10*x_1 + 8*x_2 + 2*x_0 + 1*x_3 + 4*x_4 <= 10', 'x_4 + x_3 == 1']",knapsack+assignment,5,2, -3*x_0 + 1*x_0 x_1 + 2*x_0 x_2 + 1*x_0 x_3 + 2*x_0 x_4 + 3*x_1 + 3*x_1 x_2 + 2*x_1 x_3 + 1*x_1 x_4 + -2*x_2 + -1*x_2 x_3 + -1*x_2 x_4 + 2*x_3 + -3*x_3 x_4 + -2*x_4,"['knapsack', 'assignment']",9,4,1,1,False,False,7,5,2,"{'Hadamard': 4, 'X': 1, 'CNOT': 1, 'CRY': 1}",{},247,151,96,"{'CNOT': 96, 'RZ': 140, 'RY': 4, 'RX': 7}",{},9,4,4,4,0,{'Hadamard': 4},156,156,94,"{'CNOT': 94, 'RZ': 147, 'RX': 9}"
41,"['9*x_0 + 2*x_5 + 1*x_2 + 9*x_6 + 6*x_4 <= 13', 'x_6 + x_5 + x_1 == 0']",cardinality+knapsack,7,2, -5*x_0 + 1*x_0 x_1 + 4*x_0 x_2 + -2*x_0 x_3 + -2*x_0 x_4 + 4*x_0 x_6 + -3*x_1 + -4*x_1 x_2 + -2*x_1 x_3 + 3*x_1 x_4 + 4*x_1 x_5 + 4*x_1 x_6 + 1*x_2 + -5*x_2 x_3 + -5*x_2 x_4 + -3*x_2 x_5 + 3*x_2 x_6 + -3*x_3 + 1*x_3 x_4 + -5*x_3 x_6 + -4*x_4 + 1*x_4 x_5 + -3*x_4 x_6 + 3*x_5 + -1*x_5 x_6 + 1*x_6,"['cardinality', 'knapsack']",11,4,1,1,False,False,4,4,0,{'Hadamard': 4},{},281,165,116,"{'CNOT': 116, 'RZ': 151, 'RY': 6, 'RX': 8}",{},11,4,4,4,0,{'Hadamard': 4},174,174,116,"{'CNOT': 116, 'RZ': 163, 'RX': 11}"
42,"['1*x_3*x_3 + 5*x_3*x_2 + 4*x_3*x_5 + 2*x_2*x_2 + 2*x_2*x_5 + 2*x_5*x_5 <= 8', '6*x_3 + 2*x_5 + 2*x_0 <= 3', '7*x_0 + 7*x_4 + 10*x_2 + 2*x_5 <= 10']",knapsack+knapsack+quadratic_knapsack,6,3, -5*x_0 + -1*x_0 x_1 + 3*x_0 x_2 + -5*x_0 x_3 + 1*x_0 x_4 + -5*x_0 x_5 + -1*x_1 + 2*x_1 x_2 + 1*x_1 x_3 + -4*x_1 x_4 + 2*x_1 x_5 + 3*x_2 + -4*x_2 x_4 + 2*x_2 x_5 + 3*x_3 + 2*x_3 x_4 + -1*x_3 x_5 + 4*x_4 + 2*x_5,"['knapsack', 'knapsack', 'quadratic_knapsack']",12,6,1,2,True,True,6,6,0,{'Hadamard': 6},{},608,316,292,"{'CNOT': 292, 'RZ': 304, 'RX': 12}",{},16,10,10,10,0,{'Hadamard': 10},420,420,348,"{'CNOT': 348, 'RZ': 404, 'RX': 16}"
43,"['4*x_2 + 6*x_1 + 1*x_0 + 1*x_4 <= 6', '5*x_3*x_3 + 3*x_3*x_4 + 5*x_3*x_2 + 4*x_4*x_4 + 5*x_4*x_2 + 3*x_2*x_2 <= 14', 'x_4 + x_5 + x_3 + x_1 == 1']",cardinality+quadratic_knapsack+knapsack,6,3, 4*x_0 + -1*x_0 x_1 + 3*x_0 x_2 + -1*x_0 x_3 + -4*x_0 x_4 + 1*x_0 x_5 + 3*x_1 + 1*x_1 x_2 + -3*x_1 x_3 + -5*x_1 x_4 + -2*x_1 x_5 + -2*x_2 + -4*x_2 x_3 + -3*x_2 x_4 + 2*x_2 x_5 + -5*x_3 + -2*x_3 x_4 + 4*x_4 + -5*x_5,"['cardinality', 'quadratic_knapsack', 'knapsack']",13,7,1,2,False,False,14,8,6,"{'Hadamard': 7, 'X': 1, 'CNOT': 3, 'CRY': 3}",{},680,358,322,"{'CNOT': 322, 'RZ': 341, 'RY': 8, 'RX': 9}",{},13,7,7,7,0,{'Hadamard': 7},380,380,326,"{'CNOT': 326, 'RZ': 367, 'RX': 13}"
44,"['3*x_3 + 8*x_2 + 3*x_1 <= 5', '4*x_4*x_4 + 5*x_4*x_3 + 2*x_4*x_2 + 5*x_4*x_0 + 4*x_3*x_3 + 3*x_3*x_2 + 5*x_3*x_0 + 3*x_2*x_2 + 2*x_2*x_0 + 3*x_0*x_0 <= 22']",quadratic_knapsack+knapsack,6,2, 4*x_0 + -1*x_0 x_1 + 3*x_0 x_2 + -1*x_0 x_3 + -4*x_0 x_4 + 1*x_0 x_5 + 3*x_1 + 1*x_1 x_2 + -3*x_1 x_3 + -5*x_1 x_4 + -2*x_1 x_5 + -2*x_2 + -4*x_2 x_3 + -3*x_2 x_4 + 2*x_2 x_5 + -5*x_3 + -2*x_3 x_4 + 4*x_4 + -5*x_5,"['quadratic_knapsack', 'knapsack']",9,3,1,1,True,True,3,3,0,{'Hadamard': 3},{},141,85,56,"{'CNOT': 56, 'RZ': 76, 'RX': 9}",{},14,8,8,8,0,{'Hadamard': 8},719,719,818,"{'CNOT': 818, 'RZ': 705, 'RX': 14}"
45,"['1*x_0*x_0 + 5*x_0*x_4 + 2*x_0*x_1 + 2*x_0*x_6 + 3*x_4*x_4 + 2*x_4*x_1 + 3*x_4*x_6 + 2*x_1*x_1 + 4*x_1*x_6 + 5*x_6*x_6 <= 13', 'x_2 + x_6 + x_4 + x_5 + x_3 <= 3']",cardinality+quadratic_knapsack,7,2, -3*x_0 + -4*x_0 x_1 + -4*x_0 x_2 + -1*x_0 x_4 + 4*x_0 x_5 + 2*x_0 x_6 + 4*x_1 + 4*x_1 x_2 + -1*x_1 x_3 + -1*x_1 x_4 + 1*x_1 x_5 + -1*x_1 x_6 + -3*x_2 + -4*x_2 x_3 + -2*x_2 x_4 + 1*x_2 x_6 + -1*x_3 + 4*x_3 x_4 + -1*x_3 x_5 + -3*x_3 x_6 + -1*x_4 + -3*x_4 x_5 + 2*x_5 + 3*x_5 x_6 + -1*x_6,"['cardinality', 'quadratic_knapsack']",11,4,1,1,False,False,36,5,26,"{'Hadamard': 4, 'RY': 1, 'CRY': 6, 'SWAP': 2, 'CNOT': 18, 'C(RY, num_ctrl_wires=2,num_zero_ctrl=0)': 5}",{},1392,604,775,"{'CNOT': 758, 'RZ': 585, 'RY': 2, 'CRY': 12, 'SWAP': 4, 'C(RY, num_ctrl_wires=2,num_zero_ctrl=0)': 10, 'X': 10, 'PhaseShift': 1, 'CRZ': 1, 'C(RZ, num_ctrl_wires=2,num_zero_ctrl=0)': 1, 'C(RZ, num_ctrl_wires=3,num_zero_ctrl=0)': 1, 'C(RZ, num_ctrl_wires=4,num_zero_ctrl=0)': 1, 'RX': 6}",{},13,6,6,6,0,{'Hadamard': 6},675,675,764,"{'CNOT': 764, 'RZ': 662, 'RX': 13}"
46,"['1*x_3*x_3 + 1*x_3*x_1 + 3*x_3*x_4 + 2*x_3*x_2 + 1*x_1*x_1 + 2*x_1*x_4 + 3*x_1*x_2 + 2*x_4*x_4 + 3*x_4*x_2 + 3*x_2*x_2 <= 7', '3*x_0 + 1*x_4 + 4*x_1 + 8*x_3 <= 7', '7*x_3 + 10*x_4 + 9*x_1 <= 8']",knapsack+knapsack+quadratic_knapsack,5,3, 3*x_0 + 1*x_0 x_2 + 3*x_0 x_4 + -5*x_1 + -3*x_1 x_2 + 3*x_2 + 3*x_2 x_3 + -5*x_2 x_4 + -4*x_3 + 2*x_3 x_4 + -3*x_4,"['knapsack', 'knapsack', 'quadratic_knapsack']",11,6,1,2,True,True,6,6,0,{'Hadamard': 6},{},1261,595,666,"{'CNOT': 666, 'RZ': 584, 'RX': 11}",{},15,10,10,10,0,{'Hadamard': 10},676,676,708,"{'CNOT': 708, 'RZ': 661, 'RX': 15}"
47,"['1*x_2*x_2 + 4*x_2*x_5 + 1*x_2*x_1 + 5*x_2*x_0 + 2*x_5*x_5 + 3*x_5*x_1 + 3*x_5*x_0 + 5*x_1*x_1 + 4*x_1*x_0 + 5*x_0*x_0 <= 22', '6*x_2 + 2*x_3 + 2*x_5 <= 3', '8*x_5 + 10*x_1 + 1*x_2 + 2*x_0 <= 12']",knapsack+quadratic_knapsack+knapsack,6,3, 4*x_0 + 4*x_0 x_1 + -3*x_0 x_2 + -2*x_0 x_3 + -5*x_0 x_4 + 4*x_0 x_5 + -2*x_1 + -5*x_1 x_2 + -2*x_1 x_3 + 3*x_1 x_4 + -5*x_1 x_5 + -1*x_2 + -3*x_2 x_3 + -5*x_2 x_4 + 2*x_2 x_5 + 2*x_3 + 3*x_3 x_4 + -1*x_3 x_5 + -4*x_4 + -2*x_4 x_5 + -2*x_5,"['knapsack', 'quadratic_knapsack', 'knapsack']",15,9,1,2,True,False,32,22,10,"{'Hadamard': 12, 'CNOT': 10, 'RZ': 7, 'RX': 3}","{'Hadamard': 3, 'CNOT': 10, 'RZ': 7, 'RX': 3}",1659,791,868,"{'CNOT': 868, 'RZ': 764, 'RX': 21, 'Hadamard': 6}","{'Hadamard': 6, 'CNOT': 20, 'RZ': 14, 'RX': 6}",17,11,11,11,0,{'Hadamard': 11},807,807,868,"{'CNOT': 868, 'RZ': 790, 'RX': 17}"
48,"['x_0 + x_1 + x_2 + x_5 <= 1', 'x_2 + x_5 + x_4 + x_6 == 3']",cardinality+cardinality,7,2, 3*x_0 x_2 + 3*x_0 x_3 + 3*x_0 x_4 + -1*x_0 x_5 + 4*x_0 x_6 + -2*x_1 + -2*x_1 x_3 + 2*x_1 x_4 + -5*x_1 x_5 + 3*x_1 x_6 + 1*x_2 + -3*x_2 x_3 + -5*x_2 x_4 + 2*x_2 x_5 + 1*x_2 x_6 + 4*x_3 + -1*x_3 x_5 + -2*x_3 x_6 + -4*x_4 + 3*x_4 x_5 + -1*x_4 x_6 + -4*x_5 + 2*x_5 x_6 + -1*x_6,"['cardinality', 'cardinality']",8,1,1,1,False,False,24,4,17,"{'Hadamard': 1, 'X': 3, 'CNOT': 11, 'CRY': 5, 'C(RY, num_ctrl_wires=2,num_zero_ctrl=0)': 1, 'CSWAP': 2, 'SWAP': 1}",{},140,76,64,"{'CNOT': 64, 'RZ': 64, 'RY': 8, 'RX': 4}",{},8,1,1,1,0,{'Hadamard': 1},98,98,68,"{'CNOT': 68, 'RZ': 90, 'RX': 8}"
49,"['x_2 + x_0 + x_3 + x_1 + x_4 == 2', 'x_3 + x_0 == 1']",cardinality+cardinality,5,2, -3*x_0 + -4*x_0 x_1 + -5*x_0 x_2 + -4*x_0 x_3 + -2*x_0 x_4 + -4*x_1 + -1*x_1 x_2 + -3*x_1 x_3 + -2*x_1 x_4 + -5*x_2 + 4*x_2 x_3 + 1*x_2 x_4 + -2*x_3 + -4*x_3 x_4 + 1*x_4,"['cardinality', 'cardinality']",5,0,1,1,False,False,24,2,19,"{'X': 2, 'CNOT': 11, 'CRY': 6, 'C(RY, num_ctrl_wires=2,num_zero_ctrl=0)': 1, 'CSWAP': 2, 'SWAP': 2}",{},64,32,32,"{'CNOT': 32, 'RZ': 22, 'RY': 10}",{},5,0,0,0,0,{},67,67,42,"{'CNOT': 42, 'RZ': 62, 'RX': 5}"
50,"['10*x_1 + 8*x_0 + 10*x_4 <= 9', '10*x_3 + 1*x_0 + 9*x_4 <= 7', '5*x_3 + 4*x_4 + 1*x_0 <= 6']",knapsack+knapsack+knapsack,5,3, -2*x_0 + -3*x_0 x_1 + -2*x_0 x_2 + -3*x_0 x_3 + -1*x_0 x_4 + -5*x_1 + 2*x_1 x_2 + -1*x_1 x_3 + -4*x_1 x_4 + -2*x_2 + -4*x_2 x_3 + -1*x_2 x_4 + -5*x_3 + -5*x_3 x_4,"['knapsack', 'knapsack', 'knapsack']",11,6,1,2,True,True,6,6,0,{'Hadamard': 6},{},220,140,80,"{'CNOT': 80, 'RZ': 129, 'RX': 11}",{},15,10,10,10,0,{'Hadamard': 10},221,221,122,"{'CNOT': 122, 'RZ': 206, 'RX': 15}"
51,"['1*x_0*x_0 + 4*x_0*x_4 + 1*x_0*x_3 + 2*x_0*x_2 + 5*x_4*x_4 + 4*x_4*x_3 + 3*x_4*x_2 + 5*x_3*x_3 + 4*x_3*x_2 + 2*x_2*x_2 <= 18', 'x_2 + x_0 + x_1 >= 2']",cardinality+quadratic_knapsack,6,2, 1*x_0 x_1 + -3*x_0 x_3 + -3*x_0 x_4 + 4*x_0 x_5 + 4*x_1 + 3*x_1 x_5 + 1*x_2 + 3*x_2 x_3 + -4*x_2 x_4 + 1*x_2 x_5 + -1*x_3 + 2*x_3 x_4 + 1*x_3 x_5 + -4*x_4 + -5*x_5,"['cardinality', 'quadratic_knapsack']",11,5,1,1,True,True,5,5,0,{'Hadamard': 5},{},1438,656,782,"{'CNOT': 782, 'RZ': 645, 'RX': 11}",{},12,6,6,6,0,{'Hadamard': 6},683,683,794,"{'CNOT': 794, 'RZ': 671, 'RX': 12}"
52,"['4*x_2 + 6*x_4 + 1*x_5 + 1*x_0 <= 6', '4*x_3*x_3 + 1*x_3*x_6 + 4*x_3*x_2 + 3*x_3*x_5 + 4*x_6*x_6 + 5*x_6*x_2 + 4*x_6*x_5 + 3*x_2*x_2 + 5*x_2*x_5 + 5*x_5*x_5 <= 24']",quadratic_knapsack+knapsack,7,2, 4*x_0 + 4*x_0 x_1 + 1*x_0 x_2 + 3*x_0 x_3 + 1*x_0 x_4 + -3*x_0 x_5 + -3*x_0 x_6 + -5*x_1 + -2*x_1 x_2 + -5*x_1 x_3 + -4*x_1 x_4 + -4*x_1 x_5 + 1*x_2 + 4*x_2 x_3 + 2*x_2 x_4 + -4*x_2 x_5 + -4*x_2 x_6 + -2*x_3 + 2*x_3 x_4 + -5*x_3 x_5 + -2*x_3 x_6 + 2*x_4 + 1*x_4 x_5 + 3*x_4 x_6 + 4*x_5 + -4*x_5 x_6 + -2*x_6,"['quadratic_knapsack', 'knapsack']",10,3,1,1,True,True,3,3,0,{'Hadamard': 3},{},196,114,82,"{'CNOT': 82, 'RZ': 104, 'RX': 10}",{},15,8,8,8,0,{'Hadamard': 8},748,748,844,"{'CNOT': 844, 'RZ': 733, 'RX': 15}"
53,"['1*x_1*x_1 + 1*x_1*x_5 + 3*x_1*x_4 + 2*x_1*x_2 + 1*x_5*x_5 + 2*x_5*x_4 + 3*x_5*x_2 + 2*x_4*x_4 + 3*x_4*x_2 + 3*x_2*x_2 <= 7', 'x_5 + x_1 + x_2 - x_3 - x_0 == 0']",flow+quadratic_knapsack,6,2, 2*x_0 + -5*x_0 x_1 + 2*x_0 x_2 + -4*x_0 x_3 + -2*x_0 x_4 + 4*x_0 x_5 + -4*x_1 + -5*x_1 x_2 + -5*x_1 x_3 + -5*x_1 x_4 + -5*x_1 x_5 + 1*x_2 + 4*x_2 x_3 + -1*x_2 x_4 + -1*x_2 x_5 + -5*x_3 + -5*x_3 x_5 + -1*x_4 + 1*x_4 x_5 + -1*x_5,"['flow', 'quadratic_knapsack']",9,3,1,1,False,False,21,4,16,"{'Hadamard': 3, 'RY': 1, 'CRY': 4, 'CNOT': 10, 'SWAP': 2, 'C(RY, num_ctrl_wires=2,num_zero_ctrl=0)': 1}",{},1180,530,650,"{'CNOT': 650, 'RZ': 516, 'RY': 10, 'RX': 4}",{},9,3,3,3,0,{'Hadamard': 3},560,560,660,"{'CNOT': 660, 'RZ': 551, 'RX': 9}"
54,"['x_3 + x_2 + x_0 + x_5 + x_1 >= 4', 'x_5 + x_4 == 0']",cardinality+cardinality,6,2, -2*x_0 + -4*x_0 x_1 + 2*x_0 x_2 + 2*x_0 x_3 + 3*x_0 x_4 + -5*x_0 x_5 + -1*x_1 + 1*x_1 x_3 + -2*x_1 x_4 + -5*x_2 x_3 + 4*x_2 x_4 + 3*x_2 x_5 + 3*x_3 + -3*x_3 x_4 + 2*x_3 x_5 + -1*x_4 + 2*x_4 x_5 + 3*x_5,"['cardinality', 'cardinality']",7,1,1,1,False,False,1,1,0,{'Hadamard': 1},{},145,85,60,"{'CNOT': 60, 'RZ': 76, 'RY': 4, 'RX': 5}",{},7,1,1,1,0,{'Hadamard': 1},88,88,58,"{'CNOT': 58, 'RZ': 81, 'RX': 7}"
55,"['2*x_3*x_3 + 5*x_3*x_0 + 2*x_3*x_1 + 2*x_0*x_0 + 1*x_0*x_1 + 1*x_1*x_1 <= 7', 'x_5 + x_1 + x_2 + x_0 <= 3', 'x_5 + x_4 + x_1 == 0']",cardinality+quadratic_knapsack+cardinality,6,3, 2*x_0 + -5*x_0 x_1 + 2*x_0 x_2 + -4*x_0 x_3 + -2*x_0 x_4 + 4*x_0 x_5 + -4*x_1 + -5*x_1 x_2 + -5*x_1 x_3 + -5*x_1 x_4 + -5*x_1 x_5 + 1*x_2 + 4*x_2 x_3 + -1*x_2 x_4 + -1*x_2 x_5 + -5*x_3 + -5*x_3 x_5 + -1*x_4 + 1*x_4 x_5 + -1*x_5,"['cardinality', 'quadratic_knapsack', 'cardinality']",11,5,1,2,False,False,5,5,0,{'Hadamard': 5},{},563,295,268,"{'CNOT': 268, 'RZ': 281, 'RY': 6, 'RX': 8}",{},11,5,5,5,0,{'Hadamard': 5},304,304,268,"{'CNOT': 268, 'RZ': 293, 'RX': 11}"
56,"['4*x_0*x_0 + 4*x_0*x_3 + 1*x_0*x_2 + 5*x_0*x_4 + 5*x_3*x_3 + 5*x_3*x_2 + 5*x_3*x_4 + 1*x_2*x_2 + 4*x_2*x_4 + 1*x_4*x_4 <= 11', 'x_4 + x_5 + x_2 + x_1 == 0']",cardinality+quadratic_knapsack,6,2, -5*x_0 + -4*x_0 x_1 + -3*x_0 x_2 + -5*x_0 x_3 + 1*x_0 x_4 + -4*x_0 x_5 + -3*x_1 + -1*x_1 x_2 + 3*x_1 x_3 + -2*x_1 x_4 + 4*x_1 x_5 + -2*x_2 + -1*x_2 x_3 + -4*x_2 x_4 + 4*x_3 + -5*x_3 x_4 + 4*x_3 x_5 + -2*x_4 + -5*x_5,"['cardinality', 'quadratic_knapsack']",10,4,1,1,False,False,4,4,0,{'Hadamard': 4},{},1314,594,720,"{'CNOT': 720, 'RZ': 580, 'RY': 8, 'RX': 6}",{},10,4,4,4,0,{'Hadamard': 4},612,612,724,"{'CNOT': 724, 'RZ': 602, 'RX': 10}"
57,"['1*x_5 + 3*x_2 + 9*x_4 + 8*x_6 <= 10', '2*x_0 + 6*x_6 + 1*x_1 <= 3', '9*x_0 + 9*x_4 + 4*x_6 + 1*x_3 <= 9']",knapsack+knapsack+knapsack,7,3, 4*x_0 + 4*x_0 x_1 + 1*x_0 x_2 + 3*x_0 x_3 + 1*x_0 x_4 + -3*x_0 x_5 + -3*x_0 x_6 + -5*x_1 + -2*x_1 x_2 + -5*x_1 x_3 + -4*x_1 x_4 + -4*x_1 x_5 + 1*x_2 + 4*x_2 x_3 + 2*x_2 x_4 + -4*x_2 x_5 + -4*x_2 x_6 + -2*x_3 + 2*x_3 x_4 + -5*x_3 x_5 + -2*x_3 x_6 + 2*x_4 + 1*x_4 x_5 + 3*x_4 x_6 + 4*x_5 + -4*x_5 x_6 + -2*x_6,"['knapsack', 'knapsack', 'knapsack']",13,6,1,2,True,True,6,6,0,{'Hadamard': 6},{},296,180,116,"{'CNOT': 116, 'RZ': 167, 'RX': 13}",{},17,10,10,10,0,{'Hadamard': 10},284,284,172,"{'CNOT': 172, 'RZ': 267, 'RX': 17}"
58,"['1*x_4*x_4 + 1*x_4*x_0 + 3*x_4*x_3 + 2*x_4*x_1 + 1*x_0*x_0 + 2*x_0*x_3 + 3*x_0*x_1 + 2*x_3*x_3 + 3*x_3*x_1 + 3*x_1*x_1 <= 7', '1*x_4*x_4 + 5*x_4*x_3 + 1*x_4*x_1 + 3*x_3*x_3 + 3*x_3*x_1 + 5*x_1*x_1 <= 10']",quadratic_knapsack+quadratic_knapsack,5,2, -3*x_0 + -1*x_0 x_2 + -5*x_0 x_3 + 2*x_0 x_4 + 1*x_1 + -4*x_1 x_2 + -3*x_1 x_3 + -3*x_1 x_4 + -2*x_2 + -2*x_2 x_3 + 1*x_2 x_4 + 1*x_3 + -2*x_3 x_4 + -2*x_4,"['quadratic_knapsack', 'quadratic_knapsack']",9,4,1,1,True,True,4,4,0,{'Hadamard': 4},{},532,268,264,"{'CNOT': 264, 'RZ': 259, 'RX': 9}",{},12,7,7,7,0,{'Hadamard': 7},767,767,876,"{'CNOT': 876, 'RZ': 755, 'RX': 12}"
59,"['1*x_3 + 10*x_2 + 3*x_1 + 5*x_4 + 1*x_0 <= 12', '3*x_0*x_0 + 1*x_0*x_1 + 5*x_0*x_3 + 2*x_0*x_2 + 5*x_0*x_4 + 2*x_1*x_1 + 5*x_1*x_3 + 5*x_1*x_2 + 5*x_1*x_4 + 2*x_3*x_3 + 3*x_3*x_2 + 3*x_3*x_4 + 4*x_2*x_2 + 1*x_2*x_4 + 5*x_4*x_4 <= 18', '7*x_2 + 10*x_3 + 9*x_4 <= 8']",knapsack+quadratic_knapsack+knapsack,5,3, -3*x_0 + -4*x_0 x_1 + -5*x_0 x_2 + -4*x_0 x_3 + -2*x_0 x_4 + -4*x_1 + -1*x_1 x_2 + -3*x_1 x_3 + -2*x_1 x_4 + -5*x_2 + 4*x_2 x_3 + 1*x_2 x_4 + -2*x_3 + -4*x_3 x_4 + 1*x_4,"['knapsack', 'quadratic_knapsack', 'knapsack']",14,9,1,2,True,True,9,9,0,{'Hadamard': 9},{},3228,1386,1842,"{'CNOT': 1842, 'RZ': 1372, 'RX': 14}",{},18,13,13,13,0,{'Hadamard': 13},1516,1516,1914,"{'CNOT': 1914, 'RZ': 1498, 'RX': 18}"
60,"['x_0 + x_1 + x_4 + x_2 >= 1', 'x_0 + x_3 + x_4 == 2', 'x_6 + x_0 + x_4 + x_3 + x_1 == 4']",cardinality+cardinality+cardinality,7,3, 4*x_0 + 4*x_0 x_1 + 1*x_0 x_2 + 3*x_0 x_3 + 1*x_0 x_4 + -3*x_0 x_5 + -3*x_0 x_6 + -5*x_1 + -2*x_1 x_2 + -5*x_1 x_3 + -4*x_1 x_4 + -4*x_1 x_5 + 1*x_2 + 4*x_2 x_3 + 2*x_2 x_4 + -4*x_2 x_5 + -4*x_2 x_6 + -2*x_3 + 2*x_3 x_4 + -5*x_3 x_5 + -2*x_3 x_6 + 2*x_4 + 1*x_4 x_5 + 3*x_4 x_6 + 4*x_5 + -4*x_5 x_6 + -2*x_6,"['cardinality', 'cardinality', 'cardinality']",9,2,1,2,False,False,14,4,9,"{'Hadamard': 2, 'X': 2, 'CNOT': 5, 'CRY': 3, 'CSWAP': 1, 'SWAP': 1}",{},232,136,96,"{'CNOT': 96, 'RZ': 124, 'RY': 6, 'RX': 6}",{},9,2,2,2,0,{'Hadamard': 2},148,148,96,"{'CNOT': 96, 'RZ': 139, 'RX': 9}"
61,"['1*x_0*x_0 + 1*x_0*x_1 + 3*x_0*x_2 + 2*x_0*x_4 + 1*x_1*x_1 + 2*x_1*x_2 + 3*x_1*x_4 + 2*x_2*x_2 + 3*x_2*x_4 + 3*x_4*x_4 <= 7', '2*x_1 + 2*x_2 + 9*x_3 + 10*x_0 + 4*x_4 <= 18', '5*x_3 + 4*x_4 + 1*x_0 <= 6']",knapsack+knapsack+quadratic_knapsack,5,3, 3*x_0 + -4*x_0 x_1 + -5*x_0 x_2 + -3*x_0 x_3 + 1*x_0 x_4 + -4*x_1 + 3*x_1 x_2 + -3*x_1 x_3 + -3*x_1 x_4 + -5*x_2 x_3 + 2*x_2 x_4 + -2*x_3 + -3*x_3 x_4,"['knapsack', 'knapsack', 'quadratic_knapsack']",11,6,1,2,True,True,6,6,0,{'Hadamard': 6},{},1241,579,662,"{'CNOT': 662, 'RZ': 568, 'RX': 11}",{},16,11,11,11,0,{'Hadamard': 11},739,739,752,"{'CNOT': 752, 'RZ': 723, 'RX': 16}"
62,"['8*x_1 + 10*x_0 + 1*x_4 + 2*x_3 <= 12', 'x_1 + x_3 + x_2 + x_4 + x_0 >= 4']",knapsack+cardinality,5,2, -3*x_0 + 1*x_0 x_1 + 2*x_0 x_2 + 1*x_0 x_3 + 2*x_0 x_4 + 3*x_1 + 3*x_1 x_2 + 2*x_1 x_3 + 1*x_1 x_4 + -2*x_2 + -1*x_2 x_3 + -1*x_2 x_4 + 2*x_3 + -3*x_3 x_4 + -2*x_4,"['knapsack', 'cardinality']",6,1,1,1,True,True,1,1,0,{'Hadamard': 1},{},127,77,50,"{'CNOT': 50, 'RZ': 71, 'RX': 6}",{},10,5,5,5,0,{'Hadamard': 5},181,181,106,"{'CNOT': 106, 'RZ': 171, 'RX': 10}"
63,"['10*x_3 + 8*x_1 + 10*x_4 <= 9', 'x_4 + x_5 + x_1 + x_0 >= 0', 'x_4*x_1 == 0']",independent_set+knapsack+cardinality,7,3, 3*x_0 + -2*x_0 x_2 + -1*x_0 x_3 + -5*x_0 x_4 + 1*x_0 x_5 + 2*x_0 x_6 + -5*x_1 x_2 + -4*x_1 x_3 + -3*x_1 x_4 + -2*x_1 x_5 + 2*x_1 x_6 + 4*x_2 + 3*x_2 x_3 + -2*x_2 x_4 + -1*x_2 x_5 + 4*x_3 + 3*x_3 x_4 + 4*x_3 x_6 + -3*x_4 + -3*x_4 x_5 + 3*x_4 x_6 + 3*x_5 + 4*x_5 x_6 + -4*x_6,"['independent_set', 'knapsack', 'cardinality']",14,7,1,2,False,False,12,8,4,"{'Hadamard': 7, 'RY': 1, 'CRY': 1, 'SWAP': 1, 'CNOT': 2}",{},320,191,129,"{'CNOT': 124, 'RZ': 172, 'RY': 2, 'CRY': 2, 'SWAP': 2, 'X': 4, 'PhaseShift': 1, 'CRZ': 1, 'RX': 12}",{},14,7,7,7,0,{'Hadamard': 7},189,189,122,"{'CNOT': 122, 'RZ': 175, 'RX': 14}"
64,"['5*x_4*x_4 + 1*x_4*x_3 + 3*x_4*x_2 + 1*x_4*x_6 + 4*x_3*x_3 + 1*x_3*x_2 + 5*x_3*x_6 + 4*x_2*x_2 + 2*x_2*x_6 + 3*x_6*x_6 <= 19', 'x_4 + x_5 - x_3 - x_1 - x_6 == 0', 'x_6 + x_0 + x_2 + x_4 + x_3 <= 1']",cardinality+flow+quadratic_knapsack,7,3, 3*x_0 + 4*x_0 x_1 + 1*x_0 x_2 + -5*x_0 x_3 + -5*x_0 x_4 + -4*x_1 + -4*x_1 x_2 + -3*x_1 x_3 + -4*x_1 x_4 + 1*x_1 x_6 + 3*x_2 + 3*x_2 x_3 + 1*x_2 x_4 + -1*x_2 x_5 + -4*x_3 + 2*x_3 x_4 + 1*x_3 x_5 + -5*x_3 x_6 + -5*x_4 + -3*x_4 x_5 + 4*x_4 x_6 + -4*x_5 + -3*x_5 x_6 + 4*x_6,"['cardinality', 'flow', 'quadratic_knapsack']",12,5,1,2,False,False,20,6,14,"{'Hadamard': 5, 'RY': 1, 'CRY': 4, 'SWAP': 2, 'CNOT': 8}",{},1556,708,845,"{'CNOT': 832, 'RZ': 688, 'RY': 2, 'CRY': 8, 'SWAP': 4, 'X': 10, 'PhaseShift': 1, 'CRZ': 1, 'C(RZ, num_ctrl_wires=2,num_zero_ctrl=0)': 1, 'C(RZ, num_ctrl_wires=3,num_zero_ctrl=0)': 1, 'C(RZ, num_ctrl_wires=4,num_zero_ctrl=0)': 1, 'RX': 7}",{},13,6,6,6,0,{'Hadamard': 6},758,758,846,"{'CNOT': 846, 'RZ': 745, 'RX': 13}"
65,"['x_0 + x_1 + x_3 <= 3', 'x_0 + x_3 <= 1', 'x_0 + x_3 == 1']",assignment+cardinality+cardinality,5,3, -3*x_0 + -1*x_0 x_2 + -5*x_0 x_3 + 2*x_0 x_4 + 1*x_1 + -4*x_1 x_2 + -3*x_1 x_3 + -3*x_1 x_4 + -2*x_2 + -2*x_2 x_3 + 1*x_2 x_4 + 1*x_3 + -2*x_3 x_4 + -2*x_4,"['assignment', 'cardinality', 'cardinality']",8,3,1,2,False,False,6,4,2,"{'Hadamard': 3, 'X': 1, 'CNOT': 1, 'CRY': 1}",{},127,79,48,"{'CNOT': 48, 'RZ': 69, 'RY': 4, 'RX': 6}",{},8,3,3,3,0,{'Hadamard': 3},84,84,46,"{'CNOT': 46, 'RZ': 76, 'RX': 8}"
66,"['10*x_2 + 8*x_3 + 10*x_4 <= 9', '5*x_0*x_0 + 1*x_0*x_2 + 3*x_0*x_3 + 1*x_0*x_1 + 4*x_2*x_2 + 1*x_2*x_3 + 5*x_2*x_1 + 4*x_3*x_3 + 2*x_3*x_1 + 3*x_1*x_1 <= 19']",knapsack+quadratic_knapsack,5,2, 2*x_0 + -1*x_0 x_2 + -4*x_0 x_3 + 1*x_0 x_4 + -5*x_1 + -2*x_1 x_2 + -1*x_1 x_3 + 1*x_1 x_4 + 3*x_2 + -5*x_2 x_3 + -5*x_2 x_4 + -5*x_3 x_4 + 3*x_4,"['knapsack', 'quadratic_knapsack']",10,5,1,1,True,False,16,14,2,"{'Hadamard': 8, 'CNOT': 2, 'RZ': 3, 'RX': 3}","{'Hadamard': 3, 'CNOT': 2, 'RZ': 3, 'RX': 3}",1454,670,784,"{'CNOT': 784, 'RZ': 648, 'RX': 16, 'Hadamard': 6}","{'Hadamard': 6, 'CNOT': 4, 'RZ': 6, 'RX': 6}",14,9,9,9,0,{'Hadamard': 9},733,733,822,"{'CNOT': 822, 'RZ': 719, 'RX': 14}"
67,"['1*x_0 + 3*x_4 + 9*x_1 + 8*x_3 <= 10', '4*x_1*x_1 + 1*x_1*x_2 + 2*x_1*x_0 + 4*x_1*x_3 + 1*x_1*x_4 + 2*x_2*x_2 + 3*x_2*x_0 + 1*x_2*x_3 + 1*x_2*x_4 + 3*x_0*x_0 + 3*x_0*x_3 + 4*x_0*x_4 + 1*x_3*x_3 + 3*x_3*x_4 + 2*x_4*x_4 <= 11', 'x_2 + x_0 <= 1']",quadratic_knapsack+knapsack+cardinality,5,3, -3*x_0 + -4*x_0 x_1 + -5*x_0 x_2 + -4*x_0 x_3 + -2*x_0 x_4 + -4*x_1 + -1*x_1 x_2 + -3*x_1 x_3 + -2*x_1 x_4 + -5*x_2 + 4*x_2 x_3 + 1*x_2 x_4 + -2*x_3 + -4*x_3 x_4 + 1*x_4,"['quadratic_knapsack', 'knapsack', 'cardinality']",13,8,1,2,False,False,13,9,4,"{'Hadamard': 8, 'RY': 1, 'CRY': 1, 'SWAP': 1, 'CNOT': 2}",{},3061,1314,1747,"{'CNOT': 1742, 'RZ': 1296, 'RY': 2, 'CRY': 2, 'SWAP': 2, 'X': 4, 'PhaseShift': 1, 'CRZ': 1, 'RX': 11}",{},14,9,9,9,0,{'Hadamard': 9},1325,1325,1744,"{'CNOT': 1744, 'RZ': 1311, 'RX': 14}"
68,"['4*x_2*x_2 + 4*x_2*x_3 + 1*x_2*x_1 + 5*x_2*x_4 + 5*x_3*x_3 + 5*x_3*x_1 + 5*x_3*x_4 + 1*x_1*x_1 + 4*x_1*x_4 + 1*x_4*x_4 <= 11', 'x_4 + x_3 >= 1', 'x_4 + x_5 + x_1 + x_6 + x_0 == 1']",quadratic_knapsack+cardinality+cardinality,7,3, -4*x_0 + -1*x_0 x_1 + 4*x_0 x_2 + 2*x_0 x_3 + -5*x_0 x_4 + 2*x_0 x_5 + -5*x_0 x_6 + 3*x_1 + 3*x_1 x_2 + 4*x_1 x_4 + 3*x_1 x_5 + -2*x_1 x_6 + -5*x_2 + 2*x_2 x_3 + -5*x_2 x_4 + 1*x_2 x_5 + 3*x_2 x_6 + -5*x_3 + -4*x_3 x_4 + 4*x_3 x_5 + 1*x_3 x_6 + -4*x_4 + -5*x_4 x_5 + -5*x_4 x_6 + -3*x_5 x_6 + 3*x_6,"['quadratic_knapsack', 'cardinality', 'cardinality']",12,5,1,2,False,False,14,6,8,"{'Hadamard': 5, 'X': 1, 'CNOT': 4, 'CRY': 4}",{},1362,620,742,"{'CNOT': 742, 'RZ': 603, 'RY': 10, 'RX': 7}",{},12,5,5,5,0,{'Hadamard': 5},655,655,752,"{'CNOT': 752, 'RZ': 643, 'RX': 12}"
69,"['1*x_2 + 4*x_1 + 8*x_3 + 10*x_7 + 8*x_5 <= 16', '2*x_4*x_4 + 5*x_4*x_5 + 2*x_4*x_0 + 2*x_5*x_5 + 1*x_5*x_0 + 1*x_0*x_0 <= 7', 'x_7 + x_2 + x_5 + x_4 <= 4']",knapsack+quadratic_knapsack+cardinality,8,3, 2*x_0 + -5*x_0 x_1 + 2*x_0 x_2 + 3*x_0 x_3 + -4*x_0 x_4 + -1*x_0 x_5 + -3*x_0 x_6 + -2*x_0 x_7 + 2*x_1 + -5*x_1 x_2 + 3*x_1 x_3 + -2*x_1 x_4 + 4*x_1 x_5 + -5*x_1 x_6 + 1*x_1 x_7 + -5*x_2 + 4*x_2 x_3 + 4*x_2 x_4 + -1*x_2 x_5 + -5*x_2 x_7 + -1*x_3 + 1*x_3 x_4 + 1*x_3 x_5 + 4*x_3 x_6 + 3*x_3 x_7 + -1*x_4 + -5*x_4 x_5 + -2*x_4 x_6 + -2*x_4 x_7 + -3*x_5 + -4*x_5 x_7 + 4*x_6 + 3*x_6 x_7 + -1*x_7,"['knapsack', 'quadratic_knapsack', 'cardinality']",16,8,1,2,False,False,32,9,20,"{'Hadamard': 8, 'RY': 1, 'CRY': 6, 'SWAP': 2, 'CNOT': 12, 'C(RY, num_ctrl_wires=2,num_zero_ctrl=0)': 3}",{},811,416,387,"{'CNOT': 370, 'RZ': 393, 'RY': 2, 'CRY': 12, 'SWAP': 4, 'C(RY, num_ctrl_wires=2,num_zero_ctrl=0)': 6, 'X': 8, 'PhaseShift': 1, 'CRZ': 1, 'C(RZ, num_ctrl_wires=2,num_zero_ctrl=0)': 1, 'C(RZ, num_ctrl_wires=3,num_zero_ctrl=0)': 1, 'RX': 12}",{},19,11,11,11,0,{'Hadamard': 11},489,489,388,"{'CNOT': 388, 'RZ': 470, 'RX': 19}"
70,"['5*x_4 + 4*x_2 + 1*x_3 <= 6', 'x_3 + x_2 + x_1 - x_4 == 0']",knapsack+flow,5,2, 1*x_0 + 2*x_0 x_1 + -2*x_0 x_2 + 1*x_0 x_3 + 2*x_0 x_4 + -2*x_1 + -1*x_1 x_2 + -2*x_1 x_3 + 2*x_1 x_4 + -1*x_2 + -1*x_2 x_3 + -2*x_2 x_4 + -4*x_3 + 4*x_3 x_4 + 3*x_4,"['knapsack', 'flow']",8,3,1,1,False,False,12,4,8,"{'Hadamard': 3, 'RY': 1, 'CRY': 2, 'CNOT': 5, 'SWAP': 1}",{},142,84,58,"{'CNOT': 58, 'RZ': 72, 'RY': 8, 'RX': 4}",{},8,3,3,3,0,{'Hadamard': 3},102,102,62,"{'CNOT': 62, 'RZ': 94, 'RX': 8}"
71,"['10*x_5 + 1*x_2 + 9*x_0 <= 7', '4*x_3*x_3 + 3*x_3*x_4 + 3*x_3*x_2 + 2*x_3*x_5 + 2*x_3*x_1 + 2*x_4*x_4 + 3*x_4*x_2 + 2*x_4*x_5 + 3*x_4*x_1 + 3*x_2*x_2 + 5*x_2*x_5 + 4*x_2*x_1 + 3*x_5*x_5 + 5*x_5*x_1 + 1*x_1*x_1 <= 22', 'x_5 + x_3 + x_2 <= 0']",quadratic_knapsack+knapsack+cardinality,6,3, -2*x_0 x_1 + -2*x_0 x_2 + -4*x_0 x_3 + 2*x_0 x_4 + -4*x_0 x_5 + 1*x_1 + 3*x_1 x_2 + 1*x_1 x_3 + -1*x_1 x_4 + 3*x_1 x_5 + -4*x_2 + -1*x_2 x_3 + -3*x_2 x_5 + -4*x_3 + 4*x_3 x_4 + 4*x_3 x_5 + -2*x_4 + 2*x_4 x_5 + -2*x_5,"['quadratic_knapsack', 'knapsack', 'cardinality']",14,8,1,2,False,False,8,8,0,{'Hadamard': 8},{},3215,1375,1839,"{'CNOT': 1838, 'RZ': 1357, 'X': 6, 'PhaseShift': 1, 'CRZ': 1, 'C(RZ, num_ctrl_wires=2,num_zero_ctrl=0)': 1, 'RX': 11}",{},14,8,8,8,0,{'Hadamard': 8},1383,1383,1844,"{'CNOT': 1844, 'RZ': 1369, 'RX': 14}"
72,"['10*x_5 + 8*x_1 + 2*x_7 + 1*x_6 + 4*x_2 <= 10', 'x_4 - x_6 - x_1 - x_7 == 0']",flow+knapsack,8,2, 2*x_0 + -5*x_0 x_1 + 2*x_0 x_2 + 3*x_0 x_3 + -4*x_0 x_4 + -1*x_0 x_5 + -3*x_0 x_6 + -2*x_0 x_7 + 2*x_1 + -5*x_1 x_2 + 3*x_1 x_3 + -2*x_1 x_4 + 4*x_1 x_5 + -5*x_1 x_6 + 1*x_1 x_7 + -5*x_2 + 4*x_2 x_3 + 4*x_2 x_4 + -1*x_2 x_5 + -5*x_2 x_7 + -1*x_3 + 1*x_3 x_4 + 1*x_3 x_5 + 4*x_3 x_6 + 3*x_3 x_7 + -1*x_4 + -5*x_4 x_5 + -2*x_4 x_6 + -2*x_4 x_7 + -3*x_5 + -4*x_5 x_7 + 4*x_6 + 3*x_6 x_7 + -1*x_7,"['flow', 'knapsack']",12,4,1,1,False,False,13,5,8,"{'Hadamard': 4, 'RY': 1, 'CRY': 2, 'CNOT': 5, 'SWAP': 1}",{},308,176,132,"{'CNOT': 132, 'RZ': 160, 'RY': 8, 'RX': 8}",{},12,4,4,4,0,{'Hadamard': 4},194,194,136,"{'CNOT': 136, 'RZ': 182, 'RX': 12}"
73,"['2*x_0 + 2*x_4 + 9*x_2 + 10*x_1 + 4*x_6 <= 18', 'x_0 - x_2 - x_3 == 0']",flow+knapsack,7,2, 3*x_0 + -2*x_0 x_2 + -1*x_0 x_3 + -5*x_0 x_4 + 1*x_0 x_5 + 2*x_0 x_6 + -5*x_1 x_2 + -4*x_1 x_3 + -3*x_1 x_4 + -2*x_1 x_5 + 2*x_1 x_6 + 4*x_2 + 3*x_2 x_3 + -2*x_2 x_4 + -1*x_2 x_5 + 4*x_3 + 3*x_3 x_4 + 4*x_3 x_6 + -3*x_4 + -3*x_4 x_5 + 3*x_4 x_6 + 3*x_5 + 4*x_5 x_6 + -4*x_6,"['flow', 'knapsack']",12,5,1,1,False,False,11,6,5,"{'Hadamard': 5, 'RY': 1, 'CRY': 1, 'CNOT': 3, 'SWAP': 1}",{},327,195,132,"{'CNOT': 132, 'RZ': 180, 'RY': 6, 'RX': 9}",{},12,5,5,5,0,{'Hadamard': 5},204,204,132,"{'CNOT': 132, 'RZ': 192, 'RX': 12}"
74,"['4*x_0*x_0 + 5*x_0*x_1 + 2*x_0*x_3 + 5*x_0*x_2 + 4*x_1*x_1 + 3*x_1*x_3 + 5*x_1*x_2 + 3*x_3*x_3 + 2*x_3*x_2 + 3*x_2*x_2 <= 22', 'x_3 + x_2 + x_1 >= 1']",cardinality+quadratic_knapsack,4,2, 4*x_0 x_1 + 1*x_0 x_2 + 1*x_0 x_3 + -1*x_1 + 1*x_1 x_2 + 4*x_1 x_3 + -2*x_2 + -1*x_2 x_3 + 4*x_3,"['cardinality', 'quadratic_knapsack']",9,5,1,1,True,True,5,5,0,{'Hadamard': 5},{},1422,648,774,"{'CNOT': 774, 'RZ': 639, 'RX': 9}",{},11,7,7,7,0,{'Hadamard': 7},690,690,794,"{'CNOT': 794, 'RZ': 679, 'RX': 11}"
75,"['2*x_5 + 5*x_6 + 2*x_2 <= 5', 'x_4 + x_3 + x_2 + x_0 + x_6 <= 5']",knapsack+cardinality,7,2, -3*x_0 + -4*x_0 x_1 + -4*x_0 x_2 + -1*x_0 x_4 + 4*x_0 x_5 + 2*x_0 x_6 + 4*x_1 + 4*x_1 x_2 + -1*x_1 x_3 + -1*x_1 x_4 + 1*x_1 x_5 + -1*x_1 x_6 + -3*x_2 + -4*x_2 x_3 + -2*x_2 x_4 + 1*x_2 x_6 + -1*x_3 + 4*x_3 x_4 + -1*x_3 x_5 + -3*x_3 x_6 + -1*x_4 + -3*x_4 x_5 + 2*x_5 + 3*x_5 x_6 + -1*x_6,"['knapsack', 'cardinality']",10,3,1,1,False,False,40,4,30,"{'Hadamard': 3, 'RY': 1, 'CRY': 8, 'SWAP': 2, 'CNOT': 20, 'C(RY, num_ctrl_wires=2,num_zero_ctrl=0)': 6}",{},241,99,127,"{'CNOT': 106, 'RZ': 81, 'RY': 2, 'CRY': 16, 'SWAP': 4, 'C(RY, num_ctrl_wires=2,num_zero_ctrl=0)': 12, 'X': 10, 'PhaseShift': 1, 'CRZ': 1, 'C(RZ, num_ctrl_wires=2,num_zero_ctrl=0)': 1, 'C(RZ, num_ctrl_wires=3,num_zero_ctrl=0)': 1, 'C(RZ, num_ctrl_wires=4,num_zero_ctrl=0)': 1, 'RX': 5}",{},13,6,6,6,0,{'Hadamard': 6},194,194,122,"{'CNOT': 122, 'RZ': 181, 'RX': 13}"
76,"['1*x_5 + 4*x_0 + 8*x_3 + 10*x_2 + 8*x_4 <= 16', '5*x_3*x_3 + 3*x_3*x_0 + 4*x_3*x_1 + 5*x_3*x_5 + 1*x_3*x_6 + 1*x_0*x_0 + 4*x_0*x_1 + 2*x_0*x_5 + 3*x_0*x_6 + 4*x_1*x_1 + 5*x_1*x_5 + 1*x_1*x_6 + 1*x_5*x_5 + 5*x_5*x_6 + 2*x_6*x_6 <= 17', 'x_4 + x_1 <= 0']",cardinality+knapsack+quadratic_knapsack,7,3, 3*x_0 + -2*x_0 x_2 + -1*x_0 x_3 + -5*x_0 x_4 + 1*x_0 x_5 + 2*x_0 x_6 + -5*x_1 x_2 + -4*x_1 x_3 + -3*x_1 x_4 + -2*x_1 x_5 + 2*x_1 x_6 + 4*x_2 + 3*x_2 x_3 + -2*x_2 x_4 + -1*x_2 x_5 + 4*x_3 + 3*x_3 x_4 + 4*x_3 x_6 + -3*x_4 + -3*x_4 x_5 + 3*x_4 x_6 + 3*x_5 + 4*x_5 x_6 + -4*x_6,"['cardinality', 'knapsack', 'quadratic_knapsack']",17,10,1,2,False,False,10,10,0,{'Hadamard': 10},{},3387,1480,1907,"{'CNOT': 1906, 'RZ': 1460, 'X': 4, 'PhaseShift': 1, 'CRZ': 1, 'RX': 15}",{},17,10,10,10,0,{'Hadamard': 10},1482,1482,1908,"{'CNOT': 1908, 'RZ': 1465, 'RX': 17}"
77,"['x_2 + x_3 + x_6 <= 1', 'x_5 + x_7 + x_6 == 3', 'x_6 + x_4 + x_5 + x_1 <= 4']",cardinality+cardinality+cardinality,8,3, 4*x_0 + 4*x_0 x_1 + -3*x_0 x_2 + -3*x_0 x_3 + -1*x_0 x_4 + 2*x_0 x_5 + 1*x_0 x_6 + -2*x_0 x_7 + -4*x_1 + -4*x_1 x_2 + 4*x_1 x_3 + 4*x_1 x_4 + -2*x_1 x_5 + 3*x_1 x_6 + -5*x_1 x_7 + -3*x_2 + 4*x_2 x_3 + -1*x_2 x_4 + 4*x_2 x_5 + -1*x_2 x_7 + -2*x_3 + 3*x_3 x_4 + 4*x_3 x_5 + 4*x_3 x_6 + -1*x_4 + 4*x_4 x_5 + -1*x_4 x_6 + 4*x_4 x_7 + -3*x_5 + 4*x_5 x_6 + 3*x_5 x_7 + -5*x_6 + 4*x_6 x_7 + 4*x_7,"['cardinality', 'cardinality', 'cardinality']",11,3,1,2,False,False,11,4,7,"{'Hadamard': 3, 'RY': 1, 'CRY': 2, 'SWAP': 1, 'CNOT': 4}",{},259,143,115,"{'CNOT': 108, 'RZ': 126, 'RY': 2, 'CRY': 4, 'SWAP': 2, 'X': 6, 'PhaseShift': 1, 'CRZ': 1, 'C(RZ, num_ctrl_wires=2,num_zero_ctrl=0)': 1, 'RX': 8}",{},12,4,4,4,0,{'Hadamard': 4},164,164,112,"{'CNOT': 112, 'RZ': 152, 'RX': 12}"
78,"['5*x_3*x_3 + 2*x_3*x_2 + 2*x_3*x_0 + 3*x_3*x_5 + 1*x_3*x_4 + 1*x_2*x_2 + 4*x_2*x_0 + 4*x_2*x_5 + 3*x_2*x_4 + 1*x_0*x_0 + 3*x_0*x_5 + 1*x_0*x_4 + 5*x_5*x_5 + 1*x_5*x_4 + 5*x_4*x_4 <= 23', '7*x_3 + 10*x_6 + 9*x_1 <= 8']",quadratic_knapsack+knapsack,7,2, 3*x_0 x_2 + 3*x_0 x_3 + 3*x_0 x_4 + -1*x_0 x_5 + 4*x_0 x_6 + -2*x_1 + -2*x_1 x_3 + 2*x_1 x_4 + -5*x_1 x_5 + 3*x_1 x_6 + 1*x_2 + -3*x_2 x_3 + -5*x_2 x_4 + 2*x_2 x_5 + 1*x_2 x_6 + 4*x_3 + -1*x_3 x_5 + -2*x_3 x_6 + -4*x_4 + 3*x_4 x_5 + -1*x_4 x_6 + -4*x_5 + 2*x_5 x_6 + -1*x_6,"['quadratic_knapsack', 'knapsack']",11,4,1,1,True,True,4,4,0,{'Hadamard': 4},{},190,112,78,"{'CNOT': 78, 'RZ': 101, 'RX': 11}",{},16,9,9,9,0,{'Hadamard': 9},1397,1397,1858,"{'CNOT': 1858, 'RZ': 1381, 'RX': 16}"
79,"['2*x_3*x_3 + 5*x_3*x_1 + 2*x_3*x_0 + 2*x_1*x_1 + 1*x_1*x_0 + 1*x_0*x_0 <= 7', 'x_2*x_0 == 0']",independent_set+quadratic_knapsack,4,2, 1*x_0 + -4*x_0 x_1 + 3*x_0 x_2 + 1*x_0 x_3 + -3*x_1 x_2 + -5*x_1 x_3 + -3*x_2 + -5*x_2 x_3 + -3*x_3,"['independent_set', 'quadratic_knapsack']",7,3,1,1,False,False,8,4,4,"{'Hadamard': 3, 'RY': 1, 'CRY': 1, 'SWAP': 1, 'CNOT': 2}",{},451,226,225,"{'CNOT': 220, 'RZ': 214, 'RY': 2, 'CRY': 2, 'SWAP': 2, 'X': 4, 'PhaseShift': 1, 'CRZ': 1, 'RX': 5}",{},7,3,3,3,0,{'Hadamard': 3},224,224,218,"{'CNOT': 218, 'RZ': 217, 'RX': 7}"
80,"['1*x_3*x_3 + 5*x_3*x_1 + 4*x_3*x_4 + 2*x_1*x_1 + 2*x_1*x_4 + 2*x_4*x_4 <= 8', 'x_0 + x_7 + x_2 == 2', 'x_3 + x_0 + x_4 + x_1 <= 1']",cardinality+quadratic_knapsack+cardinality,8,3, 1*x_0 + -3*x_0 x_1 + -5*x_0 x_2 + -2*x_0 x_3 + -2*x_0 x_4 + -4*x_0 x_5 + -5*x_0 x_6 + -2*x_0 x_7 + -2*x_1 + 2*x_1 x_4 + 4*x_1 x_5 + -2*x_1 x_6 + -4*x_1 x_7 + -1*x_2 + -5*x_2 x_4 + 4*x_2 x_5 + 2*x_2 x_6 + 2*x_2 x_7 + -5*x_3 + -5*x_3 x_4 + 2*x_3 x_5 + 1*x_3 x_6 + -3*x_3 x_7 + -2*x_4 + -1*x_4 x_5 + 1*x_4 x_6 + 4*x_4 x_7 + 3*x_5 + -2*x_5 x_6 + -2*x_5 x_7 + -5*x_6 + 1*x_6 x_7 + -3*x_7,"['cardinality', 'quadratic_knapsack', 'cardinality']",9,1,2,1,True,True,13,3,9,"{'Hadamard': 1, 'X': 2, 'CNOT': 5, 'CRY': 3, 'CSWAP': 1, 'SWAP': 1}",{},161,85,76,"{'CNOT': 76, 'RZ': 73, 'RY': 6, 'RX': 6}",{},13,5,5,5,0,{'Hadamard': 5},346,346,322,"{'CNOT': 322, 'RZ': 333, 'RX': 13}"
81,"['3*x_2*x_2 + 1*x_2*x_1 + 5*x_2*x_0 + 2*x_2*x_4 + 5*x_2*x_3 + 2*x_1*x_1 + 5*x_1*x_0 + 5*x_1*x_4 + 5*x_1*x_3 + 2*x_0*x_0 + 3*x_0*x_4 + 3*x_0*x_3 + 4*x_4*x_4 + 1*x_4*x_3 + 5*x_3*x_3 <= 18', '4*x_1*x_1 + 1*x_1*x_4 + 2*x_1*x_2 + 4*x_1*x_0 + 1*x_1*x_3 + 2*x_4*x_4 + 3*x_4*x_2 + 1*x_4*x_0 + 1*x_4*x_3 + 3*x_2*x_2 + 3*x_2*x_0 + 4*x_2*x_3 + 1*x_0*x_0 + 3*x_0*x_3 + 2*x_3*x_3 <= 11']",quadratic_knapsack+quadratic_knapsack,6,2, -2*x_0 x_1 + -2*x_0 x_2 + -4*x_0 x_3 + 2*x_0 x_4 + -4*x_0 x_5 + 1*x_1 + 3*x_1 x_2 + 1*x_1 x_3 + -1*x_1 x_4 + 3*x_1 x_5 + -4*x_2 + -1*x_2 x_3 + -3*x_2 x_5 + -4*x_3 + 4*x_3 x_4 + 4*x_3 x_5 + -2*x_4 + 2*x_4 x_5 + -2*x_5,"['quadratic_knapsack', 'quadratic_knapsack']",10,4,1,1,True,True,4,4,0,{'Hadamard': 4},{},2901,1211,1690,"{'CNOT': 1690, 'RZ': 1201, 'RX': 10}",{},15,9,9,9,0,{'Hadamard': 9},2496,2496,3470,"{'CNOT': 3470, 'RZ': 2481, 'RX': 15}"
82,"['x_0 + x_1 + x_3 + x_4 + x_2 <= 3', 'x_4 + x_2 == 1']",cardinality+cardinality,5,2, -3*x_0 + 1*x_0 x_1 + 2*x_0 x_2 + 1*x_0 x_3 + 2*x_0 x_4 + 3*x_1 + 3*x_1 x_2 + 2*x_1 x_3 + 1*x_1 x_4 + -2*x_2 + -1*x_2 x_3 + -1*x_2 x_4 + 2*x_3 + -3*x_3 x_4 + -2*x_4,"['cardinality', 'cardinality']",7,2,1,1,False,False,5,3,2,"{'Hadamard': 2, 'X': 1, 'CNOT': 1, 'CRY': 1}",{},166,100,66,"{'CNOT': 66, 'RZ': 91, 'RY': 4, 'RX': 5}",{},7,2,2,2,0,{'Hadamard': 2},105,105,64,"{'CNOT': 64, 'RZ': 98, 'RX': 7}"
83,"['1*x_3*x_3 + 4*x_3*x_2 + 1*x_3*x_4 + 5*x_3*x_0 + 2*x_2*x_2 + 3*x_2*x_4 + 3*x_2*x_0 + 5*x_4*x_4 + 4*x_4*x_0 + 5*x_0*x_0 <= 22', 'x_3 + x_1 >= 2']",quadratic_knapsack+cardinality,5,2, -2*x_0 + -3*x_0 x_1 + -2*x_0 x_2 + -3*x_0 x_3 + -1*x_0 x_4 + -5*x_1 + 2*x_1 x_2 + -1*x_1 x_3 + -4*x_1 x_4 + -2*x_2 + -4*x_2 x_3 + -1*x_2 x_4 + -5*x_3 + -5*x_3 x_4,"['quadratic_knapsack', 'cardinality']",5,0,1,1,True,True,0,0,0,{},{},49,27,22,"{'CNOT': 22, 'RZ': 22, 'RX': 5}",{},10,5,5,5,0,{'Hadamard': 5},661,661,784,"{'CNOT': 784, 'RZ': 651, 'RX': 10}"
84,"['5*x_4*x_4 + 3*x_4*x_2 + 5*x_4*x_3 + 4*x_2*x_2 + 5*x_2*x_3 + 3*x_3*x_3 <= 14', '5*x_5*x_5 + 1*x_5*x_0 + 3*x_5*x_4 + 1*x_5*x_1 + 4*x_0*x_0 + 1*x_0*x_4 + 5*x_0*x_1 + 4*x_4*x_4 + 2*x_4*x_1 + 3*x_1*x_1 <= 19']",quadratic_knapsack+quadratic_knapsack,6,2, -5*x_0 + -4*x_0 x_1 + -3*x_0 x_2 + -5*x_0 x_3 + 1*x_0 x_4 + -4*x_0 x_5 + -3*x_1 + -1*x_1 x_2 + 3*x_1 x_3 + -2*x_1 x_4 + 4*x_1 x_5 + -2*x_2 + -1*x_2 x_3 + -4*x_2 x_4 + 4*x_3 + -5*x_3 x_4 + 4*x_3 x_5 + -2*x_4 + -5*x_5,"['quadratic_knapsack', 'quadratic_knapsack']",11,5,1,1,True,True,5,5,0,{'Hadamard': 5},{},1447,659,788,"{'CNOT': 788, 'RZ': 648, 'RX': 11}",{},15,9,9,9,0,{'Hadamard': 9},908,908,1034,"{'CNOT': 1034, 'RZ': 893, 'RX': 15}"
85,"['2*x_7*x_7 + 5*x_7*x_0 + 2*x_7*x_6 + 2*x_0*x_0 + 1*x_0*x_6 + 1*x_6*x_6 <= 7', '7*x_1 + 10*x_7 + 9*x_2 <= 8', 'x_5 + x_4 + x_1 <= 0']",quadratic_knapsack+cardinality+knapsack,8,3, 1*x_0 + -3*x_0 x_1 + -5*x_0 x_2 + -2*x_0 x_3 + -2*x_0 x_4 + -4*x_0 x_5 + -5*x_0 x_6 + -2*x_0 x_7 + -2*x_1 + 2*x_1 x_4 + 4*x_1 x_5 + -2*x_1 x_6 + -4*x_1 x_7 + -1*x_2 + -5*x_2 x_4 + 4*x_2 x_5 + 2*x_2 x_6 + 2*x_2 x_7 + -5*x_3 + -5*x_3 x_4 + 2*x_3 x_5 + 1*x_3 x_6 + -3*x_3 x_7 + -2*x_4 + -1*x_4 x_5 + 1*x_4 x_6 + 4*x_4 x_7 + 3*x_5 + -2*x_5 x_6 + -2*x_5 x_7 + -5*x_6 + 1*x_6 x_7 + -3*x_7,"['quadratic_knapsack', 'cardinality', 'knapsack']",12,4,2,1,True,True,4,4,0,{'Hadamard': 4},{},220,126,93,"{'CNOT': 92, 'RZ': 110, 'X': 6, 'PhaseShift': 1, 'CRZ': 1, 'C(RZ, num_ctrl_wires=2,num_zero_ctrl=0)': 1, 'RX': 9}",{},15,7,7,7,0,{'Hadamard': 7},341,341,302,"{'CNOT': 302, 'RZ': 326, 'RX': 15}"
86,"['1*x_6 + 9*x_5 + 5*x_0 + 2*x_1 + 10*x_3 <= 10', '8*x_3 + 5*x_1 + 7*x_6 + 4*x_2 <= 11', 'x_3 + x_4 + x_5 + x_6 + x_0 >= 0']",cardinality+knapsack+knapsack,7,3, -1*x_0 + 4*x_0 x_1 + 1*x_0 x_2 + -2*x_0 x_3 + 3*x_0 x_4 + -1*x_0 x_5 + 4*x_0 x_6 + 2*x_1 + 2*x_1 x_2 + -1*x_1 x_3 + -2*x_1 x_4 + -1*x_1 x_5 + 3*x_1 x_6 + -1*x_2 + -5*x_2 x_3 + -2*x_2 x_4 + 2*x_2 x_5 + -1*x_2 x_6 + 2*x_3 + -1*x_3 x_5 + -3*x_4 + 3*x_4 x_5 + -2*x_4 x_6 + -1*x_5 x_6 + -5*x_6,"['cardinality', 'knapsack', 'knapsack']",15,8,1,2,True,True,8,8,0,{'Hadamard': 8},{},433,267,166,"{'CNOT': 166, 'RZ': 252, 'RX': 15}",{},18,11,11,11,0,{'Hadamard': 11},362,362,222,"{'CNOT': 222, 'RZ': 344, 'RX': 18}"
87,"['1*x_4*x_4 + 4*x_4*x_5 + 1*x_4*x_2 + 5*x_4*x_3 + 2*x_5*x_5 + 3*x_5*x_2 + 3*x_5*x_3 + 5*x_2*x_2 + 4*x_2*x_3 + 5*x_3*x_3 <= 22', '3*x_0*x_0 + 1*x_0*x_3 + 3*x_0*x_2 + 4*x_0*x_4 + 5*x_3*x_3 + 4*x_3*x_2 + 2*x_3*x_4 + 2*x_2*x_2 + 4*x_2*x_4 + 4*x_4*x_4 <= 17', 'x_1 + x_4 + x_0 == 3']",cardinality+quadratic_knapsack+quadratic_knapsack,6,3, -5*x_0 + -4*x_0 x_1 + -3*x_0 x_2 + -5*x_0 x_3 + 1*x_0 x_4 + -4*x_0 x_5 + -3*x_1 + -1*x_1 x_2 + 3*x_1 x_3 + -2*x_1 x_4 + 4*x_1 x_5 + -2*x_2 + -1*x_2 x_3 + -4*x_2 x_4 + 4*x_3 + -5*x_3 x_4 + 4*x_3 x_5 + -2*x_4 + -5*x_5,"['cardinality', 'quadratic_knapsack', 'quadratic_knapsack']",16,10,1,2,False,False,13,13,0,"{'Hadamard': 10, 'X': 3}",{},2852,1296,1556,"{'CNOT': 1556, 'RZ': 1277, 'RY': 6, 'RX': 13}",{},16,10,10,10,0,{'Hadamard': 10},1308,1308,1556,"{'CNOT': 1556, 'RZ': 1292, 'RX': 16}"
88,"['x_2 + x_0 == 1', 'x_4 + x_5 + x_1 + x_0 + x_3 == 0']",assignment+cardinality,6,2, 1*x_0 + 4*x_0 x_1 + 3*x_0 x_2 + -1*x_0 x_3 + -3*x_0 x_4 + -1*x_1 + -5*x_1 x_2 + -3*x_1 x_3 + -2*x_1 x_4 + -1*x_1 x_5 + -1*x_2 + 4*x_2 x_4 + -5*x_2 x_5 + 3*x_3 + 4*x_3 x_4 + -1*x_3 x_5 + -3*x_4 + 3*x_4 x_5 + 2*x_5,"['assignment', 'cardinality']",6,0,1,1,False,False,3,1,2,"{'X': 1, 'CNOT': 1, 'CRY': 1}",{},110,60,50,"{'CNOT': 50, 'RZ': 52, 'RY': 4, 'RX': 4}",{},6,0,0,0,0,{},65,65,48,"{'CNOT': 48, 'RZ': 59, 'RX': 6}"
89,"['2*x_6*x_6 + 4*x_6*x_4 + 4*x_6*x_5 + 4*x_6*x_0 + 5*x_6*x_2 + 1*x_4*x_4 + 2*x_4*x_5 + 2*x_4*x_0 + 5*x_4*x_2 + 1*x_5*x_5 + 3*x_5*x_0 + 1*x_5*x_2 + 5*x_0*x_0 + 4*x_0*x_2 + 1*x_2*x_2 <= 28', 'x_0 + x_2 + x_4 + x_1 + x_3 <= 2']",cardinality+quadratic_knapsack,7,2, 3*x_0 + -2*x_0 x_2 + -1*x_0 x_3 + -5*x_0 x_4 + 1*x_0 x_5 + 2*x_0 x_6 + -5*x_1 x_2 + -4*x_1 x_3 + -3*x_1 x_4 + -2*x_1 x_5 + 2*x_1 x_6 + 4*x_2 + 3*x_2 x_3 + -2*x_2 x_4 + -1*x_2 x_5 + 4*x_3 + 3*x_3 x_4 + 4*x_3 x_6 + -3*x_4 + -3*x_4 x_5 + 3*x_4 x_6 + 3*x_5 + 4*x_5 x_6 + -4*x_6,"['cardinality', 'quadratic_knapsack']",12,5,1,1,False,False,30,6,21,"{'Hadamard': 5, 'RY': 1, 'CRY': 5, 'SWAP': 2, 'CNOT': 14, 'C(RY, num_ctrl_wires=2,num_zero_ctrl=0)': 3}",{},3193,1325,1859,"{'CNOT': 1844, 'RZ': 1305, 'RY': 2, 'CRY': 10, 'SWAP': 4, 'C(RY, num_ctrl_wires=2,num_zero_ctrl=0)': 6, 'X': 10, 'PhaseShift': 1, 'CRZ': 1, 'C(RZ, num_ctrl_wires=2,num_zero_ctrl=0)': 1, 'C(RZ, num_ctrl_wires=3,num_zero_ctrl=0)': 1, 'C(RZ, num_ctrl_wires=4,num_zero_ctrl=0)': 1, 'RX': 7}",{},14,7,7,7,0,{'Hadamard': 7},1396,1396,1858,"{'CNOT': 1858, 'RZ': 1382, 'RX': 14}"
90,"['x_1 + x_4 + x_3 + x_0 >= 3', 'x_2 + x_5 + x_0 + x_3 == 2']",cardinality+cardinality,6,2, -5*x_0 + -1*x_0 x_1 + 3*x_0 x_2 + -5*x_0 x_3 + 1*x_0 x_4 + -5*x_0 x_5 + -1*x_1 + 2*x_1 x_2 + 1*x_1 x_3 + -4*x_1 x_4 + 2*x_1 x_5 + 3*x_2 + -4*x_2 x_4 + 2*x_2 x_5 + 3*x_3 + 2*x_3 x_4 + -1*x_3 x_5 + 4*x_4 + 2*x_5,"['cardinality', 'cardinality']",7,1,1,1,False,False,19,3,14,"{'Hadamard': 1, 'X': 2, 'CNOT': 8, 'CRY': 4, 'C(RY, num_ctrl_wires=2,num_zero_ctrl=0)': 1, 'CSWAP': 1, 'SWAP': 2}",{},124,70,54,"{'CNOT': 54, 'RZ': 59, 'RY': 8, 'RX': 3}",{},7,1,1,1,0,{'Hadamard': 1},92,92,58,"{'CNOT': 58, 'RZ': 85, 'RX': 7}"
91,"['1*x_3*x_3 + 4*x_3*x_2 + 1*x_3*x_1 + 5*x_3*x_5 + 2*x_2*x_2 + 3*x_2*x_1 + 3*x_2*x_5 + 5*x_1*x_1 + 4*x_1*x_5 + 5*x_5*x_5 <= 22', 'x_1 + x_3 + x_4 == 2']",cardinality+quadratic_knapsack,6,2, -2*x_0 + -4*x_0 x_1 + 2*x_0 x_2 + 2*x_0 x_3 + 3*x_0 x_4 + -5*x_0 x_5 + -1*x_1 + 1*x_1 x_3 + -2*x_1 x_4 + -5*x_2 x_3 + 4*x_2 x_4 + 3*x_2 x_5 + 3*x_3 + -3*x_3 x_4 + 2*x_3 x_5 + -1*x_4 + 2*x_4 x_5 + 3*x_5,"['cardinality', 'quadratic_knapsack']",11,5,1,1,False,False,17,7,9,"{'Hadamard': 5, 'X': 2, 'CNOT': 5, 'CRY': 3, 'CSWAP': 1, 'SWAP': 1}",{},1456,662,794,"{'CNOT': 794, 'RZ': 648, 'RY': 6, 'RX': 8}",{},11,5,5,5,0,{'Hadamard': 5},674,674,794,"{'CNOT': 794, 'RZ': 663, 'RX': 11}"
92,"['4*x_1*x_1 + 1*x_1*x_0 + 4*x_1*x_7 + 3*x_1*x_5 + 4*x_0*x_0 + 5*x_0*x_7 + 4*x_0*x_5 + 3*x_7*x_7 + 5*x_7*x_5 + 5*x_5*x_5 <= 24', '4*x_7 + 2*x_5 + 10*x_3 + 8*x_6 <= 13', 'x_0 + x_5 + x_7 - x_2 == 0']",quadratic_knapsack+flow+knapsack,8,3, 1*x_0 + -3*x_0 x_1 + -5*x_0 x_2 + -2*x_0 x_3 + -2*x_0 x_4 + -4*x_0 x_5 + -5*x_0 x_6 + -2*x_0 x_7 + -2*x_1 + 2*x_1 x_4 + 4*x_1 x_5 + -2*x_1 x_6 + -4*x_1 x_7 + -1*x_2 + -5*x_2 x_4 + 4*x_2 x_5 + 2*x_2 x_6 + 2*x_2 x_7 + -5*x_3 + -5*x_3 x_4 + 2*x_3 x_5 + 1*x_3 x_6 + -3*x_3 x_7 + -2*x_4 + -1*x_4 x_5 + 1*x_4 x_6 + 4*x_4 x_7 + 3*x_5 + -2*x_5 x_6 + -2*x_5 x_7 + -5*x_6 + 1*x_6 x_7 + -3*x_7,"['quadratic_knapsack', 'flow', 'knapsack']",17,9,1,2,False,False,18,10,8,"{'Hadamard': 9, 'RY': 1, 'CRY': 2, 'CNOT': 5, 'SWAP': 1}",{},1659,783,876,"{'CNOT': 876, 'RZ': 762, 'RY': 8, 'RX': 13}",{},17,9,9,9,0,{'Hadamard': 9},801,801,880,"{'CNOT': 880, 'RZ': 784, 'RX': 17}"
93,"['5*x_3*x_3 + 3*x_3*x_4 + 1*x_3*x_1 + 5*x_3*x_2 + 3*x_4*x_4 + 1*x_4*x_1 + 4*x_4*x_2 + 5*x_1*x_1 + 5*x_1*x_2 + 1*x_2*x_2 <= 20', 'x_2 + x_5 + x_4 - x_0 - x_3 == 0', 'x_3 + x_5 + x_1 + x_0 <= 1']",flow+cardinality+quadratic_knapsack,6,3, 4*x_0 + 4*x_0 x_1 + -3*x_0 x_2 + -2*x_0 x_3 + -5*x_0 x_4 + 4*x_0 x_5 + -2*x_1 + -5*x_1 x_2 + -2*x_1 x_3 + 3*x_1 x_4 + -5*x_1 x_5 + -1*x_2 + -3*x_2 x_3 + -5*x_2 x_4 + 2*x_2 x_5 + 2*x_3 + 3*x_3 x_4 + -1*x_3 x_5 + -4*x_4 + -2*x_4 x_5 + -2*x_5,"['flow', 'cardinality', 'quadratic_knapsack']",12,6,1,2,False,False,24,7,16,"{'Hadamard': 6, 'RY': 1, 'CRY': 4, 'CNOT': 10, 'SWAP': 2, 'C(RY, num_ctrl_wires=2,num_zero_ctrl=0)': 1}",{},1529,707,822,"{'CNOT': 822, 'RZ': 690, 'RY': 10, 'RX': 7}",{},12,6,6,6,0,{'Hadamard': 6},737,737,832,"{'CNOT': 832, 'RZ': 725, 'RX': 12}"
94,"['2*x_3*x_3 + 5*x_3*x_2 + 4*x_3*x_0 + 4*x_3*x_1 + 3*x_3*x_4 + 4*x_2*x_2 + 4*x_2*x_0 + 1*x_2*x_1 + 2*x_2*x_4 + 3*x_0*x_0 + 1*x_0*x_1 + 4*x_0*x_4 + 3*x_1*x_1 + 4*x_1*x_4 + 3*x_4*x_4 <= 16', 'x_0 + x_2 + x_3 + x_1 + x_4 >= 2', 'x_3 + x_0 + x_1 == 0']",cardinality+cardinality+quadratic_knapsack,5,3, 2*x_0 + -1*x_0 x_2 + -4*x_0 x_3 + 1*x_0 x_4 + -5*x_1 + -2*x_1 x_2 + -1*x_1 x_3 + 1*x_1 x_4 + 3*x_2 + -5*x_2 x_3 + -5*x_2 x_4 + -5*x_3 x_4 + 3*x_4,"['cardinality', 'cardinality', 'quadratic_knapsack']",12,7,1,2,False,False,7,7,0,{'Hadamard': 7},{},3231,1385,1846,"{'CNOT': 1846, 'RZ': 1370, 'RY': 6, 'RX': 9}",{},12,7,7,7,0,{'Hadamard': 7},1394,1394,1846,"{'CNOT': 1846, 'RZ': 1382, 'RX': 12}"
95,"['1*x_5*x_5 + 5*x_5*x_0 + 2*x_5*x_3 + 2*x_5*x_6 + 3*x_0*x_0 + 2*x_0*x_3 + 3*x_0*x_6 + 2*x_3*x_3 + 4*x_3*x_6 + 5*x_6*x_6 <= 13', 'x_3 + x_7 + x_4 - x_6 - x_0 == 0']",quadratic_knapsack+flow,8,2, 4*x_0 + 4*x_0 x_1 + -3*x_0 x_2 + -3*x_0 x_3 + -1*x_0 x_4 + 2*x_0 x_5 + 1*x_0 x_6 + -2*x_0 x_7 + -4*x_1 + -4*x_1 x_2 + 4*x_1 x_3 + 4*x_1 x_4 + -2*x_1 x_5 + 3*x_1 x_6 + -5*x_1 x_7 + -3*x_2 + 4*x_2 x_3 + -1*x_2 x_4 + 4*x_2 x_5 + -1*x_2 x_7 + -2*x_3 + 3*x_3 x_4 + 4*x_3 x_5 + 4*x_3 x_6 + -1*x_4 + 4*x_4 x_5 + -1*x_4 x_6 + 4*x_4 x_7 + -3*x_5 + 4*x_5 x_6 + 3*x_5 x_7 + -5*x_6 + 4*x_6 x_7 + 4*x_7,"['quadratic_knapsack', 'flow']",12,4,1,1,False,False,22,5,16,"{'Hadamard': 4, 'RY': 1, 'CRY': 4, 'CNOT': 10, 'SWAP': 2, 'C(RY, num_ctrl_wires=2,num_zero_ctrl=0)': 1}",{},1360,612,748,"{'CNOT': 748, 'RZ': 595, 'RY': 10, 'RX': 7}",{},12,4,4,4,0,{'Hadamard': 4},642,642,758,"{'CNOT': 758, 'RZ': 630, 'RX': 12}"
96,"['1*x_6*x_6 + 4*x_6*x_1 + 1*x_6*x_0 + 5*x_6*x_4 + 2*x_1*x_1 + 3*x_1*x_0 + 3*x_1*x_4 + 5*x_0*x_0 + 4*x_0*x_4 + 5*x_4*x_4 <= 22', 'x_4 + x_6 + x_1 + x_2 + x_5 <= 1', 'x_5 + x_6 + x_1 + x_4 <= 2']",quadratic_knapsack+cardinality+cardinality,7,3, -4*x_0 + -1*x_0 x_1 + 4*x_0 x_2 + 2*x_0 x_3 + -5*x_0 x_4 + 2*x_0 x_5 + -5*x_0 x_6 + 3*x_1 + 3*x_1 x_2 + 4*x_1 x_4 + 3*x_1 x_5 + -2*x_1 x_6 + -5*x_2 + 2*x_2 x_3 + -5*x_2 x_4 + 1*x_2 x_5 + 3*x_2 x_6 + -5*x_3 + -4*x_3 x_4 + 4*x_3 x_5 + 1*x_3 x_6 + -4*x_4 + -5*x_4 x_5 + -5*x_4 x_6 + -3*x_5 x_6 + 3*x_6,"['quadratic_knapsack', 'cardinality', 'cardinality']",14,7,1,2,False,False,22,8,14,"{'Hadamard': 7, 'RY': 1, 'CRY': 4, 'SWAP': 2, 'CNOT': 8}",{},1599,735,861,"{'CNOT': 848, 'RZ': 713, 'RY': 2, 'CRY': 8, 'SWAP': 4, 'X': 10, 'PhaseShift': 1, 'CRZ': 1, 'C(RZ, num_ctrl_wires=2,num_zero_ctrl=0)': 1, 'C(RZ, num_ctrl_wires=3,num_zero_ctrl=0)': 1, 'C(RZ, num_ctrl_wires=4,num_zero_ctrl=0)': 1, 'RX': 9}",{},15,8,8,8,0,{'Hadamard': 8},785,785,862,"{'CNOT': 862, 'RZ': 770, 'RX': 15}"
97,"['x_1 + x_3 + x_4 + x_2 == 4', 'x_4 + x_1 + x_2 + x_0 >= 1']",cardinality+cardinality,5,2, -2*x_0 + -3*x_0 x_1 + -2*x_0 x_2 + -3*x_0 x_3 + -1*x_0 x_4 + -5*x_1 + 2*x_1 x_2 + -1*x_1 x_3 + -4*x_1 x_4 + -2*x_2 + -4*x_2 x_3 + -1*x_2 x_4 + -5*x_3 + -5*x_3 x_4,"['cardinality', 'cardinality']",7,2,1,1,False,False,6,6,0,"{'Hadamard': 2, 'X': 4}",{},141,83,58,"{'CNOT': 58, 'RZ': 72, 'RY': 8, 'RX': 3}",{},7,2,2,2,0,{'Hadamard': 2},105,105,62,"{'CNOT': 62, 'RZ': 98, 'RX': 7}"
98,"['2*x_1*x_1 + 5*x_1*x_3 + 4*x_1*x_0 + 4*x_1*x_5 + 3*x_1*x_6 + 4*x_3*x_3 + 4*x_3*x_0 + 1*x_3*x_5 + 2*x_3*x_6 + 3*x_0*x_0 + 1*x_0*x_5 + 4*x_0*x_6 + 3*x_5*x_5 + 4*x_5*x_6 + 3*x_6*x_6 <= 16', '2*x_4 + 2*x_0 + 9*x_2 + 10*x_5 + 4*x_1 <= 18', 'x_5 + x_2 + x_6 == 1']",quadratic_knapsack+assignment+knapsack,7,3, -1*x_0 + 4*x_0 x_1 + 1*x_0 x_2 + -2*x_0 x_3 + 3*x_0 x_4 + -1*x_0 x_5 + 4*x_0 x_6 + 2*x_1 + 2*x_1 x_2 + -1*x_1 x_3 + -2*x_1 x_4 + -1*x_1 x_5 + 3*x_1 x_6 + -1*x_2 + -5*x_2 x_3 + -2*x_2 x_4 + 2*x_2 x_5 + -1*x_2 x_6 + 2*x_3 + -1*x_3 x_5 + -3*x_4 + 3*x_4 x_5 + -2*x_4 x_6 + -1*x_5 x_6 + -5*x_6,"['quadratic_knapsack', 'assignment', 'knapsack']",17,10,1,2,False,False,15,11,4,"{'Hadamard': 10, 'X': 1, 'CNOT': 2, 'CRY': 2}",{},3395,1481,1914,"{'CNOT': 1914, 'RZ': 1461, 'RY': 6, 'RX': 14}",{},17,10,10,10,0,{'Hadamard': 10},1493,1493,1914,"{'CNOT': 1914, 'RZ': 1476, 'RX': 17}"
99,"['x_0 + x_5 <= 1', 'x_4 + x_6 + x_5 + x_3 + x_1 <= 5', 'x_6 + x_0 >= 1']",cardinality+cardinality+cardinality,7,3, 4*x_0 + 4*x_0 x_1 + 1*x_0 x_2 + 3*x_0 x_3 + 1*x_0 x_4 + -3*x_0 x_5 + -3*x_0 x_6 + -5*x_1 + -2*x_1 x_2 + -5*x_1 x_3 + -4*x_1 x_4 + -4*x_1 x_5 + 1*x_2 + 4*x_2 x_3 + 2*x_2 x_4 + -4*x_2 x_5 + -4*x_2 x_6 + -2*x_3 + 2*x_3 x_4 + -5*x_3 x_5 + -2*x_3 x_6 + 2*x_4 + 1*x_4 x_5 + 3*x_4 x_6 + 4*x_5 + -4*x_5 x_6 + -2*x_6,"['cardinality', 'cardinality', 'cardinality']",11,4,1,2,False,False,9,5,4,"{'Hadamard': 4, 'RY': 1, 'CRY': 1, 'SWAP': 1, 'CNOT': 2}",{},269,158,111,"{'CNOT': 106, 'RZ': 142, 'RY': 2, 'CRY': 2, 'SWAP': 2, 'X': 4, 'PhaseShift': 1, 'CRZ': 1, 'RX': 9}",{},12,5,5,5,0,{'Hadamard': 5},169,169,108,"{'CNOT': 108, 'RZ': 157, 'RX': 12}"
100,"['2*x_5 + 10*x_1 + 4*x_2 <= 6', 'x_4 - x_3 - x_1 - x_0 == 0']",knapsack+flow,6,2, 4*x_0 + -1*x_0 x_1 + 3*x_0 x_2 + -1*x_0 x_3 + -4*x_0 x_4 + 1*x_0 x_5 + 3*x_1 + 1*x_1 x_2 + -3*x_1 x_3 + -5*x_1 x_4 + -2*x_1 x_5 + -2*x_2 + -4*x_2 x_3 + -3*x_2 x_4 + 2*x_2 x_5 + -5*x_3 + -2*x_3 x_4 + 4*x_4 + -5*x_5,"['knapsack', 'flow']",9,3,1,1,False,False,12,4,8,"{'Hadamard': 3, 'RY': 1, 'CRY': 2, 'CNOT': 5, 'SWAP': 1}",{},153,89,64,"{'CNOT': 64, 'RZ': 76, 'RY': 8, 'RX': 5}",{},9,3,3,3,0,{'Hadamard': 3},107,107,68,"{'CNOT': 68, 'RZ': 98, 'RX': 9}"
101,"['1*x_0*x_0 + 4*x_0*x_1 + 1*x_0*x_4 + 2*x_0*x_2 + 5*x_1*x_1 + 4*x_1*x_4 + 3*x_1*x_2 + 5*x_4*x_4 + 4*x_4*x_2 + 2*x_2*x_2 <= 18', 'x_3 - x_4 - x_2 == 0']",quadratic_knapsack+flow,5,2, 4*x_0 + -3*x_0 x_1 + -2*x_0 x_2 + -5*x_0 x_3 + -5*x_0 x_4 + 4*x_1 x_2 + 2*x_1 x_4 + 4*x_2 + 1*x_2 x_3 + -4*x_2 x_4 + -3*x_3 + -1*x_3 x_4 + -4*x_4,"['quadratic_knapsack', 'flow']",10,5,1,1,False,False,11,6,5,"{'Hadamard': 5, 'RY': 1, 'CRY': 1, 'CNOT': 3, 'SWAP': 1}",{},1442,656,786,"{'CNOT': 786, 'RZ': 643, 'RY': 6, 'RX': 7}",{},10,5,5,5,0,{'Hadamard': 5},665,665,786,"{'CNOT': 786, 'RZ': 655, 'RX': 10}"
102,"['x_3 + x_6 + x_2 + x_0 + x_4 <= 4', 'x_5 + x_2 + x_0 + x_6 + x_4 <= 5']",cardinality+cardinality,7,2, 3*x_0 + 4*x_0 x_1 + 1*x_0 x_2 + -5*x_0 x_3 + -5*x_0 x_4 + -4*x_1 + -4*x_1 x_2 + -3*x_1 x_3 + -4*x_1 x_4 + 1*x_1 x_6 + 3*x_2 + 3*x_2 x_3 + 1*x_2 x_4 + -1*x_2 x_5 + -4*x_3 + 2*x_3 x_4 + 1*x_3 x_5 + -5*x_3 x_6 + -5*x_4 + -3*x_4 x_5 + 4*x_4 x_6 + -4*x_5 + -3*x_5 x_6 + 4*x_6,"['cardinality', 'cardinality']",10,3,1,1,False,False,39,4,29,"{'Hadamard': 3, 'RY': 1, 'CRY': 7, 'SWAP': 2, 'CNOT': 20, 'C(RY, num_ctrl_wires=2,num_zero_ctrl=0)': 6}",{},306,142,149,"{'CNOT': 130, 'RZ': 124, 'RY': 2, 'CRY': 14, 'SWAP': 4, 'C(RY, num_ctrl_wires=2,num_zero_ctrl=0)': 12, 'X': 10, 'PhaseShift': 1, 'CRZ': 1, 'C(RZ, num_ctrl_wires=2,num_zero_ctrl=0)': 1, 'C(RZ, num_ctrl_wires=3,num_zero_ctrl=0)': 1, 'C(RZ, num_ctrl_wires=4,num_zero_ctrl=0)': 1, 'RX': 5}",{},13,6,6,6,0,{'Hadamard': 6},237,237,146,"{'CNOT': 146, 'RZ': 224, 'RX': 13}"
103,"['4*x_4*x_4 + 4*x_4*x_2 + 1*x_4*x_0 + 5*x_4*x_1 + 5*x_2*x_2 + 5*x_2*x_0 + 5*x_2*x_1 + 1*x_0*x_0 + 4*x_0*x_1 + 1*x_1*x_1 <= 11', '6*x_5 + 7*x_4 + 8*x_0 + 9*x_2 + 5*x_1 <= 14', 'x_2 + x_1 + x_4 + x_3 + x_5 <= 0']",knapsack+quadratic_knapsack+cardinality,6,3, 1*x_0 + 4*x_0 x_1 + 3*x_0 x_2 + -1*x_0 x_3 + -3*x_0 x_4 + -1*x_1 + -5*x_1 x_2 + -3*x_1 x_3 + -2*x_1 x_4 + -1*x_1 x_5 + -1*x_2 + 4*x_2 x_4 + -5*x_2 x_5 + 3*x_3 + 4*x_3 x_4 + -1*x_3 x_5 + -3*x_4 + 3*x_4 x_5 + 2*x_5,"['knapsack', 'quadratic_knapsack', 'cardinality']",14,8,1,2,False,False,8,8,0,{'Hadamard': 8},{},1512,724,785,"{'CNOT': 784, 'RZ': 704, 'X': 10, 'PhaseShift': 1, 'CRZ': 1, 'C(RZ, num_ctrl_wires=2,num_zero_ctrl=0)': 1, 'C(RZ, num_ctrl_wires=3,num_zero_ctrl=0)': 1, 'C(RZ, num_ctrl_wires=4,num_zero_ctrl=0)': 1, 'RX': 9}",{},14,8,8,8,0,{'Hadamard': 8},753,753,804,"{'CNOT': 804, 'RZ': 739, 'RX': 14}"
104,"['x_1 + x_0 + x_2 >= 0', 'x_2 + x_1 + x_0 >= 2']",cardinality+cardinality,3,2, 3*x_0 + 1*x_0 x_2 + -3*x_1 + -1*x_1 x_2 + -4*x_2,"['cardinality', 'cardinality']",4,1,1,1,True,True,1,1,0,{'Hadamard': 1},{},51,35,16,"{'CNOT': 16, 'RZ': 31, 'RX': 4}",{},6,3,3,3,0,{'Hadamard': 3},72,72,36,"{'CNOT': 36, 'RZ': 66, 'RX': 6}"
105,"['x_0 + x_3 + x_2 >= 3', 'x_2 + x_5 + x_3 >= 2', 'x_3 + x_7 + x_4 + x_2 == 2']",cardinality+cardinality+cardinality,8,3, -5*x_0 + 4*x_0 x_1 + 3*x_0 x_3 + -3*x_0 x_4 + 4*x_0 x_5 + 3*x_0 x_6 + 2*x_0 x_7 + -1*x_1 + 2*x_1 x_2 + -5*x_1 x_3 + 1*x_1 x_4 + 2*x_1 x_5 + 2*x_1 x_6 + -4*x_1 x_7 + 4*x_2 + -1*x_2 x_3 + -3*x_2 x_4 + 3*x_2 x_5 + 2*x_2 x_6 + -3*x_3 x_4 + 1*x_3 x_5 + -4*x_3 x_6 + -2*x_3 x_7 + -3*x_4 + 1*x_4 x_6 + -3*x_4 x_7 + -3*x_5 + 2*x_5 x_6 + 1*x_5 x_7 + 3*x_6 + 4*x_6 x_7 + 4*x_7,"['cardinality', 'cardinality', 'cardinality']",9,1,1,2,False,False,19,3,14,"{'Hadamard': 1, 'X': 2, 'CNOT': 8, 'CRY': 4, 'C(RY, num_ctrl_wires=2,num_zero_ctrl=0)': 1, 'CSWAP': 1, 'SWAP': 2}",{},162,86,76,"{'CNOT': 76, 'RZ': 73, 'RY': 8, 'RX': 5}",{},9,1,1,1,0,{'Hadamard': 1},108,108,80,"{'CNOT': 80, 'RZ': 99, 'RX': 9}"
106,"['7*x_3 + 7*x_1 + 10*x_2 + 2*x_5 <= 10', 'x_4 + x_3 + x_5 + x_1 <= 4']",knapsack+cardinality,6,2, -5*x_0 + -4*x_0 x_1 + -3*x_0 x_2 + -5*x_0 x_3 + 1*x_0 x_4 + -4*x_0 x_5 + -3*x_1 + -1*x_1 x_2 + 3*x_1 x_3 + -2*x_1 x_4 + 4*x_1 x_5 + -2*x_2 + -1*x_2 x_3 + -4*x_2 x_4 + 4*x_3 + -5*x_3 x_4 + 4*x_3 x_5 + -2*x_4 + -5*x_5,"['knapsack', 'cardinality']",10,4,1,1,False,False,28,5,20,"{'Hadamard': 4, 'RY': 1, 'CRY': 6, 'SWAP': 2, 'CNOT': 12, 'C(RY, num_ctrl_wires=2,num_zero_ctrl=0)': 3}",{},267,136,123,"{'CNOT': 106, 'RZ': 119, 'RY': 2, 'CRY': 12, 'SWAP': 4, 'C(RY, num_ctrl_wires=2,num_zero_ctrl=0)': 6, 'X': 8, 'PhaseShift': 1, 'CRZ': 1, 'C(RZ, num_ctrl_wires=2,num_zero_ctrl=0)': 1, 'C(RZ, num_ctrl_wires=3,num_zero_ctrl=0)': 1, 'RX': 6}",{},13,7,7,7,0,{'Hadamard': 7},209,209,124,"{'CNOT': 124, 'RZ': 196, 'RX': 13}"
107,"['1*x_3*x_3 + 1*x_3*x_0 + 3*x_3*x_1 + 2*x_3*x_5 + 1*x_0*x_0 + 2*x_0*x_1 + 3*x_0*x_5 + 2*x_1*x_1 + 3*x_1*x_5 + 3*x_5*x_5 <= 7', 'x_2 + x_0 + x_3 >= 3', 'x_3 + x_4 + x_1 == 1']",cardinality+quadratic_knapsack+cardinality,6,3, -2*x_0 x_1 + -2*x_0 x_2 + -4*x_0 x_3 + 2*x_0 x_4 + -4*x_0 x_5 + 1*x_1 + 3*x_1 x_2 + 1*x_1 x_3 + -1*x_1 x_4 + 3*x_1 x_5 + -4*x_2 + -1*x_2 x_3 + -3*x_2 x_5 + -4*x_3 + 4*x_3 x_4 + 4*x_3 x_5 + -2*x_4 + 2*x_4 x_5 + -2*x_5,"['cardinality', 'quadratic_knapsack', 'cardinality']",9,3,1,2,False,False,8,4,4,"{'Hadamard': 3, 'X': 1, 'CNOT': 2, 'CRY': 2}",{},1195,543,652,"{'CNOT': 652, 'RZ': 531, 'RY': 6, 'RX': 6}",{},9,3,3,3,0,{'Hadamard': 3},555,555,652,"{'CNOT': 652, 'RZ': 546, 'RX': 9}"
108,"['9*x_1 + 9*x_2 + 4*x_7 + 1*x_0 <= 9', 'x_2 + x_0 + x_7 + x_3 <= 4', 'x_5 + x_0 + x_7 + x_2 + x_1 <= 5']",knapsack+cardinality+cardinality,8,3, 2*x_0 + -5*x_0 x_1 + 2*x_0 x_2 + 3*x_0 x_3 + -4*x_0 x_4 + -1*x_0 x_5 + -3*x_0 x_6 + -2*x_0 x_7 + 2*x_1 + -5*x_1 x_2 + 3*x_1 x_3 + -2*x_1 x_4 + 4*x_1 x_5 + -5*x_1 x_6 + 1*x_1 x_7 + -5*x_2 + 4*x_2 x_3 + 4*x_2 x_4 + -1*x_2 x_5 + -5*x_2 x_7 + -1*x_3 + 1*x_3 x_4 + 1*x_3 x_5 + 4*x_3 x_6 + 3*x_3 x_7 + -1*x_4 + -5*x_4 x_5 + -2*x_4 x_6 + -2*x_4 x_7 + -3*x_5 + -4*x_5 x_7 + 4*x_6 + 3*x_6 x_7 + -1*x_7,"['knapsack', 'cardinality', 'cardinality']",15,7,1,2,False,False,44,8,30,"{'Hadamard': 7, 'RY': 1, 'CRY': 8, 'SWAP': 2, 'CNOT': 20, 'C(RY, num_ctrl_wires=2,num_zero_ctrl=0)': 6}",{},460,234,211,"{'CNOT': 190, 'RZ': 211, 'RY': 2, 'CRY': 16, 'SWAP': 4, 'C(RY, num_ctrl_wires=2,num_zero_ctrl=0)': 12, 'X': 10, 'PhaseShift': 1, 'CRZ': 1, 'C(RZ, num_ctrl_wires=2,num_zero_ctrl=0)': 1, 'C(RZ, num_ctrl_wires=3,num_zero_ctrl=0)': 1, 'C(RZ, num_ctrl_wires=4,num_zero_ctrl=0)': 1, 'RX': 10}",{},18,10,10,10,0,{'Hadamard': 10},329,329,206,"{'CNOT': 206, 'RZ': 311, 'RX': 18}"
109,"['2*x_0 + 10*x_2 + 4*x_4 <= 6', '4*x_1 + 5*x_3 + 3*x_0 + 7*x_4 + 6*x_2 <= 11', 'x_2 + x_0 == 0']",knapsack+knapsack+cardinality,5,3, -3*x_0 + -4*x_0 x_1 + -5*x_0 x_2 + -4*x_0 x_3 + -2*x_0 x_4 + -4*x_1 + -1*x_1 x_2 + -3*x_1 x_3 + -2*x_1 x_4 + -5*x_2 + 4*x_2 x_3 + 1*x_2 x_4 + -2*x_3 + -4*x_3 x_4 + 1*x_4,"['knapsack', 'knapsack', 'cardinality']",12,7,1,2,False,False,7,7,0,{'Hadamard': 7},{},338,212,126,"{'CNOT': 126, 'RZ': 198, 'RY': 4, 'RX': 10}",{},12,7,7,7,0,{'Hadamard': 7},215,215,124,"{'CNOT': 124, 'RZ': 203, 'RX': 12}"
110,"['1*x_3 + 10*x_5 + 3*x_1 + 5*x_2 + 1*x_7 <= 12', 'x_1 + x_0 + x_3 + x_4 + x_6 >= 5']",cardinality+knapsack,8,2, 2*x_0 + 3*x_0 x_1 + -2*x_0 x_3 + -1*x_0 x_4 + 3*x_0 x_5 + 4*x_0 x_6 + -5*x_0 x_7 + 4*x_1 + 2*x_1 x_2 + -4*x_1 x_3 + -2*x_1 x_4 + -4*x_1 x_5 + -3*x_1 x_6 + -2*x_1 x_7 + -4*x_2 x_3 + 2*x_2 x_4 + 3*x_2 x_5 + 1*x_2 x_6 + -4*x_2 x_7 + 1*x_3 + -1*x_3 x_4 + 3*x_3 x_5 + -1*x_3 x_6 + -5*x_4 + -4*x_4 x_5 + -5*x_4 x_6 + -3*x_4 x_7 + 3*x_5 + 4*x_5 x_6 + -3*x_5 x_7 + -3*x_7,"['cardinality', 'knapsack']",12,4,1,1,False,False,9,9,0,"{'Hadamard': 4, 'X': 5}",{},286,164,122,"{'CNOT': 122, 'RZ': 157, 'RX': 7}",{},12,4,4,4,0,{'Hadamard': 4},209,209,142,"{'CNOT': 142, 'RZ': 197, 'RX': 12}"
111,"['5*x_1*x_1 + 1*x_1*x_0 + 3*x_1*x_4 + 1*x_1*x_2 + 4*x_0*x_0 + 1*x_0*x_4 + 5*x_0*x_2 + 4*x_4*x_4 + 2*x_4*x_2 + 3*x_2*x_2 <= 19', 'x_2 + x_1 + x_4 + x_0 + x_3 <= 3']",cardinality+quadratic_knapsack,5,2, -3*x_0 + -1*x_0 x_2 + -5*x_0 x_3 + 2*x_0 x_4 + 1*x_1 + -4*x_1 x_2 + -3*x_1 x_3 + -3*x_1 x_4 + -2*x_2 + -2*x_2 x_3 + 1*x_2 x_4 + 1*x_3 + -2*x_3 x_4 + -2*x_4,"['cardinality', 'quadratic_knapsack']",10,5,1,1,False,False,37,6,26,"{'Hadamard': 5, 'RY': 1, 'CRY': 6, 'SWAP': 2, 'CNOT': 18, 'C(RY, num_ctrl_wires=2,num_zero_ctrl=0)': 5}",{},1507,661,833,"{'CNOT': 816, 'RZ': 643, 'RY': 2, 'CRY': 12, 'SWAP': 4, 'C(RY, num_ctrl_wires=2,num_zero_ctrl=0)': 10, 'X': 10, 'PhaseShift': 1, 'CRZ': 1, 'C(RZ, num_ctrl_wires=2,num_zero_ctrl=0)': 1, 'C(RZ, num_ctrl_wires=3,num_zero_ctrl=0)': 1, 'C(RZ, num_ctrl_wires=4,num_zero_ctrl=0)': 1, 'RX': 5}",{},12,7,7,7,0,{'Hadamard': 7},732,732,822,"{'CNOT': 822, 'RZ': 720, 'RX': 12}"
112,"['10*x_1 + 1*x_0 + 9*x_2 <= 7', '5*x_3*x_3 + 1*x_3*x_0 + 2*x_3*x_1 + 5*x_0*x_0 + 1*x_0*x_1 + 3*x_1*x_1 <= 6', 'x_1*x_0 == 0']",independent_set+quadratic_knapsack+knapsack,4,3, -3*x_0 + -3*x_0 x_2 + -3*x_0 x_3 + -5*x_1 + -4*x_1 x_2 + -2*x_2 + 3*x_2 x_3 + -2*x_3,"['independent_set', 'quadratic_knapsack', 'knapsack']",10,6,1,2,False,False,11,7,4,"{'Hadamard': 6, 'RY': 1, 'CRY': 1, 'SWAP': 1, 'CNOT': 2}",{},535,284,251,"{'CNOT': 246, 'RZ': 269, 'RY': 2, 'CRY': 2, 'SWAP': 2, 'X': 4, 'PhaseShift': 1, 'CRZ': 1, 'RX': 8}",{},10,6,6,6,0,{'Hadamard': 6},282,282,244,"{'CNOT': 244, 'RZ': 272, 'RX': 10}"
113,"['4*x_1 + 6*x_6 + 2*x_2 + 10*x_3 <= 7', 'x_5 + x_6 + x_0 + x_2 + x_4 == 3', 'x_7 + x_2 - x_0 - x_1 - x_6 == 0']",flow+cardinality+knapsack,8,3, 4*x_0 + 4*x_0 x_1 + -3*x_0 x_2 + -3*x_0 x_3 + -1*x_0 x_4 + 2*x_0 x_5 + 1*x_0 x_6 + -2*x_0 x_7 + -4*x_1 + -4*x_1 x_2 + 4*x_1 x_3 + 4*x_1 x_4 + -2*x_1 x_5 + 3*x_1 x_6 + -5*x_1 x_7 + -3*x_2 + 4*x_2 x_3 + -1*x_2 x_4 + 4*x_2 x_5 + -1*x_2 x_7 + -2*x_3 + 3*x_3 x_4 + 4*x_3 x_5 + 4*x_3 x_6 + -1*x_4 + 4*x_4 x_5 + -1*x_4 x_6 + 4*x_4 x_7 + -3*x_5 + 4*x_5 x_6 + 3*x_5 x_7 + -5*x_6 + 4*x_6 x_7 + 4*x_7,"['flow', 'cardinality', 'knapsack']",11,3,1,2,False,False,21,4,16,"{'Hadamard': 3, 'RY': 1, 'CRY': 4, 'CNOT': 10, 'SWAP': 2, 'C(RY, num_ctrl_wires=2,num_zero_ctrl=0)': 1}",{},291,167,124,"{'CNOT': 124, 'RZ': 151, 'RY': 10, 'RX': 6}",{},11,3,3,3,0,{'Hadamard': 3},197,197,134,"{'CNOT': 134, 'RZ': 186, 'RX': 11}"
114,"['x_0 + x_3 + x_4 + x_1 + x_2 >= 1', 'x_1 - x_3 == 0', 'x_5 + x_3 + x_2 - x_4 - x_0 - x_1 == 0']",flow+flow+cardinality,7,3, 3*x_0 + -2*x_0 x_2 + -1*x_0 x_3 + -5*x_0 x_4 + 1*x_0 x_5 + 2*x_0 x_6 + -5*x_1 x_2 + -4*x_1 x_3 + -3*x_1 x_4 + -2*x_1 x_5 + 2*x_1 x_6 + 4*x_2 + 3*x_2 x_3 + -2*x_2 x_4 + -1*x_2 x_5 + 4*x_3 + 3*x_3 x_4 + 4*x_3 x_6 + -3*x_4 + -3*x_4 x_5 + 3*x_4 x_6 + 3*x_5 + 4*x_5 x_6 + -4*x_6,"['flow', 'flow', 'cardinality']",10,3,1,2,False,False,5,4,1,"{'Hadamard': 3, 'RY': 1, 'CNOT': 1}",{},314,188,126,"{'CNOT': 126, 'RZ': 176, 'RY': 4, 'RX': 8}",{},10,3,3,3,0,{'Hadamard': 3},191,191,124,"{'CNOT': 124, 'RZ': 181, 'RX': 10}"
115,"['4*x_3 + 2*x_2 + 10*x_4 + 8*x_1 <= 13', 'x_2 + x_3 + x_0 - x_4 - x_1 == 0', 'x_4 + x_1 + x_2 + x_3 + x_0 >= 1']",cardinality+flow+knapsack,5,3, 1*x_0 + 2*x_0 x_1 + -2*x_0 x_2 + 1*x_0 x_3 + 2*x_0 x_4 + -2*x_1 + -1*x_1 x_2 + -2*x_1 x_3 + 2*x_1 x_4 + -1*x_2 + -1*x_2 x_3 + -2*x_2 x_4 + -4*x_3 + 4*x_3 x_4 + 3*x_4,"['cardinality', 'flow', 'knapsack']",12,7,1,2,False,False,25,8,16,"{'Hadamard': 7, 'RY': 1, 'CRY': 4, 'CNOT': 10, 'SWAP': 2, 'C(RY, num_ctrl_wires=2,num_zero_ctrl=0)': 1}",{},374,232,142,"{'CNOT': 142, 'RZ': 215, 'RY': 10, 'RX': 7}",{},12,7,7,7,0,{'Hadamard': 7},262,262,152,"{'CNOT': 152, 'RZ': 250, 'RX': 12}"
116,"['3*x_3*x_3 + 1*x_3*x_2 + 3*x_3*x_0 + 4*x_3*x_1 + 5*x_2*x_2 + 4*x_2*x_0 + 2*x_2*x_1 + 2*x_0*x_0 + 4*x_0*x_1 + 4*x_1*x_1 <= 17', 'x_3 + x_2 <= 0']",cardinality+quadratic_knapsack,4,2, 1*x_0 + 2*x_0 x_1 + -1*x_0 x_2 + 1*x_0 x_3 + -2*x_1 + 3*x_1 x_2 + -5*x_2 + -5*x_2 x_3,"['cardinality', 'quadratic_knapsack']",9,5,1,1,False,False,5,5,0,{'Hadamard': 5},{},1423,650,773,"{'CNOT': 772, 'RZ': 638, 'X': 4, 'PhaseShift': 1, 'CRZ': 1, 'RX': 7}",{},9,5,5,5,0,{'Hadamard': 5},652,652,774,"{'CNOT': 774, 'RZ': 643, 'RX': 9}"
117,"['4*x_7 + 5*x_1 + 3*x_5 + 7*x_3 + 6*x_0 <= 11', 'x_3 + x_0 + x_1 + x_6 <= 1', 'x_5 + x_7 + x_2 + x_0 + x_6 == 0']",cardinality+knapsack+cardinality,8,3, -1*x_0 + -4*x_0 x_1 + 1*x_0 x_2 + 3*x_0 x_3 + -1*x_0 x_4 + -1*x_0 x_5 + -1*x_0 x_6 + 1*x_0 x_7 + 4*x_1 + -3*x_1 x_2 + 3*x_1 x_3 + 4*x_1 x_4 + -5*x_1 x_5 + -2*x_1 x_6 + -1*x_1 x_7 + -3*x_2 x_3 + -5*x_2 x_4 + 2*x_2 x_5 + -4*x_2 x_6 + -3*x_2 x_7 + -2*x_3 + 4*x_3 x_4 + -1*x_3 x_6 + -5*x_3 x_7 + -5*x_4 + -4*x_4 x_5 + 4*x_4 x_6 + -1*x_4 x_7 + -1*x_5 + 2*x_5 x_6 + 3*x_5 x_7 + -4*x_6 + -5*x_6 x_7,"['cardinality', 'knapsack', 'cardinality']",12,4,1,2,False,False,16,5,11,"{'Hadamard': 4, 'RY': 1, 'CRY': 3, 'SWAP': 2, 'CNOT': 6}",{},385,214,169,"{'CNOT': 158, 'RZ': 195, 'RY': 2, 'CRY': 6, 'SWAP': 4, 'X': 8, 'PhaseShift': 1, 'CRZ': 1, 'C(RZ, num_ctrl_wires=2,num_zero_ctrl=0)': 1, 'C(RZ, num_ctrl_wires=3,num_zero_ctrl=0)': 1, 'RX': 8}",{},13,5,5,5,0,{'Hadamard': 5},248,248,166,"{'CNOT': 166, 'RZ': 235, 'RX': 13}"
118,"['1*x_1*x_1 + 2*x_1*x_0 + 1*x_1*x_3 + 1*x_0*x_0 + 5*x_0*x_3 + 1*x_3*x_3 <= 6', '3*x_1*x_1 + 1*x_1*x_2 + 3*x_1*x_3 + 1*x_2*x_2 + 4*x_2*x_3 + 3*x_3*x_3 <= 5']",quadratic_knapsack+quadratic_knapsack,5,2, -3*x_0 + -1*x_0 x_2 + -5*x_0 x_3 + 2*x_0 x_4 + 1*x_1 + -4*x_1 x_2 + -3*x_1 x_3 + -3*x_1 x_4 + -2*x_2 + -2*x_2 x_3 + 1*x_2 x_4 + 1*x_3 + -2*x_3 x_4 + -2*x_4,"['quadratic_knapsack', 'quadratic_knapsack']",8,3,1,1,True,False,86,46,40,"{'Hadamard': 6, 'CNOT': 40, 'RZ': 28, 'RX': 12}","{'Hadamard': 3, 'CNOT': 40, 'RZ': 28, 'RX': 12}",614,312,302,"{'CNOT': 302, 'RZ': 274, 'RX': 32, 'Hadamard': 6}","{'Hadamard': 6, 'CNOT': 80, 'RZ': 56, 'RX': 24}",11,6,6,6,0,{'Hadamard': 6},433,433,426,"{'CNOT': 426, 'RZ': 422, 'RX': 11}"
119,"['2*x_1 + 6*x_2 + 1*x_0 <= 3', '4*x_2*x_2 + 4*x_2*x_3 + 1*x_2*x_1 + 5*x_2*x_0 + 5*x_3*x_3 + 5*x_3*x_1 + 5*x_3*x_0 + 1*x_1*x_1 + 4*x_1*x_0 + 1*x_0*x_0 <= 11']",quadratic_knapsack+knapsack,4,2, 1*x_0 + -4*x_0 x_1 + 3*x_0 x_2 + 1*x_0 x_3 + -3*x_1 x_2 + -5*x_1 x_3 + -3*x_2 + -5*x_2 x_3 + -3*x_3,"['quadratic_knapsack', 'knapsack']",6,2,1,1,True,True,2,2,0,{'Hadamard': 2},{},88,56,32,"{'CNOT': 32, 'RZ': 50, 'RX': 6}",{},10,6,6,6,0,{'Hadamard': 6},621,621,718,"{'CNOT': 718, 'RZ': 611, 'RX': 10}"
120,"['3*x_1*x_1 + 1*x_1*x_3 + 3*x_1*x_6 + 5*x_3*x_3 + 2*x_3*x_6 + 2*x_6*x_6 <= 8', '3*x_2*x_2 + 1*x_2*x_7 + 3*x_2*x_5 + 1*x_7*x_7 + 4*x_7*x_5 + 3*x_5*x_5 <= 5', 'x_6 + x_7 + x_3 + x_4 + x_0 >= 2']",cardinality+quadratic_knapsack+quadratic_knapsack,8,3, 1*x_0 + -5*x_0 x_1 + -1*x_0 x_2 + 4*x_0 x_3 + -2*x_0 x_4 + 2*x_0 x_5 + -1*x_0 x_6 + 1*x_1 x_2 + -5*x_1 x_3 + -1*x_1 x_4 + 2*x_1 x_5 + 3*x_1 x_6 + -4*x_1 x_7 + -4*x_2 + -5*x_2 x_3 + -5*x_2 x_4 + -3*x_2 x_5 + 3*x_2 x_7 + -5*x_3 + -2*x_3 x_4 + -1*x_3 x_5 + -2*x_3 x_6 + -4*x_3 x_7 + -2*x_4 + 3*x_4 x_5 + -4*x_4 x_6 + 4*x_4 x_7 + -5*x_5 + -3*x_5 x_7 + -5*x_6 + -1*x_6 x_7,"['cardinality', 'quadratic_knapsack', 'quadratic_knapsack']",15,7,1,2,True,True,7,7,0,{'Hadamard': 7},{},997,497,500,"{'CNOT': 500, 'RZ': 482, 'RX': 15}",{},17,9,9,9,0,{'Hadamard': 9},576,576,542,"{'CNOT': 542, 'RZ': 559, 'RX': 17}"
121,"['2*x_0*x_0 + 5*x_0*x_4 + 2*x_0*x_1 + 1*x_0*x_3 + 4*x_0*x_5 + 4*x_4*x_4 + 2*x_4*x_1 + 5*x_4*x_3 + 1*x_4*x_5 + 1*x_1*x_1 + 4*x_1*x_3 + 2*x_1*x_5 + 5*x_3*x_3 + 4*x_3*x_5 + 1*x_5*x_5 <= 23', '5*x_1*x_1 + 2*x_1*x_2 + 2*x_1*x_5 + 3*x_1*x_3 + 1*x_1*x_4 + 1*x_2*x_2 + 4*x_2*x_5 + 4*x_2*x_3 + 3*x_2*x_4 + 1*x_5*x_5 + 3*x_5*x_3 + 1*x_5*x_4 + 5*x_3*x_3 + 1*x_3*x_4 + 5*x_4*x_4 <= 23', 'x_1 + x_3 + x_0 <= 3']",cardinality+quadratic_knapsack+quadratic_knapsack,6,3, 2*x_0 + -5*x_0 x_1 + 2*x_0 x_2 + -4*x_0 x_3 + -2*x_0 x_4 + 4*x_0 x_5 + -4*x_1 + -5*x_1 x_2 + -5*x_1 x_3 + -5*x_1 x_4 + -5*x_1 x_5 + 1*x_2 + 4*x_2 x_3 + -1*x_2 x_4 + -1*x_2 x_5 + -5*x_3 + -5*x_3 x_5 + -1*x_4 + 1*x_4 x_5 + -1*x_5,"['cardinality', 'quadratic_knapsack', 'quadratic_knapsack']",16,10,1,2,False,False,23,11,11,"{'Hadamard': 10, 'RY': 1, 'CRY': 4, 'SWAP': 1, 'CNOT': 6, 'C(RY, num_ctrl_wires=2,num_zero_ctrl=0)': 1}",{},6216,2602,3611,"{'CNOT': 3600, 'RZ': 2580, 'RY': 2, 'CRY': 8, 'SWAP': 2, 'C(RY, num_ctrl_wires=2,num_zero_ctrl=0)': 2, 'X': 6, 'PhaseShift': 1, 'CRZ': 1, 'C(RZ, num_ctrl_wires=2,num_zero_ctrl=0)': 1, 'RX': 13}",{},18,12,12,12,0,{'Hadamard': 12},2638,2638,3608,"{'CNOT': 3608, 'RZ': 2620, 'RX': 18}"
122,"['2*x_0*x_0 + 5*x_0*x_4 + 4*x_0*x_2 + 2*x_0*x_1 + 4*x_0*x_3 + 5*x_4*x_4 + 5*x_4*x_2 + 2*x_4*x_1 + 1*x_4*x_3 + 4*x_2*x_2 + 1*x_2*x_1 + 2*x_2*x_3 + 5*x_1*x_1 + 4*x_1*x_3 + 2*x_3*x_3 <= 29', '2*x_4*x_4 + 5*x_4*x_3 + 4*x_4*x_2 + 4*x_4*x_0 + 3*x_4*x_1 + 4*x_3*x_3 + 4*x_3*x_2 + 1*x_3*x_0 + 2*x_3*x_1 + 3*x_2*x_2 + 1*x_2*x_0 + 4*x_2*x_1 + 3*x_0*x_0 + 4*x_0*x_1 + 3*x_1*x_1 <= 16']",quadratic_knapsack+quadratic_knapsack,5,2, 4*x_0 + -3*x_0 x_1 + -2*x_0 x_2 + -5*x_0 x_3 + -5*x_0 x_4 + 4*x_1 x_2 + 2*x_1 x_4 + 4*x_2 + 1*x_2 x_3 + -4*x_2 x_4 + -3*x_3 + -1*x_3 x_4 + -4*x_4,"['quadratic_knapsack', 'quadratic_knapsack']",10,5,1,1,True,True,5,5,0,{'Hadamard': 5},{},3102,1304,1798,"{'CNOT': 1798, 'RZ': 1294, 'RX': 10}",{},15,10,10,10,0,{'Hadamard': 10},2589,2589,3578,"{'CNOT': 3578, 'RZ': 2574, 'RX': 15}"
123,"['6*x_1 + 7*x_5 + 8*x_3 + 9*x_2 + 5*x_6 <= 14', 'x_0 + x_5 + x_6 - x_1 - x_3 - x_2 == 0', 'x_3 + x_6 + x_1 + x_2 + x_5 == 2']",knapsack+flow+cardinality,7,3, 4*x_0 + 2*x_0 x_1 + -5*x_0 x_3 + 2*x_0 x_4 + -3*x_0 x_5 + 1*x_0 x_6 + -3*x_1 + -4*x_1 x_2 + -1*x_1 x_3 + 1*x_1 x_4 + 3*x_1 x_5 + 2*x_1 x_6 + 4*x_2 x_3 + -1*x_2 x_4 + -3*x_2 x_5 + 4*x_2 x_6 + 2*x_3 + -2*x_3 x_4 + 4*x_3 x_5 + -2*x_3 x_6 + 3*x_4 + -1*x_4 x_6 + 2*x_5 + -2*x_5 x_6 + -1*x_6,"['knapsack', 'flow', 'cardinality']",11,4,1,2,False,False,30,5,23,"{'Hadamard': 4, 'RY': 1, 'CRY': 6, 'CNOT': 15, 'SWAP': 2, 'C(RY, num_ctrl_wires=2,num_zero_ctrl=0)': 2}",{},349,207,142,"{'CNOT': 142, 'RZ': 190, 'RY': 12, 'RX': 5}",{},11,4,4,4,0,{'Hadamard': 4},252,252,160,"{'CNOT': 160, 'RZ': 241, 'RX': 11}"
124,"['x_3 + x_6 + x_1 - x_7 - x_4 == 0', 'x_6 + x_1 + x_7 + x_2 + x_4 == 1']",cardinality+flow,8,2, -5*x_0 + 4*x_0 x_1 + 3*x_0 x_3 + -3*x_0 x_4 + 4*x_0 x_5 + 3*x_0 x_6 + 2*x_0 x_7 + -1*x_1 + 2*x_1 x_2 + -5*x_1 x_3 + 1*x_1 x_4 + 2*x_1 x_5 + 2*x_1 x_6 + -4*x_1 x_7 + 4*x_2 + -1*x_2 x_3 + -3*x_2 x_4 + 3*x_2 x_5 + 2*x_2 x_6 + -3*x_3 x_4 + 1*x_3 x_5 + -4*x_3 x_6 + -2*x_3 x_7 + -3*x_4 + 1*x_4 x_6 + -3*x_4 x_7 + -3*x_5 + 2*x_5 x_6 + 1*x_5 x_7 + 3*x_6 + 4*x_6 x_7 + 4*x_7,"['cardinality', 'flow']",8,0,1,1,False,False,9,1,8,"{'X': 1, 'CNOT': 4, 'CRY': 4}",{},160,80,80,"{'CNOT': 80, 'RZ': 67, 'RY': 10, 'RX': 3}",{},8,0,0,0,0,{},115,115,90,"{'CNOT': 90, 'RZ': 107, 'RX': 8}"
125,"['2*x_4 + 6*x_3 + 1*x_1 <= 3', 'x_1 + x_4 == 2', 'x_2 + x_0 + x_4 == 2']",knapsack+cardinality+cardinality,6,3, -2*x_0 + -4*x_0 x_1 + 2*x_0 x_2 + 2*x_0 x_3 + 3*x_0 x_4 + -5*x_0 x_5 + -1*x_1 + 1*x_1 x_3 + -2*x_1 x_4 + -5*x_2 x_3 + 4*x_2 x_4 + 3*x_2 x_5 + 3*x_3 + -3*x_3 x_4 + 2*x_3 x_5 + -1*x_4 + 2*x_4 x_5 + 3*x_5,"['knapsack', 'cardinality', 'cardinality']",8,2,1,2,False,False,4,4,0,"{'Hadamard': 2, 'X': 2}",{},140,84,56,"{'CNOT': 56, 'RZ': 74, 'RY': 4, 'RX': 6}",{},8,2,2,2,0,{'Hadamard': 2},89,89,54,"{'CNOT': 54, 'RZ': 81, 'RX': 8}"
126,"['1*x_4 + 9*x_7 + 5*x_0 + 2*x_5 + 10*x_3 <= 10', '2*x_2*x_2 + 5*x_2*x_7 + 2*x_2*x_5 + 1*x_2*x_6 + 4*x_2*x_3 + 4*x_7*x_7 + 2*x_7*x_5 + 5*x_7*x_6 + 1*x_7*x_3 + 1*x_5*x_5 + 4*x_5*x_6 + 2*x_5*x_3 + 5*x_6*x_6 + 4*x_6*x_3 + 1*x_3*x_3 <= 23', '2*x_5*x_5 + 4*x_5*x_0 + 5*x_5*x_3 + 1*x_5*x_6 + 4*x_5*x_1 + 2*x_0*x_0 + 4*x_0*x_3 + 4*x_0*x_6 + 1*x_0*x_1 + 2*x_3*x_3 + 3*x_3*x_6 + 3*x_3*x_1 + 3*x_6*x_6 + 2*x_6*x_1 + 1*x_1*x_1 <= 19']",knapsack+quadratic_knapsack+quadratic_knapsack,8,3, 3*x_0 + -3*x_0 x_1 + 1*x_0 x_2 + 4*x_0 x_3 + 4*x_0 x_4 + 4*x_0 x_5 + -5*x_0 x_6 + -1*x_0 x_7 + -2*x_1 + -2*x_1 x_2 + 3*x_1 x_3 + -3*x_1 x_4 + -5*x_1 x_5 + -1*x_1 x_6 + 1*x_1 x_7 + -5*x_2 + 1*x_2 x_4 + -4*x_2 x_5 + -5*x_2 x_6 + 1*x_2 x_7 + 2*x_3 + 3*x_3 x_4 + 2*x_3 x_5 + -4*x_3 x_6 + -3*x_3 x_7 + -4*x_4 + -2*x_4 x_5 + -2*x_4 x_6 + -4*x_4 x_7 + -1*x_5 + 1*x_5 x_6 + -5*x_6 + -5*x_6 x_7 + 3*x_7,"['knapsack', 'quadratic_knapsack', 'quadratic_knapsack']",18,10,1,2,True,True,10,10,0,{'Hadamard': 10},{},6224,2612,3612,"{'CNOT': 3612, 'RZ': 2594, 'RX': 18}",{},22,14,14,14,0,{'Hadamard': 14},2742,2742,3684,"{'CNOT': 3684, 'RZ': 2720, 'RX': 22}"
127,"['9*x_5 + 9*x_4 + 4*x_2 + 1*x_1 <= 9', 'x_1 + x_7 + x_0 + x_3 + x_2 >= 1', 'x_4 + x_6 + x_7 == 0']",cardinality+cardinality+knapsack,8,3, 4*x_0 + 1*x_0 x_1 + -3*x_0 x_2 + -4*x_0 x_3 + -5*x_0 x_4 + -2*x_0 x_5 + -1*x_0 x_6 + 2*x_0 x_7 + -4*x_1 + 1*x_1 x_2 + 3*x_1 x_3 + 3*x_1 x_4 + -1*x_1 x_5 + -1*x_1 x_6 + -1*x_1 x_7 + -5*x_2 + 4*x_2 x_3 + -3*x_2 x_4 + 4*x_2 x_5 + -2*x_2 x_6 + -3*x_2 x_7 + -5*x_3 + -5*x_3 x_4 + -5*x_3 x_5 + -1*x_3 x_6 + -2*x_3 x_7 + -1*x_4 + -2*x_4 x_5 + 1*x_4 x_6 + -5*x_4 x_7 + -4*x_5 + -5*x_5 x_6 + 3*x_5 x_7 + 4*x_6 + -1*x_6 x_7 + 4*x_7,"['cardinality', 'cardinality', 'knapsack']",15,7,1,2,False,False,7,7,0,{'Hadamard': 7},{},428,254,174,"{'CNOT': 174, 'RZ': 236, 'RY': 6, 'RX': 12}",{},15,7,7,7,0,{'Hadamard': 7},263,263,174,"{'CNOT': 174, 'RZ': 248, 'RX': 15}"
128,"['9*x_2 + 9*x_3 + 4*x_4 + 1*x_1 <= 9', 'x_1 + x_4 <= 2', 'x_2 + x_4 <= 1']",knapsack+cardinality+cardinality,5,3, -3*x_0 + -1*x_0 x_2 + -5*x_0 x_3 + 2*x_0 x_4 + 1*x_1 + -4*x_1 x_2 + -3*x_1 x_3 + -3*x_1 x_4 + -2*x_2 + -2*x_2 x_3 + 1*x_2 x_4 + 1*x_3 + -2*x_3 x_4 + -2*x_4,"['knapsack', 'cardinality', 'cardinality']",10,5,1,2,False,False,11,6,5,"{'Hadamard': 5, 'RY': 1, 'CRY': 2, 'SWAP': 1, 'CNOT': 2}",{},235,144,91,"{'CNOT': 84, 'RZ': 129, 'RY': 2, 'CRY': 4, 'SWAP': 2, 'X': 4, 'PhaseShift': 1, 'CRZ': 1, 'RX': 8}",{},12,7,7,7,0,{'Hadamard': 7},167,167,92,"{'CNOT': 92, 'RZ': 155, 'RX': 12}"
129,"['2*x_2*x_2 + 4*x_2*x_6 + 5*x_2*x_0 + 1*x_2*x_3 + 4*x_2*x_5 + 2*x_6*x_6 + 4*x_6*x_0 + 4*x_6*x_3 + 1*x_6*x_5 + 2*x_0*x_0 + 3*x_0*x_3 + 3*x_0*x_5 + 3*x_3*x_3 + 2*x_3*x_5 + 1*x_5*x_5 <= 19', '3*x_4*x_4 + 1*x_4*x_2 + 3*x_4*x_3 + 4*x_4*x_0 + 5*x_2*x_2 + 4*x_2*x_3 + 2*x_2*x_0 + 2*x_3*x_3 + 4*x_3*x_0 + 4*x_0*x_0 <= 17', '4*x_4 + 5*x_2 + 3*x_6 + 7*x_3 + 6*x_5 <= 11']",knapsack+quadratic_knapsack+quadratic_knapsack,7,3, 3*x_0 + -2*x_0 x_2 + -1*x_0 x_3 + -5*x_0 x_4 + 1*x_0 x_5 + 2*x_0 x_6 + -5*x_1 x_2 + -4*x_1 x_3 + -3*x_1 x_4 + -2*x_1 x_5 + 2*x_1 x_6 + 4*x_2 + 3*x_2 x_3 + -2*x_2 x_4 + -1*x_2 x_5 + 4*x_3 + 3*x_3 x_4 + 4*x_3 x_6 + -3*x_4 + -3*x_4 x_5 + 3*x_4 x_6 + 3*x_5 + 4*x_5 x_6 + -4*x_6,"['knapsack', 'quadratic_knapsack', 'quadratic_knapsack']",17,10,1,2,True,True,10,10,0,{'Hadamard': 10},{},4529,1951,2578,"{'CNOT': 2578, 'RZ': 1934, 'RX': 17}",{},21,14,14,14,0,{'Hadamard': 14},2081,2081,2650,"{'CNOT': 2650, 'RZ': 2060, 'RX': 21}"
130,"['1*x_5 + 9*x_4 + 5*x_1 + 2*x_2 + 10*x_0 <= 10', '10*x_4 + 8*x_3 + 10*x_1 <= 9']",knapsack+knapsack,6,2, 4*x_0 + 4*x_0 x_1 + -3*x_0 x_2 + -2*x_0 x_3 + -5*x_0 x_4 + 4*x_0 x_5 + -2*x_1 + -5*x_1 x_2 + -2*x_1 x_3 + 3*x_1 x_4 + -5*x_1 x_5 + -1*x_2 + -3*x_2 x_3 + -5*x_2 x_4 + 2*x_2 x_5 + 2*x_3 + 3*x_3 x_4 + -1*x_3 x_5 + -4*x_4 + -2*x_4 x_5 + -2*x_5,"['knapsack', 'knapsack']",10,4,1,1,True,True,4,4,0,{'Hadamard': 4},{},180,108,72,"{'CNOT': 72, 'RZ': 98, 'RX': 10}",{},14,8,8,8,0,{'Hadamard': 8},238,238,144,"{'CNOT': 144, 'RZ': 224, 'RX': 14}"
131,"['2*x_1*x_1 + 5*x_1*x_0 + 4*x_1*x_3 + 2*x_1*x_5 + 4*x_1*x_2 + 5*x_0*x_0 + 5*x_0*x_3 + 2*x_0*x_5 + 1*x_0*x_2 + 4*x_3*x_3 + 1*x_3*x_5 + 2*x_3*x_2 + 5*x_5*x_5 + 4*x_5*x_2 + 2*x_2*x_2 <= 29', '2*x_1*x_1 + 5*x_1*x_3 + 2*x_1*x_5 + 2*x_3*x_3 + 1*x_3*x_5 + 1*x_5*x_5 <= 7', 'x_0 + x_4 + x_5 >= 1']",cardinality+quadratic_knapsack+quadratic_knapsack,6,3, -5*x_0 + -4*x_0 x_1 + -3*x_0 x_2 + -5*x_0 x_3 + 1*x_0 x_4 + -4*x_0 x_5 + -3*x_1 + -1*x_1 x_2 + 3*x_1 x_3 + -2*x_1 x_4 + 4*x_1 x_5 + -2*x_2 + -1*x_2 x_3 + -4*x_2 x_4 + 4*x_3 + -5*x_3 x_4 + 4*x_3 x_5 + -2*x_4 + -5*x_5,"['cardinality', 'quadratic_knapsack', 'quadratic_knapsack']",14,8,1,2,True,True,8,8,0,{'Hadamard': 8},{},3527,1517,2010,"{'CNOT': 2010, 'RZ': 1503, 'RX': 14}",{},16,10,10,10,0,{'Hadamard': 10},1559,1559,2030,"{'CNOT': 2030, 'RZ': 1543, 'RX': 16}"
132,"['2*x_4*x_4 + 4*x_4*x_3 + 4*x_4*x_1 + 4*x_4*x_0 + 5*x_4*x_2 + 1*x_3*x_3 + 2*x_3*x_1 + 2*x_3*x_0 + 5*x_3*x_2 + 1*x_1*x_1 + 3*x_1*x_0 + 1*x_1*x_2 + 5*x_0*x_0 + 4*x_0*x_2 + 1*x_2*x_2 <= 28', '3*x_4*x_4 + 1*x_4*x_2 + 3*x_4*x_3 + 4*x_4*x_1 + 5*x_2*x_2 + 4*x_2*x_3 + 2*x_2*x_1 + 2*x_3*x_3 + 4*x_3*x_1 + 4*x_1*x_1 <= 17', '4*x_1*x_1 + 1*x_1*x_4 + 2*x_1*x_2 + 4*x_1*x_3 + 1*x_1*x_0 + 2*x_4*x_4 + 3*x_4*x_2 + 1*x_4*x_3 + 1*x_4*x_0 + 3*x_2*x_2 + 3*x_2*x_3 + 4*x_2*x_0 + 1*x_3*x_3 + 3*x_3*x_0 + 2*x_0*x_0 <= 11']",quadratic_knapsack+quadratic_knapsack+quadratic_knapsack,5,3, 3*x_0 + -4*x_0 x_1 + -5*x_0 x_2 + -3*x_0 x_3 + 1*x_0 x_4 + -4*x_1 + 3*x_1 x_2 + -3*x_1 x_3 + -3*x_1 x_4 + -5*x_2 x_3 + 2*x_2 x_4 + -2*x_3 + -3*x_3 x_4,"['quadratic_knapsack', 'quadratic_knapsack', 'quadratic_knapsack']",15,10,1,2,True,True,10,10,0,{'Hadamard': 10},{},4501,1939,2562,"{'CNOT': 2562, 'RZ': 1924, 'RX': 15}",{},19,14,14,14,0,{'Hadamard': 14},3124,3124,4224,"{'CNOT': 4224, 'RZ': 3105, 'RX': 19}"
133,"['x_2 + x_4 + x_6 + x_5 >= 0', 'x_4 + x_2 + x_1 + x_5 == 3', 'x_6 + x_2 + x_1 - x_3 - x_4 - x_5 == 0']",cardinality+flow+cardinality,7,3, -4*x_0 + -1*x_0 x_1 + 4*x_0 x_2 + 2*x_0 x_3 + -5*x_0 x_4 + 2*x_0 x_5 + -5*x_0 x_6 + 3*x_1 + 3*x_1 x_2 + 4*x_1 x_4 + 3*x_1 x_5 + -2*x_1 x_6 + -5*x_2 + 2*x_2 x_3 + -5*x_2 x_4 + 1*x_2 x_5 + 3*x_2 x_6 + -5*x_3 + -4*x_3 x_4 + 4*x_3 x_5 + 1*x_3 x_6 + -4*x_4 + -5*x_4 x_5 + -5*x_4 x_6 + -3*x_5 x_6 + 3*x_6,"['cardinality', 'flow', 'cardinality']",10,3,1,2,False,False,26,6,17,"{'Hadamard': 3, 'X': 3, 'CNOT': 11, 'CRY': 5, 'C(RY, num_ctrl_wires=2,num_zero_ctrl=0)': 1, 'CSWAP': 2, 'SWAP': 1}",{},282,162,120,"{'CNOT': 120, 'RZ': 148, 'RY': 8, 'RX': 6}",{},10,3,3,3,0,{'Hadamard': 3},184,184,124,"{'CNOT': 124, 'RZ': 174, 'RX': 10}"
134,"['x_2 + x_5 + x_0 + x_6 + x_1 >= 2', 'x_2*x_0 == 0', 'x_6 - x_1 == 0']",flow+independent_set+cardinality,7,3, 3*x_0 + -2*x_0 x_2 + -1*x_0 x_3 + -5*x_0 x_4 + 1*x_0 x_5 + 2*x_0 x_6 + -5*x_1 x_2 + -4*x_1 x_3 + -3*x_1 x_4 + -2*x_1 x_5 + 2*x_1 x_6 + 4*x_2 + 3*x_2 x_3 + -2*x_2 x_4 + -1*x_2 x_5 + 4*x_3 + 3*x_3 x_4 + 4*x_3 x_6 + -3*x_4 + -3*x_4 x_5 + 3*x_4 x_6 + 3*x_5 + 4*x_5 x_6 + -4*x_6,"['flow', 'independent_set', 'cardinality']",9,2,2,1,False,False,9,4,5,"{'Hadamard': 2, 'RY': 2, 'CRY': 1, 'CNOT': 3, 'SWAP': 1}",{},209,118,91,"{'CNOT': 86, 'RZ': 102, 'RY': 6, 'CRY': 2, 'SWAP': 2, 'X': 4, 'PhaseShift': 1, 'CRZ': 1, 'RX': 5}",{},9,2,2,2,0,{'Hadamard': 2},119,119,82,"{'CNOT': 82, 'RZ': 110, 'RX': 9}"
135,"['x_2 + x_3 >= 0', 'x_3 + x_0 + x_2 == 3']",cardinality+cardinality,4,2, -3*x_0 + -3*x_0 x_2 + -3*x_0 x_3 + -5*x_1 + -4*x_1 x_2 + -2*x_2 + 3*x_2 x_3 + -2*x_3,"['cardinality', 'cardinality']",6,2,1,1,False,False,5,5,0,"{'Hadamard': 2, 'X': 3}",{},65,39,26,"{'CNOT': 26, 'RZ': 30, 'RY': 6, 'RX': 3}",{},6,2,2,2,0,{'Hadamard': 2},51,51,26,"{'CNOT': 26, 'RZ': 45, 'RX': 6}"
136,"['1*x_4 + 6*x_5 + 9*x_0 + 8*x_6 + 9*x_1 <= 18', 'x_7 + x_5 + x_1 + x_2 + x_4 >= 4']",cardinality+knapsack,8,2, 1*x_0 + -5*x_0 x_1 + -1*x_0 x_2 + 4*x_0 x_3 + -2*x_0 x_4 + 2*x_0 x_5 + -1*x_0 x_6 + 1*x_1 x_2 + -5*x_1 x_3 + -1*x_1 x_4 + 2*x_1 x_5 + 3*x_1 x_6 + -4*x_1 x_7 + -4*x_2 + -5*x_2 x_3 + -5*x_2 x_4 + -3*x_2 x_5 + 3*x_2 x_7 + -5*x_3 + -2*x_3 x_4 + -1*x_3 x_5 + -2*x_3 x_6 + -4*x_3 x_7 + -2*x_4 + 3*x_4 x_5 + -4*x_4 x_6 + 4*x_4 x_7 + -5*x_5 + -3*x_5 x_7 + -5*x_6 + -1*x_6 x_7,"['cardinality', 'knapsack']",13,5,1,1,True,True,5,5,0,{'Hadamard': 5},{},341,201,140,"{'CNOT': 140, 'RZ': 188, 'RX': 13}",{},14,6,6,6,0,{'Hadamard': 6},259,259,170,"{'CNOT': 170, 'RZ': 245, 'RX': 14}"
137,"['x_3 + x_0 - x_1 == 0', 'x_3 - x_0 - x_2 - x_1 == 0']",flow+flow,4,2, -3*x_0 + -3*x_0 x_2 + -3*x_0 x_3 + -5*x_1 + -4*x_1 x_2 + -2*x_2 + 3*x_2 x_3 + -2*x_3,"['flow', 'flow']",4,0,1,1,False,False,9,1,8,"{'RY': 1, 'CRY': 2, 'CNOT': 5, 'SWAP': 1}",{},50,28,22,"{'CNOT': 22, 'RZ': 20, 'RY': 8}",{},4,0,0,0,0,{},46,46,26,"{'CNOT': 26, 'RZ': 42, 'RX': 4}"
138,"['4*x_4 + 2*x_3 + 10*x_1 + 8*x_0 <= 13', 'x_2 + x_4 + x_1 + x_3 + x_0 == 2']",cardinality+knapsack,5,2, 1*x_0 + 1*x_0 x_1 + -5*x_0 x_2 + -3*x_0 x_4 + -4*x_1 + 2*x_1 x_2 + 3*x_1 x_3 + -3*x_1 x_4 + 1*x_2 + 2*x_2 x_3 + 1*x_2 x_4 + -4*x_3 + -3*x_3 x_4 + -5*x_4,"['cardinality', 'knapsack']",9,4,1,1,False,False,28,6,19,"{'Hadamard': 4, 'X': 2, 'CNOT': 11, 'CRY': 6, 'C(RY, num_ctrl_wires=2,num_zero_ctrl=0)': 1, 'CSWAP': 2, 'SWAP': 2}",{},212,128,84,"{'CNOT': 84, 'RZ': 114, 'RY': 10, 'RX': 4}",{},9,4,4,4,0,{'Hadamard': 4},163,163,94,"{'CNOT': 94, 'RZ': 154, 'RX': 9}"
139,"['2*x_4 + 5*x_7 + 2*x_5 <= 5', '5*x_0*x_0 + 3*x_0*x_5 + 5*x_0*x_2 + 4*x_5*x_5 + 5*x_5*x_2 + 3*x_2*x_2 <= 14', 'x_4 + x_5 + x_1 >= 3']",cardinality+quadratic_knapsack+knapsack,8,3, 4*x_0 + 1*x_0 x_1 + -3*x_0 x_2 + -4*x_0 x_3 + -5*x_0 x_4 + -2*x_0 x_5 + -1*x_0 x_6 + 2*x_0 x_7 + -4*x_1 + 1*x_1 x_2 + 3*x_1 x_3 + 3*x_1 x_4 + -1*x_1 x_5 + -1*x_1 x_6 + -1*x_1 x_7 + -5*x_2 + 4*x_2 x_3 + -3*x_2 x_4 + 4*x_2 x_5 + -2*x_2 x_6 + -3*x_2 x_7 + -5*x_3 + -5*x_3 x_4 + -5*x_3 x_5 + -1*x_3 x_6 + -2*x_3 x_7 + -1*x_4 + -2*x_4 x_5 + 1*x_4 x_6 + -5*x_4 x_7 + -4*x_5 + -5*x_5 x_6 + 3*x_5 x_7 + 4*x_6 + -1*x_6 x_7 + 4*x_7,"['cardinality', 'quadratic_knapsack', 'knapsack']",15,7,1,2,False,False,10,10,0,"{'Hadamard': 7, 'X': 3}",{},682,350,332,"{'CNOT': 332, 'RZ': 338, 'RX': 12}",{},15,7,7,7,0,{'Hadamard': 7},368,368,338,"{'CNOT': 338, 'RZ': 353, 'RX': 15}"
140,"['4*x_1*x_1 + 3*x_1*x_7 + 3*x_1*x_6 + 2*x_1*x_3 + 2*x_1*x_2 + 2*x_7*x_7 + 3*x_7*x_6 + 2*x_7*x_3 + 3*x_7*x_2 + 3*x_6*x_6 + 5*x_6*x_3 + 4*x_6*x_2 + 3*x_3*x_3 + 5*x_3*x_2 + 1*x_2*x_2 <= 22', '4*x_6 + 5*x_4 + 3*x_2 + 7*x_0 + 6*x_3 <= 11']",knapsack+quadratic_knapsack,8,2, 4*x_0 + 1*x_0 x_1 + -3*x_0 x_2 + -4*x_0 x_3 + -5*x_0 x_4 + -2*x_0 x_5 + -1*x_0 x_6 + 2*x_0 x_7 + -4*x_1 + 1*x_1 x_2 + 3*x_1 x_3 + 3*x_1 x_4 + -1*x_1 x_5 + -1*x_1 x_6 + -1*x_1 x_7 + -5*x_2 + 4*x_2 x_3 + -3*x_2 x_4 + 4*x_2 x_5 + -2*x_2 x_6 + -3*x_2 x_7 + -5*x_3 + -5*x_3 x_4 + -5*x_3 x_5 + -1*x_3 x_6 + -2*x_3 x_7 + -1*x_4 + -2*x_4 x_5 + 1*x_4 x_6 + -5*x_4 x_7 + -4*x_5 + -5*x_5 x_6 + 3*x_5 x_7 + 4*x_6 + -1*x_6 x_7 + 4*x_7,"['knapsack', 'quadratic_knapsack']",13,5,1,1,True,True,5,5,0,{'Hadamard': 5},{},3165,1329,1836,"{'CNOT': 1836, 'RZ': 1316, 'RX': 13}",{},17,9,9,9,0,{'Hadamard': 9},1459,1459,1908,"{'CNOT': 1908, 'RZ': 1442, 'RX': 17}"
141,"['x_3 + x_2 + x_4 + x_1 >= 2', 'x_4 + x_5 + x_0 + x_1 + x_2 >= 1']",cardinality+cardinality,6,2, 1*x_0 + 4*x_0 x_1 + 3*x_0 x_2 + -1*x_0 x_3 + -3*x_0 x_4 + -1*x_1 + -5*x_1 x_2 + -3*x_1 x_3 + -2*x_1 x_4 + -1*x_1 x_5 + -1*x_2 + 4*x_2 x_4 + -5*x_2 x_5 + 3*x_3 + 4*x_3 x_4 + -1*x_3 x_5 + -3*x_4 + 3*x_4 x_5 + 2*x_5,"['cardinality', 'cardinality']",9,3,1,1,True,True,3,3,0,{'Hadamard': 3},{},208,126,82,"{'CNOT': 82, 'RZ': 117, 'RX': 9}",{},11,5,5,5,0,{'Hadamard': 5},185,185,112,"{'CNOT': 112, 'RZ': 174, 'RX': 11}"
142,"['1*x_2*x_2 + 5*x_2*x_0 + 3*x_2*x_1 + 4*x_0*x_0 + 2*x_0*x_1 + 4*x_1*x_1 <= 7', 'x_2 + x_3 + x_0 <= 2']",quadratic_knapsack+cardinality,4,2, 1*x_0 + 2*x_0 x_1 + -1*x_0 x_2 + 1*x_0 x_3 + -2*x_1 + 3*x_1 x_2 + -5*x_2 + -5*x_2 x_3,"['quadratic_knapsack', 'cardinality']",7,3,1,1,False,False,15,4,10,"{'Hadamard': 3, 'RY': 1, 'CRY': 3, 'SWAP': 1, 'CNOT': 6, 'C(RY, num_ctrl_wires=2,num_zero_ctrl=0)': 1}",{},464,226,235,"{'CNOT': 226, 'RZ': 213, 'RY': 2, 'CRY': 6, 'SWAP': 2, 'C(RY, num_ctrl_wires=2,num_zero_ctrl=0)': 2, 'X': 6, 'PhaseShift': 1, 'CRZ': 1, 'C(RZ, num_ctrl_wires=2,num_zero_ctrl=0)': 1, 'RX': 4}",{},9,5,5,5,0,{'Hadamard': 5},262,262,234,"{'CNOT': 234, 'RZ': 253, 'RX': 9}"
143,"['4*x_3 + 5*x_1 + 3*x_5 + 7*x_2 + 6*x_4 <= 11', 'x_3 + x_4 + x_5 + x_2 <= 2', 'x_5 + x_1 + x_4 - x_2 - x_0 - x_3 == 0']",knapsack+cardinality+flow,6,3, 4*x_0 + 4*x_0 x_1 + -3*x_0 x_2 + -2*x_0 x_3 + -5*x_0 x_4 + 4*x_0 x_5 + -2*x_1 + -5*x_1 x_2 + -2*x_1 x_3 + 3*x_1 x_4 + -5*x_1 x_5 + -1*x_2 + -3*x_2 x_3 + -5*x_2 x_4 + 2*x_2 x_5 + 2*x_3 + 3*x_3 x_4 + -1*x_3 x_5 + -4*x_4 + -2*x_4 x_5 + -2*x_5,"['knapsack', 'cardinality', 'flow']",10,4,1,2,False,False,23,5,16,"{'Hadamard': 4, 'RY': 1, 'CRY': 4, 'SWAP': 2, 'CNOT': 10, 'C(RY, num_ctrl_wires=2,num_zero_ctrl=0)': 2}",{},386,215,165,"{'CNOT': 152, 'RZ': 198, 'RY': 2, 'CRY': 8, 'SWAP': 4, 'C(RY, num_ctrl_wires=2,num_zero_ctrl=0)': 4, 'X': 8, 'PhaseShift': 1, 'CRZ': 1, 'C(RZ, num_ctrl_wires=2,num_zero_ctrl=0)': 1, 'C(RZ, num_ctrl_wires=3,num_zero_ctrl=0)': 1, 'RX': 6}",{},12,6,6,6,0,{'Hadamard': 6},267,267,162,"{'CNOT': 162, 'RZ': 255, 'RX': 12}"
144,"['4*x_3 + 2*x_0 + 10*x_2 + 8*x_1 <= 13', 'x_0 + x_2 + x_3 == 0', 'x_1 + x_0 - x_3 == 0']",cardinality+flow+knapsack,4,3, 1*x_0 + -4*x_0 x_1 + 3*x_0 x_2 + 1*x_0 x_3 + -3*x_1 x_2 + -5*x_1 x_3 + -3*x_2 + -5*x_2 x_3 + -3*x_3,"['cardinality', 'flow', 'knapsack']",8,4,1,2,False,False,4,4,0,{'Hadamard': 4},{},213,133,80,"{'CNOT': 80, 'RZ': 122, 'RY': 6, 'RX': 5}",{},8,4,4,4,0,{'Hadamard': 4},142,142,80,"{'CNOT': 80, 'RZ': 134, 'RX': 8}"
145,"['1*x_4*x_4 + 4*x_4*x_3 + 1*x_4*x_1 + 2*x_4*x_0 + 5*x_3*x_3 + 4*x_3*x_1 + 3*x_3*x_0 + 5*x_1*x_1 + 4*x_1*x_0 + 2*x_0*x_0 <= 18', '2*x_2 + 5*x_0 + 2*x_1 <= 5', 'x_4 + x_3 >= 1']",quadratic_knapsack+cardinality+knapsack,5,3, 3*x_0 + -4*x_0 x_1 + -5*x_0 x_2 + -3*x_0 x_3 + 1*x_0 x_4 + -4*x_1 + 3*x_1 x_2 + -3*x_1 x_3 + -3*x_1 x_4 + -5*x_2 x_3 + 2*x_2 x_4 + -2*x_3 + -3*x_3 x_4,"['quadratic_knapsack', 'cardinality', 'knapsack']",9,4,1,2,True,True,4,4,0,{'Hadamard': 4},{},152,96,56,"{'CNOT': 56, 'RZ': 87, 'RX': 9}",{},14,9,9,9,0,{'Hadamard': 9},730,730,818,"{'CNOT': 818, 'RZ': 716, 'RX': 14}"
146,"['1*x_0*x_0 + 4*x_0*x_1 + 1*x_0*x_2 + 5*x_0*x_3 + 2*x_1*x_1 + 3*x_1*x_2 + 3*x_1*x_3 + 5*x_2*x_2 + 4*x_2*x_3 + 5*x_3*x_3 <= 22', 'x_0 + x_3 + x_1 + x_2 <= 1']",quadratic_knapsack+cardinality,4,2, 1*x_0 + 2*x_0 x_1 + -1*x_0 x_2 + 1*x_0 x_3 + -2*x_1 + 3*x_1 x_2 + -5*x_2 + -5*x_2 x_3,"['quadratic_knapsack', 'cardinality']",9,5,1,1,False,False,17,6,11,"{'Hadamard': 5, 'RY': 1, 'CRY': 3, 'SWAP': 2, 'CNOT': 6}",{},1451,654,795,"{'CNOT': 784, 'RZ': 638, 'RY': 2, 'CRY': 6, 'SWAP': 4, 'X': 8, 'PhaseShift': 1, 'CRZ': 1, 'C(RZ, num_ctrl_wires=2,num_zero_ctrl=0)': 1, 'C(RZ, num_ctrl_wires=3,num_zero_ctrl=0)': 1, 'RX': 5}",{},10,6,6,6,0,{'Hadamard': 6},688,688,792,"{'CNOT': 792, 'RZ': 678, 'RX': 10}"
147,"['5*x_3*x_3 + 3*x_3*x_0 + 1*x_3*x_4 + 5*x_3*x_1 + 3*x_0*x_0 + 1*x_0*x_4 + 4*x_0*x_1 + 5*x_4*x_4 + 5*x_4*x_1 + 1*x_1*x_1 <= 20', 'x_2 + x_3 + x_5 + x_4 == 2', 'x_5 + x_2 + x_0 >= 0']",cardinality+quadratic_knapsack+cardinality,7,3, 4*x_0 + 2*x_0 x_1 + -5*x_0 x_3 + 2*x_0 x_4 + -3*x_0 x_5 + 1*x_0 x_6 + -3*x_1 + -4*x_1 x_2 + -1*x_1 x_3 + 1*x_1 x_4 + 3*x_1 x_5 + 2*x_1 x_6 + 4*x_2 x_3 + -1*x_2 x_4 + -3*x_2 x_5 + 4*x_2 x_6 + 2*x_3 + -2*x_3 x_4 + 4*x_3 x_5 + -2*x_3 x_6 + 3*x_4 + -1*x_4 x_6 + 2*x_5 + -2*x_5 x_6 + -1*x_6,"['cardinality', 'quadratic_knapsack', 'cardinality']",14,7,1,2,False,False,25,9,14,"{'Hadamard': 7, 'X': 2, 'CNOT': 8, 'CRY': 4, 'C(RY, num_ctrl_wires=2,num_zero_ctrl=0)': 1, 'CSWAP': 1, 'SWAP': 2}",{},1534,706,828,"{'CNOT': 828, 'RZ': 688, 'RY': 8, 'RX': 10}",{},14,7,7,7,0,{'Hadamard': 7},728,728,832,"{'CNOT': 832, 'RZ': 714, 'RX': 14}"
148,"['5*x_3*x_3 + 3*x_3*x_1 + 5*x_3*x_0 + 4*x_1*x_1 + 5*x_1*x_0 + 3*x_0*x_0 <= 14', '8*x_0 + 5*x_4 + 7*x_1 + 4*x_2 <= 11', 'x_4 + x_3 + x_2 <= 3']",knapsack+cardinality+quadratic_knapsack,5,3, 3*x_0 + 1*x_0 x_2 + 3*x_0 x_4 + -5*x_1 + -3*x_1 x_2 + 3*x_2 + 3*x_2 x_3 + -5*x_2 x_4 + -4*x_3 + 2*x_3 x_4 + -3*x_4,"['knapsack', 'cardinality', 'quadratic_knapsack']",13,8,1,2,False,False,21,9,11,"{'Hadamard': 8, 'RY': 1, 'CRY': 4, 'SWAP': 1, 'CNOT': 6, 'C(RY, num_ctrl_wires=2,num_zero_ctrl=0)': 1}",{},715,375,337,"{'CNOT': 326, 'RZ': 356, 'RY': 2, 'CRY': 8, 'SWAP': 2, 'C(RY, num_ctrl_wires=2,num_zero_ctrl=0)': 2, 'X': 6, 'PhaseShift': 1, 'CRZ': 1, 'C(RZ, num_ctrl_wires=2,num_zero_ctrl=0)': 1, 'RX': 10}",{},15,10,10,10,0,{'Hadamard': 10},411,411,334,"{'CNOT': 334, 'RZ': 396, 'RX': 15}"
149,"['3*x_0*x_0 + 1*x_0*x_3 + 3*x_0*x_1 + 4*x_0*x_2 + 5*x_3*x_3 + 4*x_3*x_1 + 2*x_3*x_2 + 2*x_1*x_1 + 4*x_1*x_2 + 4*x_2*x_2 <= 17', 'x_3 + x_1 + x_0 + x_2 >= 0']",cardinality+quadratic_knapsack,4,2, -3*x_0 + -1*x_0 x_1 + -1*x_0 x_2 + 3*x_0 x_3 + -4*x_1 + -3*x_1 x_2 + -3*x_1 x_3 + 1*x_2 + 2*x_2 x_3 + -5*x_3,"['cardinality', 'quadratic_knapsack']",9,5,1,1,True,True,5,5,0,{'Hadamard': 5},{},1421,647,774,"{'CNOT': 774, 'RZ': 638, 'RX': 9}",{},12,8,8,8,0,{'Hadamard': 8},720,720,816,"{'CNOT': 816, 'RZ': 708, 'RX': 12}"
150,"['1*x_3 + 9*x_2 + 5*x_5 + 2*x_0 + 10*x_4 <= 10', '5*x_1 + 1*x_2 + 10*x_6 + 4*x_4 <= 10', '5*x_4*x_4 + 3*x_4*x_5 + 1*x_4*x_1 + 5*x_4*x_3 + 3*x_5*x_5 + 1*x_5*x_1 + 4*x_5*x_3 + 5*x_1*x_1 + 5*x_1*x_3 + 1*x_3*x_3 <= 20']",knapsack+knapsack+quadratic_knapsack,7,3, 3*x_0 + 4*x_0 x_1 + 1*x_0 x_2 + -5*x_0 x_3 + -5*x_0 x_4 + -4*x_1 + -4*x_1 x_2 + -3*x_1 x_3 + -4*x_1 x_4 + 1*x_1 x_6 + 3*x_2 + 3*x_2 x_3 + 1*x_2 x_4 + -1*x_2 x_5 + -4*x_3 + 2*x_3 x_4 + 1*x_3 x_5 + -5*x_3 x_6 + -5*x_4 + -3*x_4 x_5 + 4*x_4 x_6 + -4*x_5 + -3*x_5 x_6 + 4*x_6,"['knapsack', 'knapsack', 'quadratic_knapsack']",16,9,1,2,True,True,9,9,0,{'Hadamard': 9},{},1663,795,868,"{'CNOT': 868, 'RZ': 779, 'RX': 16}",{},20,13,13,13,0,{'Hadamard': 13},899,899,924,"{'CNOT': 924, 'RZ': 879, 'RX': 20}"
151,"['x_4 + x_3 + x_1 + x_7 + x_6 <= 2', 'x_5 + x_7 >= 0', 'x_6 + x_3 + x_1 == 1']",cardinality+assignment+cardinality,8,3, 4*x_0 + 1*x_0 x_1 + -3*x_0 x_2 + -4*x_0 x_3 + -5*x_0 x_4 + -2*x_0 x_5 + -1*x_0 x_6 + 2*x_0 x_7 + -4*x_1 + 1*x_1 x_2 + 3*x_1 x_3 + 3*x_1 x_4 + -1*x_1 x_5 + -1*x_1 x_6 + -1*x_1 x_7 + -5*x_2 + 4*x_2 x_3 + -3*x_2 x_4 + 4*x_2 x_5 + -2*x_2 x_6 + -3*x_2 x_7 + -5*x_3 + -5*x_3 x_4 + -5*x_3 x_5 + -1*x_3 x_6 + -2*x_3 x_7 + -1*x_4 + -2*x_4 x_5 + 1*x_4 x_6 + -5*x_4 x_7 + -4*x_5 + -5*x_5 x_6 + 3*x_5 x_7 + 4*x_6 + -1*x_6 x_7 + 4*x_7,"['cardinality', 'assignment', 'cardinality']",10,2,2,1,True,True,7,3,4,"{'Hadamard': 2, 'X': 1, 'CNOT': 2, 'CRY': 2}",{},230,126,104,"{'CNOT': 104, 'RZ': 113, 'RY': 6, 'RX': 7}",{},12,4,4,4,0,{'Hadamard': 4},162,162,116,"{'CNOT': 116, 'RZ': 150, 'RX': 12}"
152,"['4*x_3*x_3 + 3*x_3*x_1 + 3*x_3*x_2 + 2*x_3*x_0 + 2*x_3*x_4 + 2*x_1*x_1 + 3*x_1*x_2 + 2*x_1*x_0 + 3*x_1*x_4 + 3*x_2*x_2 + 5*x_2*x_0 + 4*x_2*x_4 + 3*x_0*x_0 + 5*x_0*x_4 + 1*x_4*x_4 <= 22', 'x_3 + x_0 + x_5 + x_1 + x_4 == 2']",cardinality+quadratic_knapsack,6,2, 2*x_0 + -5*x_0 x_1 + 2*x_0 x_2 + -4*x_0 x_3 + -2*x_0 x_4 + 4*x_0 x_5 + -4*x_1 + -5*x_1 x_2 + -5*x_1 x_3 + -5*x_1 x_4 + -5*x_1 x_5 + 1*x_2 + 4*x_2 x_3 + -1*x_2 x_4 + -1*x_2 x_5 + -5*x_3 + -5*x_3 x_5 + -1*x_4 + 1*x_4 x_5 + -1*x_5,"['cardinality', 'quadratic_knapsack']",11,5,1,1,False,False,29,7,19,"{'Hadamard': 5, 'X': 2, 'CNOT': 11, 'CRY': 6, 'C(RY, num_ctrl_wires=2,num_zero_ctrl=0)': 1, 'CSWAP': 2, 'SWAP': 2}",{},3134,1316,1818,"{'CNOT': 1818, 'RZ': 1300, 'RY': 10, 'RX': 6}",{},11,5,5,5,0,{'Hadamard': 5},1351,1351,1828,"{'CNOT': 1828, 'RZ': 1340, 'RX': 11}"
153,"['2*x_0*x_0 + 4*x_0*x_2 + 4*x_0*x_3 + 4*x_0*x_4 + 5*x_0*x_5 + 1*x_2*x_2 + 2*x_2*x_3 + 2*x_2*x_4 + 5*x_2*x_5 + 1*x_3*x_3 + 3*x_3*x_4 + 1*x_3*x_5 + 5*x_4*x_4 + 4*x_4*x_5 + 1*x_5*x_5 <= 28', 'x_0 + x_1 + x_4 + x_3 + x_5 <= 5', 'x_2 + x_5 + x_0 == 2']",quadratic_knapsack+cardinality+cardinality,6,3, 1*x_0 + 4*x_0 x_1 + 3*x_0 x_2 + -1*x_0 x_3 + -3*x_0 x_4 + -1*x_1 + -5*x_1 x_2 + -3*x_1 x_3 + -2*x_1 x_4 + -1*x_1 x_5 + -1*x_2 + 4*x_2 x_4 + -5*x_2 x_5 + 3*x_3 + 4*x_3 x_4 + -1*x_3 x_5 + -3*x_4 + 3*x_4 x_5 + 2*x_5,"['quadratic_knapsack', 'cardinality', 'cardinality']",11,5,1,2,False,False,42,6,30,"{'Hadamard': 5, 'RY': 1, 'CRY': 8, 'SWAP': 2, 'CNOT': 20, 'C(RY, num_ctrl_wires=2,num_zero_ctrl=0)': 6}",{},3219,1331,1873,"{'CNOT': 1852, 'RZ': 1312, 'RY': 2, 'CRY': 16, 'SWAP': 4, 'C(RY, num_ctrl_wires=2,num_zero_ctrl=0)': 12, 'X': 10, 'PhaseShift': 1, 'CRZ': 1, 'C(RZ, num_ctrl_wires=2,num_zero_ctrl=0)': 1, 'C(RZ, num_ctrl_wires=3,num_zero_ctrl=0)': 1, 'C(RZ, num_ctrl_wires=4,num_zero_ctrl=0)': 1, 'RX': 6}",{},14,8,8,8,0,{'Hadamard': 8},1426,1426,1868,"{'CNOT': 1868, 'RZ': 1412, 'RX': 14}"
154,"['3*x_1*x_1 + 1*x_1*x_3 + 3*x_1*x_0 + 4*x_1*x_2 + 5*x_3*x_3 + 4*x_3*x_0 + 2*x_3*x_2 + 2*x_0*x_0 + 4*x_0*x_2 + 4*x_2*x_2 <= 17', 'x_3 + x_0 == 1']",assignment+quadratic_knapsack,4,2, 1*x_0 + 2*x_0 x_1 + -1*x_0 x_2 + 1*x_0 x_3 + -2*x_1 + 3*x_1 x_2 + -5*x_2 + -5*x_2 x_3,"['assignment', 'quadratic_knapsack']",9,5,1,1,False,False,8,6,2,"{'Hadamard': 5, 'X': 1, 'CNOT': 1, 'CRY': 1}",{},1425,649,776,"{'CNOT': 776, 'RZ': 638, 'RY': 4, 'RX': 7}",{},9,5,5,5,0,{'Hadamard': 5},654,654,774,"{'CNOT': 774, 'RZ': 645, 'RX': 9}"
155,"['1*x_6 + 6*x_5 + 9*x_3 + 8*x_2 + 9*x_0 <= 18', '3*x_2 + 8*x_6 + 3*x_5 <= 5', '7*x_4 + 7*x_3 + 10*x_5 + 2*x_0 <= 10']",knapsack+knapsack+knapsack,7,3, 3*x_0 x_2 + 3*x_0 x_3 + 3*x_0 x_4 + -1*x_0 x_5 + 4*x_0 x_6 + -2*x_1 + -2*x_1 x_3 + 2*x_1 x_4 + -5*x_1 x_5 + 3*x_1 x_6 + 1*x_2 + -3*x_2 x_3 + -5*x_2 x_4 + 2*x_2 x_5 + 1*x_2 x_6 + 4*x_3 + -1*x_3 x_5 + -2*x_3 x_6 + -4*x_4 + 3*x_4 x_5 + -1*x_4 x_6 + -4*x_5 + 2*x_5 x_6 + -1*x_6,"['knapsack', 'knapsack', 'knapsack']",16,9,1,2,True,True,9,9,0,{'Hadamard': 9},{},477,295,182,"{'CNOT': 182, 'RZ': 279, 'RX': 16}",{},19,12,12,12,0,{'Hadamard': 12},355,355,212,"{'CNOT': 212, 'RZ': 336, 'RX': 19}"
156,"['4*x_1 + 2*x_2 + 10*x_5 + 8*x_3 <= 13', 'x_2 + x_1 <= 2', 'x_5 + x_1 + x_0 + x_4 + x_2 >= 4']",cardinality+cardinality+knapsack,6,3, 1*x_0 x_1 + -3*x_0 x_3 + -3*x_0 x_4 + 4*x_0 x_5 + 4*x_1 + 3*x_1 x_5 + 1*x_2 + 3*x_2 x_3 + -4*x_2 x_4 + 1*x_2 x_5 + -1*x_3 + 2*x_3 x_4 + 1*x_3 x_5 + -4*x_4 + -5*x_5,"['cardinality', 'cardinality', 'knapsack']",11,5,1,2,False,False,11,6,5,"{'Hadamard': 5, 'RY': 1, 'CRY': 2, 'SWAP': 1, 'CNOT': 2}",{},306,189,117,"{'CNOT': 110, 'RZ': 173, 'RY': 2, 'CRY': 4, 'SWAP': 2, 'X': 4, 'PhaseShift': 1, 'CRZ': 1, 'RX': 9}",{},13,7,7,7,0,{'Hadamard': 7},212,212,118,"{'CNOT': 118, 'RZ': 199, 'RX': 13}"
157,"['2*x_5 + 6*x_2 + 1*x_4 <= 3', '8*x_3 + 10*x_5 + 1*x_4 + 2*x_0 <= 12']",knapsack+knapsack,6,2, -4*x_0 + 2*x_0 x_1 + -4*x_0 x_2 + 1*x_0 x_3 + -4*x_0 x_4 + 1*x_1 + 4*x_1 x_2 + -3*x_1 x_3 + -1*x_1 x_5 + 2*x_2 + 4*x_2 x_3 + -1*x_2 x_4 + 3*x_3 + 4*x_3 x_4 + -4*x_3 x_5 + -1*x_4 + 3*x_4 x_5 + -1*x_5,"['knapsack', 'knapsack']",10,4,1,1,True,True,4,4,0,{'Hadamard': 4},{},207,127,80,"{'CNOT': 80, 'RZ': 117, 'RX': 10}",{},12,6,6,6,0,{'Hadamard': 6},169,169,100,"{'CNOT': 100, 'RZ': 157, 'RX': 12}"
158,"['3*x_0*x_0 + 1*x_0*x_4 + 3*x_0*x_3 + 5*x_4*x_4 + 2*x_4*x_3 + 2*x_3*x_3 <= 8', 'x_3 + x_1 + x_2 >= 0']",cardinality+quadratic_knapsack,5,2, -3*x_0 + -4*x_0 x_1 + -5*x_0 x_2 + -4*x_0 x_3 + -2*x_0 x_4 + -4*x_1 + -1*x_1 x_2 + -3*x_1 x_3 + -2*x_1 x_4 + -5*x_2 + 4*x_2 x_3 + 1*x_2 x_4 + -2*x_3 + -4*x_3 x_4 + 1*x_4,"['cardinality', 'quadratic_knapsack']",9,4,1,1,True,True,4,4,0,{'Hadamard': 4},{},535,269,266,"{'CNOT': 266, 'RZ': 260, 'RX': 9}",{},11,6,6,6,0,{'Hadamard': 6},306,306,286,"{'CNOT': 286, 'RZ': 295, 'RX': 11}"
159,"['x_1 + x_0 + x_6 + x_5 + x_3 >= 4', 'x_4 + x_3 + x_2 >= 0']",cardinality+cardinality,7,2, -5*x_0 + 1*x_0 x_1 + 4*x_0 x_2 + -2*x_0 x_3 + -2*x_0 x_4 + 4*x_0 x_6 + -3*x_1 + -4*x_1 x_2 + -2*x_1 x_3 + 3*x_1 x_4 + 4*x_1 x_5 + 4*x_1 x_6 + 1*x_2 + -5*x_2 x_3 + -5*x_2 x_4 + -3*x_2 x_5 + 3*x_2 x_6 + -3*x_3 + 1*x_3 x_4 + -5*x_3 x_6 + -4*x_4 + 1*x_4 x_5 + -3*x_4 x_6 + 3*x_5 + -1*x_5 x_6 + 1*x_6,"['cardinality', 'cardinality']",9,2,1,1,True,True,2,2,0,{'Hadamard': 2},{},127,69,58,"{'CNOT': 58, 'RZ': 60, 'RX': 9}",{},10,3,3,3,0,{'Hadamard': 3},127,127,88,"{'CNOT': 88, 'RZ': 117, 'RX': 10}"
160,"['x_0 + x_1 - x_2 == 0', 'x_2 + x_0 + x_1 <= 0']",cardinality+flow,3,2, -4*x_0 + 3*x_0 x_1 + -2*x_0 x_2 + -2*x_1 + -2*x_1 x_2,"['cardinality', 'flow']",3,0,1,1,False,False,0,0,0,{},{},39,25,13,"{'CNOT': 12, 'RZ': 18, 'X': 6, 'PhaseShift': 1, 'CRZ': 1, 'C(RZ, num_ctrl_wires=2,num_zero_ctrl=0)': 1}",{},3,0,0,0,0,{},33,33,18,"{'CNOT': 18, 'RZ': 30, 'RX': 3}"
161,"['x_3 + x_4 + x_1 == 1', 'x_5 + x_1 + x_2 + x_0 + x_4 <= 5', 'x_6 + x_5 + x_0 - x_4 - x_1 - x_2 == 0']",cardinality+cardinality+flow,7,3, -4*x_0 + 4*x_0 x_1 + -2*x_0 x_2 + -2*x_0 x_3 + 4*x_0 x_4 + -5*x_0 x_5 + -1*x_0 x_6 + -3*x_1 x_2 + 4*x_1 x_3 + 2*x_1 x_4 + 1*x_1 x_5 + -5*x_1 x_6 + -5*x_2 + -4*x_2 x_3 + 1*x_2 x_4 + -3*x_2 x_5 + 2*x_2 x_6 + -3*x_3 + 3*x_3 x_4 + 4*x_4 + -2*x_4 x_5 + 1*x_4 x_6 + -4*x_5 + -4*x_5 x_6 + -5*x_6,"['cardinality', 'cardinality', 'flow']",10,3,1,2,False,False,8,4,4,"{'Hadamard': 3, 'X': 1, 'CNOT': 2, 'CRY': 2}",{},320,190,130,"{'CNOT': 130, 'RZ': 177, 'RY': 6, 'RX': 7}",{},10,3,3,3,0,{'Hadamard': 3},202,202,130,"{'CNOT': 130, 'RZ': 192, 'RX': 10}"
162,"['1*x_3 + 10*x_2 + 3*x_0 + 5*x_4 + 1*x_5 <= 12', 'x_0 + x_3 >= 1', 'x_1 + x_5 == 1']",cardinality+knapsack+cardinality,6,3, 1*x_0 x_1 + -3*x_0 x_3 + -3*x_0 x_4 + 4*x_0 x_5 + 4*x_1 + 3*x_1 x_5 + 1*x_2 + 3*x_2 x_3 + -4*x_2 x_4 + 1*x_2 x_5 + -1*x_3 + 2*x_3 x_4 + 1*x_3 x_5 + -4*x_4 + -5*x_5,"['cardinality', 'knapsack', 'cardinality']",10,4,2,1,True,True,7,5,2,"{'Hadamard': 4, 'X': 1, 'CNOT': 1, 'CRY': 1}",{},250,154,96,"{'CNOT': 96, 'RZ': 142, 'RY': 4, 'RX': 8}",{},11,5,5,5,0,{'Hadamard': 5},175,175,100,"{'CNOT': 100, 'RZ': 164, 'RX': 11}"
163,"['x_1 + x_2 - x_0 - x_3 == 0', 'x_2 + x_0 <= 2', 'x_2 + x_3 + x_0 + x_1 >= 3']",cardinality+cardinality+flow,4,3, 1*x_0 + -4*x_0 x_1 + 3*x_0 x_2 + 1*x_0 x_3 + -3*x_1 x_2 + -5*x_1 x_3 + -3*x_2 + -5*x_2 x_3 + -3*x_3,"['cardinality', 'cardinality', 'flow']",5,1,1,2,False,False,7,2,5,"{'Hadamard': 1, 'RY': 1, 'CRY': 2, 'SWAP': 1, 'CNOT': 2}",{},137,82,55,"{'CNOT': 48, 'RZ': 72, 'RY': 2, 'CRY': 4, 'SWAP': 2, 'X': 4, 'PhaseShift': 1, 'CRZ': 1, 'RX': 3}",{},7,3,3,3,0,{'Hadamard': 3},105,105,56,"{'CNOT': 56, 'RZ': 98, 'RX': 7}"
164,"['4*x_5 + 2*x_3 + 10*x_7 + 8*x_1 <= 13', 'x_1 + x_4 + x_5 + x_2 <= 4', 'x_6 + x_5 + x_4 >= 3']",cardinality+knapsack+cardinality,8,3, 2*x_0 + 3*x_0 x_1 + -2*x_0 x_3 + -1*x_0 x_4 + 3*x_0 x_5 + 4*x_0 x_6 + -5*x_0 x_7 + 4*x_1 + 2*x_1 x_2 + -4*x_1 x_3 + -2*x_1 x_4 + -4*x_1 x_5 + -3*x_1 x_6 + -2*x_1 x_7 + -4*x_2 x_3 + 2*x_2 x_4 + 3*x_2 x_5 + 1*x_2 x_6 + -4*x_2 x_7 + 1*x_3 + -1*x_3 x_4 + 3*x_3 x_5 + -1*x_3 x_6 + -5*x_4 + -4*x_4 x_5 + -5*x_4 x_6 + -3*x_4 x_7 + 3*x_5 + 4*x_5 x_6 + -3*x_5 x_7 + -3*x_7,"['cardinality', 'knapsack', 'cardinality']",12,4,1,2,False,False,28,5,20,"{'Hadamard': 4, 'RY': 1, 'CRY': 6, 'SWAP': 2, 'CNOT': 12, 'C(RY, num_ctrl_wires=2,num_zero_ctrl=0)': 3}",{},326,165,153,"{'CNOT': 136, 'RZ': 146, 'RY': 2, 'CRY': 12, 'SWAP': 4, 'C(RY, num_ctrl_wires=2,num_zero_ctrl=0)': 6, 'X': 8, 'PhaseShift': 1, 'CRZ': 1, 'C(RZ, num_ctrl_wires=2,num_zero_ctrl=0)': 1, 'C(RZ, num_ctrl_wires=3,num_zero_ctrl=0)': 1, 'RX': 8}",{},15,7,7,7,0,{'Hadamard': 7},238,238,154,"{'CNOT': 154, 'RZ': 223, 'RX': 15}"
165,"['2*x_2 + 7*x_3 + 7*x_1 <= 7', 'x_2 + x_0 + x_1 + x_3 <= 3']",knapsack+cardinality,4,2, -3*x_0 x_1 + 2*x_0 x_2 + 1*x_1 + -2*x_1 x_2 + -5*x_1 x_3 + -3*x_2 x_3 + 4*x_3,"['knapsack', 'cardinality']",7,3,1,1,False,False,26,4,19,"{'Hadamard': 3, 'RY': 1, 'CRY': 5, 'SWAP': 2, 'CNOT': 12, 'C(RY, num_ctrl_wires=2,num_zero_ctrl=0)': 3}",{},166,79,79,"{'CNOT': 64, 'RZ': 65, 'RY': 2, 'CRY': 10, 'SWAP': 4, 'C(RY, num_ctrl_wires=2,num_zero_ctrl=0)': 6, 'X': 8, 'PhaseShift': 1, 'CRZ': 1, 'C(RZ, num_ctrl_wires=2,num_zero_ctrl=0)': 1, 'C(RZ, num_ctrl_wires=3,num_zero_ctrl=0)': 1, 'RX': 3}",{},9,5,5,5,0,{'Hadamard': 5},131,131,70,"{'CNOT': 70, 'RZ': 122, 'RX': 9}"
166,"['8*x_1 + 10*x_6 + 1*x_4 + 2*x_2 <= 12', 'x_6 + x_1 + x_5 + x_4 + x_3 <= 3']",cardinality+knapsack,8,2, 4*x_0 + 1*x_0 x_1 + -3*x_0 x_2 + -4*x_0 x_3 + -5*x_0 x_4 + -2*x_0 x_5 + -1*x_0 x_6 + 2*x_0 x_7 + -4*x_1 + 1*x_1 x_2 + 3*x_1 x_3 + 3*x_1 x_4 + -1*x_1 x_5 + -1*x_1 x_6 + -1*x_1 x_7 + -5*x_2 + 4*x_2 x_3 + -3*x_2 x_4 + 4*x_2 x_5 + -2*x_2 x_6 + -3*x_2 x_7 + -5*x_3 + -5*x_3 x_4 + -5*x_3 x_5 + -1*x_3 x_6 + -2*x_3 x_7 + -1*x_4 + -2*x_4 x_5 + 1*x_4 x_6 + -5*x_4 x_7 + -4*x_5 + -5*x_5 x_6 + 3*x_5 x_7 + 4*x_6 + -1*x_6 x_7 + 4*x_7,"['cardinality', 'knapsack']",12,4,1,1,False,False,36,5,26,"{'Hadamard': 4, 'RY': 1, 'CRY': 6, 'SWAP': 2, 'CNOT': 18, 'C(RY, num_ctrl_wires=2,num_zero_ctrl=0)': 5}",{},334,156,165,"{'CNOT': 148, 'RZ': 136, 'RY': 2, 'CRY': 12, 'SWAP': 4, 'C(RY, num_ctrl_wires=2,num_zero_ctrl=0)': 10, 'X': 10, 'PhaseShift': 1, 'CRZ': 1, 'C(RZ, num_ctrl_wires=2,num_zero_ctrl=0)': 1, 'C(RZ, num_ctrl_wires=3,num_zero_ctrl=0)': 1, 'C(RZ, num_ctrl_wires=4,num_zero_ctrl=0)': 1, 'RX': 7}",{},14,6,6,6,0,{'Hadamard': 6},227,227,154,"{'CNOT': 154, 'RZ': 213, 'RX': 14}"
167,"['x_2 + x_0 + x_3 - x_4 == 0', 'x_3 + x_2 == 0']",cardinality+flow,5,2, -3*x_0 + -1*x_0 x_2 + -5*x_0 x_3 + 2*x_0 x_4 + 1*x_1 + -4*x_1 x_2 + -3*x_1 x_3 + -3*x_1 x_4 + -2*x_2 + -2*x_2 x_3 + 1*x_2 x_4 + 1*x_3 + -2*x_3 x_4 + -2*x_4,"['cardinality', 'flow']",5,0,1,1,False,False,0,0,0,{},{},77,43,34,"{'CNOT': 34, 'RZ': 36, 'RY': 4, 'RX': 3}",{},5,0,0,0,0,{},46,46,32,"{'CNOT': 32, 'RZ': 41, 'RX': 5}"
168,"['2*x_0 + 10*x_6 + 4*x_5 <= 6', '3*x_2 + 1*x_4 + 4*x_0 + 8*x_6 <= 7', '4*x_6 + 6*x_3 + 2*x_0 + 10*x_2 <= 7']",knapsack+knapsack+knapsack,7,3, -4*x_0 + 4*x_0 x_1 + -2*x_0 x_2 + -2*x_0 x_3 + 4*x_0 x_4 + -5*x_0 x_5 + -1*x_0 x_6 + -3*x_1 x_2 + 4*x_1 x_3 + 2*x_1 x_4 + 1*x_1 x_5 + -5*x_1 x_6 + -5*x_2 + -4*x_2 x_3 + 1*x_2 x_4 + -3*x_2 x_5 + 2*x_2 x_6 + -3*x_3 + 3*x_3 x_4 + 4*x_4 + -2*x_4 x_5 + 1*x_4 x_6 + -4*x_5 + -4*x_5 x_6 + -5*x_6,"['knapsack', 'knapsack', 'knapsack']",13,6,1,2,True,True,6,6,0,{'Hadamard': 6},{},315,193,122,"{'CNOT': 122, 'RZ': 180, 'RX': 13}",{},16,9,9,9,0,{'Hadamard': 9},253,253,152,"{'CNOT': 152, 'RZ': 237, 'RX': 16}"
169,"['3*x_4*x_4 + 1*x_4*x_2 + 3*x_4*x_6 + 5*x_2*x_2 + 2*x_2*x_6 + 2*x_6*x_6 <= 8', '4*x_3*x_3 + 1*x_3*x_4 + 4*x_3*x_6 + 3*x_3*x_1 + 4*x_4*x_4 + 5*x_4*x_6 + 4*x_4*x_1 + 3*x_6*x_6 + 5*x_6*x_1 + 5*x_1*x_1 <= 24', 'x_6 + x_1 + x_7 == 1']",quadratic_knapsack+cardinality+quadratic_knapsack,8,3, -5*x_0 + 4*x_0 x_1 + 3*x_0 x_3 + -3*x_0 x_4 + 4*x_0 x_5 + 3*x_0 x_6 + 2*x_0 x_7 + -1*x_1 + 2*x_1 x_2 + -5*x_1 x_3 + 1*x_1 x_4 + 2*x_1 x_5 + 2*x_1 x_6 + -4*x_1 x_7 + 4*x_2 + -1*x_2 x_3 + -3*x_2 x_4 + 3*x_2 x_5 + 2*x_2 x_6 + -3*x_3 x_4 + 1*x_3 x_5 + -4*x_3 x_6 + -2*x_3 x_7 + -3*x_4 + 1*x_4 x_6 + -3*x_4 x_7 + -3*x_5 + 2*x_5 x_6 + 1*x_5 x_7 + 3*x_6 + 4*x_6 x_7 + 4*x_7,"['quadratic_knapsack', 'cardinality', 'quadratic_knapsack']",17,9,1,2,False,False,14,10,4,"{'Hadamard': 9, 'X': 1, 'CNOT': 2, 'CRY': 2}",{},1990,926,1064,"{'CNOT': 1064, 'RZ': 906, 'RY': 6, 'RX': 14}",{},17,9,9,9,0,{'Hadamard': 9},938,938,1064,"{'CNOT': 1064, 'RZ': 921, 'RX': 17}"
170,"['3*x_3*x_3 + 1*x_3*x_2 + 3*x_3*x_4 + 5*x_2*x_2 + 2*x_2*x_4 + 2*x_4*x_4 <= 8', 'x_0 + x_1 + x_2 + x_6 >= 0', 'x_4 + x_6 + x_1 - x_3 == 0']",flow+cardinality+quadratic_knapsack,7,3, -4*x_0 + 4*x_0 x_1 + -2*x_0 x_2 + -2*x_0 x_3 + 4*x_0 x_4 + -5*x_0 x_5 + -1*x_0 x_6 + -3*x_1 x_2 + 4*x_1 x_3 + 2*x_1 x_4 + 1*x_1 x_5 + -5*x_1 x_6 + -5*x_2 + -4*x_2 x_3 + 1*x_2 x_4 + -3*x_2 x_5 + 2*x_2 x_6 + -3*x_3 + 3*x_3 x_4 + 4*x_4 + -2*x_4 x_5 + 1*x_4 x_6 + -4*x_5 + -4*x_5 x_6 + -5*x_6,"['flow', 'cardinality', 'quadratic_knapsack']",14,7,1,2,False,False,16,8,8,"{'Hadamard': 7, 'RY': 1, 'CRY': 2, 'CNOT': 5, 'SWAP': 1}",{},693,359,334,"{'CNOT': 334, 'RZ': 341, 'RY': 8, 'RX': 10}",{},14,7,7,7,0,{'Hadamard': 7},377,377,338,"{'CNOT': 338, 'RZ': 363, 'RX': 14}"
171,"['2*x_2 + 7*x_3 + 7*x_1 <= 7', '5*x_2 + 4*x_5 + 1*x_1 <= 6', 'x_3 + x_2 + x_1 + x_5 + x_4 <= 0']",knapsack+cardinality+knapsack,6,3, -4*x_0 + 2*x_0 x_1 + -4*x_0 x_2 + 1*x_0 x_3 + -4*x_0 x_4 + 1*x_1 + 4*x_1 x_2 + -3*x_1 x_3 + -1*x_1 x_5 + 2*x_2 + 4*x_2 x_3 + -1*x_2 x_4 + 3*x_3 + 4*x_3 x_4 + -4*x_3 x_5 + -1*x_4 + 3*x_4 x_5 + -1*x_5,"['knapsack', 'cardinality', 'knapsack']",12,6,1,2,False,False,6,6,0,{'Hadamard': 6},{},237,149,85,"{'CNOT': 84, 'RZ': 131, 'X': 10, 'PhaseShift': 1, 'CRZ': 1, 'C(RZ, num_ctrl_wires=2,num_zero_ctrl=0)': 1, 'C(RZ, num_ctrl_wires=3,num_zero_ctrl=0)': 1, 'C(RZ, num_ctrl_wires=4,num_zero_ctrl=0)': 1, 'RX': 7}",{},12,6,6,6,0,{'Hadamard': 6},178,178,104,"{'CNOT': 104, 'RZ': 166, 'RX': 12}"
172,"['1*x_4*x_4 + 5*x_4*x_1 + 1*x_4*x_2 + 3*x_1*x_1 + 3*x_1*x_2 + 5*x_2*x_2 <= 10', '2*x_2 + 6*x_5 + 1*x_3 <= 3', 'x_6 + x_0 + x_3 >= 0']",quadratic_knapsack+knapsack+cardinality,8,3, 1*x_0 + -3*x_0 x_1 + -5*x_0 x_2 + -2*x_0 x_3 + -2*x_0 x_4 + -4*x_0 x_5 + -5*x_0 x_6 + -2*x_0 x_7 + -2*x_1 + 2*x_1 x_4 + 4*x_1 x_5 + -2*x_1 x_6 + -4*x_1 x_7 + -1*x_2 + -5*x_2 x_4 + 4*x_2 x_5 + 2*x_2 x_6 + 2*x_2 x_7 + -5*x_3 + -5*x_3 x_4 + 2*x_3 x_5 + 1*x_3 x_6 + -3*x_3 x_7 + -2*x_4 + -1*x_4 x_5 + 1*x_4 x_6 + 4*x_4 x_7 + 3*x_5 + -2*x_5 x_6 + -2*x_5 x_7 + -5*x_6 + 1*x_6 x_7 + -3*x_7,"['quadratic_knapsack', 'knapsack', 'cardinality']",10,2,2,1,True,True,2,2,0,{'Hadamard': 2},{},153,83,70,"{'CNOT': 70, 'RZ': 73, 'RX': 10}",{},16,8,8,8,0,{'Hadamard': 8},369,369,336,"{'CNOT': 336, 'RZ': 353, 'RX': 16}"
173,"['5*x_0 + 10*x_6 + 1*x_2 + 9*x_4 + 6*x_7 <= 19', '7*x_0 + 7*x_4 + 10*x_5 + 2*x_3 <= 10', 'x_1 + x_6 + x_7 + x_2 + x_5 >= 3']",knapsack+cardinality+knapsack,8,3, 3*x_0 + -3*x_0 x_1 + 1*x_0 x_2 + 4*x_0 x_3 + 4*x_0 x_4 + 4*x_0 x_5 + -5*x_0 x_6 + -1*x_0 x_7 + -2*x_1 + -2*x_1 x_2 + 3*x_1 x_3 + -3*x_1 x_4 + -5*x_1 x_5 + -1*x_1 x_6 + 1*x_1 x_7 + -5*x_2 + 1*x_2 x_4 + -4*x_2 x_5 + -5*x_2 x_6 + 1*x_2 x_7 + 2*x_3 + 3*x_3 x_4 + 2*x_3 x_5 + -4*x_3 x_6 + -3*x_3 x_7 + -4*x_4 + -2*x_4 x_5 + -2*x_4 x_6 + -4*x_4 x_7 + -1*x_5 + 1*x_5 x_6 + -5*x_6 + -5*x_6 x_7 + 3*x_7,"['knapsack', 'cardinality', 'knapsack']",14,6,1,2,True,True,6,6,0,{'Hadamard': 6},{},375,225,150,"{'CNOT': 150, 'RZ': 211, 'RX': 14}",{},19,11,11,11,0,{'Hadamard': 11},385,385,240,"{'CNOT': 240, 'RZ': 366, 'RX': 19}"
174,"['10*x_3 + 1*x_0 + 9*x_2 <= 7', 'x_1 + x_3 + x_2 <= 0']",knapsack+cardinality,4,2, -4*x_0 + 1*x_0 x_1 + 1*x_0 x_2 + -2*x_0 x_3 + -1*x_1 + -2*x_1 x_2 + -3*x_1 x_3 + -5*x_2 + -2*x_2 x_3 + -3*x_3,"['knapsack', 'cardinality']",7,3,1,1,False,False,3,3,0,{'Hadamard': 3},{},122,78,43,"{'CNOT': 42, 'RZ': 67, 'X': 6, 'PhaseShift': 1, 'CRZ': 1, 'C(RZ, num_ctrl_wires=2,num_zero_ctrl=0)': 1, 'RX': 4}",{},7,3,3,3,0,{'Hadamard': 3},86,86,48,"{'CNOT': 48, 'RZ': 79, 'RX': 7}"
175,"['4*x_0 + 6*x_2 + 1*x_6 + 1*x_4 <= 6', '5*x_2*x_2 + 1*x_2*x_3 + 3*x_2*x_0 + 1*x_2*x_5 + 4*x_3*x_3 + 1*x_3*x_0 + 5*x_3*x_5 + 4*x_0*x_0 + 2*x_0*x_5 + 3*x_5*x_5 <= 19', 'x_5 + x_6 + x_3 + x_2 <= 0']",quadratic_knapsack+cardinality+knapsack,7,3, -5*x_0 + 1*x_0 x_1 + 4*x_0 x_2 + -2*x_0 x_3 + -2*x_0 x_4 + 4*x_0 x_6 + -3*x_1 + -4*x_1 x_2 + -2*x_1 x_3 + 3*x_1 x_4 + 4*x_1 x_5 + 4*x_1 x_6 + 1*x_2 + -5*x_2 x_3 + -5*x_2 x_4 + -3*x_2 x_5 + 3*x_2 x_6 + -3*x_3 + 1*x_3 x_4 + -5*x_3 x_6 + -4*x_4 + 1*x_4 x_5 + -3*x_4 x_6 + 3*x_5 + -1*x_5 x_6 + 1*x_6,"['quadratic_knapsack', 'cardinality', 'knapsack']",15,8,1,2,False,False,8,8,0,{'Hadamard': 8},{},1596,751,843,"{'CNOT': 842, 'RZ': 731, 'X': 8, 'PhaseShift': 1, 'CRZ': 1, 'C(RZ, num_ctrl_wires=2,num_zero_ctrl=0)': 1, 'C(RZ, num_ctrl_wires=3,num_zero_ctrl=0)': 1, 'RX': 11}",{},15,8,8,8,0,{'Hadamard': 8},768,768,854,"{'CNOT': 854, 'RZ': 753, 'RX': 15}"
176,"['1*x_3*x_3 + 5*x_3*x_1 + 1*x_3*x_5 + 3*x_1*x_1 + 3*x_1*x_5 + 5*x_5*x_5 <= 10', '6*x_5 + 7*x_1 + 8*x_4 + 9*x_2 + 5*x_0 <= 14', 'x_2 + x_4 + x_3 <= 0']",knapsack+cardinality+quadratic_knapsack,6,3, -5*x_0 + -1*x_0 x_1 + 3*x_0 x_2 + -5*x_0 x_3 + 1*x_0 x_4 + -5*x_0 x_5 + -1*x_1 + 2*x_1 x_2 + 1*x_1 x_3 + -4*x_1 x_4 + 2*x_1 x_5 + 3*x_2 + -4*x_2 x_4 + 2*x_2 x_5 + 3*x_3 + 2*x_3 x_4 + -1*x_3 x_5 + 4*x_4 + 2*x_5,"['knapsack', 'cardinality', 'quadratic_knapsack']",14,8,1,2,False,False,8,8,0,{'Hadamard': 8},{},754,408,345,"{'CNOT': 344, 'RZ': 390, 'X': 6, 'PhaseShift': 1, 'CRZ': 1, 'C(RZ, num_ctrl_wires=2,num_zero_ctrl=0)': 1, 'RX': 11}",{},14,8,8,8,0,{'Hadamard': 8},416,416,350,"{'CNOT': 350, 'RZ': 402, 'RX': 14}"
177,"['1*x_3 + 10*x_0 + 3*x_1 + 5*x_5 + 1*x_2 <= 12', '1*x_3*x_3 + 5*x_3*x_0 + 4*x_3*x_1 + 2*x_0*x_0 + 2*x_0*x_1 + 2*x_1*x_1 <= 8']",knapsack+quadratic_knapsack,6,2, 1*x_0 + 4*x_0 x_1 + 3*x_0 x_2 + -1*x_0 x_3 + -3*x_0 x_4 + -1*x_1 + -5*x_1 x_2 + -3*x_1 x_3 + -2*x_1 x_4 + -1*x_1 x_5 + -1*x_2 + 4*x_2 x_4 + -5*x_2 x_5 + 3*x_3 + 4*x_3 x_4 + -1*x_3 x_5 + -3*x_4 + 3*x_4 x_5 + 2*x_5,"['knapsack', 'quadratic_knapsack']",10,4,1,1,True,True,4,4,0,{'Hadamard': 4},{},544,272,272,"{'CNOT': 272, 'RZ': 262, 'RX': 10}",{},14,8,8,8,0,{'Hadamard': 8},402,402,344,"{'CNOT': 344, 'RZ': 388, 'RX': 14}"
178,"['1*x_0*x_0 + 4*x_0*x_1 + 1*x_0*x_2 + 2*x_0*x_3 + 5*x_1*x_1 + 4*x_1*x_2 + 3*x_1*x_3 + 5*x_2*x_2 + 4*x_2*x_3 + 2*x_3*x_3 <= 18', '1*x_2*x_2 + 2*x_2*x_0 + 1*x_2*x_1 + 1*x_0*x_0 + 5*x_0*x_1 + 1*x_1*x_1 <= 6', '4*x_0*x_0 + 5*x_0*x_2 + 2*x_0*x_3 + 5*x_0*x_1 + 4*x_2*x_2 + 3*x_2*x_3 + 5*x_2*x_1 + 3*x_3*x_3 + 2*x_3*x_1 + 3*x_1*x_1 <= 22']",quadratic_knapsack+quadratic_knapsack+quadratic_knapsack,4,3, -3*x_0 + -1*x_0 x_1 + -1*x_0 x_2 + 3*x_0 x_3 + -4*x_1 + -3*x_1 x_2 + -3*x_1 x_3 + 1*x_2 + 2*x_2 x_3 + -5*x_3,"['quadratic_knapsack', 'quadratic_knapsack', 'quadratic_knapsack']",12,8,1,2,True,True,8,8,0,{'Hadamard': 8},{},1832,854,978,"{'CNOT': 978, 'RZ': 842, 'RX': 12}",{},17,13,13,13,0,{'Hadamard': 13},1488,1488,1740,"{'CNOT': 1740, 'RZ': 1471, 'RX': 17}"
179,"['4*x_2 + 5*x_4 + 3*x_1 + 7*x_0 + 6*x_3 <= 11', '9*x_0 + 2*x_1 + 1*x_3 + 9*x_4 + 6*x_2 <= 13', 'x_4 + x_0 + x_2 + x_3 + x_1 >= 2']",knapsack+cardinality+knapsack,5,3, 2*x_0 + -1*x_0 x_2 + -4*x_0 x_3 + 1*x_0 x_4 + -5*x_1 + -2*x_1 x_2 + -1*x_1 x_3 + 1*x_1 x_4 + 3*x_2 + -5*x_2 x_3 + -5*x_2 x_4 + -5*x_3 x_4 + 3*x_4,"['knapsack', 'cardinality', 'knapsack']",11,6,1,2,True,True,6,6,0,{'Hadamard': 6},{},359,227,132,"{'CNOT': 132, 'RZ': 216, 'RX': 11}",{},15,10,10,10,0,{'Hadamard': 10},357,357,204,"{'CNOT': 204, 'RZ': 342, 'RX': 15}"
180,"['4*x_2 + 6*x_4 + 2*x_3 + 10*x_5 <= 7', 'x_2 + x_3 + x_5 + x_4 + x_1 >= 1']",knapsack+cardinality,8,2, 1*x_0 + -5*x_0 x_1 + -1*x_0 x_2 + 4*x_0 x_3 + -2*x_0 x_4 + 2*x_0 x_5 + -1*x_0 x_6 + 1*x_1 x_2 + -5*x_1 x_3 + -1*x_1 x_4 + 2*x_1 x_5 + 3*x_1 x_6 + -4*x_1 x_7 + -4*x_2 + -5*x_2 x_3 + -5*x_2 x_4 + -3*x_2 x_5 + 3*x_2 x_7 + -5*x_3 + -2*x_3 x_4 + -1*x_3 x_5 + -2*x_3 x_6 + -4*x_3 x_7 + -2*x_4 + 3*x_4 x_5 + -4*x_4 x_6 + 4*x_4 x_7 + -5*x_5 + -3*x_5 x_7 + -5*x_6 + -1*x_6 x_7,"['knapsack', 'cardinality']",11,3,1,1,True,True,3,3,0,{'Hadamard': 3},{},250,144,106,"{'CNOT': 106, 'RZ': 133, 'RX': 11}",{},14,6,6,6,0,{'Hadamard': 6},224,224,148,"{'CNOT': 148, 'RZ': 210, 'RX': 14}"
181,"['7*x_1 + 10*x_2 + 9*x_4 <= 8', 'x_4 + x_0 + x_1 + x_3 + x_2 == 0']",knapsack+cardinality,5,2, -3*x_0 + -1*x_0 x_2 + -5*x_0 x_3 + 2*x_0 x_4 + 1*x_1 + -4*x_1 x_2 + -3*x_1 x_3 + -3*x_1 x_4 + -2*x_2 + -2*x_2 x_3 + 1*x_2 x_4 + 1*x_3 + -2*x_3 x_4 + -2*x_4,"['knapsack', 'cardinality']",9,4,1,1,False,False,4,4,0,{'Hadamard': 4},{},175,105,70,"{'CNOT': 70, 'RZ': 91, 'RY': 10, 'RX': 4}",{},9,4,4,4,0,{'Hadamard': 4},135,135,80,"{'CNOT': 80, 'RZ': 126, 'RX': 9}"
182,"['3*x_6*x_6 + 1*x_6*x_5 + 5*x_6*x_3 + 2*x_6*x_7 + 5*x_6*x_4 + 2*x_5*x_5 + 5*x_5*x_3 + 5*x_5*x_7 + 5*x_5*x_4 + 2*x_3*x_3 + 3*x_3*x_7 + 3*x_3*x_4 + 4*x_7*x_7 + 1*x_7*x_4 + 5*x_4*x_4 <= 18', 'x_7 + x_1 + x_0 + x_4 + x_5 >= 1']",quadratic_knapsack+cardinality,8,2, 4*x_0 + 1*x_0 x_1 + -3*x_0 x_2 + -4*x_0 x_3 + -5*x_0 x_4 + -2*x_0 x_5 + -1*x_0 x_6 + 2*x_0 x_7 + -4*x_1 + 1*x_1 x_2 + 3*x_1 x_3 + 3*x_1 x_4 + -1*x_1 x_5 + -1*x_1 x_6 + -1*x_1 x_7 + -5*x_2 + 4*x_2 x_3 + -3*x_2 x_4 + 4*x_2 x_5 + -2*x_2 x_6 + -3*x_2 x_7 + -5*x_3 + -5*x_3 x_4 + -5*x_3 x_5 + -1*x_3 x_6 + -2*x_3 x_7 + -1*x_4 + -2*x_4 x_5 + 1*x_4 x_6 + -5*x_4 x_7 + -4*x_5 + -5*x_5 x_6 + 3*x_5 x_7 + 4*x_6 + -1*x_6 x_7 + 4*x_7,"['quadratic_knapsack', 'cardinality']",11,3,1,1,True,True,3,3,0,{'Hadamard': 3},{},259,147,112,"{'CNOT': 112, 'RZ': 136, 'RX': 11}",{},16,8,8,8,0,{'Hadamard': 8},1432,1432,1892,"{'CNOT': 1892, 'RZ': 1416, 'RX': 16}"
183,"['x_1 + x_4 + x_0 + x_2 <= 2', 'x_4 + x_1 <= 1', 'x_7 + x_4 + x_5 + x_3 >= 4']",cardinality+cardinality+cardinality,8,3, 1*x_0 + -5*x_0 x_1 + -1*x_0 x_2 + 4*x_0 x_3 + -2*x_0 x_4 + 2*x_0 x_5 + -1*x_0 x_6 + 1*x_1 x_2 + -5*x_1 x_3 + -1*x_1 x_4 + 2*x_1 x_5 + 3*x_1 x_6 + -4*x_1 x_7 + -4*x_2 + -5*x_2 x_3 + -5*x_2 x_4 + -3*x_2 x_5 + 3*x_2 x_7 + -5*x_3 + -2*x_3 x_4 + -1*x_3 x_5 + -2*x_3 x_6 + -4*x_3 x_7 + -2*x_4 + 3*x_4 x_5 + -4*x_4 x_6 + 4*x_4 x_7 + -5*x_5 + -3*x_5 x_7 + -5*x_6 + -1*x_6 x_7,"['cardinality', 'cardinality', 'cardinality']",10,2,1,2,False,False,7,3,4,"{'Hadamard': 2, 'RY': 1, 'CRY': 1, 'SWAP': 1, 'CNOT': 2}",{},232,131,101,"{'CNOT': 96, 'RZ': 116, 'RY': 2, 'CRY': 2, 'SWAP': 2, 'X': 4, 'PhaseShift': 1, 'CRZ': 1, 'RX': 8}",{},11,3,3,3,0,{'Hadamard': 3},142,142,98,"{'CNOT': 98, 'RZ': 131, 'RX': 11}"
184,"['1*x_3 + 3*x_1 + 9*x_4 + 8*x_0 <= 10', '2*x_1*x_1 + 5*x_1*x_2 + 4*x_1*x_0 + 2*x_1*x_4 + 4*x_1*x_3 + 5*x_2*x_2 + 5*x_2*x_0 + 2*x_2*x_4 + 1*x_2*x_3 + 4*x_0*x_0 + 1*x_0*x_4 + 2*x_0*x_3 + 5*x_4*x_4 + 4*x_4*x_3 + 2*x_3*x_3 <= 29', '4*x_2*x_2 + 5*x_2*x_0 + 2*x_2*x_1 + 5*x_2*x_3 + 4*x_0*x_0 + 3*x_0*x_1 + 5*x_0*x_3 + 3*x_1*x_1 + 2*x_1*x_3 + 3*x_3*x_3 <= 22']",knapsack+quadratic_knapsack+quadratic_knapsack,5,3, 1*x_0 + 2*x_0 x_1 + -2*x_0 x_2 + 1*x_0 x_3 + 2*x_0 x_4 + -2*x_1 + -1*x_1 x_2 + -2*x_1 x_3 + 2*x_1 x_4 + -1*x_2 + -1*x_2 x_3 + -2*x_2 x_4 + -4*x_3 + 4*x_3 x_4 + 3*x_4,"['knapsack', 'quadratic_knapsack', 'quadratic_knapsack']",15,10,1,2,True,True,10,10,0,{'Hadamard': 10},{},4501,1939,2562,"{'CNOT': 2562, 'RZ': 1924, 'RX': 15}",{},19,14,14,14,0,{'Hadamard': 14},2043,2043,2618,"{'CNOT': 2618, 'RZ': 2024, 'RX': 19}"
185,"['1*x_5*x_5 + 4*x_5*x_4 + 1*x_5*x_3 + 2*x_5*x_0 + 5*x_4*x_4 + 4*x_4*x_3 + 3*x_4*x_0 + 5*x_3*x_3 + 4*x_3*x_0 + 2*x_0*x_0 <= 18', '3*x_4*x_4 + 1*x_4*x_1 + 3*x_4*x_5 + 4*x_4*x_0 + 5*x_1*x_1 + 4*x_1*x_5 + 2*x_1*x_0 + 2*x_5*x_5 + 4*x_5*x_0 + 4*x_0*x_0 <= 17']",quadratic_knapsack+quadratic_knapsack,6,2, -2*x_0 x_1 + -2*x_0 x_2 + -4*x_0 x_3 + 2*x_0 x_4 + -4*x_0 x_5 + 1*x_1 + 3*x_1 x_2 + 1*x_1 x_3 + -1*x_1 x_4 + 3*x_1 x_5 + -4*x_2 + -1*x_2 x_3 + -3*x_2 x_5 + -4*x_3 + 4*x_3 x_4 + 4*x_3 x_5 + -2*x_4 + 2*x_4 x_5 + -2*x_5,"['quadratic_knapsack', 'quadratic_knapsack']",11,5,1,1,True,True,5,5,0,{'Hadamard': 5},{},1450,660,790,"{'CNOT': 790, 'RZ': 649, 'RX': 11}",{},16,10,10,10,0,{'Hadamard': 10},1294,1294,1552,"{'CNOT': 1552, 'RZ': 1278, 'RX': 16}"
186,"['x_1 + x_4 + x_2 >= 1', 'x_2 + x_1 + x_3 + x_4 >= 0']",cardinality+cardinality,6,2, -5*x_0 + -4*x_0 x_1 + -3*x_0 x_2 + -5*x_0 x_3 + 1*x_0 x_4 + -4*x_0 x_5 + -3*x_1 + -1*x_1 x_2 + 3*x_1 x_3 + -2*x_1 x_4 + 4*x_1 x_5 + -2*x_2 + -1*x_2 x_3 + -4*x_2 x_4 + 4*x_3 + -5*x_3 x_4 + 4*x_3 x_5 + -2*x_4 + -5*x_5,"['cardinality', 'cardinality']",8,2,1,1,True,True,2,2,0,{'Hadamard': 2},{},113,67,46,"{'CNOT': 46, 'RZ': 59, 'RX': 8}",{},11,5,5,5,0,{'Hadamard': 5},140,140,88,"{'CNOT': 88, 'RZ': 129, 'RX': 11}"
187,"['1*x_2 + 10*x_0 + 3*x_4 + 5*x_3 + 1*x_1 <= 12', '2*x_3 + 10*x_2 + 4*x_4 <= 6', 'x_2 + x_3 + x_1 == 0']",knapsack+cardinality+knapsack,5,3, 2*x_0 + -1*x_0 x_2 + -4*x_0 x_3 + 1*x_0 x_4 + -5*x_1 + -2*x_1 x_2 + -1*x_1 x_3 + 1*x_1 x_4 + 3*x_2 + -5*x_2 x_3 + -5*x_2 x_4 + -5*x_3 x_4 + 3*x_4,"['knapsack', 'cardinality', 'knapsack']",12,7,1,2,False,False,7,7,0,{'Hadamard': 7},{},337,211,126,"{'CNOT': 126, 'RZ': 196, 'RY': 6, 'RX': 9}",{},12,7,7,7,0,{'Hadamard': 7},220,220,126,"{'CNOT': 126, 'RZ': 208, 'RX': 12}"
188,"['4*x_1*x_1 + 4*x_1*x_3 + 1*x_1*x_6 + 5*x_1*x_5 + 5*x_3*x_3 + 5*x_3*x_6 + 5*x_3*x_5 + 1*x_6*x_6 + 4*x_6*x_5 + 1*x_5*x_5 <= 11', '7*x_2 + 7*x_6 + 10*x_5 + 2*x_4 <= 10']",quadratic_knapsack+knapsack,7,2, 3*x_0 + 4*x_0 x_1 + 1*x_0 x_2 + -5*x_0 x_3 + -5*x_0 x_4 + -4*x_1 + -4*x_1 x_2 + -3*x_1 x_3 + -4*x_1 x_4 + 1*x_1 x_6 + 3*x_2 + 3*x_2 x_3 + 1*x_2 x_4 + -1*x_2 x_5 + -4*x_3 + 2*x_3 x_4 + 1*x_3 x_5 + -5*x_3 x_6 + -5*x_4 + -3*x_4 x_5 + 4*x_4 x_6 + -4*x_5 + -3*x_5 x_6 + 4*x_6,"['quadratic_knapsack', 'knapsack']",11,4,1,1,True,True,4,4,0,{'Hadamard': 4},{},225,135,90,"{'CNOT': 90, 'RZ': 124, 'RX': 11}",{},15,8,8,8,0,{'Hadamard': 8},700,700,776,"{'CNOT': 776, 'RZ': 685, 'RX': 15}"
189,"['4*x_1*x_1 + 3*x_1*x_5 + 3*x_1*x_3 + 2*x_1*x_0 + 2*x_1*x_4 + 2*x_5*x_5 + 3*x_5*x_3 + 2*x_5*x_0 + 3*x_5*x_4 + 3*x_3*x_3 + 5*x_3*x_0 + 4*x_3*x_4 + 3*x_0*x_0 + 5*x_0*x_4 + 1*x_4*x_4 <= 22', '4*x_5 + 2*x_7 + 10*x_0 + 8*x_6 <= 13']",knapsack+quadratic_knapsack,8,2, 2*x_0 + -5*x_0 x_1 + 2*x_0 x_2 + 3*x_0 x_3 + -4*x_0 x_4 + -1*x_0 x_5 + -3*x_0 x_6 + -2*x_0 x_7 + 2*x_1 + -5*x_1 x_2 + 3*x_1 x_3 + -2*x_1 x_4 + 4*x_1 x_5 + -5*x_1 x_6 + 1*x_1 x_7 + -5*x_2 + 4*x_2 x_3 + 4*x_2 x_4 + -1*x_2 x_5 + -5*x_2 x_7 + -1*x_3 + 1*x_3 x_4 + 1*x_3 x_5 + 4*x_3 x_6 + 3*x_3 x_7 + -1*x_4 + -5*x_4 x_5 + -2*x_4 x_6 + -2*x_4 x_7 + -3*x_5 + -4*x_5 x_7 + 4*x_6 + 3*x_6 x_7 + -1*x_7,"['knapsack', 'quadratic_knapsack']",13,5,1,1,True,True,5,5,0,{'Hadamard': 5},{},3159,1327,1832,"{'CNOT': 1832, 'RZ': 1314, 'RX': 13}",{},17,9,9,9,0,{'Hadamard': 9},1431,1431,1888,"{'CNOT': 1888, 'RZ': 1414, 'RX': 17}"
190,"['2*x_1 + 5*x_5 + 2*x_6 <= 5', 'x_1 + x_2 + x_0 - x_5 - x_6 - x_4 == 0', 'x_5 + x_2 == 0']",knapsack+cardinality+flow,7,3, 3*x_0 x_2 + 3*x_0 x_3 + 3*x_0 x_4 + -1*x_0 x_5 + 4*x_0 x_6 + -2*x_1 + -2*x_1 x_3 + 2*x_1 x_4 + -5*x_1 x_5 + 3*x_1 x_6 + 1*x_2 + -3*x_2 x_3 + -5*x_2 x_4 + 2*x_2 x_5 + 1*x_2 x_6 + 4*x_3 + -1*x_3 x_5 + -2*x_3 x_6 + -4*x_4 + 3*x_4 x_5 + -1*x_4 x_6 + -4*x_5 + 2*x_5 x_6 + -1*x_6,"['knapsack', 'cardinality', 'flow']",10,3,1,2,False,False,3,3,0,{'Hadamard': 3},{},244,144,100,"{'CNOT': 100, 'RZ': 132, 'RY': 4, 'RX': 8}",{},10,3,3,3,0,{'Hadamard': 3},147,147,98,"{'CNOT': 98, 'RZ': 137, 'RX': 10}"
191,"['x_3 + x_0 + x_4 + x_5 + x_2 >= 2', 'x_5 + x_1 >= 0']",cardinality+cardinality,6,2, 4*x_0 + -1*x_0 x_1 + 3*x_0 x_2 + -1*x_0 x_3 + -4*x_0 x_4 + 1*x_0 x_5 + 3*x_1 + 1*x_1 x_2 + -3*x_1 x_3 + -5*x_1 x_4 + -2*x_1 x_5 + -2*x_2 + -4*x_2 x_3 + -3*x_2 x_4 + 2*x_2 x_5 + -5*x_3 + -2*x_3 x_4 + 4*x_4 + -5*x_5,"['cardinality', 'cardinality']",8,2,1,1,True,True,2,2,0,{'Hadamard': 2},{},172,104,68,"{'CNOT': 68, 'RZ': 96, 'RX': 8}",{},10,4,4,4,0,{'Hadamard': 4},128,128,80,"{'CNOT': 80, 'RZ': 118, 'RX': 10}"
192,"['9*x_0 + 2*x_2 + 1*x_4 + 9*x_1 + 6*x_3 <= 13', 'x_4 + x_3 + x_0 <= 3']",cardinality+knapsack,5,2, 3*x_0 + 1*x_0 x_2 + 3*x_0 x_4 + -5*x_1 + -3*x_1 x_2 + 3*x_2 + 3*x_2 x_3 + -5*x_2 x_4 + -4*x_3 + 2*x_3 x_4 + -3*x_4,"['cardinality', 'knapsack']",9,4,1,1,False,False,17,5,11,"{'Hadamard': 4, 'RY': 1, 'CRY': 4, 'SWAP': 1, 'CNOT': 6, 'C(RY, num_ctrl_wires=2,num_zero_ctrl=0)': 1}",{},262,152,107,"{'CNOT': 96, 'RZ': 137, 'RY': 2, 'CRY': 8, 'SWAP': 2, 'C(RY, num_ctrl_wires=2,num_zero_ctrl=0)': 2, 'X': 6, 'PhaseShift': 1, 'CRZ': 1, 'C(RZ, num_ctrl_wires=2,num_zero_ctrl=0)': 1, 'RX': 6}",{},11,6,6,6,0,{'Hadamard': 6},188,188,104,"{'CNOT': 104, 'RZ': 177, 'RX': 11}"
193,"['x_0 + x_4 + x_1 + x_2 <= 3', 'x_2 + x_1 + x_3 + x_0 + x_4 >= 1']",cardinality+cardinality,5,2, 1*x_0 + 1*x_0 x_1 + -5*x_0 x_2 + -3*x_0 x_4 + -4*x_1 + 2*x_1 x_2 + 3*x_1 x_3 + -3*x_1 x_4 + 1*x_2 + 2*x_2 x_3 + 1*x_2 x_4 + -4*x_3 + -3*x_3 x_4 + -5*x_4,"['cardinality', 'cardinality']",8,3,1,1,False,False,26,4,19,"{'Hadamard': 3, 'RY': 1, 'CRY': 5, 'SWAP': 2, 'CNOT': 12, 'C(RY, num_ctrl_wires=2,num_zero_ctrl=0)': 3}",{},250,129,113,"{'CNOT': 98, 'RZ': 114, 'RY': 2, 'CRY': 10, 'SWAP': 4, 'C(RY, num_ctrl_wires=2,num_zero_ctrl=0)': 6, 'X': 8, 'PhaseShift': 1, 'CRZ': 1, 'C(RZ, num_ctrl_wires=2,num_zero_ctrl=0)': 1, 'C(RZ, num_ctrl_wires=3,num_zero_ctrl=0)': 1, 'RX': 4}",{},10,5,5,5,0,{'Hadamard': 5},181,181,104,"{'CNOT': 104, 'RZ': 171, 'RX': 10}"
194,"['1*x_3 + 6*x_4 + 9*x_5 + 8*x_0 + 9*x_2 <= 18', '4*x_3 + 5*x_2 + 3*x_1 + 7*x_4 + 6*x_0 <= 11']",knapsack+knapsack,6,2, 2*x_0 + -5*x_0 x_1 + 2*x_0 x_2 + -4*x_0 x_3 + -2*x_0 x_4 + 4*x_0 x_5 + -4*x_1 + -5*x_1 x_2 + -5*x_1 x_3 + -5*x_1 x_4 + -5*x_1 x_5 + 1*x_2 + 4*x_2 x_3 + -1*x_2 x_4 + -1*x_2 x_5 + -5*x_3 + -5*x_3 x_5 + -1*x_4 + 1*x_4 x_5 + -1*x_5,"['knapsack', 'knapsack']",11,5,1,1,True,True,5,5,0,{'Hadamard': 5},{},304,186,118,"{'CNOT': 118, 'RZ': 175, 'RX': 11}",{},15,9,9,9,0,{'Hadamard': 9},316,316,190,"{'CNOT': 190, 'RZ': 301, 'RX': 15}"
195,"['4*x_5*x_5 + 5*x_5*x_3 + 2*x_5*x_2 + 5*x_5*x_1 + 4*x_3*x_3 + 3*x_3*x_2 + 5*x_3*x_1 + 3*x_2*x_2 + 2*x_2*x_1 + 3*x_1*x_1 <= 22', 'x_2 + x_1 + x_4 <= 2']",quadratic_knapsack+cardinality,6,2, -2*x_0 + -4*x_0 x_1 + 2*x_0 x_2 + 2*x_0 x_3 + 3*x_0 x_4 + -5*x_0 x_5 + -1*x_1 + 1*x_1 x_3 + -2*x_1 x_4 + -5*x_2 x_3 + 4*x_2 x_4 + 3*x_2 x_5 + 3*x_3 + -3*x_3 x_4 + 2*x_3 x_5 + -1*x_4 + 2*x_4 x_5 + 3*x_5,"['quadratic_knapsack', 'cardinality']",11,5,1,1,False,False,17,6,10,"{'Hadamard': 5, 'RY': 1, 'CRY': 3, 'SWAP': 1, 'CNOT': 6, 'C(RY, num_ctrl_wires=2,num_zero_ctrl=0)': 1}",{},1477,665,809,"{'CNOT': 800, 'RZ': 648, 'RY': 2, 'CRY': 6, 'SWAP': 2, 'C(RY, num_ctrl_wires=2,num_zero_ctrl=0)': 2, 'X': 6, 'PhaseShift': 1, 'CRZ': 1, 'C(RZ, num_ctrl_wires=2,num_zero_ctrl=0)': 1, 'RX': 8}",{},13,7,7,7,0,{'Hadamard': 7},701,701,808,"{'CNOT': 808, 'RZ': 688, 'RX': 13}"
196,"['8*x_4 + 10*x_5 + 1*x_1 + 2*x_2 <= 12', 'x_5 + x_0 + x_2 + x_4 >= 0']",cardinality+knapsack,6,2, -5*x_0 + -4*x_0 x_1 + -3*x_0 x_2 + -5*x_0 x_3 + 1*x_0 x_4 + -4*x_0 x_5 + -3*x_1 + -1*x_1 x_2 + 3*x_1 x_3 + -2*x_1 x_4 + 4*x_1 x_5 + -2*x_2 + -1*x_2 x_3 + -4*x_2 x_4 + 4*x_3 + -5*x_3 x_4 + 4*x_3 x_5 + -2*x_4 + -5*x_5,"['cardinality', 'knapsack']",10,4,1,1,True,True,4,4,0,{'Hadamard': 4},{},211,129,82,"{'CNOT': 82, 'RZ': 119, 'RX': 10}",{},13,7,7,7,0,{'Hadamard': 7},202,202,124,"{'CNOT': 124, 'RZ': 189, 'RX': 13}"
197,"['5*x_0*x_0 + 1*x_0*x_4 + 3*x_0*x_5 + 1*x_0*x_1 + 4*x_4*x_4 + 1*x_4*x_5 + 5*x_4*x_1 + 4*x_5*x_5 + 2*x_5*x_1 + 3*x_1*x_1 <= 19', '6*x_3 + 7*x_5 + 8*x_0 + 9*x_4 + 5*x_1 <= 14', 'x_5 + x_4 >= 0']",knapsack+cardinality+quadratic_knapsack,6,3, -4*x_0 + 2*x_0 x_1 + -4*x_0 x_2 + 1*x_0 x_3 + -4*x_0 x_4 + 1*x_1 + 4*x_1 x_2 + -3*x_1 x_3 + -1*x_1 x_5 + 2*x_2 + 4*x_2 x_3 + -1*x_2 x_4 + 3*x_3 + 4*x_3 x_4 + -4*x_3 x_5 + -1*x_4 + 3*x_4 x_5 + -1*x_5,"['knapsack', 'cardinality', 'quadratic_knapsack']",13,7,1,2,True,True,7,7,0,{'Hadamard': 7},{},1479,681,798,"{'CNOT': 798, 'RZ': 668, 'RX': 13}",{},17,11,11,11,0,{'Hadamard': 11},811,811,870,"{'CNOT': 870, 'RZ': 794, 'RX': 17}"
198,"['2*x_1*x_1 + 5*x_1*x_0 + 4*x_1*x_4 + 4*x_1*x_6 + 3*x_1*x_5 + 4*x_0*x_0 + 4*x_0*x_4 + 1*x_0*x_6 + 2*x_0*x_5 + 3*x_4*x_4 + 1*x_4*x_6 + 4*x_4*x_5 + 3*x_6*x_6 + 4*x_6*x_5 + 3*x_5*x_5 <= 16', 'x_5 + x_4 + x_7 + x_1 + x_3 >= 1']",cardinality+quadratic_knapsack,8,2, -1*x_0 + -4*x_0 x_1 + 1*x_0 x_2 + 3*x_0 x_3 + -1*x_0 x_4 + -1*x_0 x_5 + -1*x_0 x_6 + 1*x_0 x_7 + 4*x_1 + -3*x_1 x_2 + 3*x_1 x_3 + 4*x_1 x_4 + -5*x_1 x_5 + -2*x_1 x_6 + -1*x_1 x_7 + -3*x_2 x_3 + -5*x_2 x_4 + 2*x_2 x_5 + -4*x_2 x_6 + -3*x_2 x_7 + -2*x_3 + 4*x_3 x_4 + -1*x_3 x_6 + -5*x_3 x_7 + -5*x_4 + -4*x_4 x_5 + 4*x_4 x_6 + -1*x_4 x_7 + -1*x_5 + 2*x_5 x_6 + 3*x_5 x_7 + -4*x_6 + -5*x_6 x_7,"['cardinality', 'quadratic_knapsack']",13,5,1,1,True,True,5,5,0,{'Hadamard': 5},{},3161,1327,1834,"{'CNOT': 1834, 'RZ': 1314, 'RX': 13}",{},16,8,8,8,0,{'Hadamard': 8},1430,1430,1890,"{'CNOT': 1890, 'RZ': 1414, 'RX': 16}"
199,"['x_2 + x_3 - x_1 - x_0 == 0', 'x_3 + x_2 <= 2']",cardinality+flow,4,2, -4*x_0 + 4*x_0 x_1 + 1*x_0 x_2 + -5*x_0 x_3 + 1*x_1 + 1*x_1 x_2 + 4*x_1 x_3 + 3*x_2 + -1*x_2 x_3 + -4*x_3,"['cardinality', 'flow']",4,0,1,1,False,False,6,1,5,"{'RY': 1, 'CRY': 2, 'SWAP': 1, 'CNOT': 2}",{},76,41,35,"{'CNOT': 28, 'RZ': 32, 'RY': 2, 'CRY': 4, 'SWAP': 2, 'X': 4, 'PhaseShift': 1, 'CRZ': 1, 'RX': 2}",{},6,2,2,2,0,{'Hadamard': 2},64,64,36,"{'CNOT': 36, 'RZ': 58, 'RX': 6}"
200,"['1*x_2 + 10*x_0 + 3*x_5 + 5*x_4 + 1*x_3 <= 12', '7*x_1 + 7*x_4 + 10*x_2 + 2*x_5 <= 10']",knapsack+knapsack,6,2, 1*x_0 x_1 + -3*x_0 x_3 + -3*x_0 x_4 + 4*x_0 x_5 + 4*x_1 + 3*x_1 x_5 + 1*x_2 + 3*x_2 x_3 + -4*x_2 x_4 + 1*x_2 x_5 + -1*x_3 + 2*x_3 x_4 + 1*x_3 x_5 + -4*x_4 + -5*x_5,"['knapsack', 'knapsack']",10,4,1,1,True,True,4,4,0,{'Hadamard': 4},{},202,126,76,"{'CNOT': 76, 'RZ': 116, 'RX': 10}",{},14,8,8,8,0,{'Hadamard': 8},256,256,148,"{'CNOT': 148, 'RZ': 242, 'RX': 14}"
201,"['5*x_3*x_3 + 1*x_3*x_0 + 2*x_3*x_5 + 5*x_0*x_0 + 1*x_0*x_5 + 3*x_5*x_5 <= 6', 'x_5 + x_1 + x_0 + x_3 + x_2 == 3']",cardinality+quadratic_knapsack,6,2, 1*x_0 x_1 + -3*x_0 x_3 + -3*x_0 x_4 + 4*x_0 x_5 + 4*x_1 + 3*x_1 x_5 + 1*x_2 + 3*x_2 x_3 + -4*x_2 x_4 + 1*x_2 x_5 + -1*x_3 + 2*x_3 x_4 + 1*x_3 x_5 + -4*x_4 + -5*x_5,"['cardinality', 'quadratic_knapsack']",9,3,1,1,False,False,34,6,22,"{'Hadamard': 3, 'X': 3, 'CNOT': 14, 'CRY': 6, 'C(RY, num_ctrl_wires=2,num_zero_ctrl=0)': 3, 'CSWAP': 3, 'SWAP': 2}",{},468,234,234,"{'CNOT': 234, 'RZ': 220, 'RY': 10, 'RX': 4}",{},9,3,3,3,0,{'Hadamard': 3},269,269,244,"{'CNOT': 244, 'RZ': 260, 'RX': 9}"
202,"['1*x_5*x_5 + 5*x_5*x_1 + 3*x_5*x_0 + 4*x_1*x_1 + 2*x_1*x_0 + 4*x_0*x_0 <= 7', 'x_5 + x_6 + x_1 + x_0 + x_3 == 3']",cardinality+quadratic_knapsack,7,2, 4*x_0 + 2*x_0 x_1 + -5*x_0 x_3 + 2*x_0 x_4 + -3*x_0 x_5 + 1*x_0 x_6 + -3*x_1 + -4*x_1 x_2 + -1*x_1 x_3 + 1*x_1 x_4 + 3*x_1 x_5 + 2*x_1 x_6 + 4*x_2 x_3 + -1*x_2 x_4 + -3*x_2 x_5 + 4*x_2 x_6 + 2*x_3 + -2*x_3 x_4 + 4*x_3 x_5 + -2*x_3 x_6 + 3*x_4 + -1*x_4 x_6 + 2*x_5 + -2*x_5 x_6 + -1*x_6,"['cardinality', 'quadratic_knapsack']",10,3,1,1,False,False,34,6,22,"{'Hadamard': 3, 'X': 3, 'CNOT': 14, 'CRY': 6, 'C(RY, num_ctrl_wires=2,num_zero_ctrl=0)': 3, 'CSWAP': 3, 'SWAP': 2}",{},495,243,252,"{'CNOT': 252, 'RZ': 228, 'RY': 10, 'RX': 5}",{},10,3,3,3,0,{'Hadamard': 3},278,278,262,"{'CNOT': 262, 'RZ': 268, 'RX': 10}"
203,"['4*x_4 + 6*x_0 + 1*x_2 + 1*x_5 <= 6', 'x_0 + x_6 + x_2 + x_3 + x_1 <= 2', 'x_1 + x_2 + x_6 - x_5 - x_3 == 0']",flow+cardinality+knapsack,7,3, -1*x_0 + 4*x_0 x_1 + 1*x_0 x_2 + -2*x_0 x_3 + 3*x_0 x_4 + -1*x_0 x_5 + 4*x_0 x_6 + 2*x_1 + 2*x_1 x_2 + -1*x_1 x_3 + -2*x_1 x_4 + -1*x_1 x_5 + 3*x_1 x_6 + -1*x_2 + -5*x_2 x_3 + -2*x_2 x_4 + 2*x_2 x_5 + -1*x_2 x_6 + 2*x_3 + -1*x_3 x_5 + -3*x_4 + 3*x_4 x_5 + -2*x_4 x_6 + -1*x_5 x_6 + -5*x_6,"['flow', 'cardinality', 'knapsack']",12,5,1,2,False,False,23,6,16,"{'Hadamard': 5, 'RY': 1, 'CRY': 4, 'CNOT': 10, 'SWAP': 2, 'C(RY, num_ctrl_wires=2,num_zero_ctrl=0)': 1}",{},329,197,132,"{'CNOT': 132, 'RZ': 180, 'RY': 10, 'RX': 7}",{},12,5,5,5,0,{'Hadamard': 5},227,227,142,"{'CNOT': 142, 'RZ': 215, 'RX': 12}"
204,"['4*x_2 + 6*x_7 + 2*x_1 + 10*x_6 <= 7', 'x_0 + x_7 >= 1', 'x_1 + x_4 + x_5 + x_0 + x_7 <= 4']",knapsack+cardinality+cardinality,8,3, 2*x_0 + 3*x_0 x_1 + -2*x_0 x_3 + -1*x_0 x_4 + 3*x_0 x_5 + 4*x_0 x_6 + -5*x_0 x_7 + 4*x_1 + 2*x_1 x_2 + -4*x_1 x_3 + -2*x_1 x_4 + -4*x_1 x_5 + -3*x_1 x_6 + -2*x_1 x_7 + -4*x_2 x_3 + 2*x_2 x_4 + 3*x_2 x_5 + 1*x_2 x_6 + -4*x_2 x_7 + 1*x_3 + -1*x_3 x_4 + 3*x_3 x_5 + -1*x_3 x_6 + -5*x_4 + -4*x_4 x_5 + -5*x_4 x_6 + -3*x_4 x_7 + 3*x_5 + 4*x_5 x_6 + -3*x_5 x_7 + -3*x_7,"['knapsack', 'cardinality', 'cardinality']",12,4,1,2,False,False,40,5,29,"{'Hadamard': 4, 'RY': 1, 'CRY': 7, 'SWAP': 2, 'CNOT': 20, 'C(RY, num_ctrl_wires=2,num_zero_ctrl=0)': 6}",{},315,143,157,"{'CNOT': 138, 'RZ': 123, 'RY': 2, 'CRY': 14, 'SWAP': 4, 'C(RY, num_ctrl_wires=2,num_zero_ctrl=0)': 12, 'X': 10, 'PhaseShift': 1, 'CRZ': 1, 'C(RZ, num_ctrl_wires=2,num_zero_ctrl=0)': 1, 'C(RZ, num_ctrl_wires=3,num_zero_ctrl=0)': 1, 'C(RZ, num_ctrl_wires=4,num_zero_ctrl=0)': 1, 'RX': 7}",{},15,7,7,7,0,{'Hadamard': 7},238,238,154,"{'CNOT': 154, 'RZ': 223, 'RX': 15}"
205,"['10*x_1 + 8*x_0 + 10*x_3 <= 9', 'x_3 + x_0 <= 2']",cardinality+knapsack,4,2, 2*x_0 + -4*x_0 x_1 + 4*x_0 x_2 + -4*x_0 x_3 + 2*x_1 x_2 + 2*x_2,"['cardinality', 'knapsack']",8,4,1,1,False,False,10,5,5,"{'Hadamard': 4, 'RY': 1, 'CRY': 2, 'SWAP': 1, 'CNOT': 2}",{},158,97,61,"{'CNOT': 54, 'RZ': 84, 'RY': 2, 'CRY': 4, 'SWAP': 2, 'X': 4, 'PhaseShift': 1, 'CRZ': 1, 'RX': 6}",{},10,6,6,6,0,{'Hadamard': 6},120,120,62,"{'CNOT': 62, 'RZ': 110, 'RX': 10}"
206,"['1*x_3 + 4*x_1 + 8*x_0 + 10*x_7 + 8*x_5 <= 16', '3*x_5*x_5 + 1*x_5*x_4 + 3*x_5*x_3 + 4*x_5*x_1 + 5*x_4*x_4 + 4*x_4*x_3 + 2*x_4*x_1 + 2*x_3*x_3 + 4*x_3*x_1 + 4*x_1*x_1 <= 17', 'x_3 + x_4 + x_2 + x_0 >= 0']",quadratic_knapsack+knapsack+cardinality,8,3, 3*x_0 + -3*x_0 x_1 + 1*x_0 x_2 + 4*x_0 x_3 + 4*x_0 x_4 + 4*x_0 x_5 + -5*x_0 x_6 + -1*x_0 x_7 + -2*x_1 + -2*x_1 x_2 + 3*x_1 x_3 + -3*x_1 x_4 + -5*x_1 x_5 + -1*x_1 x_6 + 1*x_1 x_7 + -5*x_2 + 1*x_2 x_4 + -4*x_2 x_5 + -5*x_2 x_6 + 1*x_2 x_7 + 2*x_3 + 3*x_3 x_4 + 2*x_3 x_5 + -4*x_3 x_6 + -3*x_3 x_7 + -4*x_4 + -2*x_4 x_5 + -2*x_4 x_6 + -4*x_4 x_7 + -1*x_5 + 1*x_5 x_6 + -5*x_6 + -5*x_6 x_7 + 3*x_7,"['quadratic_knapsack', 'knapsack', 'cardinality']",16,8,1,2,True,True,8,8,0,{'Hadamard': 8},{},459,275,184,"{'CNOT': 184, 'RZ': 259, 'RX': 16}",{},21,13,13,13,0,{'Hadamard': 13},909,909,946,"{'CNOT': 946, 'RZ': 888, 'RX': 21}"
207,"['1*x_2*x_2 + 1*x_2*x_0 + 3*x_2*x_3 + 2*x_2*x_4 + 1*x_0*x_0 + 2*x_0*x_3 + 3*x_0*x_4 + 2*x_3*x_3 + 3*x_3*x_4 + 3*x_4*x_4 <= 7', '1*x_3*x_3 + 5*x_3*x_4 + 4*x_3*x_0 + 2*x_4*x_4 + 2*x_4*x_0 + 2*x_0*x_0 <= 8']",quadratic_knapsack+quadratic_knapsack,5,2, -3*x_0 + -1*x_0 x_2 + -5*x_0 x_3 + 2*x_0 x_4 + 1*x_1 + -4*x_1 x_2 + -3*x_1 x_3 + -3*x_1 x_4 + -2*x_2 + -2*x_2 x_3 + 1*x_2 x_4 + 1*x_3 + -2*x_3 x_4 + -2*x_4,"['quadratic_knapsack', 'quadratic_knapsack']",9,4,1,1,True,True,4,4,0,{'Hadamard': 4},{},532,268,264,"{'CNOT': 264, 'RZ': 259, 'RX': 9}",{},12,7,7,7,0,{'Hadamard': 7},767,767,876,"{'CNOT': 876, 'RZ': 755, 'RX': 12}"
208,"['x_0 + x_2 - x_3 == 0', 'x_3 + x_2 + x_1 == 2', 'x_3 + x_2 <= 2']",cardinality+cardinality+flow,4,3, 4*x_0 x_1 + 1*x_0 x_2 + 1*x_0 x_3 + -1*x_1 + 1*x_1 x_2 + 4*x_1 x_3 + -2*x_2 + -1*x_2 x_3 + 4*x_3,"['cardinality', 'cardinality', 'flow']",6,2,1,2,False,False,14,4,9,"{'Hadamard': 2, 'X': 2, 'CNOT': 5, 'CRY': 3, 'CSWAP': 1, 'SWAP': 1}",{},93,57,36,"{'CNOT': 36, 'RZ': 48, 'RY': 6, 'RX': 3}",{},6,2,2,2,0,{'Hadamard': 2},69,69,36,"{'CNOT': 36, 'RZ': 63, 'RX': 6}"
209,"['1*x_1 + 10*x_4 + 3*x_6 + 5*x_0 + 1*x_3 <= 12', '3*x_2*x_2 + 1*x_2*x_1 + 5*x_2*x_7 + 2*x_2*x_5 + 5*x_2*x_4 + 2*x_1*x_1 + 5*x_1*x_7 + 5*x_1*x_5 + 5*x_1*x_4 + 2*x_7*x_7 + 3*x_7*x_5 + 3*x_7*x_4 + 4*x_5*x_5 + 1*x_5*x_4 + 5*x_4*x_4 <= 18']",knapsack+quadratic_knapsack,8,2, 4*x_0 + 4*x_0 x_1 + -3*x_0 x_2 + -3*x_0 x_3 + -1*x_0 x_4 + 2*x_0 x_5 + 1*x_0 x_6 + -2*x_0 x_7 + -4*x_1 + -4*x_1 x_2 + 4*x_1 x_3 + 4*x_1 x_4 + -2*x_1 x_5 + 3*x_1 x_6 + -5*x_1 x_7 + -3*x_2 + 4*x_2 x_3 + -1*x_2 x_4 + 4*x_2 x_5 + -1*x_2 x_7 + -2*x_3 + 3*x_3 x_4 + 4*x_3 x_5 + 4*x_3 x_6 + -1*x_4 + 4*x_4 x_5 + -1*x_4 x_6 + 4*x_4 x_7 + -3*x_5 + 4*x_5 x_6 + 3*x_5 x_7 + -5*x_6 + 4*x_6 x_7 + 4*x_7,"['knapsack', 'quadratic_knapsack']",13,5,1,1,True,True,5,5,0,{'Hadamard': 5},{},3159,1327,1832,"{'CNOT': 1832, 'RZ': 1314, 'RX': 13}",{},17,9,9,9,0,{'Hadamard': 9},1457,1457,1904,"{'CNOT': 1904, 'RZ': 1440, 'RX': 17}"
210,"['2*x_1 + 10*x_0 + 4*x_5 <= 6', 'x_0 + x_1 + x_4 + x_2 + x_5 == 4', 'x_3 + x_5 + x_2 + x_1 >= 3']",cardinality+knapsack+cardinality,6,3, 2*x_0 + -5*x_0 x_1 + 2*x_0 x_2 + -4*x_0 x_3 + -2*x_0 x_4 + 4*x_0 x_5 + -4*x_1 + -5*x_1 x_2 + -5*x_1 x_3 + -5*x_1 x_4 + -5*x_1 x_5 + 1*x_2 + 4*x_2 x_3 + -1*x_2 x_4 + -1*x_2 x_5 + -5*x_3 + -5*x_3 x_5 + -1*x_4 + 1*x_4 x_5 + -1*x_5,"['cardinality', 'knapsack', 'cardinality']",10,4,1,2,False,False,42,8,28,"{'Hadamard': 4, 'X': 4, 'CNOT': 19, 'CRY': 7, 'C(RY, num_ctrl_wires=2,num_zero_ctrl=0)': 3, 'CSWAP': 3, 'SWAP': 2}",{},220,132,88,"{'CNOT': 88, 'RZ': 117, 'RY': 10, 'RX': 5}",{},10,4,4,4,0,{'Hadamard': 4},167,167,98,"{'CNOT': 98, 'RZ': 157, 'RX': 10}"
211,"['5*x_2*x_2 + 3*x_2*x_0 + 1*x_2*x_5 + 5*x_2*x_1 + 3*x_0*x_0 + 1*x_0*x_5 + 4*x_0*x_1 + 5*x_5*x_5 + 5*x_5*x_1 + 1*x_1*x_1 <= 20', 'x_2 + x_3 == 1', 'x_6 + x_5 + x_2 + x_0 <= 0']",assignment+quadratic_knapsack+cardinality,7,3, -3*x_0 + -4*x_0 x_1 + -4*x_0 x_2 + -1*x_0 x_4 + 4*x_0 x_5 + 2*x_0 x_6 + 4*x_1 + 4*x_1 x_2 + -1*x_1 x_3 + -1*x_1 x_4 + 1*x_1 x_5 + -1*x_1 x_6 + -3*x_2 + -4*x_2 x_3 + -2*x_2 x_4 + 1*x_2 x_6 + -1*x_3 + 4*x_3 x_4 + -1*x_3 x_5 + -3*x_3 x_6 + -1*x_4 + -3*x_4 x_5 + 2*x_5 + 3*x_5 x_6 + -1*x_6,"['assignment', 'quadratic_knapsack', 'cardinality']",12,5,1,2,False,False,8,6,2,"{'Hadamard': 5, 'X': 1, 'CNOT': 1, 'CRY': 1}",{},1503,689,814,"{'CNOT': 814, 'RZ': 675, 'RY': 4, 'RX': 10}",{},12,5,5,5,0,{'Hadamard': 5},694,694,812,"{'CNOT': 812, 'RZ': 682, 'RX': 12}"
212,"['3*x_0*x_0 + 1*x_0*x_1 + 3*x_0*x_2 + 1*x_1*x_1 + 4*x_1*x_2 + 3*x_2*x_2 <= 5', 'x_2 + x_1 + x_0 == 2', 'x_2 + x_1 + x_0 >= 1']",cardinality+cardinality+quadratic_knapsack,4,3, 4*x_0 x_1 + 1*x_0 x_2 + 1*x_0 x_3 + -1*x_1 + 1*x_1 x_2 + 4*x_1 x_3 + -2*x_2 + -1*x_2 x_3 + 4*x_3,"['cardinality', 'cardinality', 'quadratic_knapsack']",9,5,1,2,False,False,17,7,9,"{'Hadamard': 5, 'X': 2, 'CNOT': 5, 'CRY': 3, 'CSWAP': 1, 'SWAP': 1}",{},508,266,242,"{'CNOT': 242, 'RZ': 254, 'RY': 6, 'RX': 6}",{},9,5,5,5,0,{'Hadamard': 5},278,278,242,"{'CNOT': 242, 'RZ': 269, 'RX': 9}"
213,"['2*x_5*x_5 + 5*x_5*x_6 + 4*x_5*x_0 + 2*x_5*x_2 + 4*x_5*x_4 + 5*x_6*x_6 + 5*x_6*x_0 + 2*x_6*x_2 + 1*x_6*x_4 + 4*x_0*x_0 + 1*x_0*x_2 + 2*x_0*x_4 + 5*x_2*x_2 + 4*x_2*x_4 + 2*x_4*x_4 <= 29', 'x_0 + x_6 + x_1 + x_3 + x_5 >= 3']",quadratic_knapsack+cardinality,7,2, -4*x_0 + -1*x_0 x_1 + 4*x_0 x_2 + 2*x_0 x_3 + -5*x_0 x_4 + 2*x_0 x_5 + -5*x_0 x_6 + 3*x_1 + 3*x_1 x_2 + 4*x_1 x_4 + 3*x_1 x_5 + -2*x_1 x_6 + -5*x_2 + 2*x_2 x_3 + -5*x_2 x_4 + 1*x_2 x_5 + 3*x_2 x_6 + -5*x_3 + -4*x_3 x_4 + 4*x_3 x_5 + 1*x_3 x_6 + -4*x_4 + -5*x_4 x_5 + -5*x_4 x_6 + -3*x_5 x_6 + 3*x_6,"['quadratic_knapsack', 'cardinality']",9,2,1,1,True,True,2,2,0,{'Hadamard': 2},{},195,113,82,"{'CNOT': 82, 'RZ': 104, 'RX': 9}",{},14,7,7,7,0,{'Hadamard': 7},1398,1398,1862,"{'CNOT': 1862, 'RZ': 1384, 'RX': 14}"
214,"['x_0 + x_1 + x_4 <= 2', 'x_3 + x_5 <= 2', 'x_3 + x_6 + x_0 - x_5 == 0']",cardinality+cardinality+flow,7,3, -4*x_0 + 4*x_0 x_1 + -2*x_0 x_2 + -2*x_0 x_3 + 4*x_0 x_4 + -5*x_0 x_5 + -1*x_0 x_6 + -3*x_1 x_2 + 4*x_1 x_3 + 2*x_1 x_4 + 1*x_1 x_5 + -5*x_1 x_6 + -5*x_2 + -4*x_2 x_3 + 1*x_2 x_4 + -3*x_2 x_5 + 2*x_2 x_6 + -3*x_3 + 3*x_3 x_4 + 4*x_4 + -2*x_4 x_5 + 1*x_4 x_6 + -4*x_5 + -4*x_5 x_6 + -5*x_6,"['cardinality', 'cardinality', 'flow']",7,0,2,1,False,False,18,2,15,"{'RY': 2, 'CRY': 5, 'SWAP': 2, 'CNOT': 8, 'C(RY, num_ctrl_wires=2,num_zero_ctrl=0)': 1}",{},151,66,82,"{'CNOT': 66, 'RZ': 48, 'RY': 4, 'CRY': 10, 'SWAP': 4, 'C(RY, num_ctrl_wires=2,num_zero_ctrl=0)': 2, 'X': 10, 'PhaseShift': 2, 'CRZ': 2, 'C(RZ, num_ctrl_wires=2,num_zero_ctrl=0)': 1, 'RX': 2}",{},11,4,4,4,0,{'Hadamard': 4},125,125,82,"{'CNOT': 82, 'RZ': 114, 'RX': 11}"
215,"['x_2 + x_5 + x_3 + x_0 + x_4 <= 3', 'x_4 + x_5 + x_1 + x_2 <= 1']",cardinality+cardinality,6,2, -2*x_0 + -4*x_0 x_1 + 2*x_0 x_2 + 2*x_0 x_3 + 3*x_0 x_4 + -5*x_0 x_5 + -1*x_1 + 1*x_1 x_3 + -2*x_1 x_4 + -5*x_2 x_3 + 4*x_2 x_4 + 3*x_2 x_5 + 3*x_3 + -3*x_3 x_4 + 2*x_3 x_5 + -1*x_4 + 2*x_4 x_5 + 3*x_5,"['cardinality', 'cardinality']",7,1,1,1,False,False,33,2,26,"{'Hadamard': 1, 'RY': 1, 'CRY': 6, 'SWAP': 2, 'CNOT': 18, 'C(RY, num_ctrl_wires=2,num_zero_ctrl=0)': 5}",{},186,74,99,"{'CNOT': 82, 'RZ': 59, 'RY': 2, 'CRY': 12, 'SWAP': 4, 'C(RY, num_ctrl_wires=2,num_zero_ctrl=0)': 10, 'X': 10, 'PhaseShift': 1, 'CRZ': 1, 'C(RZ, num_ctrl_wires=2,num_zero_ctrl=0)': 1, 'C(RZ, num_ctrl_wires=3,num_zero_ctrl=0)': 1, 'C(RZ, num_ctrl_wires=4,num_zero_ctrl=0)': 1, 'RX': 2}",{},9,3,3,3,0,{'Hadamard': 3},145,145,88,"{'CNOT': 88, 'RZ': 136, 'RX': 9}"
216,"['2*x_6*x_6 + 5*x_6*x_1 + 2*x_6*x_5 + 1*x_6*x_4 + 4*x_6*x_7 + 4*x_1*x_1 + 2*x_1*x_5 + 5*x_1*x_4 + 1*x_1*x_7 + 1*x_5*x_5 + 4*x_5*x_4 + 2*x_5*x_7 + 5*x_4*x_4 + 4*x_4*x_7 + 1*x_7*x_7 <= 23', '8*x_0 + 10*x_3 + 1*x_5 + 2*x_2 <= 12', 'x_0 + x_7 + x_2 + x_3 + x_1 >= 4']",cardinality+quadratic_knapsack+knapsack,8,3, -5*x_0 + 4*x_0 x_1 + 3*x_0 x_3 + -3*x_0 x_4 + 4*x_0 x_5 + 3*x_0 x_6 + 2*x_0 x_7 + -1*x_1 + 2*x_1 x_2 + -5*x_1 x_3 + 1*x_1 x_4 + 2*x_1 x_5 + 2*x_1 x_6 + -4*x_1 x_7 + 4*x_2 + -1*x_2 x_3 + -3*x_2 x_4 + 3*x_2 x_5 + 2*x_2 x_6 + -3*x_3 x_4 + 1*x_3 x_5 + -4*x_3 x_6 + -2*x_3 x_7 + -3*x_4 + 1*x_4 x_6 + -3*x_4 x_7 + -3*x_5 + 2*x_5 x_6 + 1*x_5 x_7 + 3*x_6 + 4*x_6 x_7 + 4*x_7,"['cardinality', 'quadratic_knapsack', 'knapsack']",17,9,1,2,True,True,9,9,0,{'Hadamard': 9},{},3315,1429,1886,"{'CNOT': 1886, 'RZ': 1412, 'RX': 17}",{},18,10,10,10,0,{'Hadamard': 10},1487,1487,1916,"{'CNOT': 1916, 'RZ': 1469, 'RX': 18}"
217,"['4*x_0 + 2*x_3 + 10*x_4 + 8*x_2 <= 13', 'x_3 + x_2 + x_1 + x_0 + x_4 <= 2', 'x_4 - x_1 - x_0 - x_2 == 0']",cardinality+flow+knapsack,7,3, 4*x_0 + 4*x_0 x_1 + 1*x_0 x_2 + 3*x_0 x_3 + 1*x_0 x_4 + -3*x_0 x_5 + -3*x_0 x_6 + -5*x_1 + -2*x_1 x_2 + -5*x_1 x_3 + -4*x_1 x_4 + -4*x_1 x_5 + 1*x_2 + 4*x_2 x_3 + 2*x_2 x_4 + -4*x_2 x_5 + -4*x_2 x_6 + -2*x_3 + 2*x_3 x_4 + -5*x_3 x_5 + -2*x_3 x_6 + 2*x_4 + 1*x_4 x_5 + 3*x_4 x_6 + 4*x_5 + -4*x_5 x_6 + -2*x_6,"['cardinality', 'flow', 'knapsack']",11,4,1,2,False,False,29,5,21,"{'Hadamard': 4, 'RY': 1, 'CRY': 5, 'SWAP': 2, 'CNOT': 14, 'C(RY, num_ctrl_wires=2,num_zero_ctrl=0)': 3}",{},328,168,151,"{'CNOT': 136, 'RZ': 149, 'RY': 2, 'CRY': 10, 'SWAP': 4, 'C(RY, num_ctrl_wires=2,num_zero_ctrl=0)': 6, 'X': 10, 'PhaseShift': 1, 'CRZ': 1, 'C(RZ, num_ctrl_wires=2,num_zero_ctrl=0)': 1, 'C(RZ, num_ctrl_wires=3,num_zero_ctrl=0)': 1, 'C(RZ, num_ctrl_wires=4,num_zero_ctrl=0)': 1, 'RX': 6}",{},13,6,6,6,0,{'Hadamard': 6},239,239,150,"{'CNOT': 150, 'RZ': 226, 'RX': 13}"
218,"['2*x_4*x_4 + 4*x_4*x_1 + 5*x_4*x_3 + 1*x_4*x_2 + 4*x_4*x_5 + 2*x_1*x_1 + 4*x_1*x_3 + 4*x_1*x_2 + 1*x_1*x_5 + 2*x_3*x_3 + 3*x_3*x_2 + 3*x_3*x_5 + 3*x_2*x_2 + 2*x_2*x_5 + 1*x_5*x_5 <= 19', 'x_1 + x_5 + x_2 + x_3 + x_4 <= 3', 'x_4 + x_0 - x_2 - x_3 - x_5 == 0']",cardinality+flow+quadratic_knapsack,6,3, -5*x_0 + -1*x_0 x_1 + 3*x_0 x_2 + -5*x_0 x_3 + 1*x_0 x_4 + -5*x_0 x_5 + -1*x_1 + 2*x_1 x_2 + 1*x_1 x_3 + -4*x_1 x_4 + 2*x_1 x_5 + 3*x_2 + -4*x_2 x_4 + 2*x_2 x_5 + 3*x_3 + 2*x_3 x_4 + -1*x_3 x_5 + 4*x_4 + 2*x_5,"['cardinality', 'flow', 'quadratic_knapsack']",11,5,1,2,False,False,37,6,26,"{'Hadamard': 5, 'RY': 1, 'CRY': 6, 'SWAP': 2, 'CNOT': 18, 'C(RY, num_ctrl_wires=2,num_zero_ctrl=0)': 5}",{},3245,1353,1879,"{'CNOT': 1862, 'RZ': 1334, 'RY': 2, 'CRY': 12, 'SWAP': 4, 'C(RY, num_ctrl_wires=2,num_zero_ctrl=0)': 10, 'X': 10, 'PhaseShift': 1, 'CRZ': 1, 'C(RZ, num_ctrl_wires=2,num_zero_ctrl=0)': 1, 'C(RZ, num_ctrl_wires=3,num_zero_ctrl=0)': 1, 'C(RZ, num_ctrl_wires=4,num_zero_ctrl=0)': 1, 'RX': 6}",{},13,7,7,7,0,{'Hadamard': 7},1424,1424,1868,"{'CNOT': 1868, 'RZ': 1411, 'RX': 13}"
219,"['x_1 + x_0 <= 1', 'x_1 + x_0 >= 1', 'x_3 + x_0 + x_1 == 2']",cardinality+cardinality+cardinality,4,3, -4*x_0 + 1*x_0 x_1 + 1*x_0 x_2 + -2*x_0 x_3 + -1*x_1 + -2*x_1 x_2 + -3*x_1 x_3 + -5*x_2 + -2*x_2 x_3 + -3*x_3,"['cardinality', 'cardinality', 'cardinality']",5,1,1,2,False,False,6,2,4,"{'Hadamard': 1, 'RY': 1, 'CRY': 1, 'SWAP': 1, 'CNOT': 2}",{},83,50,33,"{'CNOT': 28, 'RZ': 40, 'RY': 2, 'CRY': 2, 'SWAP': 2, 'X': 4, 'PhaseShift': 1, 'CRZ': 1, 'RX': 3}",{},6,2,2,2,0,{'Hadamard': 2},61,61,30,"{'CNOT': 30, 'RZ': 55, 'RX': 6}"
220,"['1*x_4*x_4 + 5*x_4*x_1 + 2*x_4*x_0 + 2*x_4*x_3 + 3*x_1*x_1 + 2*x_1*x_0 + 3*x_1*x_3 + 2*x_0*x_0 + 4*x_0*x_3 + 5*x_3*x_3 <= 13', 'x_0 + x_4 - x_3 == 0']",flow+quadratic_knapsack,5,2, 1*x_0 + 1*x_0 x_1 + -5*x_0 x_2 + -3*x_0 x_4 + -4*x_1 + 2*x_1 x_2 + 3*x_1 x_3 + -3*x_1 x_4 + 1*x_2 + 2*x_2 x_3 + 1*x_2 x_4 + -4*x_3 + -3*x_3 x_4 + -5*x_4,"['flow', 'quadratic_knapsack']",9,4,1,1,False,False,10,5,5,"{'Hadamard': 4, 'RY': 1, 'CRY': 1, 'CNOT': 3, 'SWAP': 1}",{},1297,587,710,"{'CNOT': 710, 'RZ': 575, 'RY': 6, 'RX': 6}",{},9,4,4,4,0,{'Hadamard': 4},596,596,710,"{'CNOT': 710, 'RZ': 587, 'RX': 9}"
221,"['1*x_4*x_4 + 2*x_4*x_0 + 1*x_4*x_2 + 1*x_0*x_0 + 5*x_0*x_2 + 1*x_2*x_2 <= 6', '1*x_5*x_5 + 5*x_5*x_3 + 4*x_5*x_6 + 2*x_3*x_3 + 2*x_3*x_6 + 2*x_6*x_6 <= 8', 'x_2 + x_6 + x_1 - x_4 == 0']",quadratic_knapsack+flow+quadratic_knapsack,7,3, 3*x_0 x_2 + 3*x_0 x_3 + 3*x_0 x_4 + -1*x_0 x_5 + 4*x_0 x_6 + -2*x_1 + -2*x_1 x_3 + 2*x_1 x_4 + -5*x_1 x_5 + 3*x_1 x_6 + 1*x_2 + -3*x_2 x_3 + -5*x_2 x_4 + 2*x_2 x_5 + 1*x_2 x_6 + 4*x_3 + -1*x_3 x_5 + -2*x_3 x_6 + -4*x_4 + 3*x_4 x_5 + -1*x_4 x_6 + -4*x_5 + 2*x_5 x_6 + -1*x_6,"['quadratic_knapsack', 'flow', 'quadratic_knapsack']",14,7,1,2,False,False,16,8,8,"{'Hadamard': 7, 'RY': 1, 'CRY': 2, 'CNOT': 5, 'SWAP': 1}",{},985,491,494,"{'CNOT': 494, 'RZ': 473, 'RY': 8, 'RX': 10}",{},14,7,7,7,0,{'Hadamard': 7},509,509,498,"{'CNOT': 498, 'RZ': 495, 'RX': 14}"
222,"['1*x_1*x_1 + 2*x_1*x_2 + 1*x_1*x_0 + 1*x_2*x_2 + 5*x_2*x_0 + 1*x_0*x_0 <= 6', 'x_3 + x_1 == 1']",quadratic_knapsack+assignment,4,2, 1*x_0 + 2*x_0 x_1 + -1*x_0 x_2 + 1*x_0 x_3 + -2*x_1 + 3*x_1 x_2 + -5*x_2 + -5*x_2 x_3,"['quadratic_knapsack', 'assignment']",7,3,1,1,False,False,6,4,2,"{'Hadamard': 3, 'X': 1, 'CNOT': 1, 'CRY': 1}",{},440,222,218,"{'CNOT': 218, 'RZ': 213, 'RY': 4, 'RX': 5}",{},7,3,3,3,0,{'Hadamard': 3},227,227,216,"{'CNOT': 216, 'RZ': 220, 'RX': 7}"
223,"['5*x_2*x_2 + 3*x_2*x_3 + 5*x_2*x_0 + 4*x_3*x_3 + 5*x_3*x_0 + 3*x_0*x_0 <= 14', 'x_3 + x_2 + x_0 + x_1 == 1']",cardinality+quadratic_knapsack,4,2, -3*x_0 + -1*x_0 x_1 + -1*x_0 x_2 + 3*x_0 x_3 + -4*x_1 + -3*x_1 x_2 + -3*x_1 x_3 + 1*x_2 + 2*x_2 x_3 + -5*x_3,"['cardinality', 'quadratic_knapsack']",8,4,1,1,False,False,11,5,6,"{'Hadamard': 4, 'X': 1, 'CNOT': 3, 'CRY': 3}",{},532,266,266,"{'CNOT': 266, 'RZ': 254, 'RY': 8, 'RX': 4}",{},8,4,4,4,0,{'Hadamard': 4},288,288,270,"{'CNOT': 270, 'RZ': 280, 'RX': 8}"
224,"['2*x_1 + 6*x_0 + 1*x_2 <= 3', 'x_2 + x_0 - x_3 - x_1 - x_4 == 0']",flow+knapsack,5,2, 2*x_0 + -1*x_0 x_2 + -4*x_0 x_3 + 1*x_0 x_4 + -5*x_1 + -2*x_1 x_2 + -1*x_1 x_3 + 1*x_1 x_4 + 3*x_2 + -5*x_2 x_3 + -5*x_2 x_4 + -5*x_3 x_4 + 3*x_4,"['flow', 'knapsack']",7,2,1,1,False,False,20,3,16,"{'Hadamard': 2, 'RY': 1, 'CRY': 4, 'CNOT': 10, 'SWAP': 2, 'C(RY, num_ctrl_wires=2,num_zero_ctrl=0)': 1}",{},113,65,48,"{'CNOT': 48, 'RZ': 53, 'RY': 10, 'RX': 2}",{},7,2,2,2,0,{'Hadamard': 2},95,95,58,"{'CNOT': 58, 'RZ': 88, 'RX': 7}"
225,"['5*x_6*x_6 + 3*x_6*x_2 + 4*x_6*x_4 + 5*x_6*x_3 + 1*x_6*x_0 + 1*x_2*x_2 + 4*x_2*x_4 + 2*x_2*x_3 + 3*x_2*x_0 + 4*x_4*x_4 + 5*x_4*x_3 + 1*x_4*x_0 + 1*x_3*x_3 + 5*x_3*x_0 + 2*x_0*x_0 <= 17', 'x_7 + x_6 + x_4 + x_1 + x_5 >= 4']",quadratic_knapsack+cardinality,8,2, -5*x_0 + 4*x_0 x_1 + 3*x_0 x_3 + -3*x_0 x_4 + 4*x_0 x_5 + 3*x_0 x_6 + 2*x_0 x_7 + -1*x_1 + 2*x_1 x_2 + -5*x_1 x_3 + 1*x_1 x_4 + 2*x_1 x_5 + 2*x_1 x_6 + -4*x_1 x_7 + 4*x_2 + -1*x_2 x_3 + -3*x_2 x_4 + 3*x_2 x_5 + 2*x_2 x_6 + -3*x_3 x_4 + 1*x_3 x_5 + -4*x_3 x_6 + -2*x_3 x_7 + -3*x_4 + 1*x_4 x_6 + -3*x_4 x_7 + -3*x_5 + 2*x_5 x_6 + 1*x_5 x_7 + 3*x_6 + 4*x_6 x_7 + 4*x_7,"['quadratic_knapsack', 'cardinality']",9,1,1,1,True,True,1,1,0,{'Hadamard': 1},{},178,98,80,"{'CNOT': 80, 'RZ': 89, 'RX': 9}",{},14,6,6,6,0,{'Hadamard': 6},1383,1383,1860,"{'CNOT': 1860, 'RZ': 1369, 'RX': 14}"
226,"['1*x_2*x_2 + 5*x_2*x_0 + 2*x_2*x_1 + 2*x_2*x_4 + 3*x_0*x_0 + 2*x_0*x_1 + 3*x_0*x_4 + 2*x_1*x_1 + 4*x_1*x_4 + 5*x_4*x_4 <= 13', '2*x_0*x_0 + 4*x_0*x_4 + 4*x_0*x_1 + 4*x_0*x_3 + 5*x_0*x_2 + 1*x_4*x_4 + 2*x_4*x_1 + 2*x_4*x_3 + 5*x_4*x_2 + 1*x_1*x_1 + 3*x_1*x_3 + 1*x_1*x_2 + 5*x_3*x_3 + 4*x_3*x_2 + 1*x_2*x_2 <= 28']",quadratic_knapsack+quadratic_knapsack,5,2, -3*x_0 + -1*x_0 x_2 + -5*x_0 x_3 + 2*x_0 x_4 + 1*x_1 + -4*x_1 x_2 + -3*x_1 x_3 + -3*x_1 x_4 + -2*x_2 + -2*x_2 x_3 + 1*x_2 x_4 + 1*x_3 + -2*x_3 x_4 + -2*x_4,"['quadratic_knapsack', 'quadratic_knapsack']",10,5,1,1,True,True,5,5,0,{'Hadamard': 5},{},3102,1304,1798,"{'CNOT': 1798, 'RZ': 1294, 'RX': 10}",{},14,9,9,9,0,{'Hadamard': 9},1869,1869,2484,"{'CNOT': 2484, 'RZ': 1855, 'RX': 14}"
227,"['8*x_2 + 10*x_3 + 1*x_1 + 2*x_0 <= 12', 'x_3 + x_2 + x_0 - x_1 == 0']",knapsack+flow,4,2, 2*x_0 + -5*x_0 x_2 + 3*x_0 x_3 + 4*x_1 x_2 + 1*x_1 x_3 + -2*x_2 + -5*x_2 x_3 + -4*x_3,"['knapsack', 'flow']",8,4,1,1,False,False,13,5,8,"{'Hadamard': 4, 'RY': 1, 'CRY': 2, 'CNOT': 5, 'SWAP': 1}",{},195,121,74,"{'CNOT': 74, 'RZ': 109, 'RY': 8, 'RX': 4}",{},8,4,4,4,0,{'Hadamard': 4},139,139,78,"{'CNOT': 78, 'RZ': 131, 'RX': 8}"
228,"['x_2 + x_0 >= 0', 'x_3 + x_0 + x_2 == 3']",cardinality+cardinality,4,2, -4*x_0 + 4*x_0 x_1 + 1*x_0 x_2 + -5*x_0 x_3 + 1*x_1 + 1*x_1 x_2 + 4*x_1 x_3 + 3*x_2 + -1*x_2 x_3 + -4*x_3,"['cardinality', 'cardinality']",6,2,1,1,False,False,5,5,0,"{'Hadamard': 2, 'X': 3}",{},71,41,30,"{'CNOT': 30, 'RZ': 32, 'RY': 6, 'RX': 3}",{},6,2,2,2,0,{'Hadamard': 2},53,53,30,"{'CNOT': 30, 'RZ': 47, 'RX': 6}"
229,"['2*x_4*x_4 + 5*x_4*x_0 + 4*x_4*x_3 + 2*x_4*x_6 + 4*x_4*x_2 + 5*x_0*x_0 + 5*x_0*x_3 + 2*x_0*x_6 + 1*x_0*x_2 + 4*x_3*x_3 + 1*x_3*x_6 + 2*x_3*x_2 + 5*x_6*x_6 + 4*x_6*x_2 + 2*x_2*x_2 <= 29', 'x_3 + x_0 + x_6 + x_1 + x_4 == 1']",cardinality+quadratic_knapsack,8,2, 4*x_0 + 4*x_0 x_1 + -3*x_0 x_2 + -3*x_0 x_3 + -1*x_0 x_4 + 2*x_0 x_5 + 1*x_0 x_6 + -2*x_0 x_7 + -4*x_1 + -4*x_1 x_2 + 4*x_1 x_3 + 4*x_1 x_4 + -2*x_1 x_5 + 3*x_1 x_6 + -5*x_1 x_7 + -3*x_2 + 4*x_2 x_3 + -1*x_2 x_4 + 4*x_2 x_5 + -1*x_2 x_7 + -2*x_3 + 3*x_3 x_4 + 4*x_3 x_5 + 4*x_3 x_6 + -1*x_4 + 4*x_4 x_5 + -1*x_4 x_6 + 4*x_4 x_7 + -3*x_5 + 4*x_5 x_6 + 3*x_5 x_7 + -5*x_6 + 4*x_6 x_7 + 4*x_7,"['cardinality', 'quadratic_knapsack']",13,5,1,1,False,False,14,6,8,"{'Hadamard': 5, 'X': 1, 'CNOT': 4, 'CRY': 4}",{},3174,1332,1842,"{'CNOT': 1842, 'RZ': 1314, 'RY': 10, 'RX': 8}",{},13,5,5,5,0,{'Hadamard': 5},1367,1367,1852,"{'CNOT': 1852, 'RZ': 1354, 'RX': 13}"
230,"['1*x_2*x_2 + 5*x_2*x_1 + 4*x_2*x_3 + 2*x_1*x_1 + 2*x_1*x_3 + 2*x_3*x_3 <= 8', '7*x_0 + 10*x_3 + 9*x_4 <= 8', 'x_2 - x_3 == 0']",knapsack+flow+quadratic_knapsack,5,3, -3*x_0 + -4*x_0 x_1 + -5*x_0 x_2 + -4*x_0 x_3 + -2*x_0 x_4 + -4*x_1 + -1*x_1 x_2 + -3*x_1 x_3 + -2*x_1 x_4 + -5*x_2 + 4*x_2 x_3 + 1*x_2 x_4 + -2*x_3 + -4*x_3 x_4 + 1*x_4,"['knapsack', 'flow', 'quadratic_knapsack']",13,8,1,2,False,False,10,9,1,"{'Hadamard': 8, 'RY': 1, 'CNOT': 1}",{},664,352,312,"{'CNOT': 312, 'RZ': 337, 'RY': 4, 'RX': 11}",{},13,8,8,8,0,{'Hadamard': 8},355,355,310,"{'CNOT': 310, 'RZ': 342, 'RX': 13}"
231,"['3*x_0 + 8*x_4 + 3*x_2 <= 5', '5*x_2 + 4*x_0 + 1*x_3 <= 6', 'x_2 + x_3 + x_4 + x_0 >= 2']",knapsack+knapsack+cardinality,5,3, 4*x_0 + -3*x_0 x_1 + -2*x_0 x_2 + -5*x_0 x_3 + -5*x_0 x_4 + 4*x_1 x_2 + 2*x_1 x_4 + 4*x_2 + 1*x_2 x_3 + -4*x_2 x_4 + -3*x_3 + -1*x_3 x_4 + -4*x_4,"['knapsack', 'knapsack', 'cardinality']",10,5,1,2,True,True,5,5,0,{'Hadamard': 5},{},216,138,78,"{'CNOT': 78, 'RZ': 128, 'RX': 10}",{},13,8,8,8,0,{'Hadamard': 8},198,198,108,"{'CNOT': 108, 'RZ': 185, 'RX': 13}"
232,"['2*x_7*x_7 + 4*x_7*x_4 + 5*x_7*x_1 + 1*x_7*x_3 + 4*x_7*x_2 + 2*x_4*x_4 + 4*x_4*x_1 + 4*x_4*x_3 + 1*x_4*x_2 + 2*x_1*x_1 + 3*x_1*x_3 + 3*x_1*x_2 + 3*x_3*x_3 + 2*x_3*x_2 + 1*x_2*x_2 <= 19', 'x_1 + x_3 + x_5 + x_0 + x_7 >= 1']",quadratic_knapsack+cardinality,8,2, -3*x_0 + -3*x_0 x_1 + 2*x_0 x_2 + 2*x_0 x_3 + 3*x_0 x_4 + -5*x_0 x_5 + -5*x_0 x_6 + -5*x_0 x_7 + -4*x_1 + -2*x_1 x_2 + 1*x_1 x_3 + -4*x_1 x_4 + 2*x_1 x_6 + 1*x_1 x_7 + -4*x_2 x_3 + 4*x_2 x_4 + -2*x_2 x_5 + 3*x_2 x_6 + -3*x_2 x_7 + -1*x_3 + -3*x_3 x_4 + -2*x_3 x_5 + -2*x_3 x_6 + -3*x_3 x_7 + -2*x_4 + 1*x_4 x_5 + -5*x_4 x_6 + -1*x_4 x_7 + -4*x_5 + 3*x_5 x_6 + 2*x_5 x_7 + -2*x_6 x_7 + -3*x_7,"['quadratic_knapsack', 'cardinality']",11,3,1,1,True,True,3,3,0,{'Hadamard': 3},{},256,146,110,"{'CNOT': 110, 'RZ': 135, 'RX': 11}",{},16,8,8,8,0,{'Hadamard': 8},1431,1431,1890,"{'CNOT': 1890, 'RZ': 1415, 'RX': 16}"
233,"['x_1 + x_5 + x_4 + x_0 == 1', 'x_3 + x_0 + x_5 - x_4 - x_2 == 0', 'x_4*x_2 == 0']",cardinality+flow+independent_set,6,3, -4*x_0 + 2*x_0 x_1 + -4*x_0 x_2 + 1*x_0 x_3 + -4*x_0 x_4 + 1*x_1 + 4*x_1 x_2 + -3*x_1 x_3 + -1*x_1 x_5 + 2*x_2 + 4*x_2 x_3 + -1*x_2 x_4 + 3*x_3 + 4*x_3 x_4 + -4*x_3 x_5 + -1*x_4 + 3*x_4 x_5 + -1*x_5,"['cardinality', 'flow', 'independent_set']",6,0,1,2,False,False,7,1,6,"{'X': 1, 'CNOT': 3, 'CRY': 3}",{},119,65,54,"{'CNOT': 54, 'RZ': 55, 'RY': 8, 'RX': 2}",{},6,0,0,0,0,{},87,87,58,"{'CNOT': 58, 'RZ': 81, 'RX': 6}"
234,"['x_3 + x_4 + x_2 == 2', 'x_6 + x_2 + x_4 + x_3 + x_0 >= 1']",cardinality+cardinality,7,2, 4*x_0 + 4*x_0 x_1 + 1*x_0 x_2 + 3*x_0 x_3 + 1*x_0 x_4 + -3*x_0 x_5 + -3*x_0 x_6 + -5*x_1 + -2*x_1 x_2 + -5*x_1 x_3 + -4*x_1 x_4 + -4*x_1 x_5 + 1*x_2 + 4*x_2 x_3 + 2*x_2 x_4 + -4*x_2 x_5 + -4*x_2 x_6 + -2*x_3 + 2*x_3 x_4 + -5*x_3 x_5 + -2*x_3 x_6 + 2*x_4 + 1*x_4 x_5 + 3*x_4 x_6 + 4*x_5 + -4*x_5 x_6 + -2*x_6,"['cardinality', 'cardinality']",10,3,1,1,False,False,15,5,9,"{'Hadamard': 3, 'X': 2, 'CNOT': 5, 'CRY': 3, 'CSWAP': 1, 'SWAP': 1}",{},242,140,102,"{'CNOT': 102, 'RZ': 127, 'RY': 6, 'RX': 7}",{},10,3,3,3,0,{'Hadamard': 3},152,152,102,"{'CNOT': 102, 'RZ': 142, 'RX': 10}"
235,"['10*x_1 + 8*x_0 + 10*x_2 <= 9', '10*x_4 + 8*x_3 + 2*x_0 + 1*x_1 + 4*x_2 <= 10', '5*x_1 + 1*x_2 + 10*x_4 + 4*x_0 <= 10']",knapsack+knapsack+knapsack,5,3, 3*x_0 + 1*x_0 x_2 + 3*x_0 x_4 + -5*x_1 + -3*x_1 x_2 + 3*x_2 + 3*x_2 x_3 + -5*x_2 x_4 + -4*x_3 + 2*x_3 x_4 + -3*x_4,"['knapsack', 'knapsack', 'knapsack']",13,8,1,2,True,True,8,8,0,{'Hadamard': 8},{},353,227,126,"{'CNOT': 126, 'RZ': 214, 'RX': 13}",{},17,12,12,12,0,{'Hadamard': 12},331,331,182,"{'CNOT': 182, 'RZ': 314, 'RX': 17}"
236,"['x_1 + x_2 == 2', 'x_2 + x_6 + x_3 + x_0 + x_4 <= 5', 'x_6 - x_2 == 0']",flow+cardinality+cardinality,7,3, -1*x_0 + 4*x_0 x_1 + 1*x_0 x_2 + -2*x_0 x_3 + 3*x_0 x_4 + -1*x_0 x_5 + 4*x_0 x_6 + 2*x_1 + 2*x_1 x_2 + -1*x_1 x_3 + -2*x_1 x_4 + -1*x_1 x_5 + 3*x_1 x_6 + -1*x_2 + -5*x_2 x_3 + -2*x_2 x_4 + 2*x_2 x_5 + -1*x_2 x_6 + 2*x_3 + -1*x_3 x_5 + -3*x_4 + 3*x_4 x_5 + -2*x_4 x_6 + -1*x_5 x_6 + -5*x_6,"['flow', 'cardinality', 'cardinality']",10,3,1,2,False,False,5,4,1,"{'Hadamard': 3, 'RY': 1, 'CNOT': 1}",{},245,145,100,"{'CNOT': 100, 'RZ': 133, 'RY': 4, 'RX': 8}",{},10,3,3,3,0,{'Hadamard': 3},148,148,98,"{'CNOT': 98, 'RZ': 138, 'RX': 10}"
237,"['2*x_1*x_1 + 4*x_1*x_0 + 4*x_1*x_4 + 4*x_1*x_3 + 5*x_1*x_2 + 1*x_0*x_0 + 2*x_0*x_4 + 2*x_0*x_3 + 5*x_0*x_2 + 1*x_4*x_4 + 3*x_4*x_3 + 1*x_4*x_2 + 5*x_3*x_3 + 4*x_3*x_2 + 1*x_2*x_2 <= 28', '4*x_1*x_1 + 1*x_1*x_4 + 4*x_1*x_0 + 3*x_1*x_2 + 4*x_4*x_4 + 5*x_4*x_0 + 4*x_4*x_2 + 3*x_0*x_0 + 5*x_0*x_2 + 5*x_2*x_2 <= 24']",quadratic_knapsack+quadratic_knapsack,5,2, 1*x_0 + 2*x_0 x_1 + -2*x_0 x_2 + 1*x_0 x_3 + 2*x_0 x_4 + -2*x_1 + -1*x_1 x_2 + -2*x_1 x_3 + 2*x_1 x_4 + -1*x_2 + -1*x_2 x_3 + -2*x_2 x_4 + -4*x_3 + 4*x_3 x_4 + 3*x_4,"['quadratic_knapsack', 'quadratic_knapsack']",10,5,1,1,True,True,5,5,0,{'Hadamard': 5},{},3105,1305,1800,"{'CNOT': 1800, 'RZ': 1295, 'RX': 10}",{},15,10,10,10,0,{'Hadamard': 10},1939,1939,2562,"{'CNOT': 2562, 'RZ': 1924, 'RX': 15}"
238,"['2*x_7*x_7 + 5*x_7*x_4 + 4*x_7*x_3 + 2*x_7*x_1 + 4*x_7*x_5 + 5*x_4*x_4 + 5*x_4*x_3 + 2*x_4*x_1 + 1*x_4*x_5 + 4*x_3*x_3 + 1*x_3*x_1 + 2*x_3*x_5 + 5*x_1*x_1 + 4*x_1*x_5 + 2*x_5*x_5 <= 29', '3*x_5 + 8*x_2 + 3*x_1 <= 5', 'x_1 + x_5 + x_0 + x_7 + x_2 <= 5']",cardinality+quadratic_knapsack+knapsack,8,3, -1*x_0 + -4*x_0 x_1 + 1*x_0 x_2 + 3*x_0 x_3 + -1*x_0 x_4 + -1*x_0 x_5 + -1*x_0 x_6 + 1*x_0 x_7 + 4*x_1 + -3*x_1 x_2 + 3*x_1 x_3 + 4*x_1 x_4 + -5*x_1 x_5 + -2*x_1 x_6 + -1*x_1 x_7 + -3*x_2 x_3 + -5*x_2 x_4 + 2*x_2 x_5 + -4*x_2 x_6 + -3*x_2 x_7 + -2*x_3 + 4*x_3 x_4 + -1*x_3 x_6 + -5*x_3 x_7 + -5*x_4 + -4*x_4 x_5 + 4*x_4 x_6 + -1*x_4 x_7 + -1*x_5 + 2*x_5 x_6 + 3*x_5 x_7 + -4*x_6 + -5*x_6 x_7,"['cardinality', 'quadratic_knapsack', 'knapsack']",16,8,1,2,False,False,45,9,30,"{'Hadamard': 8, 'RY': 1, 'CRY': 8, 'SWAP': 2, 'CNOT': 20, 'C(RY, num_ctrl_wires=2,num_zero_ctrl=0)': 6}",{},3335,1395,1925,"{'CNOT': 1904, 'RZ': 1371, 'RY': 2, 'CRY': 16, 'SWAP': 4, 'C(RY, num_ctrl_wires=2,num_zero_ctrl=0)': 12, 'X': 10, 'PhaseShift': 1, 'CRZ': 1, 'C(RZ, num_ctrl_wires=2,num_zero_ctrl=0)': 1, 'C(RZ, num_ctrl_wires=3,num_zero_ctrl=0)': 1, 'C(RZ, num_ctrl_wires=4,num_zero_ctrl=0)': 1, 'RX': 11}",{},19,11,11,11,0,{'Hadamard': 11},1490,1490,1920,"{'CNOT': 1920, 'RZ': 1471, 'RX': 19}"
239,"['x_0 + x_1 + x_4 + x_5 + x_2 == 0', 'x_5 + x_1 <= 0']",cardinality+cardinality,6,2, -2*x_0 + -4*x_0 x_1 + 2*x_0 x_2 + 2*x_0 x_3 + 3*x_0 x_4 + -5*x_0 x_5 + -1*x_1 + 1*x_1 x_3 + -2*x_1 x_4 + -5*x_2 x_3 + 4*x_2 x_4 + 3*x_2 x_5 + 3*x_3 + -3*x_3 x_4 + 2*x_3 x_5 + -1*x_4 + 2*x_4 x_5 + 3*x_5,"['cardinality', 'cardinality']",6,0,1,1,False,False,0,0,0,{},{},73,35,38,"{'CNOT': 38, 'RZ': 24, 'RY': 10, 'RX': 1}",{},6,0,0,0,0,{},65,65,48,"{'CNOT': 48, 'RZ': 59, 'RX': 6}"
240,"['4*x_0*x_0 + 3*x_0*x_6 + 3*x_0*x_4 + 2*x_0*x_2 + 2*x_0*x_3 + 2*x_6*x_6 + 3*x_6*x_4 + 2*x_6*x_2 + 3*x_6*x_3 + 3*x_4*x_4 + 5*x_4*x_2 + 4*x_4*x_3 + 3*x_2*x_2 + 5*x_2*x_3 + 1*x_3*x_3 <= 22', 'x_1 + x_3 + x_2 + x_5 + x_4 >= 0', 'x_3 - x_2 == 0']",flow+cardinality+quadratic_knapsack,7,3, 4*x_0 + 4*x_0 x_1 + 1*x_0 x_2 + 3*x_0 x_3 + 1*x_0 x_4 + -3*x_0 x_5 + -3*x_0 x_6 + -5*x_1 + -2*x_1 x_2 + -5*x_1 x_3 + -4*x_1 x_4 + -4*x_1 x_5 + 1*x_2 + 4*x_2 x_3 + 2*x_2 x_4 + -4*x_2 x_5 + -4*x_2 x_6 + -2*x_3 + 2*x_3 x_4 + -5*x_3 x_5 + -2*x_3 x_6 + 2*x_4 + 1*x_4 x_5 + 3*x_4 x_6 + 4*x_5 + -4*x_5 x_6 + -2*x_6,"['flow', 'cardinality', 'quadratic_knapsack']",15,8,1,2,False,False,10,9,1,"{'Hadamard': 8, 'RY': 1, 'CNOT': 1}",{},3296,1416,1880,"{'CNOT': 1880, 'RZ': 1399, 'RY': 4, 'RX': 13}",{},15,8,8,8,0,{'Hadamard': 8},1419,1419,1878,"{'CNOT': 1878, 'RZ': 1404, 'RX': 15}"
241,"['2*x_4*x_4 + 5*x_4*x_5 + 2*x_4*x_6 + 2*x_5*x_5 + 1*x_5*x_6 + 1*x_6*x_6 <= 7', 'x_1 + x_2 + x_6 + x_5 + x_4 == 2', 'x_4 + x_1 + x_6 <= 0']",cardinality+quadratic_knapsack+cardinality,8,3, 1*x_0 + -5*x_0 x_1 + -1*x_0 x_2 + 4*x_0 x_3 + -2*x_0 x_4 + 2*x_0 x_5 + -1*x_0 x_6 + 1*x_1 x_2 + -5*x_1 x_3 + -1*x_1 x_4 + 2*x_1 x_5 + 3*x_1 x_6 + -4*x_1 x_7 + -4*x_2 + -5*x_2 x_3 + -5*x_2 x_4 + -3*x_2 x_5 + 3*x_2 x_7 + -5*x_3 + -2*x_3 x_4 + -1*x_3 x_5 + -2*x_3 x_6 + -4*x_3 x_7 + -2*x_4 + 3*x_4 x_5 + -4*x_4 x_6 + 4*x_4 x_7 + -5*x_5 + -3*x_5 x_7 + -5*x_6 + -1*x_6 x_7,"['cardinality', 'quadratic_knapsack', 'cardinality']",11,3,1,2,False,False,27,5,19,"{'Hadamard': 3, 'X': 2, 'CNOT': 11, 'CRY': 6, 'C(RY, num_ctrl_wires=2,num_zero_ctrl=0)': 1, 'CSWAP': 2, 'SWAP': 2}",{},535,265,270,"{'CNOT': 270, 'RZ': 249, 'RY': 10, 'RX': 6}",{},11,3,3,3,0,{'Hadamard': 3},300,300,280,"{'CNOT': 280, 'RZ': 289, 'RX': 11}"
242,"['x_0 + x_2 >= 1', 'x_2 - x_3 - x_0 == 0']",flow+cardinality,4,2, -3*x_0 x_1 + 2*x_0 x_2 + 1*x_1 + -2*x_1 x_2 + -5*x_1 x_3 + -3*x_2 x_3 + 4*x_3,"['flow', 'cardinality']",5,1,1,1,False,False,7,2,5,"{'Hadamard': 1, 'RY': 1, 'CRY': 1, 'CNOT': 3, 'SWAP': 1}",{},53,31,22,"{'CNOT': 22, 'RZ': 23, 'RY': 6, 'RX': 2}",{},5,1,1,1,0,{'Hadamard': 1},40,40,22,"{'CNOT': 22, 'RZ': 35, 'RX': 5}"
243,"['1*x_5*x_5 + 5*x_5*x_2 + 4*x_5*x_4 + 2*x_2*x_2 + 2*x_2*x_4 + 2*x_4*x_4 <= 8', '2*x_1*x_1 + 4*x_1*x_2 + 5*x_1*x_0 + 1*x_1*x_3 + 4*x_1*x_4 + 2*x_2*x_2 + 4*x_2*x_0 + 4*x_2*x_3 + 1*x_2*x_4 + 2*x_0*x_0 + 3*x_0*x_3 + 3*x_0*x_4 + 3*x_3*x_3 + 2*x_3*x_4 + 1*x_4*x_4 <= 19']",quadratic_knapsack+quadratic_knapsack,7,2, 4*x_0 + 2*x_0 x_1 + -5*x_0 x_3 + 2*x_0 x_4 + -3*x_0 x_5 + 1*x_0 x_6 + -3*x_1 + -4*x_1 x_2 + -1*x_1 x_3 + 1*x_1 x_4 + 3*x_1 x_5 + 2*x_1 x_6 + 4*x_2 x_3 + -1*x_2 x_4 + -3*x_2 x_5 + 4*x_2 x_6 + 2*x_3 + -2*x_3 x_4 + 4*x_3 x_5 + -2*x_3 x_6 + 3*x_4 + -1*x_4 x_6 + 2*x_5 + -2*x_5 x_6 + -1*x_6,"['quadratic_knapsack', 'quadratic_knapsack']",11,4,1,1,True,True,4,4,0,{'Hadamard': 4},{},564,280,284,"{'CNOT': 284, 'RZ': 269, 'RX': 11}",{},16,9,9,9,0,{'Hadamard': 9},1565,1565,2064,"{'CNOT': 2064, 'RZ': 1549, 'RX': 16}"
244,"['1*x_1 + 6*x_5 + 9*x_2 + 8*x_3 + 9*x_6 <= 18', 'x_2 + x_3 + x_0 + x_5 <= 2', 'x_2 + x_6 + x_4 == 2']",knapsack+cardinality+cardinality,7,3, -5*x_0 + 1*x_0 x_1 + 4*x_0 x_2 + -2*x_0 x_3 + -2*x_0 x_4 + 4*x_0 x_6 + -3*x_1 + -4*x_1 x_2 + -2*x_1 x_3 + 3*x_1 x_4 + 4*x_1 x_5 + 4*x_1 x_6 + 1*x_2 + -5*x_2 x_3 + -5*x_2 x_4 + -3*x_2 x_5 + 3*x_2 x_6 + -3*x_3 + 1*x_3 x_4 + -5*x_3 x_6 + -4*x_4 + 1*x_4 x_5 + -3*x_4 x_6 + 3*x_5 + -1*x_5 x_6 + 1*x_6,"['knapsack', 'cardinality', 'cardinality']",14,7,1,2,False,False,19,9,9,"{'Hadamard': 7, 'X': 2, 'CNOT': 5, 'CRY': 3, 'CSWAP': 1, 'SWAP': 1}",{},418,254,164,"{'CNOT': 164, 'RZ': 237, 'RY': 6, 'RX': 11}",{},14,7,7,7,0,{'Hadamard': 7},266,266,164,"{'CNOT': 164, 'RZ': 252, 'RX': 14}"
245,"['10*x_4 + 8*x_0 + 10*x_2 <= 9', '5*x_3*x_3 + 3*x_3*x_2 + 4*x_3*x_1 + 5*x_3*x_0 + 1*x_3*x_4 + 1*x_2*x_2 + 4*x_2*x_1 + 2*x_2*x_0 + 3*x_2*x_4 + 4*x_1*x_1 + 5*x_1*x_0 + 1*x_1*x_4 + 1*x_0*x_0 + 5*x_0*x_4 + 2*x_4*x_4 <= 17']",knapsack+quadratic_knapsack,5,2, -3*x_0 + -1*x_0 x_2 + -5*x_0 x_3 + 2*x_0 x_4 + 1*x_1 + -4*x_1 x_2 + -3*x_1 x_3 + -3*x_1 x_4 + -2*x_2 + -2*x_2 x_3 + 1*x_2 x_4 + 1*x_3 + -2*x_3 x_4 + -2*x_4,"['knapsack', 'quadratic_knapsack']",10,5,1,1,True,True,5,5,0,{'Hadamard': 5},{},3102,1304,1798,"{'CNOT': 1798, 'RZ': 1294, 'RX': 10}",{},14,9,9,9,0,{'Hadamard': 9},1385,1385,1840,"{'CNOT': 1840, 'RZ': 1371, 'RX': 14}"
246,"['2*x_1 + 10*x_3 + 4*x_0 <= 6', 'x_1 + x_0 == 0']",cardinality+knapsack,4,2, 2*x_0 + -5*x_0 x_2 + 3*x_0 x_3 + 4*x_1 x_2 + 1*x_1 x_3 + -2*x_2 + -5*x_2 x_3 + -4*x_3,"['cardinality', 'knapsack']",7,3,1,1,False,False,3,3,0,{'Hadamard': 3},{},119,75,44,"{'CNOT': 44, 'RZ': 66, 'RY': 4, 'RX': 5}",{},7,3,3,3,0,{'Hadamard': 3},78,78,42,"{'CNOT': 42, 'RZ': 71, 'RX': 7}"
247,"['1*x_7 + 10*x_3 + 3*x_0 + 5*x_5 + 1*x_1 <= 12', '6*x_5 + 2*x_0 + 2*x_2 <= 3', 'x_3 + x_0 + x_5 + x_6 + x_1 >= 3']",knapsack+knapsack+cardinality,8,3, 4*x_0 + 1*x_0 x_1 + -3*x_0 x_2 + -4*x_0 x_3 + -5*x_0 x_4 + -2*x_0 x_5 + -1*x_0 x_6 + 2*x_0 x_7 + -4*x_1 + 1*x_1 x_2 + 3*x_1 x_3 + 3*x_1 x_4 + -1*x_1 x_5 + -1*x_1 x_6 + -1*x_1 x_7 + -5*x_2 + 4*x_2 x_3 + -3*x_2 x_4 + 4*x_2 x_5 + -2*x_2 x_6 + -3*x_2 x_7 + -5*x_3 + -5*x_3 x_4 + -5*x_3 x_5 + -1*x_3 x_6 + -2*x_3 x_7 + -1*x_4 + -2*x_4 x_5 + 1*x_4 x_6 + -5*x_4 x_7 + -4*x_5 + -5*x_5 x_6 + 3*x_5 x_7 + 4*x_6 + -1*x_6 x_7 + 4*x_7,"['knapsack', 'knapsack', 'cardinality']",12,4,1,2,True,True,4,4,0,{'Hadamard': 4},{},283,165,118,"{'CNOT': 118, 'RZ': 153, 'RX': 12}",{},16,8,8,8,0,{'Hadamard': 8},295,295,190,"{'CNOT': 190, 'RZ': 279, 'RX': 16}"
248,"['x_4 + x_1 + x_0 + x_5 + x_2 == 3', 'x_4 + x_3 + x_5 <= 3', 'x_5 + x_3 + x_7 <= 0']",cardinality+cardinality+cardinality,8,3, 2*x_0 + -5*x_0 x_1 + 2*x_0 x_2 + 3*x_0 x_3 + -4*x_0 x_4 + -1*x_0 x_5 + -3*x_0 x_6 + -2*x_0 x_7 + 2*x_1 + -5*x_1 x_2 + 3*x_1 x_3 + -2*x_1 x_4 + 4*x_1 x_5 + -5*x_1 x_6 + 1*x_1 x_7 + -5*x_2 + 4*x_2 x_3 + 4*x_2 x_4 + -1*x_2 x_5 + -5*x_2 x_7 + -1*x_3 + 1*x_3 x_4 + 1*x_3 x_5 + 4*x_3 x_6 + 3*x_3 x_7 + -1*x_4 + -5*x_4 x_5 + -2*x_4 x_6 + -2*x_4 x_7 + -3*x_5 + -4*x_5 x_7 + 4*x_6 + 3*x_6 x_7 + -1*x_7,"['cardinality', 'cardinality', 'cardinality']",10,2,1,2,False,False,33,5,22,"{'Hadamard': 2, 'X': 3, 'CNOT': 14, 'CRY': 6, 'C(RY, num_ctrl_wires=2,num_zero_ctrl=0)': 3, 'CSWAP': 3, 'SWAP': 2}",{},189,101,88,"{'CNOT': 88, 'RZ': 86, 'RY': 10, 'RX': 5}",{},10,2,2,2,0,{'Hadamard': 2},136,136,98,"{'CNOT': 98, 'RZ': 126, 'RX': 10}"
249,"['7*x_1 + 10*x_5 + 9*x_4 <= 8', 'x_1 + x_0 + x_5 + x_4 + x_3 <= 3', 'x_1 - x_3 - x_0 == 0']",flow+knapsack+cardinality,6,3, -2*x_0 x_1 + -2*x_0 x_2 + -4*x_0 x_3 + 2*x_0 x_4 + -4*x_0 x_5 + 1*x_1 + 3*x_1 x_2 + 1*x_1 x_3 + -1*x_1 x_4 + 3*x_1 x_5 + -4*x_2 + -1*x_2 x_3 + -3*x_2 x_5 + -4*x_3 + 4*x_3 x_4 + 4*x_3 x_5 + -2*x_4 + 2*x_4 x_5 + -2*x_5,"['flow', 'knapsack', 'cardinality']",12,6,1,2,False,False,12,7,5,"{'Hadamard': 6, 'RY': 1, 'CRY': 1, 'CNOT': 3, 'SWAP': 1}",{},307,189,118,"{'CNOT': 118, 'RZ': 174, 'RY': 6, 'RX': 9}",{},12,6,6,6,0,{'Hadamard': 6},198,198,118,"{'CNOT': 118, 'RZ': 186, 'RX': 12}"
250,"['1*x_0 + 10*x_4 + 3*x_1 + 5*x_2 + 1*x_3 <= 12', '2*x_4*x_4 + 5*x_4*x_0 + 2*x_4*x_2 + 1*x_4*x_3 + 4*x_4*x_1 + 4*x_0*x_0 + 2*x_0*x_2 + 5*x_0*x_3 + 1*x_0*x_1 + 1*x_2*x_2 + 4*x_2*x_3 + 2*x_2*x_1 + 5*x_3*x_3 + 4*x_3*x_1 + 1*x_1*x_1 <= 23', 'x_0 + x_2 + x_1 + x_4 >= 1']",quadratic_knapsack+knapsack+cardinality,5,3, 1*x_0 + 2*x_0 x_1 + -2*x_0 x_2 + 1*x_0 x_3 + 2*x_0 x_4 + -2*x_1 + -1*x_1 x_2 + -2*x_1 x_3 + 2*x_1 x_4 + -1*x_2 + -1*x_2 x_3 + -2*x_2 x_4 + -4*x_3 + 4*x_3 x_4 + 3*x_4,"['quadratic_knapsack', 'knapsack', 'cardinality']",11,6,1,2,True,True,6,6,0,{'Hadamard': 6},{},331,209,122,"{'CNOT': 122, 'RZ': 198, 'RX': 11}",{},16,11,11,11,0,{'Hadamard': 11},1494,1494,1902,"{'CNOT': 1902, 'RZ': 1478, 'RX': 16}"
