instance_id,condition,size,depth,loss,sampling_seed,shots,p_feasible,p_optimal,conditional_objective,conditional_quality,weighted_quality,exact_p_feasible,exact_p_optimal,exact_conditional_objective,exact_conditional_quality,exact_weighted_quality,compile_seconds,optimize_seconds
b_4_disjoint_01,feasible,4,1,15.280754164612144,1136766192,10000,0.4208,0.4208,1.0,1.0,0.4208,0.4192046395796428,0.4192046395796428,1.0,1.0,0.4192046395796428,0.0003083162009716034,0.04529845342040062
b_4_disjoint_01,feasible,4,2,11.191937168869213,195372721,10000,0.5977,0.5977,1.0,1.0,0.5977,0.5875733212254556,0.5875733212254556,1.0,1.0,0.5875733212254556,0.0004512458108365536,0.08602200588211417
b_4_disjoint_01,feasible,4,3,7.59759687207077,1997719608,10000,0.8451,0.8451,1.0,1.0,0.8451,0.8405512198582805,0.8405512198582805,1.0,1.0,0.8405512198582805,0.0005720229819417,0.137135096359998
b_4_disjoint_01,feasible,4,4,6.347734624618603,3720048900,10000,0.8226,0.8226,1.0,1.0,0.8226,0.8199985321828238,0.8199985321828238,1.0,1.0,0.8199985321828238,0.0007025748491287231,0.17491144686937332
b_4_disjoint_01,feasible,4,5,5.685016666443761,1717982790,10000,0.8484,0.8484,1.0,1.0,0.8484,0.8419731544079603,0.8419731544079603,1.0,1.0,0.8419731544079603,0.0007383301854133606,0.2104058088734746
b_4_disjoint_01,local,4,1,15.280754164612144,4265664988,10000,0.4183,0.4183,1.0,1.0,0.4183,0.4192046395796428,0.4192046395796428,1.0,1.0,0.4192046395796428,0.0002772342413663864,0.04560561012476683
b_4_disjoint_01,local,4,2,11.191937168869213,1223962034,10000,0.5927,0.5927,1.0,1.0,0.5927,0.5875733212254556,0.5875733212254556,1.0,1.0,0.5875733212254556,0.00043676886707544327,0.08739805221557617
b_4_disjoint_01,local,4,3,7.59759687207077,791117084,10000,0.8397,0.8397,1.0,1.0,0.8397,0.8405512198582805,0.8405512198582805,1.0,1.0,0.8405512198582805,0.0005727619864046574,0.1337860133498907
b_4_disjoint_01,local,4,4,6.347734624618603,2605151750,10000,0.8257,0.8257,1.0,1.0,0.8257,0.8199985321828238,0.8199985321828238,1.0,1.0,0.8199985321828238,0.0007322770543396473,0.17485772026702762
b_4_disjoint_01,local,4,5,5.685016666443761,123496109,10000,0.8445,0.8445,1.0,1.0,0.8445,0.8419731544079603,0.8419731544079603,1.0,1.0,0.8419731544079603,0.0007053352892398834,0.20849852031096816
b_4_disjoint_01,maximum,4,1,6.338100932870223,872010290,10000,0.4303,0.4303,1.0,1.0,0.4303,0.4345881560821935,0.4345881560821935,1.0,1.0,0.4345881560821935,0.00026730913668870926,0.045740123838186264
b_4_disjoint_01,maximum,4,2,4.929912235307718,534280163,10000,0.6289,0.6289,1.0,1.0,0.6289,0.6274546095115195,0.6274546095115195,1.0,1.0,0.6274546095115195,0.0004536481574177742,0.0862762345932424
b_4_disjoint_01,maximum,4,3,3.3049133795043253,56533684,10000,0.6138,0.6138,1.0,1.0,0.6138,0.6182142864253906,0.6182142864253906,1.0,1.0,0.6182142864253906,0.0005027521401643753,0.1343885795213282
b_4_disjoint_01,maximum,4,4,3.006384876106119,2480100064,10000,0.6921,0.6921,1.0,1.0,0.6921,0.6881984945707211,0.6881984945707211,1.0,1.0,0.6881984945707211,0.0006850529462099075,0.17667460395023227
b_4_disjoint_01,maximum,4,5,2.9706479935486003,1144310390,10000,0.7242,0.7242,1.0,1.0,0.7242,0.7220540246013994,0.7220540246013994,1.0,1.0,0.7220540246013994,0.0008832183666527271,0.21012980677187443
b_4_disjoint_01,range,4,1,55.042238315963374,1074033100,10000,0.03,0.03,1.0,1.0,0.03,0.029200583015763566,0.029200583015763566,1.0,1.0,0.029200583015763566,0.7502508498728275,0.04246326815336943
b_4_disjoint_01,range,4,2,29.664096825925107,138112445,10000,0.5714,0.5714,1.0,1.0,0.5714,0.5776841964613196,0.5776841964613196,1.0,1.0,0.5776841964613196,1.0609058612026274,0.08311221282929182
b_4_disjoint_01,range,4,3,15.587650428425167,1700191699,10000,0.7124,0.7124,1.0,1.0,0.7124,0.7222522612986249,0.7222522612986249,1.0,1.0,0.7222522612986249,1.485568636097014,0.1365185254253447
b_4_disjoint_01,range,4,4,13.144207712780052,1860256410,10000,0.7489,0.7489,1.0,1.0,0.7489,0.7472779289862411,0.7472779289862411,1.0,1.0,0.7472779289862411,1.9112358829006553,0.1724653709679842
b_4_disjoint_01,range,4,5,7.317891028214587,4162279480,10000,0.8965,0.8965,1.0,1.0,0.8965,0.8966226659911718,0.8966226659911718,1.0,1.0,0.8966226659911718,2.3855503741651773,0.21235110145062208
b_4_disjoint_01,verma_lewis,4,1,23.220037637143108,2694347903,10000,0.0519,0.0519,1.0,1.0,0.0519,0.05179051230393489,0.05179051230393489,1.0,1.0,0.05179051230393489,0.00024990225210785866,0.0443154638633132
b_4_disjoint_01,verma_lewis,4,2,13.720302765949663,1235320906,10000,0.49,0.49,1.0,1.0,0.49,0.48800022355438477,0.48800022355438477,1.0,1.0,0.48800022355438477,0.00046035321429371834,0.08744020527228713
b_4_disjoint_01,verma_lewis,4,3,7.794661864876687,1628858859,10000,0.6557,0.6557,1.0,1.0,0.6557,0.656321289173435,0.656321289173435,1.0,1.0,0.656321289173435,0.0006129737012088299,0.13606752175837755
b_4_disjoint_01,verma_lewis,4,4,6.354491122240867,1378980223,10000,0.7195,0.7195,1.0,1.0,0.7195,0.7162260274754076,0.7162260274754076,1.0,1.0,0.7162260274754076,0.0007768580690026283,0.176021589897573
b_4_disjoint_01,verma_lewis,4,5,6.255396518817404,3909087391,10000,0.7554,0.7554,1.0,1.0,0.7554,0.7546765275879488,0.7546765275879488,1.0,1.0,0.7546765275879488,0.0007734349928796291,0.21186357410624623
b_4_disjoint_02,feasible,4,1,5.797024270548223,3347685657,10000,0.7515999999999999,0.077,2.2323044172432147,0.5382422261081122,0.4045428571428571,0.7544602704953443,0.07972275098302739,2.202300393834522,0.5425285151664968,0.40931621030395265,0.00024284794926643372,0.041404393035918474
b_4_disjoint_02,feasible,4,2,4.801346154487133,2847595030,10000,0.8187,0.1491,1.815316965921583,0.5978118620112024,0.4894285714285714,0.8196231077540056,0.14650138397600782,1.8245579420826725,0.5964917225596181,0.4888983993938543,0.00042709382250905037,0.07913772761821747
b_4_disjoint_02,feasible,4,3,4.012573104789102,1861112991,10000,0.8445,0.2681,1.222972172883363,0.6824325467309481,0.5763142857142857,0.8389790736144668,0.26863512145436386,1.207511765955394,0.6846411762920867,0.5743996198438537,0.0005136360414326191,0.1112310909666121
b_4_disjoint_02,feasible,4,4,2.9378861917081345,3302099603,10000,0.9144,0.1674,1.5837707786526685,0.6308898887639044,0.5768857142857142,0.9187857313873516,0.1764243643335627,1.5504317822179416,0.6356526025402941,0.5840285413332577,0.0005634990520775318,0.15849362034350634
b_4_disjoint_02,feasible,4,5,1.4298912987556966,4202519784,10000,0.9167,0.3827,-0.18392058470601066,0.8834172263865729,0.8098285714285713,0.915274748481892,0.38063682025357326,-0.19038927569791958,0.8843413250997028,0.8094152839027736,0.0007345550693571568,0.1932868743315339
b_4_disjoint_02,local,4,1,6.50632715283559,1188330059,10000,0.6433,0.072,2.1399036219493235,0.5514423397215252,0.3547428571428572,0.6385647628003122,0.07064364319317426,2.148364492068844,0.5502336439901652,0.3513598163593312,0.00032474473118782043,0.04147130670025945
b_4_disjoint_02,local,4,2,4.945063033913272,2402383864,10000,0.7475,0.159,1.6013377926421402,0.6283803153368371,0.4697142857142858,0.7405622476019531,0.16455794413271913,1.575491496069116,0.6320726434186977,0.46808913745785863,0.0004184916615486145,0.0741528170183301
b_4_disjoint_02,local,4,3,3.6879317867792136,3802142692,10000,0.8071999999999999,0.3286,0.8194995044598614,0.740071499362877,0.5973857142857142,0.8063613697705733,0.3381988776193567,0.7752426855325055,0.7463939020667849,0.6018632092589759,0.0004287697374820709,0.1096080238930881
b_4_disjoint_02,local,4,4,2.2164496117880006,1836914579,10000,0.9436,0.2198,1.4363077575243748,0.651956034639375,0.6151857142857142,0.9445647716652998,0.22356081415013626,1.4309860266572296,0.65271628190611,0.6165328057808682,0.0006518438458442688,0.15727816661819816
b_4_disjoint_02,local,4,5,1.1111564025697342,941574983,10000,0.9324000000000001,0.3509,-0.08462033462033461,0.8692314763743335,0.8104714285714286,0.9282426951852333,0.35140042631820095,-0.08899506666092219,0.8698564380944174,0.807437884520989,0.000742908101528883,0.1938401758670807
b_4_disjoint_02,maximum,4,1,2.391816279694782,1111487176,10000,0.7930000000000001,0.193,1.3085750315258509,0.6702035669248785,0.5314714285714287,0.7941986282288432,0.19644533026240163,1.3057664193701042,0.6706047972328423,0.5325934100460049,0.0003005918115377426,0.041807837784290314
b_4_disjoint_02,maximum,4,2,1.6321304905113156,1936841634,10000,0.9128999999999999,0.2729,1.136378573775879,0.6948030608891601,0.6342857142857142,0.9098600753975106,0.27660130207335754,1.101773813419411,0.6997465980829413,0.6366714924908965,0.0004337732680141926,0.074069669470191
b_4_disjoint_02,maximum,4,3,1.1846202159269037,840240186,10000,0.9270999999999999,0.296,0.7477079063747168,0.750327441946469,0.6956285714285714,0.9247316818056999,0.2922398118319928,0.7631667139981289,0.7481190408574101,0.6918093788429399,0.00043658073991537094,0.10884970566257834
b_4_disjoint_02,maximum,4,4,0.5198017486408534,1787524706,10000,0.9655,0.4112,0.1897462454686691,0.830036250647333,0.8014,0.9626018741446326,0.4047339659462779,0.20023141500881292,0.8285383692844553,0.7975525870739544,0.0006415620446205139,0.15809917962178588
b_4_disjoint_02,maximum,4,5,0.16741766885717685,1535747774,10000,0.9678,0.4838,-0.08648481091134534,0.8694978301301922,0.8415,0.9657823626495573,0.4858794780492267,-0.09558682858719778,0.8707981183695997,0.8410014641497809,0.0007310886867344379,0.1925751813687384
b_4_disjoint_02,range,4,1,5.189402970818266,3147800859,10000,0.8709000000000001,0.1113,2.2314846710299685,0.5383593327100045,0.46885714285714297,0.8696196923471964,0.10509548843903654,2.2473349773539275,0.5360950032351532,0.4661987717822232,0.7206812272779644,0.037821218837052584
b_4_disjoint_02,range,4,2,4.509114324949656,302783410,10000,0.902,0.069,2.2703991130820396,0.5328001267025658,0.4805857142857144,0.9008012143107709,0.07082047748936789,2.262061994565185,0.533991143633545,0.48101987061629464,1.0018419669941068,0.07340818084776402
b_4_disjoint_02,range,4,3,3.4429862272856715,3153188102,10000,0.9470999999999999,0.0216,2.071481364164291,0.5612169479765299,0.5315285714285715,0.9472355501240203,0.02064348134962143,2.0778487278993527,0.5603073245858068,0.5307430168425546,1.4901044350117445,0.11387219047173858
b_4_disjoint_02,range,4,4,2.6469621915899677,154070629,10000,0.882,0.4937,-0.056462585034013635,0.8652089407191449,0.7631142857142857,0.8853753987438816,0.49414169413538683,-0.03339612916320237,0.8619137327376004,0.7631172148053804,1.7959483652375638,0.16519309766590595
b_4_disjoint_02,range,4,5,1.752575740113544,3726966745,10000,0.9147000000000002,0.6067,-0.35432382201814794,0.9077605460025925,0.8303285714285715,0.915703773070508,0.6088469561993315,-0.35600399680941575,0.9080005709727736,0.8314595487899444,2.1727223992347717,0.2015579449944198
b_4_disjoint_02,verma_lewis,4,1,5.1920332647687175,287165958,10000,0.6463,0.0898,1.8870493578833356,0.5875643774452378,0.3797428571428572,0.6471784835295004,0.08972762913559124,1.882324537885767,0.5882393517306047,0.3806958516053891,0.00032713403925299644,0.038146658800542355
b_4_disjoint_02,verma_lewis,4,2,2.9075743866802286,2065809168,10000,0.8154,0.1952,1.1482707873436349,0.6931041732366235,0.5651571428571428,0.8168315426568812,0.18946906695111962,1.1842901638015895,0.6879585480283443,0.5619462420699806,0.00035621505230665207,0.0780900870449841
b_4_disjoint_02,verma_lewis,4,3,1.6798279689150521,1600633484,10000,0.9140999999999999,0.233,0.8849141231812713,0.730726553831247,0.6679571428571428,0.9139909194924822,0.23253462033847452,0.8720212034065417,0.7325683995133512,0.6695608650623439,0.000507814809679985,0.1086309370584786
b_4_disjoint_02,verma_lewis,4,4,1.5342311624858145,2866100893,10000,0.9147,0.2615,0.6944353339892861,0.7579378094301019,0.6932857142857142,0.9149463836343615,0.2577870478806787,0.6923103071141297,0.7582413846979815,0.6937502128513289,0.0006714020855724812,0.1571962838061154
b_4_disjoint_02,verma_lewis,4,5,0.8665490299964762,3015964948,10000,0.9219999999999999,0.3843,0.1350325379609545,0.8378524945770065,0.7725,0.9200756987495929,0.385080536212126,0.12882340918094204,0.8387395129741512,0.7717038434685854,0.0007173027843236923,0.1940428325906396
b_4_overlapping_01,feasible,4,1,5624.316522928648,3924759350,10000,0.4107,0.0536,-3.8970051132213293,0.37669270101702534,0.15470769230769232,0.41506288410622516,0.05425695109928174,-3.919119880067063,0.37839383692823564,0.15705723728345414,0.054878592025488615,20.420444406569004
b_4_overlapping_01,feasible,4,2,5461.728033231875,1436521658,10000,0.4982,0.0544,-3.7003211561621843,0.3615631658586296,0.18013076923076923,0.4990971474072726,0.05599925817579779,-3.7299021751074943,0.3638386288544226,0.18159082177781571,0.10497464006766677,43.547529285307974
b_4_overlapping_01,feasible,4,3,5956.8166867509235,3583644324,10000,0.5088999999999999,0.0621,-3.9381017881705644,0.37985398370542806,0.1933076923076923,0.506128709614023,0.06102833788435408,-3.967977820931992,0.3821521400716917,0.1934181695307227,0.15537721384316683,56.51893697306514
b_4_overlapping_01,feasible,4,4,5907.36604198906,1284277469,10000,0.5091,0.0577,-3.8774307601649975,0.3751869815511537,0.19100769230769235,0.5024247210716659,0.05913959378529789,-3.8483047707780718,0.3729465208290824,0.18737755170219997,0.203195177949965,73.89702202472836
b_4_overlapping_01,feasible,4,5,6050.882572911709,2820940761,10000,0.4942,0.0579,-3.9481991096721982,0.3806307007440152,0.1881076923076923,0.4922769546474689,0.05652762269570019,-3.9158836140900637,0.37814489339154334,0.18615201653428073,0.2524280590005219,92.2096390365623
b_4_overlapping_01,local,4,1,4423.419771601373,4280205889,10000,0.5093,0.0654,-4.038680541920283,0.38759081091694486,0.19740000000000002,0.5001095654187513,0.0633581636463029,-4.001868948648775,0.3847591498960596,0.19242173124540654,0.05566157586872578,20.50507460255176
b_4_overlapping_01,local,4,2,4408.2757834424065,3162052049,10000,0.4968,0.0594,-3.9319645732689215,0.37938189025145547,0.18847692307692307,0.49946212306990945,0.06323168074192563,-3.903788287690746,0.37721448366851895,0.18840434686579816,0.1055996879003942,38.79405247652903
b_4_overlapping_01,local,4,3,4461.487134697641,3139846919,10000,0.502,0.0624,-4.028087649402391,0.3867759730309531,0.19416153846153847,0.5078269561946542,0.06328482294093717,-4.019709628095583,0.3861315098535064,0.1960879893397523,0.15434913616627455,56.51370779844001
b_4_overlapping_01,local,4,4,4536.879580375334,2177417359,10000,0.5005999999999999,0.0601,-3.9334798242109477,0.37949844801622673,0.18997692307692307,0.5047505402707662,0.06563426296791915,-4.0614884339721105,0.3893452641517008,0.19652223243243513,0.20330467307940125,74.37268462171778
b_4_overlapping_01,local,4,5,4511.8393597569475,813783800,10000,0.4998,0.0624,-4.007402961184473,0.3851848431680364,0.19251538461538462,0.5076458938245709,0.0642855917615265,-3.997332540440362,0.38441019541848936,0.19514425724849702,0.254870783071965,92.84078110661358
b_4_overlapping_01,maximum,4,1,1390.5090001804758,1641231259,10000,0.5057,0.0621,-3.978841210203678,0.3829877854002829,0.19367692307692308,0.4992953412533434,0.06323325258863459,-4.016485057802192,0.38588346598478396,0.19266981683289564,0.055508479941636324,20.542763169389218
b_4_overlapping_01,maximum,4,2,1254.5220955640382,3733651704,10000,0.5057,0.0612,-3.8675103816491987,0.3744238755114768,0.18934615384615383,0.49912650171689055,0.05964110142568148,-3.8243489418167216,0.3711037647551324,0.18522772387619713,0.10550109902396798,38.939044618979096
b_4_overlapping_01,maximum,4,3,1436.9664547726954,897888507,10000,0.5051,0.0655,-4.016036428430014,0.385848956033078,0.1948923076923077,0.5036276028846648,0.06299066974039008,-3.97193629823662,0.3824566383258939,0.19261571996739715,0.15564316604286432,56.52709678048268
b_4_overlapping_01,maximum,4,4,1411.2273896508032,3572906515,10000,0.5033,0.0619,-3.9308563481025236,0.37929664216173253,0.1909,0.5038227638835111,0.06364861291511055,-3.964141850161823,0.3818570653970633,0.1923882820967951,0.20380572183057666,74.44360965350643
b_4_overlapping_01,maximum,4,5,1442.345440814454,1929422402,10000,0.5052,0.0655,-4.096991290577988,0.3920762531213837,0.19807692307692304,0.5068534616146978,0.0662850123208245,-4.079035514523292,0.39069503957871476,0.19802513324616294,0.2550752367824316,92.56012424454093
b_4_overlapping_01,range,4,1,7274.359420434443,3313320241,10000,0.5065000000000001,0.0606,-3.937611056268509,0.37981623509757756,0.19237692307692306,0.50208239052539,0.06282690374625823,-4.004644392764732,0.38497264559728706,0.19328798618836965,11.383499899879098,20.635054514743388
b_4_overlapping_01,range,4,2,7133.556509779733,2858858828,10000,0.49939999999999996,0.0653,-3.9947937525030044,0.38421490403869263,0.19187692307692308,0.4989590656284641,0.06463976356188372,-3.9988667284032204,0.3845282098771708,0.19186383630809908,19.98977990122512,44.27462616795674
b_4_overlapping_01,range,4,3,7381.634351104655,3559142119,10000,0.4967,0.066,-4.072075699617476,0.3901596692013443,0.1937923076923077,0.49794735375674026,0.0639088120985733,-4.080725548785737,0.3908250422142875,0.19461029555247075,34.22851519100368,56.60037786047906
b_4_overlapping_01,range,4,4,7395.178630872633,3305715277,10000,0.5058,0.0608,-3.9440490312376433,0.3803114639413572,0.19236153846153847,0.49947575906045616,0.060705275420211036,-3.9444566074543106,0.3803428159580239,0.18997201670382535,53.26049342006445,75.79052686784416
b_4_overlapping_01,range,4,5,7427.593473323033,4243456055,10000,0.5012,0.0578,-3.8126496408619315,0.37020381852784084,0.18554615384615383,0.5008024754388531,0.0609552280979161,-3.9775409062512583,0.38288776201932756,0.19175113903452173,73.31597902206704,94.67589626414701
b_4_overlapping_01,verma_lewis,4,1,4423.419771601373,340514465,10000,0.5006,0.0611,-3.933280063923292,0.3794830818402532,0.18996923076923078,0.5001095654187513,0.0633581636463029,-4.001868948648775,0.3847591498960596,0.19242173124540654,0.05632932996377349,20.535301099997014
b_4_overlapping_01,verma_lewis,4,2,4408.2757834424065,1128403012,10000,0.4924,0.0646,-3.8797725426482534,0.37536711866525024,0.18483076923076922,0.49946212306990945,0.06323168074192563,-3.903788287690746,0.37721448366851895,0.18840434686579816,0.10368822794407606,38.54662113636732
b_4_overlapping_01,verma_lewis,4,3,4461.487134697641,610577810,10000,0.5069,0.0629,-4.050897612941408,0.3885305856108775,0.1969461538461538,0.5078269561946542,0.06328482294093717,-4.019709628095583,0.3861315098535064,0.1960879893397523,0.15500559797510505,56.48781925998628
b_4_overlapping_01,verma_lewis,4,4,4536.879580375334,1269390640,10000,0.5164,0.0696,-4.10844306738962,0.3929571590299708,0.2029230769230769,0.5047505402707662,0.06563426296791915,-4.0614884339721105,0.3893452641517008,0.19652223243243513,0.2039170991629362,74.23307408671826
b_4_overlapping_01,verma_lewis,4,5,4511.8393597569475,656887967,10000,0.5038,0.0649,-4.102421595871378,0.3924939689131829,0.19773846153846156,0.5076458938245709,0.0642855917615265,-3.997332540440362,0.38441019541848936,0.19514425724849702,0.2548290127888322,92.66921896999702
b_4_overlapping_02,feasible,4,1,5036.806986374947,1351797585,10000,0.0635,0.0635,0.0,1.0,0.0635,0.062176935302726506,0.062176935302726506,0.0,1.0,0.062176935302726506,0.007820884231477976,2.9631610605865717
b_4_overlapping_02,feasible,4,2,5425.569198987907,403408868,10000,0.0631,0.0631,0.0,1.0,0.0631,0.06269716145615097,0.06269716145615097,0.0,1.0,0.06269716145615097,0.015435261186212301,5.859178062994033
b_4_overlapping_02,feasible,4,3,5506.394972800785,2619899332,10000,0.0592,0.0592,0.0,1.0,0.0592,0.05844147563465917,0.05844147563465917,0.0,1.0,0.05844147563465917,0.022813349962234497,8.73911858163774
b_4_overlapping_02,feasible,4,4,5350.261478584952,2434810227,10000,0.0739,0.0739,0.0,1.0,0.0739,0.07089780661096738,0.07089780661096738,0.0,1.0,0.07089780661096738,0.029594991821795702,11.742601855192333
b_4_overlapping_02,feasible,4,5,5563.597513075877,864454285,10000,0.072,0.072,0.0,1.0,0.072,0.06981738398365668,0.06981738398365668,0.0,1.0,0.06981738398365668,0.036709764041006565,14.5886873267591
b_4_overlapping_02,local,4,1,5131.09601904409,80921076,10000,0.0469,0.0469,0.0,1.0,0.0469,0.04538056695467759,0.04538056695467759,0.0,1.0,0.04538056695467759,0.008002613205462694,2.9720333931036294
b_4_overlapping_02,local,4,2,4749.485917815065,2141974581,10000,0.0505,0.0505,0.0,1.0,0.0505,0.04832244339296047,0.04832244339296047,0.0,1.0,0.04832244339296047,0.015097913797944784,5.889133919030428
b_4_overlapping_02,local,4,3,4993.377324359097,1145233513,10000,0.0591,0.0591,0.0,1.0,0.0591,0.0592421298463237,0.0592421298463237,0.0,1.0,0.0592421298463237,0.022585787810385227,8.741465229541063
b_4_overlapping_02,local,4,4,5069.427959061443,2359176437,10000,0.0608,0.0608,0.0,1.0,0.0608,0.059082579923931476,0.059082579923931476,0.0,1.0,0.059082579923931476,0.029765229672193527,11.804542171303183
b_4_overlapping_02,local,4,5,4785.593774120962,3424220052,10000,0.0583,0.0583,0.0,1.0,0.0583,0.06347913245715574,0.06347913245715574,0.0,1.0,0.06347913245715574,0.036713758017867804,14.6540781641379
b_4_overlapping_02,maximum,4,1,2081.5183294773024,1547420744,10000,0.0629,0.0629,0.0,1.0,0.0629,0.060006489371076055,0.060006489371076055,0.0,1.0,0.060006489371076055,0.008118200115859509,3.061089729424566
b_4_overlapping_02,maximum,4,2,2192.8462630350455,2649493764,10000,0.0606,0.0606,0.0,1.0,0.0606,0.05819827779377789,0.05819827779377789,0.0,1.0,0.05819827779377789,0.015243887901306152,5.958050821442157
b_4_overlapping_02,maximum,4,3,2217.3569784450656,3513546643,10000,0.0554,0.0554,0.0,1.0,0.0554,0.05856216260293892,0.05856216260293892,0.0,1.0,0.05856216260293892,0.022434481885284185,8.941554997116327
b_4_overlapping_02,maximum,4,4,2087.6082552432445,352942487,10000,0.0804,0.0804,0.0,1.0,0.0804,0.07737141287070098,0.07737141287070098,0.0,1.0,0.07737141287070098,0.029943101108074188,11.832830886356533
b_4_overlapping_02,maximum,4,5,2129.6998990548263,3169285511,10000,0.0636,0.0636,0.0,1.0,0.0636,0.06251940046832619,0.06251940046832619,0.0,1.0,0.06251940046832619,0.03825422003865242,14.726766594219953
b_4_overlapping_02,range,4,1,8874.387640475079,1991109120,10000,0.0477,0.0477,0.0,1.0,0.0477,0.04697959048168819,0.04697959048168819,0.0,1.0,0.04697959048168819,4.27063930593431,2.9883464071899652
b_4_overlapping_02,range,4,2,9422.260854987991,31751214,10000,0.0571,0.0571,0.0,1.0,0.0571,0.05536905876988681,0.05536905876988681,0.0,1.0,0.05536905876988681,7.38041819492355,5.883563575334847
b_4_overlapping_02,range,4,3,7548.473149305244,810637365,10000,0.0661,0.0661,0.0,1.0,0.0661,0.06436560113223094,0.06436560113223094,0.0,1.0,0.06436560113223094,10.775615216232836,8.596365361474454
b_4_overlapping_02,range,4,4,9538.253944606262,3026752312,10000,0.057,0.057,0.0,1.0,0.057,0.05707807297702226,0.05707807297702226,0.0,1.0,0.05707807297702226,14.710669117048383,11.714300889056176
b_4_overlapping_02,range,4,5,9298.222357880652,2698540630,10000,0.0625,0.0625,0.0,1.0,0.0625,0.06489363457624388,0.06489363457624388,0.0,1.0,0.06489363457624388,20.512821935117245,14.810793505050242
b_4_overlapping_02,verma_lewis,4,1,3861.1432113969613,3001983537,10000,0.0605,0.0605,0.0,1.0,0.0605,0.058762308711982805,0.058762308711982805,0.0,1.0,0.058762308711982805,0.008440992329269648,3.008634507190436
b_4_overlapping_02,verma_lewis,4,2,3902.8607520200558,628328595,10000,0.0563,0.0563,0.0,1.0,0.0563,0.05611091422124757,0.05611091422124757,0.0,1.0,0.05611091422124757,0.01497886423021555,5.882474786136299
b_4_overlapping_02,verma_lewis,4,3,4056.329084591382,1541288101,10000,0.0589,0.0589,0.0,1.0,0.0589,0.060465889397753485,0.060465889397753485,0.0,1.0,0.060465889397753485,0.02246691193431616,8.849407504778355
b_4_overlapping_02,verma_lewis,4,4,4067.00355901914,3338263944,10000,0.0679,0.0679,0.0,1.0,0.0679,0.06780592237923459,0.06780592237923459,0.0,1.0,0.06780592237923459,0.030525878071784973,11.753445275127888
b_4_overlapping_02,verma_lewis,4,5,4023.686690651007,17640591,10000,0.0625,0.0625,0.0,1.0,0.0625,0.06160740170503927,0.06160740170503927,0.0,1.0,0.06160740170503927,0.036355393938720226,14.401404506061226
b_5_disjoint_01,feasible,5,1,1070.4473919359314,947397376,10000,0.5522,0.028,0.8888084027526256,0.5407461064831584,0.29860000000000003,0.5485895651164987,0.02802408132267081,0.8945599035495313,0.5403626730966979,0.29643732383930627,0.002575612161308527,0.8309610784053802
b_5_disjoint_01,feasible,5,2,1141.6255516147635,3389695432,10000,0.4855,0.0284,0.020185375901132688,0.5986543082732578,0.29064666666666666,0.4818464714257681,0.029514348022133992,0.026652682527767133,0.5982231544981488,0.28825171612012507,0.004454235080629587,1.5883904504589736
b_5_disjoint_01,feasible,5,3,1160.9007003899553,3092677633,10000,0.517,0.0232,0.7856866537717602,0.5476208897485493,0.28312,0.5195643956975303,0.025616150735068385,0.7053929020158025,0.5529738065322799,0.28730550162750706,0.007098000962287188,2.4598133261315525
b_5_disjoint_01,feasible,5,4,1060.267415790047,1524279716,10000,0.5804,0.0215,0.871812543073742,0.5418791637950838,0.31450666666666666,0.5761239825485492,0.0225760397417528,0.8958326607648168,0.5402778226156788,0.3112670108480035,0.008512011263519526,3.467948589473963
b_5_disjoint_01,feasible,5,5,1228.2067105290603,3865534005,10000,0.5057,0.0451,0.7747676488036384,0.5483488234130908,0.27730000000000005,0.5038453830682802,0.044130354695947484,0.7838763002141501,0.5477415799857234,0.27597706619033185,0.0110587771050632,4.283293378073722
b_5_disjoint_01,local,5,1,729.2221604524209,2419700737,10000,0.49,0.0329,0.5671428571428573,0.5621904761904762,0.27547333333333335,0.48718004676657045,0.030724650214465257,0.736713831097368,0.5508857445935088,0.2683805428141026,0.0026097800582647324,0.8486283551901579
b_5_disjoint_01,local,5,2,776.2106718743414,3070653585,10000,0.5102,0.0363,0.5495883967071739,0.5633607735528551,0.28742666666666666,0.5172915001997587,0.03529282862478543,0.5442589564770559,0.5637160695681963,0.2916055313136438,0.004628696013242006,1.6392689724452794
b_5_disjoint_01,local,5,3,722.5572492029821,2876107435,10000,0.5425,0.0389,0.8442396313364059,0.5437173579109064,0.2949666666666667,0.5328099163906506,0.038059478419999515,0.8813182413679637,0.541245450575469,0.2883809432679356,0.007099288981407881,2.519462887663394
b_5_disjoint_01,local,5,4,784.9690101635928,2298259546,10000,0.5239,0.0252,0.9494178278297382,0.5367054781446842,0.28118000000000004,0.5183463586151196,0.026720347895907506,0.9147126975060322,0.5390191534995978,0.27939861544032074,0.008830100763589144,3.448004527017474
b_5_disjoint_01,local,5,5,770.8793714889533,1095897706,10000,0.5357999999999999,0.0385,0.738895110115715,0.5507403259922856,0.2950866666666666,0.5283742418582968,0.03874193390458566,0.7614521649791712,0.5492365223347219,0.29020243108949617,0.011059843003749847,4.347622748464346
b_5_disjoint_01,maximum,5,1,173.65451042710666,1601075585,10000,0.5658,0.0432,0.3266171792152704,0.5782255213856486,0.32716,0.5716331839618018,0.04306006033040688,0.31138755477920665,0.5792408296813861,0.33111327975144655,0.0025105327367782593,0.8528651650995016
b_5_disjoint_01,maximum,5,2,154.0426265601457,2129234624,10000,0.5590999999999999,0.0261,0.5648363441244856,0.5623442437250343,0.31440666666666667,0.5628861174891042,0.026336681271328974,0.5942215074294699,0.5603852328380353,0.31543306801042936,0.0046877991408109665,1.6253888932988048
b_5_disjoint_01,maximum,5,3,150.84085871900456,4148541034,10000,0.5707,0.0389,0.45312773786577837,0.5697914841422815,0.3251800000000001,0.5657052610452802,0.03556035762892736,0.49560877657381286,0.5669594148950792,0.3207319238053001,0.006463054101914167,2.5147129124961793
b_5_disjoint_01,maximum,5,4,143.41171085311976,3474997111,10000,0.5604,0.034,0.39114917915774416,0.5739233880561504,0.32162666666666667,0.5676584828558743,0.03562325745714412,0.3954207376908265,0.5736386174872782,0.3256308273103695,0.00908276392146945,3.4484075787477195
b_5_disjoint_01,maximum,5,5,152.1684797132917,1533022690,10000,0.5687,0.0382,0.4914717777387025,0.5672352148174198,0.32258666666666663,0.5652052194115155,0.03468073777342763,0.5161503632116754,0.5655899757858883,0.31967440636101674,0.010886902920901775,4.3522255243733525
b_5_disjoint_01,range,5,1,2106.0583819240965,2910689846,10000,0.48009999999999997,0.026,0.9100187460945638,0.5393320835936958,0.25893333333333335,0.48376342661814903,0.029108338438667454,0.8588595992469531,0.5427426933835364,0.262559065123183,3.8470042450353503,0.8613145817071199
b_5_disjoint_01,range,5,2,2115.264935703875,2052230583,10000,0.498,0.0194,1.0600401606425702,0.529330655957162,0.26360666666666666,0.49430490077938993,0.019179895404153446,1.004436343602621,0.5330375770931586,0.26348308665672016,6.150017478968948,1.6425193934701383
b_5_disjoint_01,range,5,3,1992.1690855198501,894789055,10000,0.5345,0.0466,0.4757717492984095,0.568281883380106,0.30374666666666666,0.5391446728137671,0.0455581338511589,0.4794353013896133,0.5680376465740257,0.3062544711080553,8.803554113954306,2.4554827609099448
b_5_disjoint_01,range,5,4,1958.9778569566877,1727588263,10000,0.5321,0.0261,0.9592181920691598,0.5360521205287226,0.28523333333333334,0.5254745270509995,0.0274271429159174,1.0242228651147287,0.5317184756590181,0.2794045145212009,11.521374035160989,3.3103504455648363
b_5_disjoint_01,range,5,5,1957.0376677624813,807661717,10000,0.5453999999999999,0.0291,0.6877521085441879,0.5541498594303874,0.30223333333333324,0.5318918966700548,0.02775540252832318,0.6771865561584278,0.5548542295894381,0.29512246855172825,14.686018510721624,4.130797325633466
b_5_disjoint_01,verma_lewis,5,1,502.18984023063683,134629555,10000,0.5835,0.0263,0.5873179091688087,0.5608454727220794,0.32725333333333334,0.584579926198453,0.02723330632455884,0.5951413196244167,0.5603239120250388,0.32755411113882565,0.002686072140932083,0.8283821637742221
b_5_disjoint_01,verma_lewis,5,2,478.75618954937534,1657280968,10000,0.5658,0.0249,0.9969954047366562,0.5335336396842228,0.30187333333333327,0.570391105099167,0.027477543148552944,0.9856974368958228,0.5342868375402785,0.30475245970453857,0.004483246244490147,1.578203359618783
b_5_disjoint_01,verma_lewis,5,3,412.0717322832839,2375737363,10000,0.4974,0.0576,-0.677925211097708,0.6451950140731806,0.32092000000000004,0.49679531115646647,0.05774896285409629,-0.763426045995527,0.6508950697330351,0.3233616186982331,0.006709842011332512,2.4296513022854924
b_5_disjoint_01,verma_lewis,5,4,381.73419208362776,133413722,10000,0.5759,0.0396,0.5421080048619557,0.5638594663425364,0.32472666666666666,0.5791595884516589,0.042270343054116755,0.5555460243863471,0.5629635983742436,0.3260457659476919,0.00864147488027811,3.338868560269475
b_5_disjoint_01,verma_lewis,5,5,448.27128775535,3282682107,10000,0.49710000000000004,0.0506,-0.3069804868235764,0.6204653657882384,0.30843333333333334,0.4992658060679507,0.05143196368619625,-0.29394021861564396,0.6195960145743763,0.3093431036529657,0.010970947332680225,4.294628931209445
b_5_disjoint_02,feasible,5,1,23.88439518417998,1112879114,10000,0.20220000000000002,0.0599,-1.7304648862512364,0.5913081107814046,0.11956250000000002,0.2042811263449222,0.06124299488486028,-1.740415135991202,0.5925518919989002,0.12104716791535004,0.000510411337018013,0.0812771636992693
b_5_disjoint_02,feasible,5,2,18.54945591005055,1507215795,10000,0.4645,0.0035,1.5446716899892357,0.18191603875134554,0.0845,0.4709240291180199,0.003904528254859052,1.5750265854824939,0.17812167681468827,0.08388177771883079,0.0006307461299002171,0.15617068018764257
b_5_disjoint_02,feasible,5,3,15.121473568729202,2928551092,10000,0.5467,0.0176,1.439180537772087,0.19510243277848913,0.1066625,0.5454327298336914,0.018860802313836706,1.4156787957059052,0.19804015053676186,0.1080175799239412,0.0008256337605416775,0.21384359756484628
b_5_disjoint_02,feasible,5,4,13.809679516668304,557304337,10000,0.571,0.0087,1.621891418563923,0.17226357267950962,0.09836249999999998,0.5676684087858314,0.010222070803583796,1.5979162900937651,0.17526046373827936,0.09948982857337595,0.0010172207839787006,0.2776379846036434
b_5_disjoint_02,feasible,5,5,12.259932256131073,2356602746,10000,0.6263,0.0232,1.4125818297940285,0.19842727127574644,0.124275,0.6247028690475566,0.021260612989802998,1.4493563337940314,0.19383045827574608,0.12108644339366127,0.0012780330143868923,0.3501230562105775
b_5_disjoint_02,local,5,1,17.428986106547153,3866785129,10000,0.31440000000000007,0.1212,-1.4847328244274807,0.560591603053435,0.17625000000000002,0.3223839650084609,0.12769437025422492,-1.579149106502689,0.5723936383128361,0.18453053066491096,0.0005233869887888432,0.08297332422807813
b_5_disjoint_02,local,5,2,13.313165739578068,1176854133,10000,0.4111,0.0953,-0.6278277791291657,0.4534784723911457,0.186425,0.411871471281711,0.0943928388014092,-0.6299370447702037,0.45374213059627544,0.18688343891118622,0.0006702099926769733,0.15482890838757157
b_5_disjoint_02,local,5,3,11.080082409894986,1022026063,10000,0.4304,0.2083,-1.8408457249070636,0.605105715613383,0.26043750000000004,0.42575158127021995,0.2063635144360255,-1.8351227861282493,0.6043903482660311,0.2573201464787217,0.0008714883588254452,0.21645460277795792
b_5_disjoint_02,local,5,4,8.531605380332936,3512851892,10000,0.5741,0.3019,-2.1384776171398707,0.6423097021424838,0.36875,0.5731267079605191,0.2983870259785631,-2.1086589987289157,0.6385823748411145,0.3659886142542982,0.0010383748449385166,0.28763051936402917
b_5_disjoint_02,local,5,5,5.28676570566344,3376695140,10000,0.6963,0.329,-1.8444635932787594,0.605557949159845,0.4216500000000001,0.6953822861347541,0.33076950191942106,-1.8560135970973193,0.6070016996371649,0.42209822958137305,0.001167320180684328,0.3506493093445897
b_5_disjoint_02,maximum,5,1,1.5659300450669813,4255882533,10000,0.49050000000000005,0.1143,-0.785117227319062,0.47313965341488273,0.232075,0.4942461317190386,0.11285442916969395,-0.760062720677054,0.47000784008463176,0.23229955683944972,0.0004329937510192394,0.08175969868898392
b_5_disjoint_02,maximum,5,2,-0.20195072355006496,9910391,10000,0.6417,0.1582,-1.0082593112046128,0.5010324139005766,0.32151250000000003,0.6445322062780785,0.16209233219097008,-1.0037828513006002,0.500472856412575,0.32257087432588893,0.0007001706399023533,0.15597644029185176
b_5_disjoint_02,maximum,5,3,-0.3565193945120831,2631027219,10000,0.6572,0.1706,-1.0636031649421789,0.5079503956177723,0.333825,0.6538743102060874,0.16724902175614215,-1.0476658048501513,0.5059582256062689,0.33083308576139503,0.0008255857974290848,0.22007362823933363
b_5_disjoint_02,maximum,5,4,-1.068711043293628,2679719582,10000,0.6753000000000001,0.2921,-2.2167925366503773,0.6520990670812972,0.44036250000000005,0.6803941935089011,0.30430083660873675,-2.2904159019057966,0.6613019877382246,0.4499460326129825,0.000973620917648077,0.28079958399757743
b_5_disjoint_02,maximum,5,5,-1.9508791648865802,1410626634,10000,0.7289,0.4342,-3.326107833722047,0.7907634792152558,0.5763874999999999,0.729292869892271,0.43563936181118007,-3.334953144107469,0.7918691430134337,0.5775045198874003,0.0012779589742422104,0.34841116378083825
b_5_disjoint_02,range,5,1,28.761649892328684,2181272870,10000,0.342,0.1007,-1.4546783625730992,0.5568347953216374,0.1904375,0.35281324611545506,0.10166487667586158,-1.4227783230145064,0.5528472903768133,0.1950518471239771,1.100981593132019,0.07806575438007712
b_5_disjoint_02,range,5,2,24.065465944716507,385280851,10000,0.4239,0.1225,-1.4199103562160886,0.552488794527011,0.2342,0.42772581704218793,0.12373423665469542,-1.3987001561322163,0.549837519516527,0.2351797022756565,1.7865346260368824,0.15330423740670085
b_5_disjoint_02,range,5,3,9.73121709722245,3550449065,10000,0.7737,0.2828,-1.592994700788419,0.5741243375985524,0.44420000000000004,0.7708748171853291,0.2779929011124907,-1.5699589631982478,0.571244870399781,0.4403582850374882,2.3426974746398628,0.21513851219788194
b_5_disjoint_02,range,5,4,3.8505163864093896,1821310213,10000,0.8869,0.2616,-1.3187507047017701,0.5398438380877213,0.47878750000000003,0.8894538799095533,0.2658351712135597,-1.3353661706940774,0.5419207713367596,0.48201353266905866,3.0860809478908777,0.2841410245746374
b_5_disjoint_02,range,5,5,0.23967587754723857,3726298539,10000,0.9575,0.347,-1.786840731070496,0.598355091383812,0.572925,0.9525114052156439,0.33865998833530314,-1.7332388968154906,0.5916548621019363,0.5635580041033834,4.01888549188152,0.3514991533011198
b_5_disjoint_02,verma_lewis,5,1,17.428986106547153,1973407854,10000,0.31980000000000003,0.1242,-1.5328330206378986,0.5666041275797373,0.1812,0.3223839650084609,0.12769437025422492,-1.579149106502689,0.5723936383128361,0.18453053066491096,0.0004018680192530155,0.08062439877539873
b_5_disjoint_02,verma_lewis,5,2,13.313165739578068,1286795014,10000,0.4108,0.0929,-0.5662122687439143,0.4457765335929893,0.183125,0.411871471281711,0.0943928388014092,-0.6299370447702037,0.45374213059627544,0.18688343891118622,0.0008606580086052418,0.15600306168198586
b_5_disjoint_02,verma_lewis,5,3,11.080082409894986,2199123473,10000,0.4268,0.2065,-1.8245079662605435,0.6030634957825679,0.2573875,0.42575158127021995,0.2063635144360255,-1.8351227861282493,0.6043903482660311,0.2573201464787217,0.0008665770292282104,0.22180893598124385
b_5_disjoint_02,verma_lewis,5,4,8.531605380332936,2647253568,10000,0.579,0.3046,-2.1442141623488773,0.6430267702936097,0.3723125,0.5731267079605191,0.2983870259785631,-2.1086589987289157,0.6385823748411145,0.3659886142542982,0.0011779950000345707,0.2857177876867354
b_5_disjoint_02,verma_lewis,5,5,5.28676570566344,2336465760,10000,0.6989000000000001,0.3398,-1.9100014308198596,0.6137501788524824,0.42895,0.6953822861347541,0.33076950191942106,-1.8560135970973193,0.6070016996371649,0.42209822958137305,0.0011929767206311226,0.34752506390213966
b_5_overlapping_01,feasible,5,1,1043.5512521444082,3458111532,10000,0.22549999999999998,0.0439,-3.531263858093127,0.37760532150776055,0.08514999999999999,0.225583043242829,0.04524998541583087,-3.5690345160414134,0.38075287633678445,0.08589139256751237,0.0025509600527584553,0.835095789283514
b_5_overlapping_01,feasible,5,2,1123.3522540402037,2044432492,10000,0.10019999999999998,0.0133,-2.9201596806387227,0.32667997338656024,0.03273333333333333,0.09538755049842625,0.014699441722809913,-3.168619456287966,0.3473849546906638,0.03313619990794921,0.004495543893426657,1.575907165184617
b_5_overlapping_01,feasible,5,3,1002.6742357477843,3089203868,10000,0.1491,0.0327,-3.854460093896713,0.4045383411580594,0.060316666666666664,0.15371910447385498,0.03335094221242538,-3.808426400601988,0.40070220005016566,0.061595583352414954,0.006586526986211538,2.4703323184512556
b_5_overlapping_01,feasible,5,4,1077.1047203487267,567168652,10000,0.1766,0.0421,-4.034541336353341,0.4195451113627784,0.07409166666666667,0.18369086519538844,0.04785413233538947,-4.205459635816912,0.4337883029847427,0.07968294868690669,0.008720519952476025,3.375286339316517
b_5_overlapping_01,feasible,5,5,1162.1366904998335,4289252111,10000,0.18519999999999998,0.0436,-3.920626349892009,0.4100521958243341,0.07594166666666667,0.18027642370230357,0.04045368637952102,-3.801762713078946,0.40014689275657883,0.07213705078174523,0.010486029088497162,4.220307081006467
b_5_overlapping_01,local,5,1,690.283763640706,1080861755,10000,0.1548,0.017,-1.7855297157622738,0.23212747631352282,0.03593333333333333,0.15201132075879895,0.017765759320256945,-1.9024216210155003,0.24186846841795837,0.0367667453341217,0.0025300420820713043,0.8237739321775734
b_5_overlapping_01,local,5,2,664.6932965148642,989021252,10000,0.1373,0.0126,-1.5761107064821558,0.21467589220684632,0.029475,0.13972089359513792,0.012762748841239561,-1.5886808742961251,0.21572340619134378,0.03014106708244146,0.0044723981991410255,1.5720389462076128
b_5_overlapping_01,local,5,3,644.5470523559505,1301471068,10000,0.13290000000000002,0.0299,-3.2641083521444694,0.3553423626787058,0.047225,0.13300193948320937,0.024590383933443864,-2.8363777527049048,0.3196981460587421,0.04252047347499904,0.006678775418549776,2.4629716128110886
b_5_overlapping_01,local,5,4,673.3586392447545,1227317175,10000,0.13080000000000003,0.0156,-2.204128440366972,0.26701070336391436,0.034925000000000005,0.1325003668333108,0.017673630776687006,-2.369356932715164,0.28077974439293035,0.03720341913142651,0.008464876096695662,3.3658399148844182
b_5_overlapping_01,local,5,5,604.4532371986564,645382756,10000,0.1336,0.0409,-4.167664670658683,0.4306387225548902,0.05753333333333333,0.13115513658611128,0.04035162892890942,-4.127211919539599,0.42726765996163324,0.05603834830109616,0.010803380981087685,4.2137848432175815
b_5_overlapping_01,maximum,5,1,217.33251857807954,540637583,10000,0.31909999999999994,0.0459,-3.5957380131620194,0.38297816776350163,0.12220833333333335,0.31334350615859224,0.04026563023097882,-3.477039240255885,0.3730866033546571,0.11690426439594825,0.002618502825498581,0.8190504657104611
b_5_overlapping_01,maximum,5,2,214.98370128075337,3293637106,10000,0.3145,0.044,-3.6165341812400635,0.3847111817700053,0.12099166666666666,0.31962470106220875,0.04610892441434572,-3.618201337935157,0.3848501114945964,0.12300760184021808,0.0045573837123811245,1.549604173284024
b_5_overlapping_01,maximum,5,3,210.0131409885941,1020530185,10000,0.2654,0.0242,-2.760738507912585,0.31339487565938207,0.08317500000000001,0.2618407282900968,0.02521892681973546,-2.842296843059521,0.3201914035882934,0.08383915030778706,0.006490897852927446,2.4419063883833587
b_5_overlapping_01,maximum,5,4,211.31707928590396,3512549240,10000,0.3037,0.0585,-3.966743496871913,0.4138952914059928,0.12570000000000003,0.3090705901140092,0.061960303567299896,-3.975748178330034,0.41464568152750286,0.12815478547793085,0.008555421140044928,3.311084618791938
b_5_overlapping_01,maximum,5,5,204.54698491260476,1474821861,10000,0.35309999999999997,0.0602,-3.78249787595582,0.398541489662985,0.140725,0.35576700700096553,0.06253289810792985,-3.8870881431651294,0.40725734526376084,0.14488872680364703,0.010601113084703684,4.17976228101179
b_5_overlapping_01,range,5,1,1842.8204278645383,1095937470,10000,0.1966,0.0345,-3.1424211597151577,0.34520176330959645,0.06786666666666666,0.19431331615138392,0.037001687050981065,-3.19240499660223,0.3493670830501858,0.06788667646161756,3.929363044910133,0.8558644033037126
b_5_overlapping_01,range,5,2,1974.595892764905,3974029533,10000,0.2194,0.0403,-3.7689152233363714,0.3974096019446976,0.08719166666666665,0.21961355919681994,0.04166787046600578,-3.7585717547213986,0.3965476462267832,0.08708723997898525,6.303314330987632,1.6136480388231575
b_5_overlapping_01,range,5,3,2040.2159806855766,2685823994,10000,0.20489999999999997,0.0571,-4.388482186432406,0.44904018220270053,0.09200833333333333,0.20480944675095974,0.058706337784014934,-4.486723156706101,0.45722692972550844,0.09364439451672134,8.989929972216487,2.4612245708703995
b_5_overlapping_01,range,5,4,1992.603575576452,2999704225,10000,0.1764,0.044,-4.267006802721088,0.43891723356009066,0.077425,0.1697113405049869,0.041975070479826924,-4.255990700755609,0.4379992250629674,0.07433343562558166,11.6977423238568,3.332495742943138
b_5_overlapping_01,range,5,5,2000.8404427016565,3216978624,10000,0.146,0.0355,-3.844520547945205,0.4037100456621004,0.058941666666666656,0.1422675836403909,0.035633126542021346,-4.001547142283187,0.4167955951902656,0.05929650219967762,15.970706211868674,4.282898778561503
b_5_overlapping_01,verma_lewis,5,1,488.9808516279752,2694148865,10000,0.1493,0.0179,-2.52377762893503,0.29364813574458587,0.04384166666666667,0.15058778009748258,0.01866976039769415,-2.5288453072785892,0.29407044227321577,0.04428341509420846,0.002462564967572689,0.8170356908813119
b_5_overlapping_01,verma_lewis,5,2,486.90780122923945,1487577521,10000,0.16090000000000002,0.0205,-2.464263517712865,0.2886886264760721,0.04645,0.15411997701006908,0.021023976148240937,-2.520065921206827,0.2933388267672356,0.04520937323752699,0.004316460806876421,1.5735309356823564
b_5_overlapping_01,verma_lewis,5,3,522.7939551998415,2232902904,10000,0.1507,0.0215,-2.3351028533510285,0.2779252377792524,0.041883333333333335,0.15372116685875314,0.021119996444053844,-2.3315371957337394,0.27762809964447827,0.042677315430127385,0.006503396201878786,2.43669599480927
b_5_overlapping_01,verma_lewis,5,4,539.5402474626567,2215083791,10000,0.1562,0.0503,-4.784891165172854,0.4820742637644045,0.07529999999999998,0.15768702942087962,0.04687948874316671,-4.517489940966022,0.4597908284138352,0.07250304988754304,0.00873253308236599,3.3467823206447065
b_5_overlapping_01,verma_lewis,5,5,524.0848124111816,4005340054,10000,0.1474,0.0302,-3.519674355495251,0.3766395296246043,0.05551666666666667,0.15053655927704856,0.030539148660988846,-3.533741067888025,0.37781175565733544,0.05687448175107626,0.010659203864634037,4.243220743723214
b_5_overlapping_02,feasible,5,1,10457.323123660013,1972732373,10000,0.39999999999999997,0.029,1.0209999999999997,0.5435454545454546,0.21741818181818182,0.4074987993492133,0.030458839024039213,1.0505250661855523,0.5408613576194953,0.2204003538443298,0.03712091315537691,13.043967891484499
b_5_overlapping_02,feasible,5,2,12712.110045240435,2836234622,10000,0.4013,0.0296,1.1318215798654374,0.5334707654667784,0.21408181818181818,0.4029181339730122,0.030045914443117893,1.1312821553550187,0.5335198040586348,0.2149648038889522,0.07511177100241184,27.402113220654428
b_5_overlapping_02,feasible,5,3,13675.281592664107,2251620434,10000,0.4031,0.0301,1.01290002480774,0.5442818159265691,0.2194,0.4043116945767491,0.03216345618157721,0.9607403924966473,0.549023600682123,0.22197666235441757,0.10772963706403971,39.16578559111804
b_5_overlapping_02,feasible,5,4,13601.277972747712,575494099,10000,0.40359999999999996,0.0292,1.0701189296333002,0.5390800973060637,0.21757272727272728,0.4107584861127448,0.030093810295053897,1.0193045117816728,0.5436995898380297,0.22332922042198936,0.14213028084486723,51.939438031520694
b_5_overlapping_02,feasible,5,5,13136.800837918223,649712402,10000,0.41559999999999997,0.0329,0.9879692011549569,0.5465482544404584,0.22714545454545448,0.41404564974834884,0.032069361590861246,1.0047915113751846,0.5450189535113469,0.22566272673177076,0.17705944273620844,64.49283377407119
b_5_overlapping_02,local,5,1,9392.324348214343,3360331408,10000,0.3986,0.0288,1.0137982940291017,0.5442001550882635,0.21691818181818182,0.4045846646405227,0.03094469633295637,1.002805426674829,0.5451995066659246,0.22057935956661154,0.03712371690198779,13.033453441690654
b_5_overlapping_02,local,5,2,9345.039723536402,1535723871,10000,0.4164,0.0279,1.1500960614793467,0.531809448956423,0.22144545454545453,0.41469062551038816,0.024992848570869503,1.1977497489824873,0.5274772955470466,0.21873988963293264,0.07499222969636321,27.452116349246353
b_5_overlapping_02,local,5,3,9359.35753935451,1769219362,10000,0.40509999999999996,0.0329,0.9471735373981734,0.5502569511456206,0.22290909090909086,0.40551340705815253,0.03130706946010908,0.9913317227804194,0.5462425706563255,0.22150868590705017,0.10746635776013136,39.17146478313953
b_5_overlapping_02,local,5,4,9173.353814067326,1379078438,10000,0.4093,0.0323,0.9054483264109455,0.5540501521444595,0.2267727272727273,0.4064008498607994,0.03241197298177949,0.9774011206637033,0.5475089890305724,0.22250811844845172,0.14293776592239738,51.908411480952054
b_5_overlapping_02,local,5,5,9390.599274208691,673725742,10000,0.40060000000000007,0.029,1.0017473789316025,0.5452956928243998,0.2184454545454546,0.40221148700631365,0.031366660370101,0.9990203419133543,0.5455436052806042,0.21942390470669723,0.17560361605137587,64.60836010891944
b_5_overlapping_02,maximum,5,1,2801.234283507457,56059715,10000,0.41259999999999997,0.0321,1.0075133301017936,0.5447715154452916,0.2247727272727273,0.4072142597600216,0.03124550244047075,1.0001374995078176,0.5454420454992893,0.22211177879998514,0.0367417773231864,13.002109749242663
b_5_overlapping_02,maximum,5,2,2695.158648618571,3531591114,10000,0.42700000000000005,0.0266,1.044262295081967,0.5414307004470938,0.23119090909090909,0.41867082296541785,0.027724593405946147,1.0626571156156865,0.5397584440349376,0.22598111196664075,0.0749783399514854,27.412420701701194
b_5_overlapping_02,maximum,5,3,2703.5885091565738,2996225977,10000,0.4092,0.0315,1.0232160312805474,0.5433439971563139,0.22233636363636364,0.4037995527527001,0.03135532680316818,0.9559657748913166,0.5494576568280621,0.22187075608371806,0.10811655130237341,39.17367169819772
b_5_overlapping_02,maximum,5,4,2815.5572367886343,2935535803,10000,0.406,0.0306,0.9970443349753694,0.5457232422749665,0.2215636363636364,0.40653834794141797,0.031400699717304525,1.0313920601351128,0.5426007218058988,0.220588001034791,0.14370848005637527,51.976537744514644
b_5_overlapping_02,maximum,5,5,2588.3774470845588,2040246745,10000,0.40579999999999994,0.0312,0.9987678659438147,0.5455665576414714,0.22139090909090908,0.40285429557137,0.03242423333472957,1.0053451057648812,0.5449686267486471,0.2195429522373231,0.1752216280438006,65.04362810356542
b_5_overlapping_02,range,5,1,17485.39216035372,1073701512,10000,0.41,0.0344,0.9300000000000002,0.5518181818181819,0.22624545454545456,0.4064664077111165,0.03113966292584794,1.0076354756514807,0.5447604113044109,0.2214268074461342,6.775118947960436,13.098765288945287
b_5_overlapping_02,range,5,2,17925.386275606077,2910575036,10000,0.4077,0.0275,1.1177336276674024,0.5347514883938725,0.21801818181818183,0.40984547223052736,0.02708709874401549,1.0611755481942173,0.5398931319823439,0.22127275563132218,11.67259726068005,27.622209891676903
b_5_overlapping_02,range,5,3,16315.890536148498,3361478981,10000,0.4003,0.0316,0.9610292280789408,0.5489973429019145,0.21976363636363636,0.4053824418582849,0.032035607415232766,0.9700400635599331,0.5481781760400061,0.22222180757651844,18.229275656864047,39.34009835217148
b_5_overlapping_02,range,5,4,17206.73196977396,2339304673,10000,0.4045,0.0312,1.014585908529048,0.5441285537700865,0.22010000000000002,0.40719550145098804,0.02843456108435348,1.075471685278305,0.5385934831565177,0.2193128434521525,26.26348219672218,52.187530940398574
b_5_overlapping_02,range,5,5,17750.49036140011,315822186,10000,0.3913,0.0302,1.0140557117301305,0.544176753479079,0.21293636363636362,0.3982805071116962,0.03223224723516572,0.9734614313635728,0.5478671426033116,0.21820480338588294,36.080002344213426,64.4958189507015
b_5_overlapping_02,verma_lewis,5,1,6277.548218911098,2720060045,10000,0.40130000000000005,0.0262,1.0097184151507599,0.5445710531681128,0.2185363636363637,0.4002189428173357,0.028905788391422157,0.9497834252923653,0.550019688609785,0.22012829830412833,0.03708030330017209,13.053959901910275
b_5_overlapping_02,verma_lewis,5,2,6439.911499535534,2360909044,10000,0.404,0.0342,0.9247524752475247,0.5522952295229523,0.22312727272727273,0.4092621793600391,0.034135309809397885,0.9565008450834451,0.5494090140833232,0.22485233046379127,0.07428613677620888,27.44377172878012
b_5_overlapping_02,verma_lewis,5,3,6468.307872113267,1236502148,10000,0.41159999999999997,0.0322,1.014334305150632,0.544151426804488,0.22397272727272724,0.40898060805834174,0.034116569802778225,0.9957156935156862,0.5458440278622103,0.2232396224201012,0.10625678999349475,39.18366719223559
b_5_overlapping_02,verma_lewis,5,4,6479.831645390693,2892000587,10000,0.4095999999999999,0.0279,1.087890625,0.5374644886363636,0.2201454545454545,0.4048124921858044,0.031616460500396286,1.02611565380304,0.5430803951088146,0.21984572820125056,0.1426391671411693,52.01570161804557
b_5_overlapping_02,verma_lewis,5,5,6616.624951099195,1233345657,10000,0.4074,0.0282,1.0810014727540502,0.5380907752041773,0.2192181818181818,0.40301001219758587,0.028714480267898905,1.0653036993465115,0.5395178455139535,0.21743109350139367,0.1765017630532384,64.63580172602087
b_6_disjoint_01,feasible,6,1,34.33137243569619,815842514,10000,0.45559999999999995,0.0017,8.70171202809482,0.24224184507327617,0.11036538461538462,0.45514027737156953,0.0019884821778218447,8.687313766167376,0.24279562437817784,0.11050606782408727,0.0006483113393187523,0.13429808104410768
b_6_disjoint_01,feasible,6,2,19.077071796286447,3828220673,10000,0.6988000000000001,0.0123,6.600601030337724,0.3230538065254721,0.22574999999999995,0.7056566393923772,0.011519616781376633,6.625678941629837,0.32208927147577554,0.22728443289393482,0.0007361592724919319,0.23122902866452932
b_6_disjoint_01,feasible,6,3,17.195483973399575,1811052932,10000,0.7428,0.0151,6.31515885837372,0.33403235160101075,0.2481192307692308,0.7477823843638282,0.016394321125255087,6.242101516861902,0.33684224935146534,0.2518847003745139,0.0011761668138206005,0.32268473505973816
b_6_disjoint_01,feasible,6,4,9.846581596628297,585884947,10000,0.8231999999999999,0.0948,1.7082118561710393,0.5112226209164985,0.42083846153846155,0.817179495948188,0.09528461376449494,1.815263894718488,0.5071052348185197,0.4143960001816854,0.0014510410837829113,0.4232977805659175
b_6_disjoint_01,feasible,6,5,5.98457178482463,2401358209,10000,0.8417999999999999,0.2081,-1.420171062009979,0.6315450408465376,0.5316346153846153,0.8390637764846058,0.20427261017209036,-1.377665049831054,0.6299101942242713,0.5285348264119686,0.0017007458955049515,0.525120944250375
b_6_disjoint_01,local,6,1,13.715154395741589,2503608515,10000,0.4206,0.1807,-4.363290537327627,0.7447419437433703,0.3132384615384615,0.4186321340914905,0.1759906292281071,-4.2576878814959604,0.7406803031344601,0.31007257598071114,0.0006515737622976303,0.13506564730778337
b_6_disjoint_01,local,6,2,8.2079882484065,1574870749,10000,0.6652,0.1987,-2.5272098616957304,0.6741234562190666,0.44842692307692306,0.668990121042861,0.199764082377773,-2.5133144543434263,0.6735890174747472,0.450624398333573,0.0008736499585211277,0.2310004336759448
b_6_disjoint_01,local,6,3,7.0801700405787535,1056006843,10000,0.7077,0.214,-2.4052564646036454,0.669432940946294,0.47375769230769227,0.7021073535619904,0.2104817329770131,-2.337911911800614,0.6668427658384851,0.46819520956481686,0.0011845468543469906,0.3248854670673609
b_6_disjoint_01,local,6,4,6.8917923704115465,2893522845,10000,0.7011000000000001,0.2121,-2.5074882327770642,0.6733649320298871,0.4720961538461539,0.6986729024627156,0.21164982550768205,-2.5286022146262113,0.6741770082548543,0.47102920713104923,0.0015025208704173565,0.428720616735518
b_6_disjoint_01,local,6,5,6.229326734645321,155149279,10000,0.7513000000000001,0.2193,-2.3696259816318377,0.6680625377550707,0.5019153846153847,0.7506359866442721,0.22822735567168514,-2.4965371190520935,0.6729437353481574,0.5051357847391461,0.001831265166401863,0.5351238502189517
b_6_disjoint_01,maximum,6,1,12.442453557525344,319149811,10000,0.2808,0.0457,3.6207264957264957,0.4376643655489809,0.12289615384615384,0.26911793120899213,0.04364146218527227,3.6001328187914785,0.43845643004648155,0.1179964873793893,0.0005977130495011806,0.13559224735945463
b_6_disjoint_01,maximum,6,2,11.401573456175752,1895806079,10000,0.2699,0.053,2.2041496850685443,0.49214808903582524,0.13283076923076922,0.26491067819074293,0.05197800691389081,2.0150230801582985,0.4994221892246808,0.13230227085101573,0.0009622001089155674,0.22992983926087618
b_6_disjoint_01,maximum,6,3,9.738675490448632,4198230906,10000,0.1871,0.0124,1.3645109567076426,0.5244418862804753,0.09812307692307692,0.1895995064783352,0.011033583932402807,1.4320180295660887,0.5218454604013043,0.09894164175004691,0.0011781617067754269,0.3242493490688503
b_6_disjoint_01,maximum,6,4,7.845275072556607,1849770117,10000,0.2477,0.0633,-1.3653613241824785,0.6294369740070185,0.1559115384615385,0.25008363884647433,0.06382799073813952,-1.3749978769976128,0.6298076106537542,0.1575045790454944,0.0014564408920705318,0.42752016009762883
b_6_disjoint_01,maximum,6,5,5.6341710354068635,2009443840,10000,0.4592,0.1785,-3.5156794425087106,0.7121415170195657,0.3270153846153846,0.4721035593377174,0.18401106330068093,-3.558630768881515,0.7137934911108275,0.336984447785517,0.0017978819087147713,0.5356783191673458
b_6_disjoint_01,range,6,1,43.09549150163361,774965930,10000,0.4504,0.1736,-3.712921847246892,0.7197277633556497,0.32416538461538463,0.4492127276807288,0.17250562560693655,-3.6950770478841632,0.7190414249186217,0.32300255980313197,1.522896382957697,0.13145703030750155
b_6_disjoint_01,range,6,2,24.562785689628253,602763683,10000,0.6978,0.2001,-2.228002292920608,0.6626154728046387,0.4623730769230769,0.6828563678669318,0.1912189150709934,-2.1185149129344563,0.6584044197282484,0.44959565064316653,2.477940599899739,0.2220796043984592
b_6_disjoint_01,range,6,3,19.708864613994812,1382843087,10000,0.7212000000000001,0.2394,-3.082917359955629,0.695496821536755,0.5015923076923077,0.7135302972692429,0.23768505761136807,-3.068304626430827,0.6949347933242626,0.49585702966340095,3.322931607719511,0.31517034815624356
b_6_disjoint_01,range,6,4,10.381453079862803,2508429206,10000,0.8943000000000001,0.2183,-0.8931007491893099,0.6112731057380504,0.5466615384615385,0.8909977535425522,0.21790710919254,-0.8610939766361205,0.6100420760244661,0.5435461193042341,4.5817141509614885,0.4236534438095987
b_6_disjoint_01,range,6,5,8.297468522528913,2436623325,10000,0.9052000000000001,0.1801,-0.18040212107821477,0.5838616200414698,0.5285115384615385,0.903384390302992,0.17820109640062354,-0.09976741103449203,0.5807602850397882,0.5246497760128609,5.599431833717972,0.5303122019395232
b_6_disjoint_01,verma_lewis,6,1,12.59919677304278,1431370242,10000,0.3675,0.1631,-4.547755102040816,0.7518367346938776,0.2763,0.36510661133872724,0.1620649590433915,-4.572010190884014,0.7527696227263083,0.2748411660723346,0.0006503160111606121,0.13370199874043465
b_6_disjoint_01,verma_lewis,6,2,9.564839746974998,3518878778,10000,0.5401,0.1809,-3.3184595445287908,0.7045561363280305,0.3805307692307693,0.5341802660824009,0.17995174785188361,-3.27801991933441,0.7030007661282466,0.3755291363065184,0.0008774623274803162,0.23018578719347715
b_6_disjoint_01,verma_lewis,6,3,5.475669179748855,1695913394,10000,0.6738999999999999,0.1871,-1.9357471434930997,0.65137489013435,0.43896153846153846,0.678968163142979,0.1841290196901321,-1.9213538192855997,0.6508213007417538,0.44188694309895293,0.0011926130391657352,0.3262256095185876
b_6_disjoint_01,verma_lewis,6,4,4.306172421820197,4083311412,10000,0.7104,0.2518,-3.295045045045045,0.7036555786555786,0.49987692307692305,0.7014827105998409,0.24055674983294628,-3.1667466758760496,0.6987210259952327,0.4901407192682377,0.0014734040014445782,0.42500921757891774
b_6_disjoint_01,verma_lewis,6,5,4.14120262542461,3787664880,10000,0.7037,0.2463,-3.1868694045758135,0.6994949770990697,0.4922346153846153,0.7100241114932931,0.2459392734765691,-3.161168586942928,0.6985064841131895,0.49595644575477144,0.001786189153790474,0.5263513950631022
b_6_disjoint_02,feasible,6,1,149.4376783390211,3484971203,10000,0.7333000000000001,0.0182,-12.227055775262512,0.3161567950058336,0.2318377777777778,0.7448302492615155,0.017964936480030436,-12.26070623279648,0.3169045829510329,0.23604011951153447,0.0013807211071252823,0.42015503998845816
b_6_disjoint_02,feasible,6,2,113.8526652737598,2536396179,10000,0.7683000000000001,0.0173,-12.2994923857868,0.3177664974619289,0.24414000000000002,0.7531310870956892,0.016476034318410198,-12.12358022523697,0.31385733833859936,0.23637571841590888,0.0021507390774786472,0.8234094851650298
b_6_disjoint_02,feasible,6,3,147.02797793806093,2859036205,10000,0.7437,0.0344,-12.460938550490788,0.32135419001090637,0.23899111111111107,0.7445101330643076,0.03267636791120715,-12.27529572900686,0.31722879397793025,0.23618005161633865,0.0035488661378622055,1.1455185362137854
b_6_disjoint_02,feasible,6,4,137.15944373615625,958477010,10000,0.7487999999999999,0.0189,-12.572115384615385,0.32382478632478634,0.24247999999999997,0.7477730732812274,0.021763905682000952,-12.695049084560633,0.3265566463235696,0.2441902670217865,0.004036811180412769,1.4844493819400668
b_6_disjoint_02,feasible,6,5,158.67199550972433,3245756040,10000,0.7287,0.0277,-12.39687114038699,0.31993046978637757,0.23313333333333333,0.7382992737894392,0.029267057685735412,-12.578355176764957,0.3239634483725546,0.23918197866777952,0.0054030283354222775,1.943883971311152
b_6_disjoint_02,local,6,1,57.703221486753996,3989947357,10000,0.7488,0.0134,-12.811965811965813,0.3291547958214625,0.24647111111111114,0.7512116795125889,0.014294989267044268,-12.826569444791955,0.3294793209953768,0.24750871408960443,0.001474935095757246,0.4379034056328237
b_6_disjoint_02,local,6,2,43.26191716465782,3534017668,10000,0.7562,0.0124,-12.771092303623378,0.32824649563607505,0.24821999999999994,0.752058873602473,0.009990734482494547,-12.853359866419531,0.3300746636982118,0.24823557978559227,0.0024017919786274433,0.8063755645416677
b_6_disjoint_02,local,6,3,45.41204307938486,3595659467,10000,0.7497,0.0116,-13.002000800320127,0.3333777955626695,0.24993333333333334,0.7509793257942795,0.012240870723841736,-12.975335407266883,0.3327852312725974,0.24991482861538858,0.003464643843472004,1.174655333161354
b_6_disjoint_02,local,6,4,35.7314189905886,3588834268,10000,0.7718,0.0078,-12.914744752526559,0.331438772278368,0.25580444444444445,0.7675886286299133,0.008362869670074042,-12.891932872558716,0.3309318416124159,0.254019518473246,0.0044036791659891605,1.5597559958696365
b_6_disjoint_02,local,6,5,33.43321977993062,2318175675,10000,0.7535000000000001,0.0067,-12.864764432647643,0.33032809850328093,0.2489022222222222,0.7533308559500436,0.007344413531094999,-12.903498934159405,0.33118886520354235,0.24949479130490815,0.005237425211817026,1.9957941276952624
b_6_disjoint_02,maximum,6,1,10.536507574590741,154014710,10000,0.7386,0.0137,-12.665448145139454,0.3258988476697656,0.2407088888888889,0.7379122050820882,0.012564849233622475,-12.819909317535883,0.3293313181674641,0.2430175991915442,0.0014084558933973312,0.4392559193074703
b_6_disjoint_02,maximum,6,2,4.691448460328212,1862679868,10000,0.7487999999999999,0.0195,-12.970085470085472,0.33266856600189937,0.24910222222222222,0.7464000655359333,0.02060954354346045,-13.024478137969053,0.33387729195486787,0.24920603259607332,0.0024359659291803837,0.8148433160968125
b_6_disjoint_02,maximum,6,3,2.7554468190120307,2156146551,10000,0.7438,0.0176,-13.401855337456306,0.34226345194347346,0.25457555555555555,0.7442690807225365,0.016212906661789237,-13.258969230700442,0.3390882051266765,0.2523728667134864,0.0035714530386030674,1.1687523387372494
b_6_disjoint_02,maximum,6,4,1.771828935773058,2843921276,10000,0.7401,0.0141,-13.717875962707742,0.3492861325046165,0.25850666666666666,0.7385521533823255,0.014468982738882218,-13.728502276906154,0.34952227282013676,0.2581404272463967,0.004321706015616655,1.5658774226903915
b_6_disjoint_02,maximum,6,5,1.245911726521053,3141674555,10000,0.7329,0.012,-13.712784827398009,0.3491729961644002,0.2559088888888889,0.7360886148274399,0.014831984752843978,-13.852219632411733,0.3522715473869274,0.25930307535916225,0.005585985723882914,1.898357184138149
b_6_disjoint_02,range,6,1,203.34544487739262,3119785848,10000,0.8360999999999998,0.0342,-13.609735677550534,0.3468830150566785,0.29002888888888884,0.8361289053918481,0.03590695177662338,-13.566541085382747,0.3459231352307277,0.2892363324101846,2.8526383750140667,0.4189042141661048
b_6_disjoint_02,range,6,2,247.6164565431989,114707922,10000,0.8110999999999999,0.0289,-13.363333744297867,0.3414074165399526,0.2769155555555555,0.8083810500901318,0.030053310110057574,-13.391152724596337,0.34202561610214083,0.2764870267023729,4.2704174551181495,0.7646797415800393
b_6_disjoint_02,range,6,3,217.09142549254574,1798878641,10000,0.792,0.0258,-12.576262626262626,0.3239169472502806,0.2565422222222222,0.7884540033719504,0.02516093880093301,-12.587484479121171,0.3241663217582482,0.2555902341486506,6.46135925129056,1.1326093068346381
b_6_disjoint_02,range,6,4,176.677513654598,1281587021,10000,0.7101999999999999,0.0311,-13.270909602928754,0.33935354673175006,0.24100888888888888,0.710021988414631,0.032229708603855135,-13.301273800286578,0.3400283066730351,0.24142757442124832,8.092167166993022,1.4779112241230905
b_6_disjoint_02,range,6,5,222.05995909457332,4232804428,10000,0.8102,0.0241,-12.872500617131571,0.3305000137140349,0.2677711111111111,0.820236286656991,0.02405697299347993,-12.908240432493912,0.33129423183319806,0.2717395505097427,10.84212876809761,1.8090245248749852
b_6_disjoint_02,verma_lewis,6,1,59.873562189441415,3453042,10000,0.6567,0.0249,-14.967717374752551,0.37706038610561227,0.24761555555555556,0.6562711410502026,0.02446864619897438,-14.928494599316442,0.3761887688736988,0.24688183259901322,0.0013927780091762543,0.43274063104763627
b_6_disjoint_02,verma_lewis,6,2,53.88678974897489,3988388518,10000,0.6673,0.0184,-14.515510265248016,0.3670113392277337,0.24490666666666672,0.6702911715920236,0.018248038030451056,-14.383894494520623,0.36408654432268056,0.24404399635494076,0.0023211990483105183,0.8037844318896532
b_6_disjoint_02,verma_lewis,6,3,43.462286681388385,1979721822,10000,0.6545,0.0115,-14.791138273491216,0.3731364060775825,0.24421777777777776,0.655585966356313,0.011339237747498879,-14.778733763069926,0.3728607502904428,0.2444422752954999,0.0036183069460093975,1.1832316503860056
b_6_disjoint_02,verma_lewis,6,4,52.364341351584095,4141333100,10000,0.6485000000000001,0.0066,-13.487124132613722,0.3441583140580827,0.22318666666666667,0.6537954488842088,0.006484328936123658,-13.553948586224756,0.3456433019161057,0.22598001773006043,0.004520312882959843,1.5559929073788226
b_6_disjoint_02,verma_lewis,6,5,33.49522725820009,3353462112,10000,0.6426999999999999,0.0143,-14.441263419947099,0.36536140933215777,0.23481777777777776,0.6466285863312469,0.012075673449273856,-14.452814172241409,0.3656180927164758,0.23641911043038147,0.0054925247095525265,1.952495346777141
b_6_overlapping_01,feasible,6,1,8230.588566115142,217481672,10000,0.1672,0.0163,-5.751794258373207,0.4887179208351457,0.08171363636363635,0.16083410329540934,0.01635578201797447,-5.770770905328996,0.4895804956967726,0.07874124001631243,0.03432010905817151,12.23663647705689
b_6_overlapping_01,feasible,6,2,9569.8835274786,1868465543,10000,0.1603,0.0157,-5.865876481597007,0.49390347643622756,0.07917272727272728,0.15759386591574692,0.016395238433865526,-5.737499377523011,0.48806815352377325,0.0769165471441717,0.07069711107760668,25.82231546426192
b_6_overlapping_01,feasible,6,3,9503.922192131065,4132335065,10000,0.1512,0.0149,-5.669973544973544,0.4849987974987975,0.07333181818181818,0.15516427821233877,0.015012670823586968,-5.601380880363377,0.4818809491074262,0.07477070965253053,0.10290585225448012,36.800673405174166
b_6_overlapping_01,feasible,6,4,9555.519563545817,139075059,10000,0.1536,0.013,-5.600911458333334,0.48185961174242425,0.07401363636363636,0.1521106129164513,0.01483041805415472,-5.659477970059563,0.48452172591179826,0.07370089669978046,0.13328531105071306,48.715443544555455
b_6_overlapping_01,feasible,6,5,9575.891037602725,1364730834,10000,0.1638,0.0166,-5.804029304029305,0.49109224109224114,0.0804409090909091,0.16355999719562728,0.01708704922456616,-5.836271359703319,0.49255778907742354,0.08056275060018776,0.16910018399357796,61.15548986103386
b_6_overlapping_01,local,6,1,8258.265797394479,1323671185,10000,0.1769,0.0257,-6.811192764273601,0.5368723983760728,0.09497272727272728,0.17251577093579717,0.024654540766676884,-7.036216189876978,0.547100735903499,0.09438350523393409,0.03657804103568196,12.841739452444017
b_6_overlapping_01,local,6,2,8100.328565932333,364943915,10000,0.1492,0.0098,-4.689008042895443,0.44040945649524743,0.06570909090909091,0.14768752259293674,0.010490013040095569,-4.948532797717729,0.45220603625989675,0.06678518919679588,0.07348000211641192,27.01328088948503
b_6_overlapping_01,local,6,3,7917.751224648337,3262802759,10000,0.1657,0.0121,-5.521424260712131,0.47824655730509685,0.07924545454545454,0.15672512190205434,0.01006088318619612,-5.436530964646154,0.47438777112027974,0.0743484812576697,0.10613421723246574,38.61384220700711
b_6_overlapping_01,local,6,4,7322.510414209009,1068676697,10000,0.1995,0.0079,-3.6406015037593993,0.3927546138072454,0.07835454545454547,0.1918645080669576,0.007580612368956396,-3.6464056679663273,0.3930184394530149,0.07540628954689606,0.14187830034643412,51.18414311669767
b_6_overlapping_01,local,6,5,8234.37459336682,3930363236,10000,0.179,0.0228,-6.668715083798884,0.5303961401726766,0.0949409090909091,0.17341799253333168,0.02243800386837309,-6.7061916404835165,0.5320996200219781,0.09227564793196001,0.1757872812449932,63.68774972110987
b_6_overlapping_01,maximum,6,1,1965.382312448442,1876073581,10000,0.1832,0.0116,-4.686681222707423,0.4403036919412466,0.08066363636363637,0.17785296536776635,0.011403825749618377,-4.697265983074474,0.44078481741247605,0.07839488686589832,0.03686477383598685,12.867179044988006
b_6_overlapping_01,maximum,6,2,1524.1667112099167,3171528566,10000,0.14150000000000001,0.0177,-4.94416961130742,0.4520077096048827,0.06395909090909091,0.1396106787955955,0.016227351347082968,-4.847014110302624,0.44759155046830107,0.06248856018405255,0.0733448201790452,26.998969026375562
b_6_overlapping_01,maximum,6,3,1823.7272021398626,222272151,10000,0.1623,0.0216,-6.818853974121996,0.5372206351873635,0.0871909090909091,0.16102373614340423,0.019226562226423667,-6.667171759174619,0.5303259890533917,0.08539507213132322,0.10747156711295247,38.604376572649926
b_6_overlapping_01,maximum,6,4,2281.597731367071,346045961,10000,0.182,0.0224,-6.502747252747252,0.5228521478521478,0.0951590909090909,0.17627100448688535,0.020996479440637303,-6.480691430165045,0.5218496104620475,0.09198695502723495,0.14217413077130914,51.45764072937891
b_6_overlapping_01,maximum,6,5,2347.6314295421053,683153406,10000,0.14450000000000002,0.0131,-5.469896193771627,0.47590437244416484,0.06876818181818183,0.14861606814807332,0.013294382490038269,-5.271743560305294,0.46689743455933147,0.06938846095263021,0.175154076423496,63.32904497999698
b_6_overlapping_01,range,6,1,23351.130426444415,2454594294,10000,0.17919999999999997,0.0229,-6.530691964285716,0.524122362012987,0.09392272727272725,0.17858922991970802,0.02233033379109375,-6.424789370002707,0.5193086077273957,0.09274292434471133,6.1796223390847445,12.098304545972496
b_6_overlapping_01,range,6,2,22761.186514656238,2482788,10000,0.1565,0.0253,-7.318849840255591,0.5599477200116177,0.08763181818181817,0.16222899871602608,0.022761092923645997,-7.007196594028336,0.5457816633649244,0.0885416127652589,10.726292497012764,26.491381634026766
b_6_overlapping_01,range,6,3,22631.91158372112,757044199,10000,0.1509,0.013,-5.442677269715042,0.474667148623411,0.07162727272727272,0.14912529452657206,0.013187862908948895,-5.53409196742039,0.4788223621554723,0.07140452578234376,16.81197164300829,37.20283162267879
b_6_overlapping_01,range,6,4,22980.664624582023,3120865422,10000,0.16379999999999997,0.0146,-5.7606837606837615,0.4891219891219892,0.08011818181818181,0.1658784195686294,0.017243281023694226,-5.8466607442999035,0.4930300338318138,0.08178304281188915,23.899231520015746,48.657931960653514
b_6_overlapping_01,range,6,5,23151.12199169426,3716997601,10000,0.1543,0.0108,-5.511989630589761,0.47781771048135274,0.07372727272727272,0.15723623588857544,0.012933905123862147,-5.579093157117485,0.4808678707780674,0.07560985396089721,31.871838972903788,60.8589400164783
b_6_overlapping_01,verma_lewis,6,1,5394.527614530132,1027313095,10000,0.1498,0.0181,-6.57543391188251,0.5261560869037504,0.0788181818181818,0.1476291133190743,0.017004657801995043,-6.364005784404192,0.5165457174729178,0.07625718625929191,0.035457059275358915,12.550553581211716
b_6_overlapping_01,verma_lewis,6,2,7298.701493578195,940754636,10000,0.1576,0.0094,-4.677030456852793,0.4398650207660361,0.06932272727272729,0.1610616920924738,0.010571620904776398,-4.6956858877504635,0.4407129948977484,0.07098198068537313,0.07242424879223108,26.028833150397986
b_6_overlapping_01,verma_lewis,6,3,7382.821047259095,329668710,10000,0.165,0.0209,-6.368484848484848,0.5167493112947658,0.08526363636363635,0.16644434338709876,0.020214898104708605,-6.380256982239152,0.5172844082835979,0.08609906368114736,0.10536931920796633,37.461173634044826
b_6_overlapping_01,verma_lewis,6,4,6062.003460649836,875362380,10000,0.1682,0.005,-3.7948870392390015,0.39976759269268186,0.06724090909090909,0.16861525721919907,0.005600964664434572,-3.652209802735273,0.39328226376069425,0.06631339006375835,0.13656457979232073,49.353756869677454
b_6_overlapping_01,verma_lewis,6,5,7195.365013500942,3614968620,10000,0.14289999999999997,0.0127,-5.206438068579427,0.46392900311724666,0.06629545454545453,0.14283530700083621,0.011507577552150625,-5.073807821213565,0.4579003555097075,0.06540433785502112,0.1695172800682485,62.95985794113949
b_6_overlapping_02,feasible,6,1,38.26461871996214,3380591847,10000,0.4975,0.1013,-2.6375879396984923,0.7233733886825431,0.3598782608695652,0.4939543423859255,0.10336320079399011,-2.707670227649468,0.7264204446804117,0.3588185330478043,0.0009579630568623543,0.23543851263821125
b_6_overlapping_02,feasible,6,2,30.76819847597638,1247565207,10000,0.6156999999999999,0.1306,-2.4997563748578857,0.7173807119503428,0.441691304347826,0.6146921489892561,0.12320058438585596,-2.3996051749868474,0.7130263119559498,0.43829167598208646,0.0014698263257741928,0.42392063327133656
b_6_overlapping_02,feasible,6,3,25.375693530579667,4153254029,10000,0.6753,0.1966,-3.7121279431363834,0.7700925192667993,0.5200434782608696,0.6781746765642506,0.19410955473958605,-3.722698736712368,0.7705521189874942,0.5225689340702419,0.0023217368870973587,0.6153213740326464
b_6_overlapping_02,feasible,6,4,19.57621865106505,4191000679,10000,0.7110000000000001,0.1919,-3.5872011251758082,0.7646609184859048,0.5436739130434783,0.7185128717327697,0.19676330276869017,-3.6024390907427737,0.7653234387279467,0.5498947417648153,0.0026045572012662888,0.8260796163231134
b_6_overlapping_02,feasible,6,5,17.19147927005266,3531204762,10000,0.7084999999999999,0.1571,-2.9486238532110094,0.7368966892700439,0.522091304347826,0.7119224468980243,0.1546845058345935,-2.944414828976954,0.7367136882163893,0.52448301157828,0.003293984103947878,1.0242895018309355
b_6_overlapping_02,local,6,1,38.41297351504031,1068462348,10000,0.38370000000000004,0.0396,1.3445400052124055,0.5502373910777215,0.21112608695652177,0.3982787697584783,0.038187600739736455,1.5225741259701695,0.5424967771317317,0.2160649489939655,0.0009538130834698677,0.23406904051080346
b_6_overlapping_02,local,6,2,34.1926595480761,2472185912,10000,0.42890000000000006,0.0242,-0.2872464443926323,0.621184628017071,0.26642608695652176,0.4187632384447859,0.02561295122067554,-0.3048584266435494,0.6219503663758065,0.2604499495754538,0.0015891543589532375,0.42668094858527184
b_6_overlapping_02,local,6,3,28.717504354126877,752364420,10000,0.5471,0.0637,1.0336318771705355,0.5637551357751941,0.30843043478260873,0.5445202393200954,0.061476210796686144,1.0850769457203189,0.561518393664334,0.3057581301007387,0.002027403097599745,0.6176422392018139
b_6_overlapping_02,local,6,4,23.16742353529077,3527535606,10000,0.5957,0.0512,1.178277656538526,0.5574661888461511,0.3320826086956522,0.5949660097167573,0.053253055203768274,1.0777542845204258,0.5618367702382424,0.33427378130079766,0.002599285915493965,0.8052403563633561
b_6_overlapping_02,local,6,5,21.86535588587988,2892388133,10000,0.6194,0.0414,1.1186632224733615,0.5600581207620278,0.3469,0.616929323179491,0.04384367304643894,1.093318147152133,0.5611600805586029,0.3461961086943675,0.0028786687180399895,0.9958824459463358
b_6_overlapping_02,maximum,6,1,12.579654536627292,2069564790,10000,0.5243,0.0225,1.7413694449742512,0.5329839371750326,0.27944347826086957,0.5277519908177327,0.024088234386127623,1.6476568373209006,0.5370583983773521,0.28343363892903056,0.000982177909463644,0.2253653476946056
b_6_overlapping_02,maximum,6,2,7.770192536868312,4157857752,10000,0.5746,0.0511,0.011312217194570073,0.6082038166437144,0.3494739130434783,0.5793749494876714,0.05140575860709277,-0.001965197134171931,0.6087810955275728,0.35271251647033675,0.0015354030765593052,0.41760605201125145
b_6_overlapping_02,maximum,6,3,7.34087522064375,561484968,10000,0.5839,0.0614,-0.4064052063709539,0.6263654437552588,0.36573478260869563,0.5826005129174109,0.05846651187877082,-0.3321983795225672,0.6231390599792421,0.3630411359627797,0.001743508968502283,0.5864491146057844
b_6_overlapping_02,maximum,6,4,7.258786798904604,613508080,10000,0.5861,0.0679,-0.5787408292100323,0.6338582969221753,0.37150434782608693,0.5855143364482949,0.06121827404750024,-0.4795205053055749,0.6295443697958946,0.3686072539458032,0.0026490306481719017,0.7775259385816753
b_6_overlapping_02,maximum,6,5,7.255594107477612,1403866450,10000,0.5926,0.0597,-0.4893688828889639,0.6299725601256071,0.37332173913043476,0.5895222508505888,0.06286235947556466,-0.4833827660097379,0.6297122941743364,0.37122940904994295,0.00272073270753026,0.988859289791435
b_6_overlapping_02,range,6,1,74.14732607129899,34019814,10000,0.5051,0.0984,-2.4492179766382898,0.7151833902886213,0.3612391304347826,0.5060065915503104,0.098586391988094,-2.4465957071502147,0.7150693785717486,0.361829818973089,2.153168076183647,0.22347081452608109
b_6_overlapping_02,range,6,2,67.32319454306251,4218940020,10000,0.5091,0.0851,-2.048516990768022,0.6977616082942618,0.3552304347826087,0.5099563136300054,0.08252237872395252,-1.9860235378506659,0.6950445016456811,0.35444233186803575,3.1375247058458626,0.4413899299688637
b_6_overlapping_02,range,6,3,59.321015422919714,189118531,10000,0.5479999999999999,0.0942,-2.243065693430658,0.7062202475404634,0.3870086956521739,0.5433819787490679,0.08996443626953608,-2.217645174002707,0.7051150075653352,0.3831467880565158,4.6711319191381335,0.6367574678733945
b_6_overlapping_02,range,6,4,52.540654294056125,2972273182,10000,0.5236,0.0601,-1.4092818945760124,0.669968778025044,0.350795652173913,0.5200040787466067,0.06478740439360452,-1.5367675080631142,0.6755116307853528,0.3512688032491553,6.216821935027838,0.837850883603096
b_6_overlapping_02,range,6,5,50.807412630279366,3595707275,10000,0.5326,0.1026,-2.616785580172738,0.7224689382683799,0.3847869565217391,0.5374651592304931,0.10593021214213215,-2.6514022472590075,0.7239740107503916,0.3891108069666979,8.079951056279242,1.0388858579099178
b_6_overlapping_02,verma_lewis,6,1,22.435223243824947,2037634245,10000,0.49319999999999997,0.024,1.2469586374695865,0.5544800592404527,0.2734695652173913,0.4952485948617198,0.02354262329197215,1.3879518112557523,0.5483499212497499,0.2715695279914733,0.0009877057746052742,0.23436190839856863
b_6_overlapping_02,verma_lewis,6,2,15.371927365175157,122480245,10000,0.6683,0.0472,0.9920694298967528,0.5655621987001411,0.37796521739130434,0.6711453502322038,0.04516765339631817,1.021501997518481,0.5642825218470225,0.3787155907549311,0.0013729673810303211,0.4225952699780464
b_6_overlapping_02,verma_lewis,6,3,12.598287891772546,608648814,10000,0.7290000000000001,0.077,0.008779149519890426,0.6083139500208743,0.4434608695652174,0.7377080937175969,0.07578993655434031,-0.009762608218526354,0.6091201134008055,0.4493528377019547,0.002082846127450466,0.6140293022617698
b_6_overlapping_02,verma_lewis,6,4,11.405560108864965,3870979,10000,0.7372000000000001,0.0959,-0.7337221920781335,0.6405966170468753,0.47224782608695653,0.728395889182859,0.09577774990319601,-0.7737003243470344,0.6423347967107407,0.46787402540321094,0.0026150583289563656,0.8286885134875774
b_6_overlapping_02,verma_lewis,6,5,10.718660423521456,3162734760,10000,0.7495,0.1109,-0.9352901934623081,0.6493604431940134,0.4866956521739131,0.7410037193375254,0.10976467916625912,-0.9123742571995059,0.648364098139109,0.4804402082060001,0.0033865771256387234,1.040638415608555
b_7_disjoint_01,feasible,7,1,1819.7619425020591,71854336,10000,0.15729999999999997,0.0091,-13.328035600762876,0.5510782923370336,0.08668461538461537,0.16091587203097235,0.010112018332311882,-13.32087514344223,0.5508028901323935,0.08863292738283395,0.004778573289513588,1.660764068365097
b_7_disjoint_01,feasible,7,2,2131.042242772574,1708594645,10000,0.1403,0.0087,-14.521026372059872,0.5969625527715335,0.08375384615384616,0.1424868334568969,0.008820567151621007,-14.400550139516763,0.5923288515198755,0.0843990624182275,0.008645291905850172,3.24321347521618
b_7_disjoint_01,feasible,7,3,2196.10889012401,2875217533,10000,0.17090000000000002,0.011,-13.54944411936805,0.5595940045910789,0.0956346153846154,0.17329076611504726,0.011819948454287361,-13.471988325166368,0.5566149355833219,0.09645622861831153,0.012924814131110907,4.965670807752758
b_7_disjoint_01,feasible,7,4,2306.029949634472,2754941438,10000,0.1915,0.0111,-12.033942558746736,0.5013054830287206,0.09599999999999999,0.20182320451370242,0.012631879408807792,-12.253956986383058,0.5097675763993483,0.1028829258261001,0.016828670166432858,6.698873532004654
b_7_disjoint_01,feasible,7,5,2244.243020020639,2191855934,10000,0.14730000000000001,0.0059,-12.326544467073997,0.5125594025797692,0.07550000000000001,0.15102692823521183,0.007831132668346669,-12.62770058016742,0.5241423300064393,0.07915960605891922,0.02098832605406642,8.349974343553185
b_7_disjoint_01,local,7,1,1405.3484920922008,2886331180,10000,0.1253,0.0074,-12.957701516360736,0.5368346737061821,0.06726538461538462,0.12191372471975367,0.00658740472816291,-13.091205499429503,0.5419694422857501,0.06607351339334336,0.004809571895748377,1.647738158237189
b_7_disjoint_01,local,7,2,1495.7367482996826,69639002,10000,0.1401,0.0054,-12.274089935760172,0.5105419206061604,0.07152692307692309,0.14282395816882035,0.0060951025697797605,-12.493558842711387,0.5189830324119764,0.07412321091153565,0.008759340737015009,3.280833984259516
b_7_disjoint_01,local,7,3,1514.3741620860028,848723302,10000,0.17740000000000003,0.0073,-12.137542277339342,0.5052900875899747,0.08963846153846153,0.17518539765144214,0.008097523067898318,-12.21850648035368,0.5084040953982185,0.08906497361995863,0.012816761154681444,4.849537562113255
b_7_disjoint_01,local,7,4,1555.590982965307,3770841269,10000,0.1511,0.0082,-13.236267372600924,0.5475487451000356,0.08273461538461538,0.1580884683863294,0.0104623948871198,-13.355429420219894,0.5521319007776883,0.08728568654117753,0.017057265155017376,6.627389907371253
b_7_disjoint_01,local,7,5,1530.1127077034566,1799083686,10000,0.1432,0.012,-13.875,0.5721153846153846,0.08192692307692306,0.14810456301918976,0.012189476705595467,-13.826474207325855,0.5702490079740714,0.0844564801381263,0.02081711497157812,8.315397356171161
b_7_disjoint_01,maximum,7,1,449.84291626084246,852859055,10000,0.14939999999999998,0.0036,-12.192101740294515,0.507388528472866,0.07580384615384617,0.15602451559616232,0.0029113251637311126,-12.077587776606473,0.5029841452540951,0.07847785761581993,0.004634676035493612,1.6385667277500033
b_7_disjoint_01,maximum,7,2,458.8751903856538,527489079,10000,0.1569,0.007,-12.192479286169533,0.5074030494680589,0.07961153846153846,0.15197411581205275,0.007721259213182813,-12.249123610950969,0.5095816773442681,0.0774432248484179,0.008700194302946329,3.2613345575518906
b_7_disjoint_01,maximum,7,3,441.7824836663955,112913015,10000,0.16169999999999998,0.0079,-12.15769944341373,0.5060653632082204,0.08183076923076922,0.16286790140616356,0.007692666675819188,-12.265810990525209,0.510223499635585,0.08309903063375619,0.012593958992511034,4.9606511648744345
b_7_disjoint_01,maximum,7,4,393.43229050617856,1289228525,10000,0.15629999999999994,0.0091,-11.89507357645554,0.49596436832521307,0.07751923076923077,0.15316852586651108,0.007626879700999463,-11.805790023174152,0.49253038550669814,0.07544015309252537,0.01669779373332858,6.688638664316386
b_7_disjoint_01,maximum,7,5,457.1265178674483,1897660425,10000,0.1496,0.0041,-13.385026737967914,0.5532702591526121,0.08276923076923078,0.15297265406687216,0.00401426138616806,-13.227114831816285,0.5471967243006264,0.08370613521296534,0.020975785795599222,8.35695976531133
b_7_disjoint_01,range,7,1,5228.908057171047,3680859807,10000,0.065,0.0042,-12.85846153846154,0.53301775147929,0.03464615384615385,0.06601504733068836,0.004412772605036614,-13.085842241866686,0.5417631631487188,0.03576452085728611,4.460927321109921,1.6643320098519325
b_7_disjoint_01,range,7,2,5509.316618236729,123767806,10000,0.1936,0.0128,-13.129132231404961,0.5434281627463446,0.10520769230769232,0.19883092456726947,0.013457559118144866,-13.065008610685432,0.5409618696417474,0.10755994869650734,7.172172725666314,3.257264984305948
b_7_disjoint_01,range,7,3,5265.646889085661,2113412591,10000,0.20080000000000003,0.0074,-13.112549800796808,0.5427903769537233,0.10899230769230767,0.19821305927311358,0.008371509267313379,-13.018776557001388,0.5391837137308226,0.10687325340882506,11.24483804591,4.965974734164774
b_7_disjoint_01,range,7,4,5659.771196070569,117489764,10000,0.15699999999999997,0.0065,-12.127388535031848,0.5048995590396864,0.07926923076923076,0.15223977847007963,0.007205893402577709,-12.216304127686657,0.5083193895264099,0.07738643125354676,15.838247585110366,6.67626082431525
b_7_disjoint_01,range,7,5,5654.209191702814,1840446035,10000,0.1535,0.0062,-12.65211726384365,0.5250814332247558,0.0806,0.15396035996864862,0.005662618324294153,-12.766151472290831,0.5294673643188781,0.0815169860021861,18.933581748977304,8.195333369076252
b_7_disjoint_01,verma_lewis,7,1,1038.1327988001233,1754557020,10000,0.1908,0.0095,-13.24475890985325,0.5478753426866635,0.10453461538461539,0.18918443029549312,0.00921130648751137,-13.216460329042597,0.5467869357324076,0.10344357492955393,0.004735907074064016,1.633821724448353
b_7_disjoint_01,verma_lewis,7,2,1179.773096132839,1290065656,10000,0.1581,0.0066,-12.414294750158128,0.5159344134676203,0.08156923076923075,0.15336153237884542,0.00613194157159899,-12.113900331037936,0.5043807819629975,0.07735260962428561,0.009112461935728788,3.247199426870793
b_7_disjoint_01,verma_lewis,7,3,1189.9520661950824,1483676779,10000,0.1508,0.0118,-14.057029177718832,0.5791165068353397,0.08733076923076921,0.151309693130303,0.012568655245422304,-14.071511508689438,0.5796735195649784,0.08771022236113958,0.012861096300184727,4.968526077456772
b_7_disjoint_01,verma_lewis,7,4,1242.9115856615267,2888632179,10000,0.1658,0.0057,-11.647165259348611,0.48642943305186964,0.08064999999999999,0.1664305286017864,0.004367430877783847,-11.7812119487429,0.49158507495165,0.08181476387695188,0.017000106163322926,6.700255629140884
b_7_disjoint_01,verma_lewis,7,5,1247.7857926317988,1208336010,10000,0.1504,0.005,-12.513297872340424,0.519742225859247,0.07816923076923075,0.15345061152136844,0.004960701241864676,-12.779682511113135,0.5299877888889667,0.08132695030386985,0.021148009225726128,8.358597186859697
b_7_disjoint_02,feasible,7,1,709.1312300977261,196488193,10000,0.2139,0.0021,-4.214586255259467,0.4607293127629733,0.09854999999999998,0.2164957629764311,0.0027081443301068876,-4.082054922163183,0.4541027461081592,0.09831132048837851,0.0038054599426686764,1.2981818225234747
b_7_disjoint_02,feasible,7,2,705.1419215530943,480599563,10000,0.21900000000000003,0.005,-5.007762557077624,0.5003881278538811,0.10958499999999997,0.2134357846404489,0.005438162642646008,-4.912648353777382,0.49563241768886906,0.10578569396266647,0.00706005934625864,2.5420321472920477
b_7_disjoint_02,feasible,7,3,735.4155316904263,4098762351,10000,0.2527,0.0082,-4.915314602295213,0.49576573011476066,0.12528,0.25408263509146245,0.008199421564393114,-4.855375405603994,0.49276877028019966,0.12520398764357266,0.010233049746602774,3.8354458431713283
b_7_disjoint_02,feasible,7,4,802.0483114064864,2453332213,10000,0.25639999999999996,0.008,-4.548361934477381,0.47741809672386903,0.12241,0.2584458570248275,0.008407124109717456,-4.666137988377724,0.48330689941888616,0.12490866582632612,0.0133605538867414,5.181982814799994
b_7_disjoint_02,feasible,7,5,785.7492095413775,451609133,10000,0.22479999999999997,0.004,-4.885231316725979,0.4942615658362989,0.11110999999999997,0.22724196273549932,0.005245841939878831,-4.918670972089365,0.4959335486044683,0.11269691297126053,0.01637976011261344,6.487259602174163
b_7_disjoint_02,local,7,1,505.42550780220085,3322342907,10000,0.2597,0.0097,-5.679630342703118,0.5339815171351558,0.13867499999999996,0.27289112460112314,0.010520887161201812,-5.545409058654826,0.5272704529327413,0.14388742686975933,0.0036687832325696945,1.3011877513490617
b_7_disjoint_02,local,7,2,515.4047137202289,2635565439,10000,0.23929999999999998,0.0082,-5.412452987881321,0.520622649394066,0.12458499999999999,0.24711723448807502,0.009251560503116022,-5.342471993476679,0.5171235996738339,0.12779015383991624,0.0067271082662045956,2.5398973072879016
b_7_disjoint_02,local,7,3,432.2066998436103,2972169924,10000,0.217,0.0064,-4.867741935483871,0.4933870967741935,0.107065,0.2232664764963943,0.00645779961403093,-4.8076413931232835,0.49038206965616415,0.10948587682914117,0.009906481951475143,3.8452753592282534
b_7_disjoint_02,local,7,4,310.6060410969105,582041626,10000,0.26,0.0079,-4.881538461538461,0.4940769230769231,0.12846000000000002,0.26532267032835777,0.008729148345008977,-4.962143280074608,0.4981071640037304,0.13215912286315498,0.013280866667628288,5.212148318532854
b_7_disjoint_02,local,7,5,288.08210474069676,2851606182,10000,0.2757,0.0089,-4.728327892636924,0.48641639463184616,0.13410499999999997,0.27366251462317887,0.00926254329612654,-4.8201431932983825,0.4910071596649191,0.13437025401188643,0.01628476893529296,6.990515858866274
b_7_disjoint_02,maximum,7,1,86.9409491540007,2853750839,10000,0.30619999999999997,0.0139,-4.787393860222077,0.4893696930111039,0.149845,0.30431019859375624,0.015426438728359639,-4.94567471908399,0.49728373595419945,0.15132851244566747,0.0038924929685890675,1.3430092241615057
b_7_disjoint_02,maximum,7,2,66.21216377608201,3820523371,10000,0.2764,0.0041,-4.269175108538351,0.4634587554269176,0.12810000000000002,0.27124074266910475,0.004236777895666193,-4.300762584351853,0.46503812921759263,0.12613728753843093,0.0072126067243516445,2.6508393986150622
b_7_disjoint_02,maximum,7,3,67.11460985769281,1249005773,10000,0.25889999999999996,0.0047,-4.295867130166087,0.46479335650830433,0.12033499999999997,0.26207757404655596,0.004489419434512799,-4.36542554143263,0.4682712770716315,0.12272340029061583,0.010497888084501028,3.922346365172416
b_7_disjoint_02,maximum,7,4,63.54768525881375,1946104211,10000,0.2812,0.0034,-4.0675675675675675,0.4533783783783784,0.12749000000000002,0.2796948986456794,0.0035677819756176157,-4.0711538338391495,0.4535576916919575,0.12685777260775036,0.01377135282382369,5.278284769970924
b_7_disjoint_02,maximum,7,5,61.59060402117668,1789093602,10000,0.2649,0.0055,-4.53944884862212,0.47697244243110604,0.12635,0.2668633134079777,0.006138428137918993,-4.476447673215147,0.4738223836607574,0.12644581127057575,0.017032966017723083,6.861601758282632
b_7_disjoint_02,range,7,1,2033.589637233291,928833136,10000,0.24589999999999998,0.0108,-5.8332655551037,0.5416632777551851,0.133195,0.2494755898787097,0.011700444769473588,-5.993926895075878,0.5496963447537939,0.13713581986162332,3.55138419335708,1.301802576519549
b_7_disjoint_02,range,7,2,1865.494198139489,1912684840,10000,0.2742,0.0084,-5.1349380014587895,0.5067469000729394,0.13895,0.27432098208234856,0.008364635833922569,-5.215965263016495,0.5107982631508248,0.14012268119349217,5.451523810159415,2.5298800100572407
b_7_disjoint_02,range,7,3,1727.8478539421842,3100408060,10000,0.22350000000000003,0.0071,-5.202684563758389,0.5101342281879194,0.114015,0.22272390909915032,0.008036514535776173,-5.27210769017568,0.513605384508784,0.11439219897216855,7.9609157191589475,3.796995237469673
b_7_disjoint_02,range,7,4,2038.8070929860357,226433461,10000,0.24080000000000004,0.0075,-4.88579734219269,0.4942898671096345,0.119025,0.23888851107326292,0.007686134443881147,-4.955111741775161,0.49775558708875806,0.11890809107803127,10.975921521894634,5.153383139055222
b_7_disjoint_02,range,7,5,1970.4867815663492,3091329886,10000,0.2302,0.006,-5.192875760208515,0.5096437880104258,0.11732000000000001,0.2351730209838749,0.008170629584699707,-5.298594778114004,0.5149297389057003,0.12109758229289147,14.287342220079154,6.461762660648674
b_7_disjoint_02,verma_lewis,7,1,223.27459850911634,2856859041,10000,0.23219999999999996,0.0024,-5.099913867355729,0.5049956933677865,0.11726,0.2281724079867265,0.0025056468498366098,-5.076292249289361,0.503814612464468,0.1149565933049171,0.003905750345438719,1.290945677086711
b_7_disjoint_02,verma_lewis,7,2,198.84937595992324,131740973,10000,0.23149999999999998,0.0041,-4.830237580993521,0.4915118790496761,0.11378500000000001,0.2287981259039013,0.0039400171559747675,-4.920739558523289,0.49603697792616447,0.11349233092854129,0.006889862008392811,2.5205689324066043
b_7_disjoint_02,verma_lewis,7,3,211.20243371080596,82901688,10000,0.23509999999999998,0.0037,-5.091450446618461,0.5045725223309231,0.11862500000000001,0.23107170879096162,0.0029363693571820954,-5.074912653249457,0.5037456326624727,0.11640136413530162,0.010111565701663494,3.811355176847428
b_7_disjoint_02,verma_lewis,7,4,214.66874961111117,3906539783,10000,0.2682,0.0111,-5.185309470544369,0.5092654735272184,0.13658499999999998,0.2683932451699603,0.011424829911241625,-5.260234772059323,0.5130117386029662,0.1376888853339335,0.013312423136085272,5.180507416371256
b_7_disjoint_02,verma_lewis,7,5,268.28003330344535,3869835382,10000,0.30569999999999997,0.0055,-5.255479228001308,0.5127739614000654,0.15675499999999998,0.3025871230634151,0.005578430723925558,-5.319917215191099,0.515995860759555,0.15613370301986426,0.016316740307956934,6.533300441224128
b_7_overlapping_01,feasible,7,1,92.03506390637772,2456737550,10000,0.2561,0.0235,0.39554861382272555,0.4711113350379766,0.1206516129032258,0.25379322440310625,0.023041280289718878,0.5481251493567337,0.4661895113110731,0.11831573925854562,0.0007382412441074848,0.1764032426290214
b_7_overlapping_01,feasible,7,2,76.03331088624864,3551095316,10000,0.29500000000000004,0.0279,-2.417627118644068,0.5618589393110989,0.1657483870967742,0.2968955210543471,0.027228586272875128,-2.270452334709287,0.5571113656357835,0.1654038691857348,0.001200502272695303,0.3116238508373499
b_7_overlapping_01,feasible,7,3,69.01335597415078,877854374,10000,0.3235,0.0205,-2.260587326120556,0.556793139552276,0.18012258064516132,0.3185766766367164,0.02098959203382333,-2.29430039985135,0.557880658059721,0.1777277660045703,0.0015812129713594913,0.4624634440988302
b_7_overlapping_01,feasible,7,4,67.74103814215408,1143139587,10000,0.3037,0.014,-1.6144221270991108,0.5359491008741649,0.1627677419354839,0.3008563523838744,0.013399197104622831,-1.4775812291449846,0.5315348783595156,0.15991564466805025,0.0019321567378938198,0.6279756375588477
b_7_overlapping_01,feasible,7,5,61.888404444710005,1574210706,10000,0.323,0.0112,0.8931888544891646,0.45505842404873664,0.14698387096774193,0.32778067916837195,0.010460626184053927,0.8069452080602112,0.457840477159348,0.15007126255406258,0.002420246135443449,0.8025158131495118
b_7_overlapping_01,local,7,1,43.74367639659831,1737019597,10000,0.24879999999999997,0.0231,-1.9533762057877813,0.546883103412509,0.13606451612903223,0.2497484012660492,0.02250941630950596,-1.883958684942194,0.5446438285465224,0.13602392543891417,0.000778410118073225,0.18125799810513854
b_7_overlapping_01,local,7,2,38.75771917651297,602762216,10000,0.2696,0.0155,0.34050445103857585,0.472886953192304,0.12749032258064516,0.26474524753059947,0.014866293253376277,0.3164808931858339,0.4736619066714247,0.12539973872754204,0.00112148467451334,0.3256895188242197
b_7_overlapping_01,local,7,3,36.20778232844605,3750474011,10000,0.27580000000000005,0.020700000000000003,-2.967730239303843,0.5796042012678659,0.15985483870967745,0.27220323315408257,0.019809352602045513,-3.007438131195168,0.5808851010062958,0.15811880258494954,0.001673073973506689,0.4807137129828334
b_7_overlapping_01,local,7,4,35.24476956008422,2118652418,10000,0.2852,0.0194,-3.1728611500701267,0.5862213274216169,0.16719032258064515,0.2846931307485687,0.01959760106268115,-3.251839250458492,0.5887690080793062,0.16761849219782704,0.0020668129436671734,0.6510531115345657
b_7_overlapping_01,local,7,5,32.686103058912245,56699667,10000,0.2867,0.0304,-1.9508196721311475,0.5468006345848757,0.15676774193548387,0.2884792172908112,0.02843125215504684,-1.9242542334292743,0.5459436849493314,0.15749340691904437,0.0023748576641082764,0.7771045980043709
b_7_overlapping_01,maximum,7,1,9.428173408406119,2636978796,10000,0.253,0.026799999999999997,-2.348616600790514,0.5596327935738875,0.14158709677419354,0.2522275669370384,0.025628158583378906,-2.190866400665514,0.554544077440823,0.1398713034122434,0.0007932591252028942,0.1791122774593532
b_7_overlapping_01,maximum,7,2,8.919748231002272,1914853691,10000,0.25839999999999996,0.0174,-1.5042569659442728,0.5323953859982024,0.13757096774193547,0.2573273395294867,0.01539127163856904,-1.225980951362035,0.5234187403665173,0.13468995191839103,0.0011512083001434803,0.31925458973273635
b_7_overlapping_01,maximum,7,3,7.900335873374525,3945663667,10000,0.2888,0.0378,-1.524584487534626,0.5330511125011169,0.15394516129032257,0.2841593344474348,0.036396241003351315,-1.457698550151341,0.5308935016177853,0.15085834408217802,0.0014911601319909096,0.4646598515100777
b_7_overlapping_01,maximum,7,4,7.623781691146485,3772302788,10000,0.2675,0.0279,-1.1315887850467292,0.520373831775701,0.13920000000000002,0.26842218052107997,0.03045671605998987,-1.2290465381098161,0.523517630261607,0.14052374385604907,0.0019746208563447,0.6285194726660848
b_7_overlapping_01,maximum,7,5,7.457616665202381,1384522670,10000,0.31980000000000003,0.0417,-2.2010631644777985,0.5548730053057355,0.1774483870967742,0.3118029730252473,0.03761956905292195,-2.0536041297703482,0.5501162622506565,0.1715278860792913,0.0024523157626390457,0.7930389605462551
b_7_overlapping_01,range,7,1,128.05011531622634,755304189,10000,0.3027,0.024999999999999998,-1.7063098777667656,0.5389132218634441,0.16312903225806455,0.3035061203441961,0.025591198300982367,-1.8144861483039292,0.5424027789775461,0.1646225631113855,2.0624453821219504,0.17192151071503758
b_7_overlapping_01,range,7,2,118.1197507451294,3729737759,10000,0.3157,0.038,-2.985112448527083,0.580164917694422,0.183158064516129,0.3201774540588105,0.041194498268838295,-3.2272142703842297,0.5879746538833622,0.1882562277314852,2.9570714836008847,0.30381010519340634
b_7_overlapping_01,range,7,3,110.77103075796676,2780319824,10000,0.3479,0.0383,-2.396378269617706,0.5611734925683131,0.1952322580645161,0.34581548805529927,0.0401825753218913,-2.492130644390303,0.5642622788513001,0.19513063535215772,4.480683140922338,0.44885180704295635
b_7_overlapping_01,range,7,4,108.42658922305812,2596777975,10000,0.3571,0.0401,-2.252870344441333,0.5565442046593979,0.19874193548387098,0.36049078099174736,0.042083092141732156,-2.456176380976317,0.5631024639024618,0.20299324699057567,5.679681566078216,0.610626766923815
b_7_overlapping_01,range,7,5,108.01392558693645,805905930,10000,0.35740000000000005,0.0392,-2.5444879686625628,0.5659512247955665,0.20227096774193548,0.36373048457913254,0.039973729246918874,-2.682052881860009,0.5703888026406455,0.2074677955829932,7.320785633288324,0.7769224569201469
b_7_overlapping_01,verma_lewis,7,1,30.291010419388705,974367568,10000,0.24730000000000002,0.0098,0.0004043671653862804,0.48385792363982627,0.11965806451612905,0.25172222968971947,0.010237507222956885,-0.2819589080371822,0.4929664163882962,0.12409060549541258,0.0007843091152608395,0.1805382864549756
b_7_overlapping_01,verma_lewis,7,2,28.36540301439306,70825532,10000,0.2541,0.015099999999999999,-1.683589138134593,0.5381802947785352,0.1367516129032258,0.2527880484602911,0.01349832250830185,-1.7207208608084201,0.5393780922841426,0.13634833533074323,0.0012668571434915066,0.3211371675133705
b_7_overlapping_01,verma_lewis,7,3,25.049210115983794,3725075955,10000,0.2939,0.0314,-1.5379380741748896,0.5334818733604803,0.15679032258064515,0.29369648996781655,0.034164690401187546,-1.7304820540098604,0.5396929694841891,0.15850593079781428,0.0015306719578802586,0.4751335736364126
b_7_overlapping_01,verma_lewis,7,4,23.46376747805642,2692326505,10000,0.30269999999999997,0.0199,-0.20614469772051522,0.49052079670066173,0.14848064516129028,0.31040316950598357,0.022935406586401585,-0.2725167876426099,0.492661831859439,0.15292379410379384,0.002048660069704056,0.6469624969176948
b_7_overlapping_01,verma_lewis,7,5,18.545173787197374,883003264,10000,0.33299999999999996,0.008,-1.7450450450450457,0.5401627433885499,0.17987419354838707,0.3390651143919192,0.008386205930574363,-1.768622097490416,0.5409232934674327,0.18340821837678878,0.0025679050013422966,0.8241610676050186
b_7_overlapping_02,feasible,7,1,12233.073482139698,3328572681,10000,0.4431999999999999,0.0185,3.7290162454873643,0.5610684053280219,0.24866551724137928,0.4361898613773886,0.016032635083508093,3.7779544256335122,0.5593808818747065,0.2439962693220896,1.4883644981309772,545.9836040297523
b_7_overlapping_02,feasible,7,2,12596.51558932719,2127757944,10000,0.4354,0.016,3.8762057877813505,0.5559929038696085,0.24207931034482755,0.4344033573964186,0.015056918534013046,3.9065104596923206,0.5549479151830234,0.24107123753564833,2.8897522292099893,1053.7755954125896
b_7_overlapping_02,feasible,7,3,12045.008865908834,53437428,10000,0.43900000000000006,0.0147,4.0225512528473795,0.5509465085225042,0.24186551724137936,0.4411207841723127,0.015455761912257782,3.8734506116545266,0.5560879099429473,0.24530193490277533,4.301328167784959,1562.1781619335525
b_7_overlapping_02,feasible,7,4,12426.572740679412,3306861862,10000,0.4407,0.0157,3.866348990242796,0.5563327934399036,0.2451758620689655,0.4354026336462976,0.014774911062222854,3.9428934802364326,0.5536933282677092,0.2410795333601446,5.701042339671403,2078.558409719728
b_7_overlapping_02,feasible,7,5,11574.64121004771,205614486,10000,0.44020000000000004,0.019700000000000002,3.5588368923216716,0.5669366588854596,0.24956551724137935,0.44231857226977334,0.020768567970414167,3.568257480677104,0.5666118110111343,0.2506229272776356,7.317692678887397,2587.504392722156
b_7_overlapping_02,local,7,1,8170.588310699771,1763411964,10000,0.4421,0.015799999999999998,4.028274146120787,0.5507491673751453,0.24348620689655176,0.43807566982740065,0.01567042382674878,3.832380531364615,0.5575041196081167,0.24422899062886103,1.6753636496141553,597.3352874768898
b_7_overlapping_02,local,7,2,8668.738829765065,1566556533,10000,0.4377,0.0152,3.7575965273018053,0.5600828783689032,0.24514827586206894,0.43853212167107025,0.015954829292756913,3.844239127631751,0.5570952024954569,0.2443041411231072,3.316897726152092,1141.604366298765
b_7_overlapping_02,local,7,3,7185.945156256913,3671657845,10000,0.46340000000000003,0.011,4.4035390591281836,0.5378089979610972,0.24922068965517244,0.466464175273239,0.011824892228186442,4.338658696736843,0.5400462518366606,0.25191222947239184,4.811475422699004,1686.9438478779048
b_7_overlapping_02,local,7,4,8459.540489612713,4094330862,10000,0.4389,0.014700000000000001,3.935520619731146,0.553947564836857,0.24312758620689656,0.43830387847641206,0.015761103075374976,3.8151173861067718,0.5580994004790769,0.24461713180533975,6.1369411908090115,2256.752599707339
b_7_overlapping_02,local,7,5,8422.370356766589,534053659,10000,0.44630000000000003,0.0171,3.9054447680932105,0.5549846631691996,0.2476896551724138,0.44063173168366343,0.014447326077216896,3.948244185645064,0.553508821184653,0.2438935503807769,7.8906273250468075,2798.869340653997
b_7_overlapping_02,maximum,7,1,1968.9883471528963,562375606,10000,0.45640000000000003,0.0174,3.705740578439964,0.561871014536553,0.2564379310344828,0.4541634386315915,0.0191055375036038,3.6767149379023603,0.562871898693022,0.2556358370195157,1.5653585698455572,593.3281574584544
b_7_overlapping_02,maximum,7,2,2117.5135164198114,583283232,10000,0.4313,0.0173,3.644099234871319,0.5639965781078855,0.24325172413793103,0.433883017751163,0.01635399537995861,3.7835340118773497,0.5591884823490569,0.24262238621330176,3.1081498176790774,1147.734624678269
b_7_overlapping_02,maximum,7,3,1906.530473563837,1842186292,10000,0.43889999999999996,0.017599999999999998,3.650489861016177,0.5637762116890974,0.24744137931034482,0.44327640275315694,0.01801661386331082,3.6884805871074535,0.5624661866514672,0.24932798788914812,4.602676275186241,1707.7184190182015
b_7_overlapping_02,maximum,7,4,2118.1521142471606,2410684105,10000,0.44810000000000005,0.0149,3.720151751841105,0.5613740775227205,0.2515517241379311,0.43840391102297144,0.015422735592076785,3.857133385978292,0.5566505728973002,0.24403778823135408,6.239869687240571,2244.608652894851
b_7_overlapping_02,maximum,7,5,2121.2786435401717,651435614,10000,0.4356,0.014700000000000001,3.868686868686869,0.5562521769418322,0.2423034482758621,0.4411089822944601,0.014328285976158744,3.89702106179722,0.5552751358000959,0.24493685004619845,7.972747896797955,2731.527554843109
b_7_overlapping_02,range,7,1,24625.745722534102,158030789,10000,0.43979999999999997,0.016399999999999998,3.905411550704866,0.5549858085963839,0.24408275862068962,0.43725813313232986,0.015671900243830597,3.873374376598591,0.5560905387379796,0.24315511082112054,28.516093364916742,663.878866866231
b_7_overlapping_02,range,7,2,27768.236423963044,1502939705,10000,0.4448,0.0156,3.8743255395683454,0.5560577400148846,0.24733448275862066,0.4396566246693399,0.014693381118966564,3.9161379822383124,0.5546159316469548,0.24384056849574148,55.81790870195255,1327.986423812341
b_7_overlapping_02,range,7,3,28315.761756877302,297754181,10000,0.4387,0.015,3.770002279462047,0.5596550938116536,0.2455206896551724,0.44105767669170703,0.0153151890420253,3.7682322999440494,0.5597161275881363,0.24686709484090244,104.00713045336306,1748.6815272215754
b_7_overlapping_02,range,7,4,28299.952016903586,2114459743,10000,0.43820000000000003,0.0149,3.8023733455043347,0.5585388501550229,0.24475172413793106,0.4365119570924386,0.015923714627357435,3.8137600882414584,0.5581462038537428,0.24363749178791247,160.02086295606568,2284.976386648137
b_7_overlapping_02,range,7,5,28688.423298880258,4103838815,10000,0.4393,0.0166,3.7721374914636923,0.5595814658115968,0.2458241379310345,0.4393458148200244,0.015869036017616477,3.7725038462954177,0.5595688328863649,0.24584422483235005,251.0836883150041,2590.7452126014978
b_7_overlapping_02,verma_lewis,7,1,6634.168177666743,217452854,10000,0.4323,0.0157,3.8910478834142954,0.5554811074684726,0.2401344827586207,0.4404756452502716,0.015772755325592143,3.8811299665876606,0.5558231046004255,0.24482654064388162,1.4881162983365357,545.615097342059
b_7_overlapping_02,verma_lewis,7,2,6143.138632803852,1561945666,10000,0.4319,0.0173,3.7791155360037036,0.5593408435860792,0.2415793103448276,0.43841753465655264,0.015609378623147653,3.8288564413331767,0.5576256399540284,0.24447285832992757,2.896046159788966,1086.4617323782295
b_7_overlapping_02,verma_lewis,7,3,6827.87629721756,391771292,10000,0.4389,0.015,3.847345636819321,0.5569880814889889,0.24446206896551725,0.4380235425975688,0.014081552880178145,3.890564188934221,0.5554977865884752,0.24332110838659213,4.4523898721672595,1684.094122190494
b_7_overlapping_02,verma_lewis,7,4,6830.661480080051,615073655,10000,0.4304,0.0148,3.8561802973977692,0.5566834380207666,0.23959655172413794,0.4379125224534519,0.015728112167222294,3.815773436701911,0.5580767780447617,0.24438880959627682,6.214159156661481,2241.9086864427663
b_7_overlapping_02,verma_lewis,7,5,6240.800108428975,2668642895,10000,0.4447,0.015899999999999997,3.8045873622666972,0.5584625047494242,0.24834827586206892,0.4431144775219517,0.01630873868668495,3.7757579233120597,0.5594566233340669,0.2479033293448704,7.599955435376614,2819.8463591304608
b_8_disjoint_01,feasible,8,1,114.1378248722724,3165963183,10000,0.35650000000000004,0.0012,-6.21711079943899,0.4062031656982568,0.14481142857142856,0.354883817835537,0.0007273410339898589,-6.460290261729852,0.41315115033513866,0.1466206575740779,0.0025319489650428295,0.8260890911333263
b_8_disjoint_01,feasible,8,2,98.76106997989311,1020669393,10000,0.357,0.0009,-6.5521008403361325,0.4157743097238895,0.14843142857142855,0.34873441897318214,0.0014656435268518002,-6.6344098762100385,0.41812599646314397,0.14581492643415733,0.004274984821677208,1.5971160754561424
b_8_disjoint_01,feasible,8,3,95.29070989372235,235122502,10000,0.3383999999999999,0.0015,-6.507092198581562,0.4144883485309018,0.14026285714285713,0.3391821711310649,0.0012968743688014353,-6.556366294707757,0.41589617984879307,0.14106456924622948,0.006301534827798605,2.4628937342204154
b_8_disjoint_01,feasible,8,4,95.43515759735084,2181863589,10000,0.3222,0.0013,-6.732464307883302,0.42092755165380863,0.13562285714285713,0.3238944358872713,0.0016240106072002549,-6.633775111585396,0.4181078603310113,0.13542280956194694,0.008216040674597025,3.328374907374382
b_8_disjoint_01,feasible,8,5,60.42395344558449,780377311,10000,0.5524999999999999,0.0055,-6.0468778280543,0.4013393665158371,0.22173999999999996,0.5566488930606838,0.004763882834092821,-6.049867294222919,0.4014247798349405,0.22345265934224834,0.010305869858711958,4.12728635687381
b_8_disjoint_01,local,8,1,52.46857696552105,2100828618,10000,0.3381,0.0005,-6.742383910085774,0.4212109688595935,0.14241142857142858,0.33789102602363424,0.0004897396341053547,-6.73956393463797,0.42113039813251346,0.14229618231473656,0.002545146271586418,0.8155343094840646
b_8_disjoint_01,local,8,2,44.970860415783235,1002213179,10000,0.3257,0.0023,-6.4780472827755595,0.41365849379358743,0.13472857142857142,0.32832547111459437,0.002228210080445131,-6.521664608808827,0.4149047031088236,0.13622378211586542,0.004024188965559006,1.6166138690896332
b_8_disjoint_01,local,8,3,40.90898733131278,4186674096,10000,0.32399999999999995,0.0015,-6.619444444444446,0.4176984126984128,0.1353342857142857,0.3266940541356237,0.000915174837152019,-6.668529340272019,0.41910083829348627,0.13691775195373748,0.0062924460507929325,2.461598367895931
b_8_disjoint_01,local,8,4,38.519896951836486,293235311,10000,0.3395,0.0014,-6.546097201767303,0.41560277719335154,0.14109714285714287,0.33891089568302873,0.0015033242059970646,-6.761295427862637,0.4217512979389325,0.14293611013996352,0.007889908738434315,3.3173498241230845
b_8_disjoint_01,local,8,5,37.531624289437026,3354822618,10000,0.3427,0.0015,-6.971111759556464,0.42774605027304186,0.14658857142857146,0.34065975850442787,0.001476101364743648,-6.9794713271124,0.42798489506035425,0.14579723099480318,0.010046383831650019,4.128540458157659
b_8_disjoint_01,maximum,8,1,9.494993417097929,4270457447,10000,0.3419,0.0118,-5.81836794384323,0.3948105126812351,0.1349857142857143,0.33662675379400053,0.011195962003073786,-5.84848284171809,0.39567093833480255,0.13319342354227073,0.002459827810525894,0.8288155193440616
b_8_disjoint_01,maximum,8,2,8.046329626376094,151265744,10000,0.33680000000000004,0.0034,-7.371437054631827,0.4391839158466236,0.14791714285714283,0.3312228774148485,0.0036013817164277737,-7.3984052610121225,0.43995443602891776,0.14572297423292505,0.004377510864287615,1.6064438568428159
b_8_disjoint_01,maximum,8,3,6.78162279302069,3724430616,10000,0.3387,0.0079,-8.129613227044583,0.4608460922012738,0.15608857142857144,0.34190287618082127,0.007120151045800886,-8.237596280595394,0.46393132230272555,0.15861945344567346,0.005985531024634838,2.4700791775248945
b_8_disjoint_01,maximum,8,4,5.715502804389829,4236270006,10000,0.3714,0.007,-8.270328486806676,0.46486652819447644,0.17265142857142854,0.3759409773959258,0.008314870267050013,-8.498639496506582,0.47138969990018814,0.1772147045148489,0.008226228877902031,3.310163103044033
b_8_disjoint_01,maximum,8,5,4.972853247679855,4190192743,10000,0.35469999999999996,0.0074,-8.685367916549199,0.47672479761569136,0.1690942857142857,0.3646890449433511,0.008961477878943344,-8.61055477684439,0.4745872793384111,0.17307678164418852,0.010817497968673706,4.130688623059541
b_8_disjoint_01,range,8,1,177.9401986854243,18054870,10000,0.3402,0.0037,-7.219870664315109,0.4348534475518603,0.14793714285714288,0.34046563030873117,0.004225646426722706,-7.188803276495922,0.4339658078998835,0.14775044231907158,3.8468494950793684,0.803913168143481
b_8_disjoint_01,range,8,2,143.64108134101343,188179020,10000,0.4934,0.0074,-7.397243615727605,0.43992124616364586,0.21705714285714287,0.4897294727235324,0.00564897771240213,-7.269916642713957,0.4362833326489702,0.21366080645624566,6.146124791819602,1.5965782580897212
b_8_disjoint_01,range,8,3,138.31783336810545,552675608,10000,0.4983,0.0041,-7.283965482640979,0.43668472807545655,0.21760000000000002,0.48846320298004325,0.00463296388177324,-7.307409034522003,0.4373545438434858,0.21363160132366485,9.305812237318605,2.449358300305903
b_8_disjoint_01,range,8,4,126.33491824709103,2827497520,10000,0.3851,0.0069,-8.677746039989614,0.476507029713989,0.18350285714285716,0.39073351613718743,0.006688565466740621,-8.686746019002184,0.476764171971491,0.18628774128265538,12.605601938441396,3.2792535051703453
b_8_disjoint_01,range,8,5,147.8771714121935,572571959,10000,0.32260000000000005,0.0017,-6.769993800371977,0.4219998228677708,0.1361371428571429,0.3258575560244952,0.0014843767135667074,-6.855454962400321,0.4244415703542949,0.13830749279084936,16.369070935063064,4.087591131217778
b_8_disjoint_01,verma_lewis,8,1,41.013067206623035,680897538,10000,0.3454,0.0025,-6.400405327156919,0.4114401522044834,0.14211142857142856,0.3417595716712602,0.0019762424835815724,-6.26209062146059,0.40748830347030257,0.1392630280550591,0.0024334308691322803,0.8222984354943037
b_8_disjoint_01,verma_lewis,8,2,27.922982288059316,442512208,10000,0.4011,0.0032,-6.4562453253552725,0.41303558072443636,0.16566857142857142,0.40710034856009814,0.0029859979339305082,-6.509050912010372,0.41454431177172496,0.16876113381587524,0.004266801755875349,1.6080224360339344
b_8_disjoint_01,verma_lewis,8,3,12.480053798762722,2638837452,10000,0.6041,0.0084,-8.11289521602384,0.4603684347435383,0.2781085714285715,0.6046205181535286,0.008489438397059897,-8.090295215162389,0.4597227204332111,0.2779577894352779,0.006442693993449211,2.463653794489801
b_8_disjoint_01,verma_lewis,8,4,-1.0092247531598342,906964637,10000,0.9139,0.0253,-9.173651384177699,0.49067575383364853,0.4484285714285714,0.9156875976716747,0.02550344350635612,-9.23500474956557,0.49242870713044484,0.4509108598568457,0.007852888200432062,3.313694267999381
b_8_disjoint_01,verma_lewis,8,5,-1.284666105610118,3848775287,10000,0.8989999999999999,0.0271,-9.188876529477199,0.4911107579850628,0.4415085714285714,0.9042076562005725,0.026005225547232818,-9.271715119920604,0.49347757485487437,0.44620620134706857,0.009921480901539326,4.133177816867828
b_8_disjoint_02,feasible,8,1,190.9597560670432,1206389856,10000,0.4033,0.0086,-5.870815769898339,0.4809338112090406,0.19396060606060608,0.4031659526328979,0.009769803820056797,-5.923765923551152,0.4825383613197319,0.1945430381233872,0.004102994687855244,1.4331128587946296
b_8_disjoint_02,feasible,8,2,298.05058924617913,1199156136,10000,0.40580000000000005,0.0112,-5.01922129127649,0.4551279179174694,0.18469090909090913,0.41119973303413804,0.010972038074996346,-4.88930698946435,0.45119112089285907,0.18552966845851715,0.007339307107031345,2.787285845261067
b_8_disjoint_02,feasible,8,3,172.08309184142468,674949207,10000,0.3877,0.011899999999999999,-4.777921072994584,0.44781579009074496,0.1736181818181818,0.38805773896899015,0.011217730580262934,-4.781960256496405,0.4479381895908001,0.17382588105046873,0.010746595915406942,4.309725543949753
b_8_disjoint_02,feasible,8,4,155.13073222337042,4011949920,10000,0.3672,0.007899999999999999,-5.057734204793028,0.45629497590281903,0.16755151515151517,0.3650710669837347,0.007320151466293629,-4.921733799487579,0.45217375149962363,0.1650755539220057,0.014628174249082804,6.057979514822364
b_8_disjoint_02,feasible,8,5,139.99406750735466,3532948038,10000,0.37850000000000006,0.0079,-5.795244385733157,0.4786437692646411,0.18116666666666667,0.3851416687786706,0.008357191470659232,-5.669162987699078,0.474823120839366,0.1828741691347698,0.01886958023533225,7.6388082299381495
b_8_disjoint_02,local,8,1,92.19738873762978,272326386,10000,0.3623,0.0218,-5.926028153463981,0.4826069137413328,0.1748484848484849,0.3626943709062549,0.022146178518541962,-5.812196100956764,0.4791574576047504,0.17378771265099546,0.00437311502173543,1.5696359546855092
b_8_disjoint_02,local,8,2,76.09684338617203,1511996763,10000,0.36660000000000004,0.0235,-5.789416257501363,0.4784671593182231,0.1754060606060606,0.36727272670004363,0.022046680959796096,-5.7756828631904025,0.47805099585425465,0.17557509274906336,0.008176140021532774,3.0912523842416704
b_8_disjoint_02,local,8,3,70.17218426065578,38876159,10000,0.5237,0.0254,-5.984915027687607,0.484391364475382,0.25367575757575755,0.5182173840378024,0.02307012633367853,-5.89482116274066,0.4816612473557776,0.2496052315970959,0.011480498127639294,4.606340834405273
b_8_disjoint_02,local,8,4,62.893955385132465,2753996712,10000,0.5439,0.0371,-6.627688913403198,0.5038693610122181,0.27405454545454544,0.5365968268929794,0.0360944093796079,-6.573475247998052,0.5022265226666076,0.26949315844439664,0.014788582921028137,6.111253475770354
b_8_disjoint_02,local,8,5,58.153339303410704,1900060851,10000,0.5178,0.027700000000000002,-6.235225955967554,0.4919765441202289,0.25474545454545455,0.5138728006544053,0.029341225104401524,-6.28520736161551,0.49349113217016694,0.253591670186397,0.018848722334951162,7.61223435215652
b_8_disjoint_02,maximum,8,1,20.06732539990949,369170534,10000,0.4316,0.0109,-4.918443002780352,0.4520740303872834,0.1951151515151515,0.42303801940339536,0.011740895707855584,-4.925741037437075,0.4522951829526386,0.1913380583819806,0.004304222296923399,1.5586648182943463
b_8_disjoint_02,maximum,8,2,18.315616031763106,478585895,10000,0.439,0.0135,-4.776993166287016,0.4477876717056672,0.1965787878787879,0.4433927324439672,0.01311963764800356,-4.857168382417362,0.4502172237096171,0.19962304501394398,0.00791641604155302,3.0743398219347
b_8_disjoint_02,maximum,8,3,13.575083751659879,3691398519,10000,0.4239,0.0116,-5.036801132342533,0.4556606403740161,0.1931545454545454,0.43299655887262356,0.012475784635154185,-4.867632508723911,0.45053431844617914,0.19507980954121834,0.011416614055633545,4.591358419042081
b_8_disjoint_02,maximum,8,4,12.493943565698661,3530461738,10000,0.4514,0.0095,-4.87948604342047,0.450893516467287,0.20353333333333334,0.44695822561364135,0.012697774379676723,-4.944656643002988,0.4528683831213027,0.20241324895641616,0.015263506677001715,6.108920932281762
b_8_disjoint_02,maximum,8,5,11.096166875583126,2368487476,10000,0.43910000000000005,0.012299999999999998,-5.040081985880208,0.45576006017818815,0.20012424242424243,0.43935663503346223,0.010935050112369962,-5.014697131223717,0.45499082215829445,0.1999032365945767,0.01893117604777217,7.601574241183698
b_8_disjoint_02,range,8,1,334.2389295559926,3204667075,10000,0.3724,0.0115,-5.41783029001074,0.46720697848517395,0.17398787878787877,0.3787986654269291,0.012726687549842712,-5.332301113185127,0.4646151852480342,0.17599561210904077,4.5923683531582355,1.5589877017773688
b_8_disjoint_02,range,8,2,444.99221280261963,1521427832,10000,0.3872,0.0089,-5.179235537190082,0.45997683446030546,0.17810303030303026,0.38311401279956514,0.007768368510119502,-5.172203766161341,0.4597637504897376,0.17614193538990142,7.605303904041648,3.038900493644178
b_8_disjoint_02,range,8,3,501.3492509820536,4121028548,10000,0.37649999999999995,0.0177,-5.792828685258965,0.47857056621996863,0.18018181818181817,0.37263050710502965,0.01619633338786911,-5.688076867485911,0.47539626871169427,0.17714715268587758,11.215027559082955,4.571469546761364
b_8_disjoint_02,range,8,4,493.5102670862952,2845370524,10000,0.3731,0.0139,-5.449477351916376,0.4681659803611023,0.17467272727272726,0.3727676461236867,0.014716320227197342,-5.488632975849863,0.46935251441969283,0.1749594320024626,12.65885158488527,5.683449091389775
b_8_disjoint_02,range,8,5,565.1554612800519,655107356,10000,0.362,0.0142,-5.265193370165746,0.46258161727774993,0.16745454545454547,0.3618242573824627,0.014466902877703833,-5.438223579434136,0.4678249569525496,0.16927041763433884,15.968084101099521,7.19117026636377
b_8_disjoint_02,verma_lewis,8,1,65.17036140845629,3485744081,10000,0.40309999999999996,0.0113,-5.6772513024063525,0.475068221285041,0.1915,0.4112753930452912,0.012299596423329277,-5.752363955249536,0.4773443622802889,0.1963199902147797,0.004285006318241358,1.5605331766419113
b_8_disjoint_02,verma_lewis,8,2,57.923580990393795,3684300602,10000,0.42379999999999995,0.0114,-5.740915526191601,0.47699744018762424,0.20215151515151514,0.425196689046637,0.011517590854681719,-5.813552879766992,0.47919857211415123,0.2037536462588132,0.008053658995777369,3.068843716289848
b_8_disjoint_02,verma_lewis,8,3,58.50534807718687,1400695467,10000,0.41800000000000004,0.0101,-5.9784688995215305,0.4841960272582282,0.2023939393939394,0.42020293533414965,0.009991306793363262,-5.897651349212264,0.4817470105821898,0.20243150793508782,0.011484627611935139,4.6023009098134935
b_8_disjoint_02,verma_lewis,8,4,52.79529931996022,1196279364,10000,0.4268,0.013999999999999999,-5.761012183692596,0.47760642980886653,0.20384242424242424,0.4244239783891095,0.013191857095858047,-5.6757644559659814,0.4750231653323025,0.20161122165732354,0.015247499104589224,6.108455270063132
b_8_disjoint_02,verma_lewis,8,5,46.90257874931558,2450019995,10000,0.40559999999999996,0.0165,-5.734220907297831,0.47679457294841915,0.19338787878787878,0.40797069032693384,0.017417294670895055,-5.836063834315762,0.4798807222519928,0.1957772695317331,0.018598172813653946,7.6154937404207885
b_8_overlapping_01,feasible,8,1,33652.38541744763,4052743189,10000,0.3158,0.003,-4.913869537682077,0.3307233193236993,0.10444242424242425,0.3136608204297097,0.004149218039930904,-4.836060128121418,0.32836545842792175,0.10299537909127968,0.20159137807786465,72.00347238779068
b_8_overlapping_01,feasible,8,2,33577.779928366974,1348148393,10000,0.3184,0.0047,-5.225816582914573,0.34017626008832036,0.1083121212121212,0.31509710640747035,0.004169187201161735,-5.091498752553887,0.33610602280466323,0.10590603523187263,0.3787096352316439,134.24594101542607
b_8_overlapping_01,feasible,8,3,33046.47808038626,2428695107,10000,0.3144,0.0035,-5.235050890585241,0.34045608759349216,0.10703939393939393,0.31521018352703445,0.004503956768702625,-5.173046936870785,0.3385771799051753,0.10672297501597605,0.5710176639258862,196.89672438194975
b_8_overlapping_01,feasible,8,4,33132.78019858273,541132660,10000,0.31179999999999997,0.0035,-5.050352790250161,0.33485917546212607,0.1044090909090909,0.3108335299712761,0.00388904720997559,-5.080261873138516,0.33576551130722776,0.10436717912223603,0.7457269770093262,259.7498365789652
b_8_overlapping_01,feasible,8,5,32931.65741245226,1903193853,10000,0.3145,0.0044,-5.069316375198729,0.3354338295514766,0.10549393939393939,0.3165214439731256,0.003954529333558244,-4.9021176880088175,0.33036720266693387,0.10456830402950014,0.9313596682623029,322.9756170473993
b_8_overlapping_01,local,8,1,13133.055605715377,2754108713,10000,0.3137,0.0042,-4.96844118584635,0.3323770056317076,0.10426666666666666,0.3115187752308629,0.003732032850895206,-5.004148296003274,0.3334590392728265,0.10387875150393112,0.19843323808163404,70.7078407369554
b_8_overlapping_01,local,8,2,12968.999352105067,242275166,10000,0.3197,0.0066,-5.623709727869878,0.35223362811726905,0.11260909090909091,0.3168739252336521,0.005447790729364721,-5.549757936865272,0.3499926647534931,0.11090354948342504,0.38063692301511765,134.19551931181923
b_8_overlapping_01,local,8,3,12689.763222190617,1564903787,10000,0.3204,0.0056,-5.41167290886392,0.34580826996557334,0.1107969696969697,0.3135696475818094,0.004818792370624835,-5.238553419331522,0.34056222482822796,0.10678997681906438,0.5727947382256389,196.8120627552271
b_8_overlapping_01,local,8,4,12406.597425433662,1550858411,10000,0.3134,0.0047,-5.21825143586471,0.3399470132080215,0.10653939393939395,0.3083968306118543,0.004253754378021582,-5.16485950960921,0.33832907604876394,0.10433961475727582,0.752499969676137,259.94489286327735
b_8_overlapping_01,local,8,5,13059.82761264036,2010991244,10000,0.32330000000000003,0.0031,-5.10794927312094,0.3366045234279073,0.10882424242424245,0.31080422728619683,0.003754320491126931,-4.909618260450397,0.3305944927409211,0.1027501658614142,0.9336275542154908,323.2566974093206
b_8_overlapping_01,maximum,8,1,2760.049229355987,1535468723,10000,0.3194,0.0033,-5.614276768941766,0.3519477808770232,0.11241212121212123,0.31253649727683797,0.003677867930952012,-5.567033395444399,0.35051616349831516,0.10954909397867886,0.20357454009354115,70.64764824183658
b_8_overlapping_01,maximum,8,2,2753.4268968787496,615022436,10000,0.3038,0.0048,-5.351217906517446,0.34397630019749836,0.10450000000000001,0.31031297793434276,0.0038455415086263954,-5.309146078061411,0.3427013963048912,0.10634469082962816,0.3860250343568623,134.20623906096444
b_8_overlapping_01,maximum,8,3,2740.168190428892,2870571236,10000,0.30579999999999996,0.0043,-5.173642903858732,0.3385952395108706,0.10354242424242423,0.3066382064357128,0.0032328084219747527,-5.173504461403143,0.33859104428494374,0.10382495053473016,0.5720398044213653,196.9769103480503
b_8_overlapping_01,maximum,8,4,2809.662094145312,3133216482,10000,0.32189999999999996,0.0043,-5.260639950295124,0.3412315136453068,0.10984242424242424,0.31833503055934165,0.004002359604578823,-5.147351111346796,0.3377985185256605,0.10753310171776648,0.7484056609682739,260.34409353649244
b_8_overlapping_01,maximum,8,5,2807.7803576015704,312077395,10000,0.3151,0.0037,-4.976832751507458,0.332631295500226,0.10481212121212122,0.3139019495179688,0.004006988227499069,-5.016166388909709,0.3338232239063548,0.10478776077857818,0.9360064719803631,323.00831431197
b_8_overlapping_01,range,8,1,47589.95363130858,1981462765,10000,0.3106,0.0029,-4.950740502253703,0.33184062128041525,0.10306969696969698,0.31185638797524207,0.0039897378027310085,-5.126235368478566,0.3371586475296535,0.10514507799321551,20.149365479126573,71.72242564335465
b_8_overlapping_01,range,8,2,45341.98016965703,259420400,10000,0.3158,0.0051,-5.039265357821406,0.33452319266125474,0.10564242424242426,0.31337365909093995,0.004311582357410695,-5.147150819707499,0.3377924490820454,0.10585525578213059,38.99581876397133,135.4300034227781
b_8_overlapping_01,range,8,3,44056.99019488326,608335389,10000,0.3126,0.0031,-4.8825975687779914,0.3297756839023634,0.1030878787878788,0.3138162246833447,0.0035855774294485682,-4.932883027934335,0.3312994856949798,0.10396715384033232,65.46570594795048,196.82398656383157
b_8_overlapping_01,range,8,4,47178.711206646134,1458942200,10000,0.3048,0.0039,-5.288385826771654,0.3420722977809592,0.10426363636363638,0.3117932757879266,0.0037839976998790253,-5.159896499598825,0.33817868180602506,0.10544183900194344,107.21603544196114,261.13241736544296
b_8_overlapping_01,range,8,5,46482.495534488095,3364656738,10000,0.31700000000000006,0.0035,-4.905362776025236,0.3304655386674314,0.10475757575757577,0.31226130680357844,0.0034906340867691316,-5.0477435605600265,0.33478010789575835,0.10453887398337249,167.23423652211204,317.24114317586645
b_8_overlapping_01,verma_lewis,8,1,8703.32997443139,2804081251,10000,0.3134,0.0029,-5.529355456285896,0.34937440776623924,0.10949393939393938,0.3134149292306947,0.0029524045535271343,-5.666270740734663,0.3535233557798383,0.11079949753313571,0.20002660294994712,70.56444236962125
b_8_overlapping_01,verma_lewis,8,2,10755.658608747863,3548491826,10000,0.31439999999999996,0.0041,-5.22996183206107,0.3403018736988203,0.1069909090909091,0.3125788392141773,0.004463054684010563,-5.281943414526294,0.34187707316746346,0.10686353868462609,0.38495657267048955,134.12761898897588
b_8_overlapping_01,verma_lewis,8,3,10655.323869882814,3561514642,10000,0.31110000000000004,0.0046,-5.041144326583092,0.33458013110857854,0.1040878787878788,0.31026824342224213,0.0039000191743631877,-5.05272567043285,0.3349310809222076,0.10391847814524618,0.5704751680605114,196.82109882682562
b_8_overlapping_01,verma_lewis,8,4,10126.537715221244,196051251,10000,0.3083,0.0033,-5.099902692182938,0.3363606876419072,0.10369999999999999,0.3101834466058274,0.003990309421468343,-5.165115340810838,0.3383368285094194,0.10494648358073647,0.7489394010044634,261.35574519634247
b_8_overlapping_01,verma_lewis,8,5,10674.717591980914,2143176449,10000,0.311,0.0039,-5.102572347266881,0.3364415862808146,0.10463333333333334,0.31274606929347953,0.003930056058083819,-5.185050395926636,0.33894092108868595,0.10600244079319796,0.8839956941083074,310.96113425446674
b_8_overlapping_02,feasible,8,1,6578.480088385193,1534986521,10000,0.2178,0.0038,-10.709366391184574,0.3941873278236915,0.085854,0.21728452334615514,0.003599078666209356,-10.809714191094391,0.39619428382188787,0.08608688611271022,0.008097825106233358,2.8992183203808963
b_8_overlapping_02,feasible,8,2,6429.3406164617,3720559193,10000,0.2098,0.0038,-10.770734032411822,0.3954146806482365,0.082958,0.2131972221790696,0.003758210119631163,-10.751206026287564,0.39502412052575125,0.08421804518982016,0.014730061870068312,5.6890476467087865
b_8_overlapping_02,feasible,8,3,6790.586118875271,3785835299,10000,0.2267,0.0027,-10.123952359947069,0.3824790471989414,0.08670800000000002,0.22241303086003295,0.002864058240637328,-10.389052524865937,0.38778105049731876,0.08624755875119615,0.022185992915183306,8.656798501964658
b_8_overlapping_02,feasible,8,4,6527.3025692793535,2246969648,10000,0.22549999999999998,0.0036,-9.299334811529935,0.3659866962305987,0.08253,0.22588829235014019,0.003968512077345693,-9.33849685703155,0.366769937140631,0.0828490347860654,0.028980957344174385,11.440869477111846
b_8_overlapping_02,feasible,8,5,6527.656769597053,894379422,10000,0.2021,0.0018,-12.810984661058882,0.43621969322117765,0.08816,0.20280226181084618,0.003085950440361189,-13.354179811588475,0.44708359623176946,0.09066956453432995,0.03659159271046519,14.51407538447529
b_8_overlapping_02,local,8,1,3074.104508520176,1249080946,10000,0.2183,0.0022,-13.4837379752634,0.44967475950526803,0.098164,0.22242564802610817,0.0026511704964746405,-13.580329050644044,0.4516065810128809,0.10044888643464515,0.007951835170388222,2.8580694044940174
b_8_overlapping_02,local,8,2,3009.452230754852,2796341566,10000,0.2248,0.0015,-9.437277580071175,0.3687455516014235,0.08289400000000001,0.22397598091215032,0.001655347151592804,-9.6629273962595,0.37325854792519,0.0836009494053893,0.014565344899892807,5.501014249399304
b_8_overlapping_02,local,8,3,2992.882331946068,2254682948,10000,0.216,0.004,-10.675000000000002,0.39350000000000007,0.08499600000000002,0.21147929451124453,0.0035545233336311873,-10.464708034416224,0.3892941606883245,0.08232765445971393,0.021794642321765423,8.339517320971936
b_8_overlapping_02,local,8,4,2466.596409545127,3526587407,10000,0.21350000000000002,0.0033,-9.602810304449648,0.3720562060889929,0.079434,0.21071640505863212,0.0036618888829020265,-9.810939941447302,0.37621879882894604,0.07927547280471223,0.0286134728230536,11.325155795551836
b_8_overlapping_02,local,8,5,2972.061796929038,98637703,10000,0.22899999999999998,0.0027,-10.483842794759827,0.3896768558951965,0.089236,0.23299245158578585,0.0023107923297728387,-10.755038873302624,0.3951007774660525,0.09205549876526559,0.03742343932390213,14.63512813905254
b_8_overlapping_02,maximum,8,1,467.28993680758754,527419943,10000,0.2686,0.0023,-11.158227848101266,0.4031645569620253,0.10829,0.26874907257887615,0.00247465898459021,-11.41477964325309,0.40829559286506184,0.10972906192052777,0.0077883279882371426,2.868425610475242
b_8_overlapping_02,maximum,8,2,398.093261624474,1246388699,10000,0.22369999999999998,0.0024,-11.553866785873938,0.41107733571747873,0.09195799999999998,0.23038494304757876,0.002947306451745772,-11.34906534733496,0.4069813069466992,0.09376236522234446,0.014666114933788776,5.484031436033547
b_8_overlapping_02,maximum,8,3,449.3748256489855,2328026536,10000,0.2149,0.0025,-11.025127966496044,0.40050255932992085,0.08606799999999999,0.21439109961257508,0.00232516215012308,-10.560585789002204,0.3912117157800441,0.08387230992740584,0.021709944121539593,8.33654206758365
b_8_overlapping_02,maximum,8,4,428.08481340828416,3408417460,10000,0.22590000000000002,0.002,-11.398849048251437,0.4079769809650287,0.092162,0.23125840121473112,0.0014491112406470141,-11.535629453088958,0.41071258906177915,0.09498073670518992,0.028965279925614595,11.3797074300237
b_8_overlapping_02,maximum,8,5,468.809132712777,1000733903,10000,0.2108,0.0032,-11.203984819734346,0.4040796963946869,0.08517999999999999,0.21718281378185306,0.0026999368001257426,-11.46586674610145,0.40931733492202893,0.08889669052805539,0.037271097768098116,14.352587541565299
b_8_overlapping_02,range,8,1,5141.9011898295,2252866505,10000,0.24070000000000003,0.0004,-10.244287494806814,0.3848857498961362,0.092642,0.2370713469402275,0.0006436591437341619,-10.161231429671801,0.38322462859343603,0.0908515788813143,5.576744958758354,3.2443726933561265
b_8_overlapping_02,range,8,2,9746.57545294705,1704264732,10000,0.2186,0.0065,-11.133577310155538,0.40267154620311074,0.088024,0.2223466218996213,0.005740577594768827,-11.125794895502205,0.40251589791004405,0.08949805016119113,9.133582580834627,6.232393973041326
b_8_overlapping_02,range,8,3,9669.947602454975,2342742632,10000,0.19820000000000002,0.0007,-10.433905146316851,0.3886781029263371,0.07703600000000002,0.2066536742182599,0.0016519445571062524,-10.558803480138623,0.3911760696027724,0.08083797204967068,13.509462489746511,9.211138111539185
b_8_overlapping_02,range,8,4,10040.81661357832,3135595948,10000,0.2194,0.0029,-10.32680036463081,0.38653600729261617,0.08480599999999999,0.21929710155787158,0.003428096343066588,-10.35197278672894,0.3870394557345788,0.08487663083112927,19.108885652851313,12.225866018328816
b_8_overlapping_02,range,8,5,10266.127698306287,3351085468,10000,0.22599999999999998,0.0052,-10.650000000000002,0.393,0.088818,0.23016854526627617,0.004807785580019806,-10.641876876175562,0.39283753752351125,0.09041884453777277,25.151415036059916,15.239260158967227
b_8_overlapping_02,verma_lewis,8,1,2526.70652784912,4076807546,10000,0.22139999999999999,0.0024,-10.564137308039747,0.39128274616079495,0.08663,0.22054277954276308,0.0024086862532981066,-10.45549933325643,0.3891099866651286,0.08581539800697494,0.00781484879553318,2.859626805409789
b_8_overlapping_02,verma_lewis,8,2,2509.2459243953595,2507375231,10000,0.22749999999999998,0.0028,-11.213186813186812,0.40426373626373624,0.09196999999999998,0.22216428368278857,0.0033433043561621116,-11.316636186783327,0.40633272373566653,0.09027261850561077,0.014824719168245792,5.470159314572811
b_8_overlapping_02,verma_lewis,8,3,2377.518666697419,1382744086,10000,0.2165,0.0024,-10.944572748267898,0.39889145496535794,0.08635999999999999,0.2188104310666386,0.00328717248591698,-10.924151004666868,0.39848302009333736,0.08719224139935916,0.021657057106494904,8.323952990584075
b_8_overlapping_02,verma_lewis,8,4,2470.6197914666764,2398793437,10000,0.2124,0.0005,-10.954331450094163,0.39908662900188324,0.08476600000000001,0.21931101727467273,0.0014785401943351788,-10.98787579596787,0.3997575159193574,0.08767122747947044,0.02882684301584959,11.31449882639572
b_8_overlapping_02,verma_lewis,8,5,2499.2560897341623,1227901991,10000,0.2274,0.002,-10.33509234828496,0.3867018469656992,0.087936,0.22369604742219987,0.0022051565294268476,-10.410443372161962,0.3882088674432393,0.08684078922130135,0.03564680693671107,14.608218505978584
