instance_id,condition,size,depth,loss,p_feasible,fidelity,conditional_fidelity,entropy,min_conditional_probability,coverage,compile_seconds,optimize_seconds
a_4_equality_01,feasibility,4,1,-0.9999999961664869,0.9999999980832435,0.9999999980832435,1.0,1.0,0.5,1.0,0.44861768186092377,0.3574080294929445
a_4_equality_01,fidelity,4,1,1.916766523279989e-09,0.9999999980832335,0.9999999980832335,1.0,1.0,0.5,1.0,0.0006073578260838985,0.36234542028978467
a_4_equality_01,lambda_0.5,4,1,1.9167668563468965e-09,0.9999999980832331,0.9999999980832331,1.0,1.0,0.5,1.0,0.0003159940242767334,0.3475834080018103
a_4_equality_01,lambda_1,4,1,1.9167668563468965e-09,0.9999999980832331,0.9999999980832331,1.0,1.0,0.5,1.0,0.0002640262246131897,0.3663285351358354
a_4_equality_01,lambda_2,4,1,1.916766523279989e-09,0.9999999980832335,0.9999999980832335,1.0,1.0,0.5,1.0,0.0005854936316609383,0.3648750470019877
a_4_equality_02,feasibility,4,1,-0.9999999961687749,0.9999999980843874,0.9999999980843874,1.0,1.0,0.5,1.0,0.4486701851710677,0.35552211105823517
a_4_equality_02,fidelity,4,1,1.9156228825423227e-09,0.9999999980843771,0.9999999980843771,1.0,1.0,0.5,1.0,0.00036137597635388374,0.33768824860453606
a_4_equality_02,lambda_0.5,4,1,1.9156228825423227e-09,0.9999999980843771,0.9999999980843771,1.0,1.0,0.5,1.0,0.00021578092128038406,0.35175837064161897
a_4_equality_02,lambda_1,4,1,1.9156228825423227e-09,0.9999999980843771,0.9999999980843771,1.0,1.0,0.5,1.0,0.0002074441872537136,0.3403373556211591
a_4_equality_02,lambda_2,4,1,1.9156228825423227e-09,0.9999999980843771,0.9999999980843771,1.0,1.0,0.5,1.0,0.00047413213178515434,0.3411530666053295
a_4_mixed_01,feasibility,4,1,-0.9999999998671569,0.9999999999335785,0.49880545497755463,0.49880545501068607,0.6666552371907878,1.3961346304090807e-11,0.5,0.34070921083912253,0.30208680452778935
a_4_mixed_01,feasibility,4,2,-0.9999999999976978,0.9999999999988489,0.2198229751808311,0.21982297518108412,0.36188587352287843,2.1719037203342786e-14,0.75,0.5544202891178429,0.4214253770187497
a_4_mixed_01,feasibility,4,3,-0.9999999999800282,0.9999999999900141,0.297527860055474,0.29752786005844506,0.3673887483390147,4.005678442395926e-05,0.5,0.8796710269525647,0.539018820039928
a_4_mixed_01,feasibility,4,4,-0.9999999999482294,0.9999999999741147,0.14977841158081062,0.1497784115846877,0.7865194419368869,0.007694691504177179,1.0,0.9769374993629754,0.6742202932946384
a_4_mixed_01,feasibility,4,5,-0.9999999999700033,0.9999999999850016,0.16671300843425008,0.16671300843675052,0.6752562355887773,0.0014839170648418638,1.0,1.1956844562664628,0.8686409085057676
a_4_mixed_01,feasibility,4,6,-0.9999999999875777,0.9999999999937889,0.10263057128720127,0.10263057128783871,0.6136049981025813,0.003120117839268136,1.0,1.4403406898491085,1.0203513070009649
a_4_mixed_01,feasibility,4,7,-0.9999999999916096,0.9999999999958049,0.15629565941152124,0.1562956594121769,0.5400179605327956,0.009683242888327935,1.0,1.8193932110443711,1.1730072959326208
a_4_mixed_01,feasibility,4,8,-0.9999999999900422,0.9999999999950212,0.1883180988237027,0.18831809882464032,0.4360886212393618,0.0013430217652719218,1.0,1.879021913278848,1.3387008248828351
a_4_mixed_01,fidelity,4,1,0.14323725539137377,0.885405438824745,0.8567627446086262,0.9676501939561857,0.9671347759916933,0.09676296709480599,1.0,0.00026679737493395805,0.27953198412433267
a_4_mixed_01,fidelity,4,2,2.0129324873607857e-09,0.9999999984445174,0.9999999979870675,0.9999999995425501,0.9999999997064472,0.12499488393691499,1.0,0.0003308509476482868,0.39454298932105303
a_4_mixed_01,lambda_0.5,4,1,0.1203723068657302,0.9280482747877379,0.8381750002522982,0.9031588366930638,0.8991457213392563,0.07424331451304016,1.0,0.00026878900825977325,0.28510437812656164
a_4_mixed_01,lambda_0.5,4,2,2.596639014917912e-09,0.9999999986283417,0.9999999961783803,0.9999999975500387,0.9999999987241412,0.12498892242863194,1.0,0.00034020887687802315,0.40966975362971425
a_4_mixed_01,lambda_1,4,1,0.14670251991995265,0.8801857481964923,0.8565190778067113,0.973111731883555,0.9727869938131057,0.09941129105344385,1.0,0.0002814088948071003,0.29238357208669186
a_4_mixed_01,lambda_1,4,2,1.5104762773887614e-08,0.9999999939045305,0.9999999848952372,0.9999999909907067,0.999999996404426,0.12497380156630516,1.0,0.0003933641128242016,0.41124598030000925
a_4_mixed_01,lambda_2,4,1,0.15958254689934648,0.8525489222106405,0.8473775867533649,0.9939342654450065,0.9940060489638141,0.11328554906827264,1.0,0.00033413106575608253,0.29531375924125314
a_4_mixed_01,lambda_2,4,2,1.495231516379647e-08,0.9999999879422801,0.9999999864949825,0.9999999985527024,0.9999999986934752,0.12499071580179288,1.0,0.0002521798014640808,0.41203603986650705
a_4_mixed_02,feasibility,4,1,-0.9999999999445395,0.9999999999722696,0.7476501354642149,0.7476501354849475,0.9114877820820427,0.022867844704282637,1.0,0.44703564466908574,0.3313470194116235
a_4_mixed_02,feasibility,4,2,-0.9999999999836502,0.9999999999918251,0.001537230278036521,0.0015372302780490878,0.8518536751290333,0.019035299407538158,1.0,0.7324722693301737,0.5188026269897819
a_4_mixed_02,feasibility,4,3,-0.9999999999959297,0.999999999997965,0.13180594680491725,0.13180594680518548,0.6865947886173684,0.0009975364561671705,1.0,1.1468041371554136,0.7641519955359399
a_4_mixed_02,feasibility,4,4,-0.9999999999945253,0.9999999999972626,0.07378944829124742,0.07378944829144941,0.8507580702530049,0.0012250974297758678,1.0,1.3188879028894007,1.028588759712875
a_4_mixed_02,feasibility,4,5,-0.9999999999955413,0.9999999999977707,0.06114850357379269,0.06114850357392901,0.6527633290356428,0.0008162034144258523,1.0,1.6313622160814703,1.237099902704358
a_4_mixed_02,feasibility,4,6,-0.9999999999981539,0.999999999999077,0.3547099245497368,0.3547099245500642,0.7404609001716158,0.0006905074918818568,1.0,2.144895243924111,1.4547938201576471
a_4_mixed_02,feasibility,4,7,-0.999999999997067,0.9999999999985334,0.14745323563432403,0.14745323563454027,0.7894420950778075,0.0003222328845518009,1.0,2.278031905181706,1.6912693046033382
a_4_mixed_02,feasibility,4,8,-0.9999999999964697,0.9999999999982349,0.6230629828514285,0.6230629828525283,0.8379275230655611,0.001469173484210623,1.0,2.8188918558880687,1.9286282300017774
a_4_mixed_02,fidelity,4,1,0.025735931394216694,0.9999999999534366,0.9742640686057833,0.9742640686511483,0.9783474859608596,0.06249875964205722,1.0,0.000554150901734829,0.3609571922570467
a_4_mixed_02,fidelity,4,2,1.0980046871722494e-10,0.9999999999443993,0.9999999998901995,0.9999999999458002,0.9999999999888045,0.09999875014020737,1.0,0.0004250090569257736,0.5497676222585142
a_4_mixed_02,lambda_0.5,4,1,0.012867965688512173,0.9999999999810831,0.9742640686423794,0.9742640686608094,0.9783474859648507,0.06249967764518468,1.0,0.00022049201652407646,0.35991197219118476
a_4_mixed_02,lambda_0.5,4,2,2.299473944589181e-10,0.9999999999685979,0.9999999995715074,0.9999999996029095,0.9999999999347006,0.09999735737083709,1.0,0.00036428356543183327,0.5383437494747341
a_4_mixed_02,lambda_1,4,1,0.025735931393959688,0.9999999999432798,0.9742640686075001,0.9742640686627606,0.9783474859619247,0.06249892357758491,1.0,0.0003512110561132431,0.35012377379462123
a_4_mixed_02,lambda_1,4,2,3.5355685046312146e-10,0.9999999998614448,0.9999999996464431,0.9999999997849983,0.9999999998921919,0.09999768889854553,1.0,0.0003307410515844822,0.5321164852939546
a_4_mixed_02,lambda_2,4,1,0.051471862651232936,0.9999999999100646,0.9742640686317305,0.9742640687193513,0.9783474859369254,0.06249970388795193,1.0,0.00038957735523581505,0.3494558287784457
a_4_mixed_02,lambda_2,4,2,5.852721640664527e-10,0.9999999998268183,0.999999999620773,0.9999999997939547,0.9999999998386315,0.09999766443241843,1.0,0.0007818010635674,0.534672892652452
a_4_mixed_03,feasibility,4,1,-0.9999999993117106,0.9999999996558554,0.04375397722935966,0.04375397724441736,0.6584577072482315,7.601377455089598e-13,0.8333333333333334,0.5056798779405653,0.35888843750581145
a_4_mixed_03,feasibility,4,2,-0.9999999999479925,0.9999999999739962,0.2772474867112162,0.27724748671842564,0.7746270073958182,0.0010504919041073033,1.0,0.8599239201284945,0.6435415246523917
a_4_mixed_03,feasibility,4,3,-0.9999999999934932,0.9999999999967467,0.08602831047541076,0.08602831047569064,0.579219251642421,0.0004100579115536687,1.0,1.2126141800545156,1.0039372080937028
a_4_mixed_03,feasibility,4,4,-0.999999999988042,0.999999999994021,0.03615659380557148,0.03615659380578766,0.6999383981597224,0.00044455227088952064,1.0,1.6232785698957741,1.303250624332577
a_4_mixed_03,feasibility,4,5,-0.9999999999924758,0.9999999999962378,0.08342567392442905,0.08342567392474291,0.6429169265845089,0.0005142567165430999,1.0,2.0127178616821766,1.5677638333290815
a_4_mixed_03,feasibility,4,6,-0.9999999999976728,0.9999999999988364,0.08115859503739405,0.08115859503748848,0.4337792693600927,0.00024465957268569974,1.0,2.5978572349995375,1.8883497398346663
a_4_mixed_03,feasibility,4,7,-0.9999999999984086,0.9999999999992043,0.17074370518186158,0.17074370518199744,0.46704107359759267,0.00031816475676948585,1.0,3.0278224097564816,2.1697455011308193
a_4_mixed_03,feasibility,4,8,-0.9999999999988676,0.9999999999994338,0.14907230158889134,0.14907230158897575,0.19249831363306236,4.422452028496067e-05,0.9166666666666666,3.5141656901687384,2.5055083008483052
a_4_mixed_03,fidelity,4,1,0.028595479235740035,0.9999999999727877,0.97140452076426,0.9714045207906942,0.9763003098255078,0.06249976097863559,1.0,0.00024411175400018692,0.3905714796856046
a_4_mixed_03,fidelity,4,2,0.00026023807549159966,0.9999493044002832,0.9997397619245084,0.9997904469008052,0.9999645992057546,0.08124546125375677,1.0,0.00043670693412423134,0.6781452326104045
a_4_mixed_03,lambda_0.5,4,1,0.01429773963672043,0.9999999999797216,0.9714045207474175,0.971404520767116,0.9763003098380113,0.06249960021721381,1.0,0.00035451818257570267,0.3942334954626858
a_4_mixed_03,lambda_0.5,4,2,0.0004888582957855991,0.9999232431058458,0.9990991035658302,0.9991757971967371,0.9998171886662053,0.07801476377226017,1.0,0.00047082407400012016,0.6949418443255126
a_4_mixed_03,lambda_1,4,1,0.028595479234590715,0.9999999999722811,0.971404520766202,0.9714045207931283,0.9763003098253372,0.06249973944511659,1.0,0.0002476060763001442,0.3828375837765634
a_4_mixed_03,lambda_1,4,2,0.0008545442298285577,0.9998223188215494,0.9991455760359961,0.9993231369486221,0.9995441245461952,0.0780042807983975,1.0,0.00039045605808496475,0.6779458639211953
a_4_mixed_03,lambda_2,4,1,0.05719095843164279,0.9999999999675864,0.9714045207688987,0.9714045208003854,0.9763003097946998,0.062499844058364465,1.0,0.00041585881263017654,0.38402281049638987
a_4_mixed_03,lambda_2,4,2,0.0015257358362481543,0.9998759979517204,0.9991752179666665,0.9992991331060157,0.9995435559266873,0.07936792256842272,1.0,0.00047932518646121025,0.688548571895808
a_4_positive_01,feasibility,4,1,-0.9999999937419028,0.9999999968709513,0.4999546399575998,0.4999546415219822,0.49999812141678235,2.5172956434984976e-11,0.5,0.4920204048976302,0.3832322657108307
a_4_positive_01,feasibility,4,2,-0.9999999997824587,0.9999999998912293,0.06644471799892403,0.06644471800615126,0.779228134036256,1.3893486343967778e-11,0.75,0.8509427439421415,0.6833117082715034
a_4_positive_01,feasibility,4,3,-0.9999999994322606,0.9999999997161303,0.06033009712838183,0.060330097145507716,0.7571196724823513,3.26888818948633e-12,0.75,1.210383864119649,1.0073284655809402
a_4_positive_01,feasibility,4,4,-0.9999999998758806,0.9999999999379403,0.22057679722548987,0.2205767972391788,0.6105619766972754,1.3578564793511836e-11,0.75,1.5925658936612308,1.3342291368171573
a_4_positive_01,feasibility,4,5,-0.9999999999753848,0.9999999999876924,0.3223742702626692,0.32237427026663684,0.3580947498929116,9.12910434966421e-13,0.75,1.9699936173856258,1.6039902996271849
a_4_positive_01,feasibility,4,6,-0.9999999998962226,0.9999999999481113,0.29191952644851793,0.29191952646366526,0.05862894985322389,6.550105928880985e-12,0.75,2.5469535728916526,1.8568113050423563
a_4_positive_01,feasibility,4,7,-0.9999999997602882,0.9999999998801441,0.21107053402386772,0.21107053404916576,0.5343322125946085,1.0766355186144162e-11,0.75,3.0560171948745847,2.1613776879385114
a_4_positive_01,feasibility,4,8,-0.9999999999467073,0.9999999999733536,0.3025019847083221,0.3025019847163827,0.30541938670999064,1.2151631948692277e-12,0.75,3.471914156805724,2.4563739709556103
a_4_positive_01,fidelity,4,1,0.14323725998705394,0.8854132434226989,0.8567627400129461,0.9676416592787793,0.9506888844420799,0.1935128798093528,1.0,0.0002539348788559437,0.3853969140909612
a_4_positive_01,fidelity,4,2,6.084306169995557e-09,0.9999999964487363,0.9999999939156938,0.9999999974669576,0.9999999966911984,0.24996905848584086,1.0,0.000451565720140934,0.6743153198622167
a_4_positive_01,lambda_0.5,4,1,0.12037231465359621,0.9280417104945212,0.8381812410737539,0.9031719497037651,0.8487395287745254,0.14848069966417435,1.0,0.0004574041813611984,0.3873296454548836
a_4_positive_01,lambda_0.5,4,2,2.5852035459572598e-06,0.9999989832999261,0.9999958462961714,0.9999968629930559,0.9999985206575672,0.24963906760566382,1.0,0.000723609235137701,0.6899526929482818
a_4_positive_01,lambda_1,4,1,0.1467025306328371,0.8801719875450627,0.8565177894661047,0.9731254818221002,0.959201784038491,0.1988214322068329,1.0,0.0005997819826006889,0.39301333483308554
a_4_positive_01,lambda_1,4,2,1.7204071312004743e-07,0.9999999051440479,0.9999998279592942,0.999999922815239,0.9999999160973881,0.24985093197792285,1.0,0.0006838403642177582,0.6848896108567715
a_4_positive_01,lambda_2,4,1,0.15958266599187765,0.8525302929512105,0.847366960733082,0.9939435205284559,0.9910229632042135,0.22650849585616636,1.0,0.000417094212025404,0.3924557785503566
a_4_positive_01,lambda_2,4,2,2.9613776105108514e-05,0.9999821777227376,0.999976282078392,0.9999941042505787,0.9999966739770955,0.2486859633185064,1.0,0.0005587027408182621,0.6982602910138667
a_4_positive_02,feasibility,4,1,-0.9999999999682074,0.9999999999841036,0.44642630133648165,0.4464263013435782,0.5697497496144517,2.0548986406494834e-12,0.5,0.3494953620247543,0.27231366327032447
a_4_positive_02,feasibility,4,2,-0.9999999999971563,0.9999999999985781,0.24209441891388114,0.24209441891422537,0.5680790315966884,6.275195039326878e-13,0.75,0.551146540325135,0.38334758346900344
a_4_positive_02,feasibility,4,3,-0.9999999999958538,0.999999999997927,0.33754022168288295,0.33754022168358266,0.387712885158455,1.5049432184859386e-12,0.75,0.8729053903371096,0.5290885996073484
a_4_positive_02,feasibility,4,4,-0.9999999999497939,0.999999999974897,0.48253685068209495,0.4825368506942081,0.7081825020237427,0.004212343237290172,1.0,0.9789970330893993,0.6511522503569722
a_4_positive_02,feasibility,4,5,-0.9999999999866325,0.9999999999933162,0.35859078475243505,0.3585907847548318,0.6979147934127771,0.0006200977708848165,1.0,1.2055827211588621,0.8394654006697237
a_4_positive_02,feasibility,4,6,-0.9999999999735478,0.9999999999867739,0.20555539752515264,0.20555539752787133,0.7175176512708481,0.004800235148763374,1.0,1.4156805551610887,0.9998066364787519
a_4_positive_02,feasibility,4,7,-0.9999999999946914,0.9999999999973456,0.3186345230098398,0.31863452301068557,0.6036836030677785,6.742139087452646e-05,0.75,1.8219746882095933,1.1537061561830342
a_4_positive_02,feasibility,4,8,-0.9999999999838443,0.999999999991922,0.2643021671145141,0.2643021671166491,0.4468105527657647,0.0007096588651355064,1.0,1.870586201082915,1.3144386629574
a_4_positive_02,fidelity,4,1,0.1432372543833932,0.8854122250116679,0.8567627456166068,0.9676427785998961,0.9671270839577505,0.09676143180441296,1.0,0.0003290618769824505,0.27785407146438956
a_4_positive_02,fidelity,4,2,1.1956714507377342e-09,0.9999999995490534,0.9999999988043285,0.9999999992552752,0.9999999996846248,0.1249935721325633,1.0,0.00036034220829606056,0.40614285646006465
a_4_positive_02,lambda_0.5,4,1,0.12037230669036109,0.9280464442387453,0.8381767449702681,0.9031624981417873,0.8991496204268737,0.0742443400808954,1.0,0.00020188558846712112,0.2923960704356432
a_4_positive_02,lambda_0.5,4,2,2.0163525848992947e-09,0.9999999987104959,0.999999997256799,0.9999999985463031,0.9999999992966223,0.1249922258567448,1.0,0.0003391602076590061,0.40980532905086875
a_4_positive_02,lambda_1,4,1,0.14670251998983797,0.8801799620869803,0.8565185400318025,0.9731175179231817,0.9727929673063135,0.09941297527024218,1.0,0.0002556880936026573,0.2823946247808635
a_4_positive_02,lambda_1,4,2,2.066074755724401e-09,0.9999999984045205,0.9999999979339252,0.9999999995294048,0.9999999996331179,0.12499558169439672,1.0,0.0005315309390425682,0.4110730951651931
a_4_positive_02,lambda_2,4,1,0.1595825461732926,0.8525507150020822,0.8473786047568959,0.9939333694123126,0.9940051526264659,0.11328442346753691,1.0,0.0002635396085679531,0.289112685713917
a_4_positive_02,lambda_2,4,2,1.943321947805998e-09,0.9999999986992254,0.9999999983779517,0.9999999996787263,0.9999999997871045,0.12499430369790845,1.0,0.00025934306904673576,0.4059073943644762
a_4_positive_03,feasibility,4,1,-0.9999999998900084,0.9999999999450042,0.14451967168252386,0.14451967169047183,0.42545845016312756,1.0912260856615387e-10,0.5,0.34271638095378876,0.30250014504417777
a_4_positive_03,feasibility,4,2,-0.9999999999894633,0.9999999999947315,0.3950525533266871,0.39505255332876843,0.5475575956511578,2.6163646560532886e-12,0.75,0.5609058579429984,0.41469575418159366
a_4_positive_03,feasibility,4,3,-0.9999999999891318,0.9999999999945659,0.3006214199359862,0.30062141993761976,0.6397638793617654,7.838145309882687e-13,0.75,0.8924058177508414,0.5761000947095454
a_4_positive_03,feasibility,4,4,-0.99999999998692,0.99999999999346,0.1916151313229261,0.19161513132417926,0.4905397214499239,0.0005050534531141089,1.0,0.9708040752448142,0.715100446715951
a_4_positive_03,feasibility,4,5,-0.9999999999676963,0.9999999999838485,0.19643482497769174,0.19643482498086445,0.5210132631742814,3.9297910526654955e-05,0.75,1.20419698394835,0.8790758615359664
a_4_positive_03,feasibility,4,6,-0.9999999999940807,0.9999999999970405,0.32004008049487304,0.3200400804958202,0.7374296600702968,0.002262459559320004,1.0,1.4071419811807573,1.049463663250208
a_4_positive_03,feasibility,4,7,-0.9999999999671267,0.9999999999835634,0.1162257516464237,0.11622575164833406,0.6947017110190118,0.0001478859864985675,1.0,1.814257302787155,1.2040924816392362
a_4_positive_03,feasibility,4,8,-0.9999999999898481,0.9999999999949241,0.06009277065919412,0.060092770659499146,0.7000283754215072,0.009479216654999857,1.0,1.8727238150313497,1.3503243089653552
a_4_positive_03,fidelity,4,1,0.1432372552591723,0.885404665343223,0.8567627447408277,0.9676510394359709,0.96713565296745,0.09676068773905783,1.0,0.0002792081795632839,0.30939665576443076
a_4_positive_03,fidelity,4,2,1.7214850656088743e-09,0.9999999987219911,0.9999999982785149,0.9999999995565239,0.9999999996718886,0.1249966584713534,1.0,0.0003803619183599949,0.3981524920091033
a_4_positive_03,lambda_0.5,4,1,0.12037230668927473,0.9280464465234697,0.8381767427951011,0.9031624935745112,0.8991496155632254,0.07424433880160929,1.0,0.00033038295805454254,0.3060883111320436
a_4_positive_03,lambda_0.5,4,2,1.2382133651733795e-09,0.9999999994625983,0.9999999980609752,0.9999999985983768,0.9999999990682656,0.12499173826108376,1.0,0.0004001581110060215,0.3844334469176829
a_4_positive_03,lambda_1,4,1,0.14670252121548266,0.8801905448660405,0.8565195223786262,0.9731069339184768,0.9727820406541208,0.0994013526216501,1.0,0.0003400850109755993,0.29835425643250346
a_4_positive_03,lambda_1,4,2,5.45631539949909e-10,0.9999999997178803,0.9999999994543685,0.9999999997364881,0.9999999998411938,0.12499637351986083,1.0,0.0004958100616931915,0.3984057977795601
a_4_positive_03,lambda_2,4,1,0.15958254733187316,0.8525556923715518,0.8473814296942891,0.9939308801482875,0.9940026630853872,0.11327831315211365,1.0,0.00027312198653817177,0.2914735865779221
a_4_positive_03,lambda_2,4,2,6.182306888646849e-10,0.9999999994293136,0.9999999994055415,0.9999999999762279,0.9999999999899797,0.12499920232783358,1.0,0.0004152730107307434,0.39797137724235654
a_4_quadratic_01,feasibility,4,1,-0.9999999999492613,0.9999999999746305,0.054263526242328775,0.05426352624370541,0.6630959687366482,5.4100835973811724e-11,0.8333333333333334,0.4890355779789388,0.3599109319038689
a_4_quadratic_01,feasibility,4,2,-0.9999999999470313,0.9999999999735156,0.17716230289634813,0.17716230290104015,0.8051041504656788,0.01299983569078732,1.0,0.8522681277245283,0.6447340147569776
a_4_quadratic_01,feasibility,4,3,-0.9999999999676741,0.9999999999838369,0.25186700820805347,0.25186700821212443,0.8241247725459272,0.017569392353050352,1.0,1.2316217888146639,0.9991602650843561
a_4_quadratic_01,feasibility,4,4,-0.9999999999715885,0.9999999999857943,0.012279974987095946,0.012279974987270391,0.8468584488994961,0.002074379292760955,1.0,1.59677615435794,1.2815550244413316
a_4_quadratic_01,feasibility,4,5,-0.9999999999897777,0.9999999999948889,0.052071710877761364,0.05207171087802751,0.8367689284101526,9.362456622754902e-05,1.0,1.9942166530527174,1.564201569184661
a_4_quadratic_01,feasibility,4,6,-0.9999999999925844,0.9999999999962921,0.10443763703860608,0.10443763703899332,0.8599959104723117,6.115131590298744e-05,0.9166666666666666,2.565488407853991,1.8157504717819393
a_4_quadratic_01,feasibility,4,7,-0.9999999999810703,0.9999999999905351,0.225654938218397,0.22565493822053279,0.8865136114417019,0.008512317487308364,1.0,3.021485391072929,2.125859744846821
a_4_quadratic_01,feasibility,4,8,-0.9999999999830489,0.9999999999915244,0.012994833831055888,0.012994833831166026,0.8861683465063951,0.011720346844526839,1.0,3.458797962870449,2.4306106343865395
a_4_quadratic_01,fidelity,4,1,0.028595479235248723,0.99999999997411,0.9714045207647514,0.971404520789901,0.9763003098248002,0.062499759809961045,1.0,0.00027642305940389633,0.3684563133865595
a_4_quadratic_01,fidelity,4,2,0.000926214169597724,0.999815834589779,0.9990737858304023,0.9992578145557365,0.9996543207322924,0.07785992573775188,1.0,0.00038064131513237953,0.6636731033213437
a_4_quadratic_01,lambda_0.5,4,1,0.014297739636708162,0.9999999999796055,0.9714045207475612,0.9714045207673725,0.9763003098378905,0.062499602615605915,1.0,0.0005155941471457481,0.3950088508427143
a_4_quadratic_01,lambda_0.5,4,2,0.0009239876257525759,0.9998651428495411,0.9982870947387283,0.9984217390494128,0.9992025246259783,0.07352707605133986,1.0,0.0003666379489004612,0.672182540409267
a_4_quadratic_01,lambda_0.5,4,3,8.932622267304735e-05,0.9999960027317781,0.9998253455050411,0.9998293420910975,0.9999178580532219,0.07977439737445349,1.0,0.0005559711717069149,1.0098014823161066
a_4_quadratic_01,lambda_1,4,1,0.02859547923488326,0.9999999999720988,0.9714045207659145,0.971404520793018,0.9763003098260887,0.06249974764390103,1.0,0.00030339090153574944,0.3831457612104714
a_4_quadratic_01,lambda_1,4,2,0.0017836464353935266,0.9996444078112715,0.9982168613695417,0.998571945753335,0.999182669123884,0.07274327406411253,1.0,0.000902669969946146,0.671514140907675
a_4_quadratic_01,lambda_1,4,3,0.00027871633066645085,0.9999146209015507,0.9997213001762922,0.999806662767783,0.9998830312960398,0.08018437382741718,1.0,0.0004992098547518253,1.0121783884242177
a_4_quadratic_01,lambda_2,4,1,0.05719095843230981,0.9999999999650218,0.9714045207673562,0.9714045208013342,0.9763003097964039,0.06249987358314693,1.0,0.0003287307918071747,0.3810464469715953
a_4_quadratic_01,lambda_2,4,2,0.0028893942789532945,0.9996793794283357,0.9983954043755384,0.9987156131463555,0.9995891043498211,0.07910160722422903,1.0,0.0003972230479121208,0.6522165811620653
a_4_quadratic_01,lambda_2,4,3,0.0004148270862179837,0.9998577903560667,0.999721501019339,0.9998636912788575,0.9999414490412565,0.08112135679783611,1.0,0.00048288004472851753,1.0059696519747376
a_4_quadratic_02,feasibility,4,1,-0.9999999999558922,0.9999999999779461,0.11863053229092062,0.11863053229353689,0.7800393832497041,3.2367580107580268e-12,0.8333333333333334,0.49050484830513597,0.38878805097192526
a_4_quadratic_02,feasibility,4,2,-0.9999999999373246,0.9999999999686624,0.2954609984254451,0.29546099843470414,0.8769699941713299,0.012927005491659475,1.0,0.8522105771116912,0.6898704823106527
a_4_quadratic_02,feasibility,4,3,-0.9999999999815574,0.9999999999907786,0.022012446261515137,0.022012446261718124,0.7926177395153344,0.002510119632917235,1.0,1.20058676879853,1.0092386710457504
a_4_quadratic_02,feasibility,4,4,-0.9999999999802862,0.9999999999901431,0.14487632027136704,0.14487632027279507,0.8703906935085478,0.005007199258910415,1.0,1.5874701929278672,1.274708051700145
a_4_quadratic_02,feasibility,4,5,-0.9999999999845575,0.9999999999922787,0.014558823218224493,0.014558823218336904,0.7656992675776483,0.0036173079869081725,1.0,1.9559281887486577,1.589856477919966
a_4_quadratic_02,feasibility,4,6,-0.999999999995669,0.9999999999978345,0.05431730931632155,0.054317309316439175,0.7827499081495718,0.000323090543515534,1.0,2.508687464054674,1.8766287751495838
a_4_quadratic_02,feasibility,4,7,-0.9999999999942539,0.999999999997127,0.2193304630568895,0.21933046305751963,0.7500381722078314,2.3222356808252946e-05,0.9166666666666666,2.9641828648746014,2.149104645010084
a_4_quadratic_02,feasibility,4,8,-0.9999999999967171,0.9999999999983586,0.11859556388713756,0.11859556388733222,0.7037508256673612,0.00041461668062083755,1.0,3.4707113970071077,2.4079827768728137
a_4_quadratic_02,fidelity,4,1,0.02859547923531445,0.9999999999738594,0.9714045207646856,0.9714045207900788,0.9763003098248914,0.06249975996846066,1.0,0.00034744106233119965,0.40022336691617966
a_4_quadratic_02,fidelity,4,2,0.0008112627647337001,0.9998265618009768,0.9991887372352664,0.9993620647919559,0.9996105252962721,0.07799132974035221,1.0,0.00043743476271629333,0.6768655371852219
a_4_quadratic_02,lambda_0.5,4,1,0.014297739636712048,0.9999999999796525,0.9714045207475052,0.9714045207672708,0.9763003098379307,0.062499601512499066,1.0,0.0005082688294351101,0.3861126112751663
a_4_quadratic_02,lambda_0.5,4,2,0.000580194540856227,0.9999150653771376,0.9989246296705786,0.9990094801640123,0.9994670255645673,0.07697475088542252,1.0,0.0003939419984817505,0.7092356439679861
a_4_quadratic_02,lambda_0.5,4,3,9.001631191424275e-05,0.9999888490574529,0.999831120077565,0.9998422692612657,0.9998893106668029,0.07943619581777821,1.0,0.0010616309009492397,1.0157754579558969
a_4_quadratic_02,lambda_1,4,1,0.028595479234864274,0.999999999972224,0.97140452076593,0.9714045207929117,0.9763003098260673,0.06249974754223797,1.0,0.00034360820427536964,0.38860965240746737
a_4_quadratic_02,lambda_1,4,2,0.0007529082218542538,0.9998788360088294,0.999247168322798,0.9993682557693162,0.9998119925716685,0.07988600930167765,1.0,0.0004110303707420826,0.7202890468761325
a_4_quadratic_02,lambda_2,4,1,0.05719095843224731,0.9999999999653569,0.9714045207675454,0.9714045208011978,0.9763003097960152,0.06249986871165566,1.0,0.0004064347594976425,0.40147685585543513
a_4_quadratic_02,lambda_2,4,2,0.001908321004155611,0.9996124418963629,0.9988523551380967,0.9992396185497409,0.9995860661700702,0.079913986321757,1.0,0.0006024129688739777,0.7222754503600299
a_4_quadratic_02,lambda_2,4,3,6.47876883435039e-05,0.9999789656482067,0.9999570894400932,0.999978123331725,0.9999901216219833,0.08246907055887936,1.0,0.0006166137754917145,1.024292774964124
a_5_equality_01,feasibility,5,1,-0.9893695519501486,0.9946847759750744,0.6628331128644765,0.6663750455160141,0.6411871035618258,0.0016871844850178742,1.0,1.362540545873344,1.099675421603024
a_5_equality_01,feasibility,5,2,-0.9999282908220397,0.99996414541102,0.5918860114268457,0.5919072340174357,0.6309526805118107,1.8659639432811694e-06,0.6666666666666666,2.460170991253108,2.152106099296361
a_5_equality_01,feasibility,5,3,-0.9999996369473056,0.9999998184736528,0.3333332317086692,0.3333332922174441,3.5715045501101386e-08,7.181043774881229e-10,0.3333333333333333,3.771484103053808,3.2041036020964384
a_5_equality_01,feasibility,5,4,-0.999999999628755,0.9999999998143775,0.2813275735319864,0.2813275735842071,0.05235006483801198,6.177145925662909e-13,0.6666666666666666,5.406801484059542,4.332734229043126
a_5_equality_01,feasibility,5,5,-0.9999999984946284,0.9999999992473142,0.19658232224224795,0.19658232239021267,0.18104000606282114,3.820065205674237e-10,0.6666666666666666,6.738645913079381,5.604921982623637
a_5_equality_01,feasibility,5,6,-0.9999999994306636,0.9999999997153318,0.10555483535940946,0.10555483538945756,0.3970601738783433,4.132899513313017e-12,0.6666666666666666,8.799388688988984,6.826283768750727
a_5_equality_01,feasibility,5,7,-0.999999999782383,0.9999999998911915,0.1687884550829343,0.16878845510129992,0.34662409932277716,2.2424209178469014e-13,0.6666666666666666,10.45969209400937,7.991977770347148
a_5_equality_01,feasibility,5,8,-0.9999999995868034,0.9999999997934017,0.23057263178843146,0.23057263183606738,0.3810624528339898,0.005869588556716096,1.0,12.713621818926185,9.235425078775734
a_5_equality_01,fidelity,5,1,0.12700030668580162,0.8878637424125783,0.8729996933141986,0.9832586371215138,0.9690349583474515,0.2702391118803041,1.0,0.0006757089868187904,1.1454817452467978
a_5_equality_01,fidelity,5,2,0.0010847758177143598,0.9997011838815457,0.9989152241822857,0.9992138053731132,0.9985740179230962,0.3091049464585899,1.0,0.0010610311292111874,2.173691036645323
a_5_equality_01,fidelity,5,3,8.140474080949495e-06,0.9999943075580275,0.9999918595259193,0.9999975519539563,0.9999956080320073,0.3320381990714671,1.0,0.0012710620649158955,3.2647710838355124
a_5_equality_01,lambda_0.5,5,1,0.13898974980970752,0.868951777252074,0.8551501691432128,0.9841169458764368,0.9709121687062292,0.27199270509537815,1.0,0.0007507479749619961,1.144158755429089
a_5_equality_01,lambda_0.5,5,2,0.009828564471240253,0.9932831550031419,0.9871015179291435,0.9937765610512354,0.9891807297339027,0.2923530693062365,1.0,0.0014655119739472866,2.199533869512379
a_5_equality_01,lambda_0.5,5,3,0.0001514391348654276,0.9998546379744884,0.9998424855225427,0.9999878457812925,0.9999853804994423,0.3306731752200695,1.0,0.0016132541932165623,3.298599535599351
a_5_equality_01,lambda_1,5,1,0.15799054452779615,0.848894701036476,0.8430498525616305,0.9931147544357278,0.9874429027560594,0.29254979115583923,1.0,0.0006349030882120132,1.1481990870088339
a_5_equality_01,lambda_1,5,2,0.00915148146747502,0.9914044004167324,0.9908532966706177,0.9994441181157931,0.9990120943820809,0.31156944078431453,1.0,0.0009292159229516983,2.186075310688466
a_5_equality_01,lambda_1,5,3,0.00018204158498269507,0.9998817044921395,0.9998179659558919,0.9999362539228778,0.9998847255012052,0.3293487297671334,1.0,4.0561934588477015,3.0521422452293336
a_5_equality_01,lambda_2,5,1,0.1836425988210919,0.8234648367433721,0.8205384751099944,0.996446282217768,0.993642747877988,0.303957433236372,1.0,1.2417116817086935,1.1202780972234905
a_5_equality_01,lambda_2,5,2,0.01891397750646384,0.9813941179975961,0.981242936439863,0.9998459522479699,0.9997202444118914,0.32415614868978443,1.0,2.4703416656702757,2.136654811911285
a_5_equality_01,lambda_2,5,3,0.00025044885402425443,0.999750760071771,0.9997501557595297,0.9999993955371025,0.9999994963088139,0.33286583753091237,1.0,0.0012902049347758293,3.206640745513141
a_5_equality_02,feasibility,5,1,-0.999987603303216,0.999993801651608,0.9428758443043755,0.942881688613574,0.9462248010070388,0.2431524922794011,1.0,1.351239356212318,1.1310919332318008
a_5_equality_02,feasibility,5,2,-0.9999999558359656,0.9999999779179827,0.9642789289479318,0.9642789502411563,0.9383938366405429,0.17614275657700842,1.0,2.4618946448899806,2.113922552205622
a_5_equality_02,feasibility,5,3,-0.999999552947052,0.999999776473526,0.9017001146453997,0.9017003161992919,0.8922463020392618,0.1352785584944704,1.0,3.8374048550613225,3.24071103008464
a_5_equality_02,feasibility,5,4,-0.9999999988643746,0.9999999994321873,0.7717135293291396,0.7717135297673283,0.7394534606419476,0.1272247578189216,1.0,5.427109070122242,4.30095950094983
a_5_equality_02,feasibility,5,5,-0.9999999989957336,0.9999999994978668,0.4279821723858121,0.4279821726007162,0.6146173156633158,0.02519859073722024,1.0,6.791433399077505,5.627018115948886
a_5_equality_02,feasibility,5,6,-0.999999999599634,0.999999999799817,0.38930167041085223,0.3893016704887838,0.6662060697451925,0.05948331796291015,1.0,8.738380277063698,6.800146997440606
a_5_equality_02,feasibility,5,7,-0.999999999394841,0.9999999996974204,0.5020122628991226,0.5020122630510213,0.6962811017477216,0.026808097087722364,1.0,10.604096623137593,7.947285288013518
a_5_equality_02,feasibility,5,8,-0.999999999463149,0.9999999997315745,0.49281132717434795,0.4928113273066311,0.715797347724997,0.026993338068876604,1.0,12.595269772224128,9.157639783807099
a_5_equality_02,fidelity,5,1,0.028611374583337457,0.9999264002544059,0.9713886254166626,0.9714601246346904,0.9464998799621585,0.2500191130937872,1.0,0.000685984268784523,1.145709049422294
a_5_equality_02,fidelity,5,2,7.516430249978241e-05,0.999955512813717,0.9999248356975006,0.9999693215189843,0.999999867772444,0.33318473350157585,1.0,0.0009988071396946907,2.128784296102822
a_5_equality_02,lambda_0.5,5,1,0.014326146409490148,0.9999667952730115,0.9713818610944608,0.9714141166349964,0.9464129706185608,0.24950973692025777,1.0,0.0005985316820442677,1.145564912352711
a_5_equality_02,lambda_0.5,5,2,0.00016216508636268667,0.999860032373227,0.9998156436678994,0.999955605080821,0.9999959694116525,0.3320519715930564,1.0,0.0009386460296809673,2.1194333862513304
a_5_equality_02,lambda_1,5,1,0.028734284740955962,0.9995889144220164,0.9712773585177427,0.971676800837028,0.9469106237183222,0.24955593077588226,1.0,0.00063280388712883,1.1509859268553555
a_5_equality_02,lambda_1,5,2,0.0001835409771125951,0.9998581394870835,0.9998164649356994,0.9999583195358039,0.9999782045808734,0.33027294568256743,1.0,0.0009712469764053822,2.129684836603701
a_5_equality_02,lambda_2,5,1,0.03396522253181089,0.9699169514307024,0.9680342582633802,0.9980589130187434,0.9965056191213331,0.2924826340173548,1.0,0.0006587980315089226,1.142715041525662
a_5_equality_02,lambda_2,5,2,0.0005464260062333359,0.9994658983947131,0.9994597394854811,0.9999938377995268,0.9999917683101067,0.33190909601383534,1.0,0.001293625682592392,2.121633239556104
a_5_equality_03,feasibility,5,1,-0.987903819059587,0.9939519095297936,0.6686257903527406,0.6726943063764984,0.9508221908927643,0.24725910929905115,1.0,1.4072589189745486,1.1053860820829868
a_5_equality_03,feasibility,5,2,-0.9999999342276857,0.9999999671138429,0.497764261665605,0.49776427803515927,0.5731062431400611,0.008161342073467045,1.0,2.5325390021316707,2.140450236853212
a_5_equality_03,feasibility,5,3,-0.9999999995838922,0.9999999997919461,0.6127949938117342,0.6127949939392285,0.754732762898629,0.05576377508340895,1.0,3.879194493871182,3.25032159127295
a_5_equality_03,feasibility,5,4,-0.9999999991538346,0.9999999995769173,0.27371355230163275,0.2737135524174362,0.832580469593153,0.08251229968286398,1.0,5.411406120751053,4.248870987910777
a_5_equality_03,feasibility,5,5,-0.9999999997607949,0.9999999998803976,0.3052008769965468,0.30520087703304954,0.8348229597930324,0.09226153234808025,1.0,6.747981456108391,5.470977815799415
a_5_equality_03,feasibility,5,6,-0.9999999995403055,0.9999999997701527,0.01812682104676996,0.01812682105093636,0.8439376040264532,0.08949295615645532,1.0,8.754555504769087,6.605780408717692
a_5_equality_03,feasibility,5,7,-0.9999999997043196,0.9999999998521598,0.23285264146908613,0.23285264150351112,0.9864802750000113,0.2657689276631013,1.0,10.532201847992837,7.8860703045502305
a_5_equality_03,feasibility,5,8,-0.9999999998312945,0.9999999999156473,0.14585351968783747,0.14585351970014063,0.613827329058891,0.026710860309494763,1.0,12.564124518074095,9.183191873598844
a_5_equality_03,fidelity,5,1,0.05696842866837202,0.943031571331628,0.9430315713316281,1.0,1.0,0.33333333333333326,1.0,0.0005567171610891819,1.0995536264963448
a_5_equality_03,fidelity,5,2,4.9957759273466795e-05,0.9999590431498859,0.9999500422407267,0.9999909987221768,0.9999838332313812,0.33104154409528086,1.0,0.001018674112856388,2.1041956143453717
a_5_equality_03,lambda_0.5,5,1,0.05696842866837254,0.9430315713316275,0.9430315713316276,1.0,0.9999999999999998,0.3333333333333332,1.0,0.0006078849546611309,1.1046238550916314
a_5_equality_03,lambda_0.5,5,2,0.00019904067489873167,0.99980295728865,0.9997989621489213,0.999996004072903,0.9999930693077649,0.33149466081189866,1.0,0.0008965218439698219,2.1479600509628654
a_5_equality_03,lambda_1,5,1,0.056968428668372706,0.9430315713316273,0.9430315713316276,1.0,1.0,0.33333333333333326,1.0,0.0005601178854703903,1.107525928877294
a_5_equality_03,lambda_1,5,2,0.0002264130730496028,0.9998135441252259,0.9997735943772047,0.9999600428017243,0.9999472318088581,0.32829648856926746,1.0,0.0009241229854524136,2.149068458005786
a_5_equality_03,lambda_2,5,1,0.056968428668372484,0.9430315713316275,0.9430315713316276,1.0,0.9999999999999998,0.3333333333333332,1.0,0.0005109719932079315,1.1300319591537118
a_5_equality_03,lambda_2,5,2,0.0004781204651091997,0.9995501381209984,0.9995360151841745,0.9999858707069458,0.9999785133783937,0.33012433467961927,1.0,0.0008549727499485016,2.1733504398725927
a_5_mixed_01,feasibility,5,1,-0.9999993568662375,0.9999996784331187,2.7072013152022763e-05,2.7072021857488402e-05,0.8794024090380482,0.0014537615553853972,1.0,1.377632622141391,1.095984747633338
a_5_mixed_01,feasibility,5,2,-0.9999999999175531,0.9999999999587766,0.016439165863976535,0.01643916586465421,0.9037671082403518,0.0028897938196866904,1.0,2.4261969309300184,2.1403800421394408
a_5_mixed_01,feasibility,5,3,-0.9999999999496363,0.9999999999748181,0.05158419557101711,0.0515841955723161,0.9071446914257043,0.004280605524420365,1.0,3.7755392864346504,3.2357441834174097
a_5_mixed_01,feasibility,5,4,-0.9999999999568159,0.9999999999784078,0.14056606728597948,0.1405660672890146,0.8872084862068017,0.004423420172818189,1.0,5.30821801815182,4.381190647371113
a_5_mixed_01,feasibility,5,5,-0.9999999999798899,0.9999999999899448,0.029081031993291005,0.02908103199358342,0.859261197062353,0.0013248252129680533,1.0,6.705289335921407,5.602190292440355
a_5_mixed_01,feasibility,5,6,-0.9999999999574116,0.9999999999787057,0.055212247185949456,0.05521224718712516,0.7880366873930919,0.00017792625439578828,1.0,8.940265310928226,6.740778652951121
a_5_mixed_01,feasibility,5,7,-0.9999999999906151,0.9999999999953074,0.0112577856126307,0.011257785612683528,0.7518498684071704,0.000584089822702026,1.0,10.571978390216827,7.99034089082852
a_5_mixed_01,feasibility,5,8,-0.9999999999939773,0.9999999999969887,0.014544722180709402,0.0145447221807532,0.6440236181512926,0.00010062153440050974,1.0,12.406962550245225,8.946771881077439
a_5_mixed_01,fidelity,5,1,0.04691619902087816,0.9999988572267334,0.9530838009791218,0.9530848901390551,0.9671601865235073,0.031249082507109085,1.0,0.0007799379527568817,1.1498505021445453
a_5_mixed_01,fidelity,5,2,0.00040615495553224305,0.9997465385033691,0.9995938450444682,0.9998472678293745,0.9999371100344231,0.04174557477886171,1.0,0.0010012942366302013,2.177961348555982
a_5_mixed_01,lambda_0.5,5,1,0.02345826168564924,0.9999996983234558,0.9530837924586784,0.9530840799817899,0.9671591683419072,0.03124865100143519,1.0,0.0005783853121101856,1.1246796203777194
a_5_mixed_01,lambda_0.5,5,2,0.001758981465454168,0.999412927786891,0.9970704852729174,0.9976561814953098,0.9993342579534518,0.039285178022616725,1.0,0.001542897429317236,2.2112317234277725
a_5_mixed_01,lambda_0.5,5,3,3.452603781650687e-06,0.9999995241318311,0.9999935706634383,0.9999940465287741,0.9999972380068177,0.04297297698250649,1.0,0.0015446473844349384,3.320530714467168
a_5_mixed_01,lambda_1,5,1,0.04691593183212117,0.9999994455882625,0.9530840941783146,0.9530846225796162,0.9671592074870003,0.031249160825780244,1.0,0.0006245509721338749,1.1428132643923163
a_5_mixed_01,lambda_1,5,2,0.0019510229603582063,0.9991523020841571,0.998049912325983,0.9988966749554852,0.9996677150378565,0.03987443275765569,1.0,0.0009664744138717651,2.160156820435077
a_5_mixed_01,lambda_1,5,3,2.133069091803108e-06,0.9999997704126394,0.9999978669313454,0.999998096518269,0.9999995581811809,0.043346154722358914,1.0,0.0013116439804434776,3.273743792437017
a_5_mixed_01,lambda_2,5,1,0.0916624960118646,0.9797388583809752,0.9447615176611271,0.9642993228035802,0.9850992149779855,0.026794520973206733,1.0,0.0005910578183829784,1.128332998137921
a_5_mixed_01,lambda_2,5,2,0.00509631560493129,0.9986667265496825,0.9967877140544743,0.9981184789226932,0.9991577254747457,0.03771123348438429,1.0,0.001029487233608961,2.1490032002329826
a_5_mixed_01,lambda_2,5,3,1.163800101466883e-05,0.9999908496450787,0.9999896058334137,0.9999987561769536,0.9999996140888214,0.04335514086292099,1.0,0.0013804128393530846,3.3134172088466585
a_5_mixed_02,feasibility,5,1,-0.9998455211236752,0.9999227605618376,0.4373082642968379,0.43734204435062835,0.6220902558213898,0.0005176102457036357,1.0,1.3606272698380053,1.1176066012121737
a_5_mixed_02,feasibility,5,2,-0.9999999968296815,0.9999999984148409,0.12800776017230697,0.12800776037521963,0.5925776470641131,1.0795740193516019e-10,0.8181818181818182,2.5704287090338767,2.1983833336271346
a_5_mixed_02,feasibility,5,3,-0.9999999999479348,0.9999999999739675,0.14041694284182735,0.14041694284548276,0.679777147997767,1.7682122824485286e-13,0.9090909090909091,3.876273096073419,3.280334881041199
a_5_mixed_02,feasibility,5,4,-0.9999999998291411,0.9999999999145706,0.08818944409842931,0.08818944410596329,0.5216586489292612,1.690193496795068e-13,0.9090909090909091,5.392514126840979,4.2969273454509676
a_5_mixed_02,feasibility,5,5,-0.9999999996743649,0.9999999998371825,0.14123299216354337,0.1412329921865386,0.679355581043838,1.071938753612802e-14,0.9090909090909091,6.7044137748889625,5.553227248135954
a_5_mixed_02,feasibility,5,6,-0.9999999999332063,0.9999999999666033,0.06555099153390341,0.0655509915360926,0.6109176337083534,2.591342312981953e-13,0.9090909090909091,8.752360117156059,6.714424668811262
a_5_mixed_02,feasibility,5,7,-0.9999999996757252,0.9999999998378627,0.0384939402905781,0.03849394029681941,0.5739336228750981,0.0036451793115500368,1.0,10.665923956315964,8.038643371779472
a_5_mixed_02,feasibility,5,8,-0.9999999998616054,0.9999999999308026,0.09285347678567715,0.09285347679210237,0.28635613803241083,0.0007188241182999993,1.0,12.68629246018827,9.198750341776758
a_5_mixed_02,fidelity,5,1,0.12541001151008657,0.9636500415770111,0.8745899884899134,0.9075805020032469,0.9755008435445287,0.03914917743013914,1.0,0.0005388869903981686,1.0939358407631516
a_5_mixed_02,fidelity,5,2,0.00289119576808662,0.9976981717678212,0.997108804231914,0.9994092727113423,0.9999488211715679,0.08885574313899225,1.0,0.0009166933596134186,2.166202811524272
a_5_mixed_02,fidelity,5,3,7.320635136927954e-06,0.9999932015834931,0.9999926793648634,0.99999947777782,0.9999997462276534,0.09068049883937623,1.0,0.0015698508359491825,3.3211194830946624
a_5_mixed_02,lambda_0.5,5,1,0.07573689788103,0.9847500506108937,0.865620999433453,0.8790261030161527,0.9595241998645676,0.01795803178537241,1.0,0.0005771941505372524,1.1440495229326189
a_5_mixed_02,lambda_0.5,5,2,0.0017921074933671677,0.9987936127678128,0.9976235854563421,0.9988285594776399,0.9995190694993283,0.08484640975551942,1.0,0.001379572320729494,2.211727032903582
a_5_mixed_02,lambda_0.5,5,3,1.6789624052993002e-05,0.9999871056811803,0.9999793151711684,0.9999922093895335,0.999995304511585,0.0902200981480246,1.0,0.0014973203651607037,3.304843656718731
a_5_mixed_02,lambda_1,5,1,0.13021358162389318,0.9650548120563476,0.8731155902983527,0.9047316063197592,0.9703442969002556,0.037382385602439464,1.0,0.0006995559670031071,1.1481876280158758
a_5_mixed_02,lambda_1,5,2,0.003870792876137563,0.9969023693960467,0.9961316020949783,0.9992268377278155,0.999627414098686,0.08523374359218991,1.0,0.0008946480229496956,2.2181613901630044
a_5_mixed_02,lambda_1,5,3,3.5306527632839035e-05,0.9999722223090239,0.9999646936815005,0.9999924711633429,0.9999975316703963,0.0903654094327986,1.0,0.0014369362033903599,3.3289582547731698
a_5_mixed_02,lambda_2,5,1,0.1952169394014147,0.854893666706942,0.8334740468085023,0.9749446969458222,0.9905284834064493,0.07489957367204235,1.0,0.0005261977203190327,1.1363814938813448
a_5_mixed_02,lambda_2,5,2,0.002777167519591228,0.9975986634497325,0.9974111992133922,0.999812084515338,0.9999031412660906,0.08783878375063096,1.0,0.0009438330307602882,2.2297450243495405
a_5_mixed_02,lambda_2,5,3,0.00014360764178622532,0.9998653007501078,0.9998608471541377,0.999995545804053,0.999997429703855,0.09033608169538575,1.0,0.0013764048926532269,3.3126175701618195
a_5_positive_01,feasibility,5,1,-0.9999996109055878,0.9999998054527939,0.42137353002322075,0.42137361200027973,0.8362169717555953,1.2021151625222733e-08,0.7857142857142857,0.8685287716798484,0.7448675106279552
a_5_positive_01,feasibility,5,2,-0.9999999998867426,0.9999999999433713,0.004159400556297294,0.004159400556532836,0.6634020602994455,2.564095511810174e-12,0.8571428571428571,1.5979864848777652,1.4412320666015148
a_5_positive_01,feasibility,5,3,-0.99999999998614,0.9999999999930701,0.05218145188929035,0.05218145188965197,0.8222277716360533,1.3967080050879483e-14,0.8571428571428571,2.3867854396812618,2.06346933869645
a_5_positive_01,feasibility,5,4,-0.9999999997401852,0.9999999998700925,0.10514697868332187,0.10514697869698125,0.7215844717147751,1.4986040650812166e-13,0.8571428571428571,3.3263545189984143,2.7207580097019672
a_5_positive_01,feasibility,5,5,-0.9999999999012912,0.9999999999506456,0.07850919865460668,0.07850919865848145,0.7821535568461094,9.32737728405626e-14,0.8571428571428571,4.3322201310656965,3.4792379229329526
a_5_positive_01,feasibility,5,6,-0.9999999998846536,0.9999999999423267,0.06282330271759104,0.06282330272121427,0.7318762418603201,4.608890677203136e-14,0.8571428571428571,5.478803674224764,4.186060070991516
a_5_positive_01,feasibility,5,7,-0.9999999999177627,0.9999999999588814,0.024921542382398798,0.024921542383423537,0.6518841270235346,0.0013118178612177508,1.0,6.30141121102497,4.977395858615637
a_5_positive_01,feasibility,5,8,-0.9999999999600995,0.9999999999800496,0.05566069300122412,0.055660693002334574,0.7141148225667634,3.196006624422501e-12,0.8571428571428571,7.240185495000333,5.664629179053009
a_5_positive_01,fidelity,5,1,0.13184919042986165,0.922173078996414,0.8681508095701383,0.9414185138812909,0.9540795688909856,0.03277958273941629,1.0,0.0009873737581074238,0.8173027508892119
a_5_positive_01,fidelity,5,2,0.006529240551775577,0.9973130706568949,0.9934707594482243,0.9961473369579527,0.9990385926897033,0.06571721050785502,1.0,0.0007878132164478302,1.4795817537233233
a_5_positive_01,fidelity,5,3,0.0001285925030281576,0.9999257344042305,0.9998714074969717,0.9999456690578213,0.999969043707083,0.06961002192192522,1.0,0.0010117939673364162,2.0869027376174927
a_5_positive_01,lambda_0.5,5,1,0.09367410713801494,0.9675202009554228,0.849106742427641,0.8776113838131245,0.911406022201903,0.011952411502946608,1.0,0.0004740441218018532,0.8041583993472159
a_5_positive_01,lambda_0.5,5,2,0.008588466324918997,0.9952824265861177,0.9875771632070147,0.9922582141779269,0.9962795133604441,0.04883637217067171,1.0,0.0007802429609000683,1.4659262676723301
a_5_positive_01,lambda_0.5,5,3,0.0005732322306011839,0.9995719871220722,0.9992816727282315,0.9997095612946533,0.9998374921141006,0.06854239505166244,1.0,0.0014759749174118042,2.103227799758315
a_5_positive_01,lambda_1,5,1,0.13640103183350183,0.9203943591451775,0.8681202016629559,0.9432046090213204,0.9554465155143314,0.03371465918500952,1.0,0.0004788888618350029,0.7969798627309501
a_5_positive_01,lambda_1,5,2,0.009140347000051174,0.9932345364526337,0.9908757201873776,0.9976251165473154,0.9993135056992197,0.06179432278193242,1.0,0.0007700282149016857,1.469201823696494
a_5_positive_01,lambda_1,5,3,0.00016599586523080578,0.9999140629517714,0.9998340110147879,0.999919941182998,0.9999719012259494,0.06974704843405564,1.0,0.0008680517785251141,2.097227418795228
a_5_positive_01,lambda_2,5,1,0.17190737006133516,0.8724051541723947,0.8530759169044472,0.9778437378831351,0.9841657369252352,0.04893598789512505,1.0,0.0005196188576519489,0.8007082371041179
a_5_positive_01,lambda_2,5,2,0.01368318252737033,0.9889734173567815,0.9876597640237923,0.9986717000579246,0.9995823176964402,0.06638043675015426,1.0,0.000729723833501339,1.4741140040569007
a_5_positive_01,lambda_2,5,3,0.00047162156380964326,0.9995898168684769,0.9995591102528378,0.9999692807838566,0.999993435707794,0.07051057173208293,1.0,0.0009908243082463741,2.111932153813541
a_5_positive_02,feasibility,5,1,-0.9999913114577992,0.9999956557288996,0.632743805594163,0.6327465544167332,0.9084255081730199,3.02108778755558e-06,0.9090909090909091,1.4046051912009716,1.0795247643254697
a_5_positive_02,feasibility,5,2,-0.9999999992567581,0.9999999996283788,0.16841857307949357,0.16841857314208147,0.8550570917773596,5.552741045223959e-13,0.9090909090909091,2.454455257859081,2.147073714528233
a_5_positive_02,feasibility,5,3,-0.9999999998912013,0.9999999999456007,0.09239568763754655,0.0923956876425728,0.7042560381736002,5.366822227947879e-13,0.9090909090909091,3.7973591941408813,3.2131929374299943
a_5_positive_02,feasibility,5,4,-0.999999999946934,0.9999999999734669,0.07746414570290609,0.07746414570496146,0.5546547626829442,1.0351968416857502e-13,0.9090909090909091,5.4465073039755225,4.300981443375349
a_5_positive_02,feasibility,5,5,-0.9999999997897768,0.9999999998948885,0.26622792960142716,0.2662279296294108,0.811810894089816,5.3393731003561667e-14,0.9090909090909091,6.744008308742195,5.5532103683799505
a_5_positive_02,feasibility,5,6,-0.999999999986076,0.9999999999930379,0.25256183535157517,0.25256183535333354,0.5997157428717225,1.2385597140225664e-12,0.9090909090909091,8.606913869269192,6.707004604395479
a_5_positive_02,feasibility,5,7,-0.999999999928139,0.9999999999640695,0.3025068317043033,0.3025068317151725,0.7889841814609677,3.802437324513929e-12,0.9090909090909091,10.546444909181446,7.802688833791763
a_5_positive_02,feasibility,5,8,-0.9999999999123863,0.9999999999561929,0.09539175860897227,0.0953917586131511,0.5124811984436456,0.003763524876969227,1.0,12.442164440173656,8.891551056876779
a_5_positive_02,fidelity,5,1,0.07293754852586105,0.9904509924848802,0.9270624514741389,0.936000325617616,0.9513879829790012,0.025240772026386065,1.0,0.0005260808393359184,1.1202327064238489
a_5_positive_02,fidelity,5,2,0.001213763824978259,0.9990200810168375,0.9987862361750217,0.9997659257844169,0.9998932671688749,0.08811084351879965,1.0,0.0008940380066633224,2.161258915439248
a_5_positive_02,fidelity,5,3,1.990382643966711e-06,0.9999989361989188,0.9999980096173563,0.9999990734174519,0.9999996738032154,0.09074090149459493,1.0,0.001359695103019476,3.2777701495215297
a_5_positive_02,lambda_0.5,5,1,0.04065259375649882,0.9934760504444695,0.9256640691488642,0.9317427115980632,0.9491452036029601,0.02214308510044056,1.0,0.000637413002550602,1.0985237071290612
a_5_positive_02,lambda_0.5,5,2,0.0018608036969708364,0.9983605399554876,0.9979185784187188,0.9995573126950826,0.9998926325623251,0.08651111067753241,1.0,0.0009324545972049236,2.193609559442848
a_5_positive_02,lambda_0.5,5,3,0.0001002529294314436,0.9999420758774485,0.9998574231674067,0.9999153423862401,0.9999737240765877,0.08954787210866981,1.0,0.0013690600171685219,3.2760311607271433
a_5_positive_02,lambda_1,5,1,0.07354250887416391,0.9906741178466517,0.9270563678189201,0.9357833732791845,0.9512790215476199,0.02505006628066866,1.0,0.0005508828908205032,1.1259596566669643
a_5_positive_02,lambda_1,5,2,0.0020554996568815653,0.9981577654155968,0.9979448932274105,0.9997867349275216,0.9999139704810864,0.08845835613348012,1.0,0.000940962228924036,2.1817771694622934
a_5_positive_02,lambda_1,5,3,1.2131124571657104e-05,0.9999897541358862,0.9999878688947444,0.9999981147395421,0.9999991642195732,0.09055391937836942,1.0,0.0014432999305427074,3.306367432232946
a_5_positive_02,lambda_2,5,1,0.13660490921839374,0.9881730193489362,0.9265219281386939,0.937611035716335,0.9521438428772284,0.02693708978656414,1.0,0.0005988492630422115,1.1410596924833953
a_5_positive_02,lambda_2,5,2,0.002691244078868227,0.9975594175086732,0.9974343925950433,0.9998746692062292,0.9999559267690112,0.0889589271690388,1.0,0.000891868956387043,2.189378472045064
a_5_positive_02,lambda_2,5,3,0.0007494018601146291,0.9992815762937721,0.9992660983445489,0.9999845109230567,0.9999950605107684,0.09005112878217893,1.0,0.0014652498066425323,3.3042811253108084
a_5_quadratic_01,feasibility,5,1,-0.9999999986211687,0.9999999993105845,0.17966193781377512,0.17966193793763685,0.8469091987761017,0.00036412797492979467,1.0,0.7433890881948173,0.6058579874224961
a_5_quadratic_01,feasibility,5,2,-0.999999999968471,0.9999999999842355,0.06694478946475405,0.0669447894658094,0.829674786033689,0.0005982915994875243,1.0,1.4283328270539641,1.0942273698747158
a_5_quadratic_01,feasibility,5,3,-0.999999999962546,0.999999999981273,0.12699008201465112,0.12699008201702927,0.7913258706702649,0.0018210738425514486,1.0,1.9355310606770217,1.5128877060487866
a_5_quadratic_01,feasibility,5,4,-0.9999999999765272,0.9999999999882635,0.13715158968289162,0.1371515896845013,0.756898091808003,0.001418168201453512,1.0,2.575248987879604,2.0539894471876323
a_5_quadratic_01,feasibility,5,5,-0.9999999999669649,0.9999999999834825,0.067918833083391,0.06791883308451285,0.8274647785112154,0.00204027483102693,1.0,3.272940136026591,2.543546277564019
a_5_quadratic_01,feasibility,5,6,-0.9999999999776024,0.9999999999888014,0.04613744923900533,0.04613744923952201,0.7536661177795212,0.00361950693836692,1.0,4.0600928026251495,3.1684781527146697
a_5_quadratic_01,feasibility,5,7,-0.9999999999919549,0.9999999999959771,0.027332381667671532,0.027332381667781486,0.7555870596880584,9.93428685338919e-05,1.0,4.651202157139778,3.713057869579643
a_5_quadratic_01,feasibility,5,8,-0.9999999999885771,0.9999999999942886,0.0057301477845958645,0.005730147784628592,0.7228830240422068,8.774914607140332e-05,1.0,5.806624597869813,4.241783242672682
a_5_quadratic_01,fidelity,5,1,0.06990269767790185,0.9828966924110466,0.9300973023220981,0.9462818519010054,0.9902446885596258,0.018496366247933403,1.0,0.0004705782048404217,0.5961353476159275
a_5_quadratic_01,fidelity,5,2,3.8625033949562065e-05,0.9999880462686641,0.9999613749660504,0.9999733283785609,0.9999941686341096,0.045048874061649674,1.0,0.0006197863258421421,1.1309799747541547
a_5_quadratic_01,lambda_0.5,5,1,0.041204071026341216,0.9910357192295083,0.9271341517814791,0.9355204194883003,0.9897839334312042,0.015942936695628795,1.0,0.0004797498695552349,0.5922931977547705
a_5_quadratic_01,lambda_0.5,5,2,3.8031343975786225e-05,0.9999882159466579,0.9999357219839897,0.9999475054187329,0.999982925914286,0.044789656629702794,1.0,0.0006125732325017452,1.0994751718826592
a_5_quadratic_01,lambda_1,5,1,0.07080841329934962,0.9835869636134622,0.9300843800011794,0.9456046230871878,0.9902109640859273,0.018321377805342876,1.0,0.00033345213159918785,0.5867547853849828
a_5_quadratic_01,lambda_1,5,2,6.654143959672343e-05,0.9999867119255066,0.999933459268038,0.9999467466348967,0.9999737927832342,0.04459696538672207,1.0,0.0006602071225643158,1.1046448284760118
a_5_quadratic_01,lambda_2,5,1,0.11753103230150963,0.9625278046054291,0.9239983763417794,0.9599705815465309,0.99103587931407,0.02243950471730979,1.0,0.00038136309012770653,0.5938685946166515
a_5_quadratic_01,lambda_2,5,2,0.0004179727857636095,0.9996545839662808,0.9996183181213909,0.9999637216239773,0.9999867452356959,0.04495278617683869,1.0,0.0006648106500506401,1.132257045712322
a_5_quadratic_02,feasibility,5,1,-0.999999983053331,0.9999999915266656,0.12021525279481367,0.12021525381343771,0.8531932504623162,1.4722255401441798e-09,0.875,0.939995895139873,0.8937508510425687
a_5_quadratic_02,feasibility,5,2,-0.9999999999456262,0.9999999999728132,0.07900493494547502,0.07900493494762291,0.8407193450381023,0.002324551262334012,1.0,1.8095181491225958,1.6269913758151233
a_5_quadratic_02,feasibility,5,3,-0.9999999999776457,0.9999999999888228,0.04206093369053631,0.042060933691006434,0.7951919350310505,0.0016868357331421494,1.0,2.709651972167194,2.3798725428059697
a_5_quadratic_02,feasibility,5,4,-0.9999999999846179,0.999999999992309,0.028164322090886332,0.028164322091102943,0.8107722764623463,0.0003772237153767056,1.0,3.808184620924294,3.174259330611676
a_5_quadratic_02,feasibility,5,5,-0.9999999999803635,0.9999999999901817,0.15609635586322781,0.15609635586476042,0.7988155103509433,0.00014384798903123544,1.0,4.933251400012523,3.9791651647537947
a_5_quadratic_02,feasibility,5,6,-0.999999999981072,0.9999999999905362,0.00546492543466568,0.005464925434717399,0.802926861276184,7.859813537218256e-05,1.0,6.2090009758248925,4.796264783944935
a_5_quadratic_02,feasibility,5,7,-0.9999999999818723,0.9999999999909363,0.09051224820135757,0.09051224820217796,0.7775695322222661,2.4046333793845405e-05,0.9583333333333334,7.19353704713285,5.631972368806601
a_5_quadratic_02,feasibility,5,8,-0.9999999999893752,0.9999999999946877,0.00031796748731507425,0.0003179674873167634,0.7103175785804321,2.608887002999426e-05,0.9583333333333334,8.428382495883852,6.572099618148059
a_5_quadratic_02,fidelity,5,1,0.05524478738046169,0.9783093211193014,0.9447552126195381,0.9657019433675912,0.9914869817576267,0.023813657154370588,1.0,0.0005992930382490158,0.8961247666738927
a_5_quadratic_02,fidelity,5,2,0.0013655651989962399,0.9994205616956323,0.9986344348010038,0.9992134173292425,0.9998992503107983,0.039754515111611086,1.0,0.0008353791199624538,1.650524575728923
a_5_quadratic_02,fidelity,5,3,4.656558530552468e-05,0.9999930750209537,0.9999534344146941,0.9999603591192281,0.9999823525299725,0.040857244529978555,1.0,0.0011554481461644173,2.4097217367962003
a_5_quadratic_02,lambda_0.5,5,1,0.036550695639715636,0.9860177828584883,0.9415119405959113,0.9548630430035921,0.9875628796831558,0.022820586649744207,1.0,0.0005966252647340298,0.8908252590335906
a_5_quadratic_02,lambda_0.5,5,2,0.002404706867749795,0.9993707592335159,0.9958220614222856,0.9964490677974688,0.9989851499930394,0.03533122018475815,1.0,0.0007957760244607925,1.6298808502033353
a_5_quadratic_02,lambda_0.5,5,3,0.0002033719139808987,0.9999852061231789,0.9996080556284603,0.9996228439256809,0.9998666460808753,0.039886748648048816,1.0,0.0011687860824167728,2.4405238698236644
a_5_quadratic_02,lambda_1,5,1,0.05598762022543535,0.9784815117620529,0.9447541033858093,0.9655308680125114,0.9914415442166558,0.023779174304672676,1.0,0.00047472119331359863,0.8869516826234758
a_5_quadratic_02,lambda_1,5,2,0.001937072080446911,0.9994697557965336,0.9980636738818798,0.9985931721230191,0.9996281648908507,0.037692250561319064,1.0,0.0008727959357202053,1.6705762296915054
a_5_quadratic_02,lambda_1,5,3,0.0004685488522432335,0.9998458025211939,0.999531499619946,0.9996856486265628,0.9999070904764359,0.03948909851331929,1.0,0.001122322864830494,2.4163834927603602
a_5_quadratic_02,lambda_2,5,1,0.0854529632540022,0.9654945768867411,0.9408997900309372,0.974526229929628,0.9932498576707345,0.026211888442548726,1.0,0.000596263911575079,0.8961763978004456
a_5_quadratic_02,lambda_2,5,2,0.008631020789100052,0.9970905099458318,0.9942380679467505,0.9971392346325347,0.9990795554042289,0.036045007505232936,1.0,0.0008164942264556885,1.6093559539876878
a_5_quadratic_02,lambda_2,5,3,0.00035421461345941374,0.999818363052287,0.9997320898926546,0.9999137111671274,0.999965489440984,0.03970999638928245,1.0,0.001044434029608965,2.46004750020802
a_5_quadratic_03,feasibility,5,1,-0.9999174191487727,0.9999587095743864,0.5656859193327202,0.5657092777095704,0.825801826683044,0.003759979829259352,1.0,1.3731931620277464,1.0783044029958546
a_5_quadratic_03,feasibility,5,2,-0.999999990893985,0.9999999954469925,0.0957321124466185,0.09573211288248754,0.7805639704183914,0.0021047897481625685,1.0,2.4448271840810776,2.1425746865570545
a_5_quadratic_03,feasibility,5,3,-0.9999999999778137,0.9999999999889067,0.009618179313094565,0.009618179313201263,0.6957523106407275,0.0030914964821955795,1.0,3.799463147763163,3.220998991280794
a_5_quadratic_03,feasibility,5,4,-0.9999999999400724,0.9999999999700363,0.014016610503098987,0.014016610503518975,0.6208810314053149,0.0008094466156599118,1.0,5.317890508566052,4.268554931972176
a_5_quadratic_03,feasibility,5,5,-0.9999999999861411,0.9999999999930702,0.022240973918282347,0.022240973918436473,0.4356094214977717,1.30533328959414e-05,0.9473684210526315,6.708739082328975,5.465415470767766
a_5_quadratic_03,feasibility,5,6,-0.9999999999774807,0.99999999998874,0.05735234477295265,0.05735234477359844,0.4738521651242562,0.00010554195833078913,1.0,8.561200685799122,6.567029761616141
a_5_quadratic_03,feasibility,5,7,-0.9999999999927747,0.9999999999963874,0.04399993514660926,0.04399993514676821,0.21774346660087435,3.2957483944952535e-05,0.8947368421052632,10.45277706393972,7.862216989509761
a_5_quadratic_03,feasibility,5,8,-0.9999999999944682,0.9999999999972342,0.025732627315251586,0.02573262731532276,0.5008799100495034,3.396145128963415e-06,0.8947368421052632,12.679090826772153,9.136914121452719
a_5_quadratic_03,fidelity,5,1,0.08355388239593875,0.9749472258814978,0.9164461176040613,0.9399956154298066,0.9783983889453689,0.02544490601693161,1.0,0.0005359100177884102,1.1020830450579524
a_5_quadratic_03,fidelity,5,2,0.0005282546834114823,0.9997818595163609,0.999471745316588,0.9996898181370055,0.9998835227203831,0.05016760423956702,1.0,0.0008791889995336533,2.0991510087624192
a_5_quadratic_03,lambda_0.5,5,1,0.05204299495624032,0.9846031739983006,0.9124393054632625,0.926707662090918,0.9738256159597904,0.023276084701523814,1.0,0.0005435221828520298,1.0945563353598118
a_5_quadratic_03,lambda_0.5,5,2,0.002435146466841953,0.9990979047439187,0.9960345682388457,0.996933897578478,0.9991454356237156,0.04677536920096803,1.0,0.0010059024207293987,2.1272876472212374
a_5_quadratic_03,lambda_0.5,5,3,3.5942295025792603e-06,0.9999982890591312,0.9999945224883081,0.9999962334227325,0.999998491612204,0.05233568306041299,1.0,0.0013445466756820679,3.2656943420879543
a_5_quadratic_03,lambda_1,5,1,0.08504559001475775,0.9755850363774762,0.9164347045230193,0.939369373607766,0.9782483747792603,0.02550662937611739,1.0,0.0005294932052493095,1.1129248552024364
a_5_quadratic_03,lambda_1,5,2,0.0032548447703090178,0.9983184746175752,0.9967478008061764,0.9984266806121158,0.9995077773379492,0.04835189577025625,1.0,0.0009965598583221436,2.1288207047618926
a_5_quadratic_03,lambda_1,5,3,8.084579369405098e-06,0.9999947739807596,0.9999919154355695,0.999997141439871,0.9999989065394359,0.05240521629093888,1.0,0.0011568567715585232,3.1574541460722685
a_5_quadratic_03,lambda_2,5,1,0.13871509323861364,0.9567972491598408,0.9111042759260138,0.9522438288007729,0.981403925971117,0.025272285775418186,1.0,0.0005358429625630379,1.1276317602023482
a_5_quadratic_03,lambda_2,5,2,0.005145609066094514,0.9966016257912595,0.9957309772415206,0.9991263825713231,0.9996310072657808,0.04763963308524917,1.0,0.0009108688682317734,2.1584922107867897
a_5_quadratic_03,lambda_2,5,3,2.0484523314046044e-05,0.9999856669230043,0.9999825912439296,0.9999969242768407,0.9999989523583004,0.05242601105010906,1.0,0.001397422980517149,3.300613958388567
a_6_equality_01,feasibility,6,1,-0.9588786403249696,0.9794393201624848,0.319875091054283,0.32659000355552104,0.5747790550025711,0.0001290679933268172,0.8571428571428571,2.599123002961278,2.6758947111666203
a_6_equality_01,feasibility,6,2,-0.9999370444552353,0.9999685222276177,0.4552269843844951,0.4552413143669678,0.5466652402556672,3.951884389570693e-10,0.5714285714285714,5.377251535188407,5.442162319086492
a_6_equality_01,feasibility,6,3,-0.9999859613327813,0.9999929806663906,0.46667585482748103,0.46667913060398725,0.5831895345492352,1.0432504766917512e-14,0.5714285714285714,8.956210264004767,7.945995866321027
a_6_equality_01,feasibility,6,4,-0.9999999911351207,0.9999999955675604,0.15985710624234148,0.15985710695089847,0.8646675176729071,6.1247116077316e-11,0.8571428571428571,12.839689143933356,10.861486419569701
a_6_equality_01,feasibility,6,5,-0.999999999553097,0.9999999997765485,0.021764998604249058,0.02176499860911248,0.8600803397055096,6.221852789175313e-15,0.8571428571428571,17.656965631991625,14.496182390488684
a_6_equality_01,feasibility,6,6,-0.999999999351834,0.999999999675917,0.34688779953191823,0.34688779964433863,0.7834894612720718,3.1850497192343e-11,0.8571428571428571,23.261576193384826,18.318215865641832
a_6_equality_01,feasibility,6,7,-0.9999999995647415,0.9999999997823708,0.10003216377302582,0.10003216379479574,0.9059897435558005,2.5031240280847684e-14,0.8571428571428571,31.829460724256933,22.21158473752439
a_6_equality_01,feasibility,6,8,-0.9999999995881397,0.9999999997940698,0.05957425917635568,0.059574259188623815,0.7624857522832128,1.2994784957913234e-12,0.8571428571428571,38.99838110106066,24.719794323202223
a_6_equality_01,fidelity,6,1,0.10326664933439128,0.9025450510956249,0.8967333506656088,0.9935607641713163,0.9937750748684372,0.09147800612159926,1.0,0.0011935262009501457,2.7624181285500526
a_6_equality_01,fidelity,6,2,0.007634549985782541,0.9936360170830806,0.9923654500142175,0.9987212952761183,0.9988976192341186,0.12227450502564947,1.0,0.0022055860608816147,5.480618393979967
a_6_equality_01,fidelity,6,3,0.000667858098871226,0.9994077677297367,0.9993321419011288,0.9999243293567953,0.9999718902309795,0.13982736037041463,1.0,0.0033540953882038593,8.273878728505224
a_6_equality_01,lambda_0.5,6,1,0.0996216445294757,0.9058870257534269,0.895906559876557,0.9889826594341947,0.9895817906119516,0.07767329327850668,1.0,0.0011691758409142494,2.7635331945493817
a_6_equality_01,lambda_0.5,6,2,0.009197184406852132,0.9917817773501572,0.9898399444875082,0.9980420764859815,0.9981583509018518,0.11837672733572416,1.0,0.0021121581085026264,5.393420667853206
a_6_equality_01,lambda_0.5,6,3,0.000933632049317179,0.9991918684099862,0.9989410703331509,0.9997489990813933,0.9998290887524475,0.13616603244677836,1.0,0.003029109910130501,7.792021381203085
a_6_equality_01,lambda_0.5,6,4,2.8552129098857737e-05,0.9999794547455958,0.9999634413252131,0.9999839862506107,0.9999855168363616,0.1413657646952812,1.0,0.003969142679125071,11.22224563639611
a_6_equality_01,lambda_1,6,1,0.10414316430139892,0.9016252587719975,0.89642430282574,0.9942315769266035,0.9944031129675623,0.09397695201656611,1.0,0.0012693637982010841,2.7776141641661525
a_6_equality_01,lambda_1,6,2,0.010083510491350034,0.9923569862434536,0.9899351422587668,0.9975595032651963,0.9975348318154069,0.12401282774118667,1.0,0.00206713005900383,5.484779733698815
a_6_equality_01,lambda_1,6,3,0.002314821376799059,0.9982587594301086,0.997686177365372,0.9994264191930924,0.999437627070973,0.131847115876329,1.0,0.003379326779395342,8.27981746243313
a_6_equality_01,lambda_1,6,4,0.0001605443587670008,0.9998497421936449,0.9998394571868678,0.9999897134475881,0.9999920622400997,0.14139297636912218,1.0,0.004239117261022329,11.374471964780241
a_6_equality_01,lambda_2,6,1,0.10833252025381002,0.8963987959269394,0.8942782228631527,0.9976343419096253,0.9976531930413597,0.11054765444485734,1.0,0.0012773377820849419,2.7766297152265906
a_6_equality_01,lambda_2,6,2,0.019708065843845102,0.9843182232438374,0.9823366483833106,0.9979868554561587,0.9980140201757649,0.11638077870498345,1.0,0.0026449551805853844,5.422957366332412
a_6_equality_01,lambda_2,6,3,0.005387882701302749,0.994862189735632,0.9947377959295313,0.9998749637815326,0.9998955393061032,0.1370986778040641,1.0,0.003184687811881304,8.189396663103253
a_6_equality_01,lambda_2,6,4,0.00231922983621502,0.9978121511533303,0.9977466043794309,0.9999343095052273,0.9999371648218394,0.1387141387479312,1.0,0.004252532962709665,11.002271625213325
a_6_equality_01,lambda_2,6,5,9.55484559294062e-05,0.9999073139544054,0.9999058828818909,0.9999985687948327,0.9999994671717946,0.1425918432322442,1.0,0.005832375027239323,14.757738367188722
a_6_equality_02,feasibility,6,1,-0.9965914666434867,0.9982957333217434,0.8718967688173123,0.873385250196503,0.890303588320674,0.011466505318143664,1.0,2.6235847109928727,2.6227154433727264
a_6_equality_02,feasibility,6,2,-0.9999906420582201,0.99999532102911,0.7984824169747113,0.7984861530681776,0.8613507940789634,9.38488152906282e-09,0.8,5.380501756910235,5.346598485950381
a_6_equality_02,feasibility,6,3,-0.9999671385692306,0.9999835692846153,0.7769626376144154,0.7769754038761374,0.8455317241310942,1.1101012095554853e-10,0.8,9.205983045976609,8.222932843491435
a_6_equality_02,feasibility,6,4,-0.9999999965721247,0.9999999982860623,0.7835073789086117,0.7835073802514945,0.8572624149075843,2.51627876233609e-12,0.8,13.104944252874702,11.168579117394984
a_6_equality_02,feasibility,6,5,-0.9999999993503361,0.9999999996751681,0.79239503600223,0.7923950362596253,0.8551949167860602,2.644866456533234e-12,0.8,18.319086944684386,15.41672591958195
a_6_equality_02,feasibility,6,6,-0.9999999993944819,0.999999999697241,0.7536123443993512,0.7536123446275141,0.8357919180536695,6.1295406292845e-11,0.8,22.913422950077802,18.986577589530498
a_6_equality_02,feasibility,6,7,-0.9999999996538311,0.9999999998269156,0.7816215750975288,0.7816215752328154,0.849772167562958,3.3274360910675353e-13,0.8,31.85618935385719,21.594692120794207
a_6_equality_02,feasibility,6,8,-0.9999999997181515,0.9999999998590757,0.7815895075787658,0.7815895076889107,0.8454229199630287,3.9328276961943564e-13,0.8,40.3355650738813,25.79061964759603
a_6_equality_02,fidelity,6,1,0.027085009015262198,0.9949159954839468,0.9729149909847378,0.9778865707264991,0.9733685935195743,0.12011705703235287,1.0,0.0011842469684779644,2.8029798618517816
a_6_equality_02,fidelity,6,2,0.006403920148102083,0.9941397896126457,0.9935960798518979,0.9994530852034806,0.9993342162549519,0.18435133674367987,1.0,0.002124468330293894,5.432425242383033
a_6_equality_02,fidelity,6,3,0.0008709844388330779,0.9991971939158353,0.9991290155611668,0.9999317668673575,0.9999249195105878,0.19476284049108902,1.0,0.003243404906243086,8.15331865241751
a_6_equality_02,lambda_0.5,6,1,0.017239876916583796,0.9950626528677781,0.9705790770193541,0.9753949404312763,0.9720425473577579,0.11259316915526653,1.0,0.0012372792698442936,2.783294898457825
a_6_equality_02,lambda_0.5,6,2,0.008191579371453983,0.99751969188031,0.986125480801701,0.9885774574964721,0.9857815689661077,0.14633237123828605,1.0,0.002099348232150078,5.49136650422588
a_6_equality_02,lambda_0.5,6,3,0.0026627457618771944,0.9981523840935705,0.9965251364764486,0.9983697402891045,0.9980212365817369,0.174784954150118,1.0,0.0033911769278347492,8.284171822946519
a_6_equality_02,lambda_0.5,6,4,0.00033749181405889894,0.9997121354464453,0.9996129094972954,0.9999007454789918,0.9998766825471485,0.1955081556264035,1.0,0.004346634726971388,11.468028834089637
a_6_equality_02,lambda_1,6,1,0.03399922488195828,0.9876966293238215,0.9662677072544718,0.9783041457942202,0.9759022243917855,0.12019335423952242,1.0,0.0013390830717980862,2.787536491174251
a_6_equality_02,lambda_1,6,2,0.011986030142186799,0.9989898593469544,0.9880250570499894,0.9890241105108587,0.9863084087617654,0.15471415256624937,1.0,0.0021170261316001415,5.396494386717677
a_6_equality_02,lambda_1,6,3,0.004751310917393559,0.9969039688867734,0.9952538138803811,0.998344720195833,0.9979827865155609,0.18501548784428717,1.0,0.003148068208247423,8.159196182154119
a_6_equality_02,lambda_1,6,4,0.00010996707373767123,0.9998997121346777,0.9998900338969696,0.9999903207915848,0.9999885133638843,0.19887057452012624,1.0,0.004698042292147875,11.428568831644952
a_6_equality_02,lambda_2,6,1,0.06588329420962835,0.9767098803118568,0.9559092931173658,0.9787034127392573,0.9747553640724417,0.11070360482769398,1.0,0.0015307744033634663,2.7270904863253236
a_6_equality_02,lambda_2,6,2,0.01792205552672277,0.9892350627973381,0.9856950265999629,0.9964214408379696,0.995545425426729,0.17212114858805086,1.0,0.002414545975625515,5.479279489256442
a_6_equality_02,lambda_2,6,3,0.0023139488442319722,0.9981622996496301,0.9979246130037109,0.9997618757530689,0.9997044529312501,0.19417447991514844,1.0,0.0034612128511071205,8.155721447430551
a_6_equality_02,lambda_2,6,4,0.0006499471976355586,0.9993687574255607,0.9993594110175399,0.9999906476884018,0.9999884180283295,0.19871501868413202,1.0,0.004542276728898287,11.571640990208834
a_6_mixed_01,feasibility,6,1,-0.9998457290887866,0.9999228645443933,0.006329247356285785,0.006329735603325418,0.7540920079660046,3.133101951410432e-06,0.9772727272727273,1.8246289817616343,1.7610898911952972
a_6_mixed_01,feasibility,6,2,-0.9999859879853994,0.9999929939926997,0.00020484691632045477,0.00020484835148950077,0.730469537820192,2.9117427226170514e-07,0.8636363636363636,3.3218956757336855,3.414736954495311
a_6_mixed_01,feasibility,6,3,-0.999999999454174,0.999999999727087,0.039541837131716856,0.03954183714250834,0.8713176341360346,0.00025144025813063906,1.0,5.392719002906233,5.180811433121562
a_6_mixed_01,feasibility,6,4,-0.99999999988967,0.999999999944835,0.005075233011194223,0.005075233011474198,0.7755054486865252,1.5536630082969044e-05,0.9772727272727273,7.203935929108411,7.027648241724819
a_6_mixed_01,feasibility,6,5,-0.9999999999782665,0.9999999999891332,0.036688817847614345,0.03668881784801303,0.7004015595370563,9.711711508171193e-05,1.0,9.778090466745198,8.707379629835486
a_6_mixed_01,feasibility,6,6,-0.9999999999716223,0.9999999999858111,0.0069972618692948265,0.00699726186939411,0.7264102749326824,3.1796084010160704e-05,1.0,12.440063258167356,10.730455324985087
a_6_mixed_01,feasibility,6,7,-0.9999999999539493,0.9999999999769746,0.06428077259848161,0.0642807725999617,0.7818544631773164,0.0001362705725764333,1.0,15.108366292901337,12.769759262446314
a_6_mixed_01,feasibility,6,8,-0.9999999999614575,0.9999999999807287,0.027561620943489216,0.027561620944020364,0.7340910546345943,0.0001393257666751637,1.0,18.66365568106994,15.455858225934207
a_6_mixed_01,fidelity,6,1,0.0748567942788547,0.9790039777641726,0.9251432057211453,0.944984113173847,0.9904672356192018,0.00977304187124531,1.0,0.0009872433729469776,1.8050272483378649
a_6_mixed_01,fidelity,6,2,0.004581826290984967,0.9983005995430021,0.995418173709015,0.9971126674317269,0.9990469946101055,0.018917257881391772,1.0,0.0016207876615226269,3.4390647537074983
a_6_mixed_01,fidelity,6,3,0.0015535212796613039,0.9994614281878922,0.9984464787203386,0.998984503614718,0.9997774667909323,0.02091001097962954,1.0,0.0022490369156003,5.137250075116754
a_6_mixed_01,fidelity,6,4,0.00046761434913020206,0.9998577639253758,0.9995323856508698,0.9996745754383817,0.9999402745726591,0.02135788303771617,1.0,0.002865246031433344,7.010698340833187
a_6_mixed_01,lambda_0.5,6,1,0.04562539093170248,0.9875972412806031,0.9219760814386969,0.9335547355753888,0.989779293314129,0.008796195681486816,1.0,0.0011924910359084606,1.81470104213804
a_6_mixed_01,lambda_0.5,6,2,0.006927320083094768,0.9981772417533961,0.98798672684478,0.9897908763270183,0.9962378941896666,0.012893830584061825,1.0,0.002336967270821333,3.4770223265513778
a_6_mixed_01,lambda_0.5,6,3,0.0023807192481967165,0.9992894860686928,0.9959514488432053,0.9966595893662209,0.9990176073758698,0.018449919953023357,1.0,0.0021498440764844418,5.19676949782297
a_6_mixed_01,lambda_0.5,6,4,0.000494550439592345,0.999916581709057,0.9990943860036406,0.9991777357027013,0.9997807607837598,0.02098637504399377,1.0,0.003080901689827442,7.1093920660205185
a_6_mixed_01,lambda_1,6,1,0.07600010739082685,0.9796741484627776,0.9251315192680988,0.9443257441463955,0.9904247633012576,0.009705184388460415,1.0,0.0009387065656483173,1.8215903644450009
a_6_mixed_01,lambda_1,6,2,0.004549263992952857,0.9987210746701967,0.9954549185260005,0.9967296613368506,0.9988745452414659,0.018817797559475498,1.0,0.0016836142167448997,3.452703455928713
a_6_mixed_01,lambda_1,6,3,0.002377618760375788,0.9991165256949583,0.9976237012778586,0.998505855544666,0.9995160988278007,0.019881044582907462,1.0,0.0026718182489275932,5.251916918437928
a_6_mixed_01,lambda_1,6,4,0.0007169645703416494,0.9997561090071029,0.9992831508080429,0.9995269264225555,0.9998947516061447,0.02097947549135628,1.0,0.0030140350572764874,7.1867361520417035
a_6_mixed_01,lambda_2,6,1,0.12362612716509458,0.9574751928361785,0.9186489418324348,0.9594493399993635,0.9915906666900468,0.011522637249637405,1.0,0.0008970219641923904,1.8192221615463495
a_6_mixed_01,lambda_2,6,2,0.011668558120619288,0.9953126147546949,0.9918383900404031,0.9965094135623428,0.9992444642623504,0.01877368156954262,1.0,0.001546276267617941,3.489367173984647
a_6_mixed_01,lambda_2,6,3,0.005194328521369473,0.9980131336382442,0.9964125889577731,0.9983962689201932,0.9994673017822516,0.02061507827177875,1.0,0.002258273772895336,5.25138853257522
a_6_mixed_01,lambda_2,6,4,0.0018107939322951072,0.998952944002071,0.9985714748730804,0.9996181310328168,0.9999009433108257,0.02108922582427119,1.0,0.0029466887935996056,7.189827423077077
a_6_mixed_01,lambda_2,6,5,0.00012986447250118438,0.9999176998795494,0.9998939196608,0.9999762178239747,0.9999942768871181,0.022470313106446076,1.0,0.0037043439224362373,8.959756198804826
a_6_mixed_02,feasibility,6,1,-0.9999998396258021,0.999999919812901,0.32893213704709195,0.3289321634232079,0.6903841807022848,1.3491102726149885e-11,0.4375,0.8379244073294103,0.7418135264888406
a_6_mixed_02,feasibility,6,2,-0.9999999999871736,0.9999999999935868,0.0074367128392212965,0.007436712839268989,0.6659262548040389,8.992989433879797e-15,0.4375,1.6904181209392846,1.4354075915180147
a_6_mixed_02,feasibility,6,3,-0.999999999895284,0.999999999947642,0.07231552997176675,0.07231552997555304,0.6990751972778548,4.7065116943038327e-14,0.6875,2.224081556778401,2.063415392767638
a_6_mixed_02,feasibility,6,4,-0.999999999932702,0.999999999966351,0.06190425434133208,0.061904254343415094,0.6667035457173801,5.90194323836235e-14,0.6875,2.9850392369553447,2.708623971324414
a_6_mixed_02,feasibility,6,5,-0.9999999999459761,0.999999999972988,0.1881991493246605,0.18819914932974413,0.5791856777547166,5.98409400300976e-13,0.6875,4.13122839294374,3.414891105145216
a_6_mixed_02,feasibility,6,6,-0.9999999998074627,0.9999999999037313,0.0017317058295629876,0.0017317058297296967,0.8351388382360763,0.0003037100894594205,1.0,4.973591709043831,4.121490317862481
a_6_mixed_02,feasibility,6,7,-0.99999999991745,0.999999999958725,0.01884837254537902,0.018848372546156986,0.7371501560062311,2.3050229413827934e-12,0.6875,5.97555914381519,4.936460325494409
a_6_mixed_02,feasibility,6,8,-0.9999999999456828,0.9999999999728414,0.0692149806309959,0.06921498063287569,0.6733834883433085,3.0909833582015324e-14,0.6875,6.993030871730298,5.598219493869692
a_6_mixed_02,fidelity,6,1,0.18634540148161682,0.872486484632682,0.8136545985183832,0.932569859647663,0.9541728466872571,0.021343037531001936,1.0,0.0004577231593430042,0.7607821226119995
a_6_mixed_02,fidelity,6,2,0.006114526815572785,0.997041232668492,0.9938854731844272,0.9968348756494065,0.9984938758792911,0.028183413467924218,1.0,0.0007220450788736343,1.453341256827116
a_6_mixed_02,fidelity,6,3,0.0003616078584927074,0.9997871621999949,0.9996383921415073,0.9998511982708798,0.9999309187233832,0.02992530893448868,1.0,0.0009438991546630859,2.083467044867575
a_6_mixed_02,lambda_0.5,6,1,0.14658560950171062,0.9284626397090511,0.789103648573518,0.8499035015784766,0.8945057719979798,0.015467083301724343,1.0,0.00044481316581368446,0.7549626752734184
a_6_mixed_02,lambda_0.5,6,2,0.01392327324676551,0.9956888852355128,0.9765474465076592,0.9807756830354434,0.9931964500029837,0.021954030056146705,1.0,0.0007651639170944691,1.443722723517567
a_6_mixed_02,lambda_0.5,6,3,0.0022764754949914923,0.9991109588868538,0.9963385570955777,0.9972251312363095,0.9991059494828958,0.026103912984422127,1.0,0.0009321342222392559,2.0880455183796585
a_6_mixed_02,lambda_0.5,6,4,0.00017880707594686296,0.9999443723338389,0.9996980272186335,0.9997536411804284,0.9999551131518848,0.03009936735758842,1.0,0.0011523580178618431,2.759568540379405
a_6_mixed_02,lambda_1,6,1,0.19474203425830472,0.8665858756957168,0.813439975143623,0.9386720900459785,0.9584413598760896,0.021925825454641362,1.0,0.000507695134729147,0.776559273712337
a_6_mixed_02,lambda_1,6,2,0.004924638602560427,0.9977456831578073,0.995081381148758,0.9973296782396323,0.9986343608485013,0.028356359516060754,1.0,0.0010710330680012703,1.4513586573302746
a_6_mixed_02,lambda_1,6,3,0.003064980425790842,0.9982709102090518,0.9969373294490677,0.9986641093651574,0.9996663854095589,0.02783494405021172,1.0,0.0010821400210261345,2.1102767176926136
a_6_mixed_02,lambda_1,6,4,0.00013732117161247004,0.9999143995990485,0.9998626832557063,0.999948279229339,0.9999923929681938,0.03093049010168838,1.0,0.0012802369892597198,2.7636237633414567
a_6_mixed_02,lambda_2,6,1,0.23161809439116965,0.8143256771722838,0.7956190807271548,0.9770281142182733,0.9849280412096761,0.026198463042440615,1.0,0.000631572213023901,0.7715122415684164
a_6_mixed_02,lambda_2,6,2,0.019478516904505527,0.9871063510509022,0.9838563685610949,0.9967075660222962,0.9989310270339273,0.02738361778071642,1.0,0.0006843088194727898,1.4577901614829898
a_6_mixed_02,lambda_2,6,3,0.011212772916712632,0.9908999955851328,0.9898532244355572,0.9989436157490773,0.9996978493539955,0.028701139487653255,1.0,0.0008543143048882484,2.110687592998147
a_6_mixed_02,lambda_2,6,4,0.0004102036292812361,0.9996563640220963,0.9996230916339276,0.9999667161743112,0.9999917899086668,0.030982390736662622,1.0,0.001904662698507309,2.775552803184837
a_6_mixed_03,feasibility,6,1,-0.9998588130640886,0.9999294065320443,0.011358210234153683,0.011359012106210811,0.8503637874567374,1.9521558116384675e-07,0.8333333333333334,2.03991838125512,2.02406352898106
a_6_mixed_03,feasibility,6,2,-0.9999999999454598,0.9999999999727299,0.0649300053106461,0.06493000531241674,0.8097327018680998,1.3736232553132265e-13,0.7777777777777778,3.7923555322922766,3.8897334248758852
a_6_mixed_03,feasibility,6,3,-0.9999999999874132,0.9999999999937066,0.04423628954190245,0.04423628954218085,0.7416472370950161,2.093283047101576e-14,0.7777777777777778,6.127803990151733,5.93400362553075
a_6_mixed_03,feasibility,6,4,-0.9999999999675477,0.9999999999837739,0.004792481955412636,0.004792481955490399,0.800303756609093,3.69991333235195e-16,0.7777777777777778,8.541520562022924,8.060291970148683
a_6_mixed_03,feasibility,6,5,-0.9999999999597509,0.9999999999798754,0.002380739123962497,0.0023807391240104085,0.7624326781601884,1.779524302121515e-14,0.7777777777777778,10.999016189016402,10.105868661776185
a_6_mixed_03,feasibility,6,6,-0.9999999999857907,0.9999999999928953,0.010237500359541669,0.010237500359614403,0.7172258854855003,1.342683579679199e-15,0.7777777777777778,14.628533798269928,12.768946893513203
a_6_mixed_03,feasibility,6,7,-0.9999999999771103,0.9999999999885552,0.013662056643061887,0.013662056643218247,0.7533505482630178,1.1760698924824695e-13,0.7777777777777778,18.01292807003483,15.806414174847305
a_6_mixed_03,feasibility,6,8,-0.9999999999857061,0.999999999992853,0.01672508124721272,0.01672508124733225,0.8244463113624427,3.4835897168750064e-14,0.7777777777777778,22.357319521252066,18.4190092952922
a_6_mixed_03,fidelity,6,1,0.09502898018520971,0.9646572265101505,0.9049710198147903,0.9381270309752537,0.9884777768859505,0.016749531904045763,1.0,0.0010634111240506172,2.0539762075059116
a_6_mixed_03,fidelity,6,2,0.010384963928269578,0.9970780439440341,0.9896150360717305,0.9925151216420502,0.9979767710405015,0.020346098409614388,1.0,0.0017125168815255165,3.9855736987665296
a_6_mixed_03,fidelity,6,3,0.001375991769756008,0.9993999951266135,0.998624008230244,0.9992235472281835,0.9996794574681156,0.024777018534369182,1.0,0.0024852678179740906,6.0662057236768305
a_6_mixed_03,fidelity,6,4,5.085237087406848e-05,0.9999681110287301,0.999949147629126,0.9999810359956534,0.9999946108249316,0.027334233593240196,1.0,0.0034798039123415947,8.193848244845867
a_6_mixed_03,lambda_0.5,6,1,0.062105036398594715,0.9780107522562422,0.8995434069769033,0.9197684226903262,0.9844187901666163,0.01213867619608558,1.0,0.0009737280197441578,2.070511591155082
a_6_mixed_03,lambda_0.5,6,2,0.007066510452306329,0.9977352606778979,0.9881534679372782,0.9903964577395917,0.9970134396134586,0.01687312236572648,1.0,0.0016156411729753017,3.977513212710619
a_6_mixed_03,lambda_0.5,6,3,0.0017708432057654266,0.999419007225272,0.9970406889522041,0.9976202991379253,0.9994200782857394,0.024184267190664133,1.0,0.002540597692131996,6.068276252131909
a_6_mixed_03,lambda_0.5,6,4,0.00011706278748441212,0.9999600380920441,0.9998058424951837,0.999845798240943,0.9999563608114872,0.026195012586863863,1.0,0.0034607076086103916,8.077739241998643
a_6_mixed_03,lambda_1,6,1,0.0972060933823875,0.9653532572084333,0.90496138434674,0.937440649409179,0.9883499585412842,0.01656644363325351,1.0,0.000962376594543457,2.0946637857705355
a_6_mixed_03,lambda_1,6,2,0.011415318734325886,0.9930904071945356,0.9886158139971355,0.9954942740711384,0.9987346683063432,0.02337150665331982,1.0,0.001606763806194067,3.9811125160194933
a_6_mixed_03,lambda_1,6,3,0.0027696219254946808,0.998349637774337,0.9972322252584347,0.9988807403001684,0.9996137509912728,0.02522562670839947,1.0,0.0028913160786032677,6.139496025629342
a_6_mixed_03,lambda_1,6,4,0.00011032976794622673,0.9999587004053427,0.9998896730829718,0.9999309698267109,0.9999829914724014,0.027189274433673114,1.0,0.0033955778926610947,8.308460985310376
a_6_mixed_03,lambda_2,6,1,0.14984502637704566,0.9389601410976929,0.8972678848065505,0.9555974162626307,0.9914344957722356,0.017259353157148424,1.0,0.0013727182522416115,2.074002342298627
a_6_mixed_03,lambda_2,6,2,0.019682506941961053,0.9899626723750325,0.9851884886289388,0.9951774103415032,0.9985117267635203,0.022242281651266873,1.0,0.001722805667668581,3.9968188242055476
a_6_mixed_03,lambda_2,6,3,0.005759498323549828,0.9965784054858762,0.9954134532605876,0.998831048095287,0.9996789386555363,0.025269546093621132,1.0,0.0026218602433800697,6.0547918058000505
a_6_mixed_03,lambda_2,6,4,0.0005456327517086024,0.9996479056534018,0.9995511705227358,0.9999032307974448,0.9999715350401971,0.026971444246318733,1.0,0.0031585139222443104,7.985396576113999
a_6_positive_01,feasibility,6,1,-0.9999911871953668,0.9999955935976834,0.04557711608595184,0.04557731691794669,0.6879915570630508,8.576281471026778e-11,0.4666666666666667,1.820958839263767,1.7944802246056497
a_6_positive_01,feasibility,6,2,-0.9998918914932007,0.9999459457466003,0.04925959677527371,0.04926225960993771,0.6516693175462585,1.4927660205760615e-08,0.5333333333333333,3.4700653827749193,3.5300534232519567
a_6_positive_01,feasibility,6,3,-0.9999999911914732,0.9999999955957366,0.03930809665913259,0.0393080968322558,0.7526496670381646,8.561575307137726e-11,0.7,5.462705173064023,5.302219530567527
a_6_positive_01,feasibility,6,4,-0.9999999999083025,0.9999999999541512,0.00664222602270396,0.006642226023008497,0.7330948367856547,2.6309481647685682e-12,0.7,7.365436560008675,7.378863039426506
a_6_positive_01,feasibility,6,5,-0.9999999999106279,0.999999999955314,0.023875317454988314,0.023875317456055208,0.6597786108943622,1.745486297376369e-14,0.7,9.855961747001857,8.89218767406419
a_6_positive_01,feasibility,6,6,-0.999999999904301,0.9999999999521505,0.0029656049568983008,0.0029656049570402033,0.6584484505868868,7.823463151014245e-13,0.7,12.507356914225966,11.288026669993997
a_6_positive_01,feasibility,6,7,-0.9999999999559814,0.9999999999779907,0.0020629456172194306,0.0020629456172648344,0.6435779599458652,1.3676068644256102e-13,0.7,14.971446856390685,13.64728958811611
a_6_positive_01,feasibility,6,8,-0.9999999999237277,0.9999999999618638,0.06027899183364831,0.060278991835947114,0.6510724742922955,2.2721031361758337e-14,0.7,18.32727982290089,16.034752098843455
a_6_positive_01,fidelity,6,1,0.19148921171326475,0.8926929745718803,0.8085107882867353,0.9056986123078684,0.9681734298920698,0.013547577875135391,1.0,0.0010851440019905567,1.863922295626253
a_6_positive_01,fidelity,6,2,0.009331671571742712,0.994664888918553,0.9906683284282572,0.9959820030496492,0.9990972787566298,0.029100233852531392,1.0,0.0014264010824263096,3.494088959414512
a_6_positive_01,fidelity,6,3,0.0018439400395899854,0.9988028625721288,0.99815605996041,0.9993524221485979,0.9998407432546058,0.03077568428686671,1.0,0.002183272037655115,5.324341592844576
a_6_positive_01,fidelity,6,4,0.0005139625925730131,0.999664801888599,0.999486037407427,0.9998211755772193,0.9999331182670825,0.031893917255103696,1.0,0.003040790092200041,7.364463406149298
a_6_positive_01,lambda_0.5,6,1,0.14095294784740664,0.9429204606550508,0.784748554691358,0.8322531829950852,0.933520868560877,0.004775455669802087,1.0,0.0009676548652350903,1.8698950447142124
a_6_positive_01,lambda_0.5,6,2,0.015780104495532965,0.9915687578094123,0.9769949532753582,0.9853022753901094,0.9943741200955712,0.017797026101699406,1.0,0.0016586780548095703,3.544047544244677
a_6_positive_01,lambda_0.5,6,3,0.0011914607751897788,0.9992264452881563,0.9983912797078729,0.9991641878733077,0.9997471380189777,0.03021911352944395,1.0,0.002426393795758486,5.36944138025865
a_6_positive_01,lambda_0.5,6,4,0.00041628252013886646,0.999797050368188,0.9993704711831964,0.9995733342233462,0.9998976641217758,0.03115553123430474,1.0,0.0029053292237222195,7.495150513481349
a_6_positive_01,lambda_1,6,1,0.20165995107650303,0.8918483867552851,0.8084531265118368,0.906491662168212,0.9682203749388802,0.013387261637735536,1.0,0.0010180417448282242,1.8886026195250452
a_6_positive_01,lambda_1,6,2,0.010882687516020395,0.9931211282921089,0.9891448542192657,0.9959961841918706,0.9990457168060323,0.029248148132977637,1.0,0.0015759491361677647,3.530171231366694
a_6_positive_01,lambda_1,6,3,0.0016098923456457914,0.9990193195796715,0.9983907247101697,0.9993707880746827,0.99982400569459,0.030939039120208903,1.0,0.002324939239770174,5.326505952049047
a_6_positive_01,lambda_1,6,4,0.0005255568454841653,0.9996573017156363,0.999474505819831,0.9998171414388796,0.9999344453177005,0.03179015093352882,1.0,0.003136809915304184,7.349760077428073
a_6_positive_01,lambda_2,6,1,0.24323260820984038,0.8046335526670143,0.7853761931275771,0.9760669195615727,0.984360304834066,0.025209335073931964,1.0,0.0009686630219221115,1.840356026776135
a_6_positive_01,lambda_2,6,2,0.03692565562318739,0.9762726899946148,0.9698300978047296,0.9934008271910989,0.9975423554356533,0.021790849459383102,1.0,0.0015282891690731049,3.5274518630467355
a_6_positive_01,lambda_2,6,3,0.0093269428997369,0.9936647570226806,0.9921783836344338,0.9985041500387912,0.9995013496652803,0.028089568163366392,1.0,0.0024221129715442657,5.305481851566583
a_6_positive_01,lambda_2,6,4,0.0017602198701891503,0.9986070005961938,0.9984236461319477,0.9998163897668085,0.9999498992908683,0.03171357407419659,1.0,0.0028979498893022537,7.338609127793461
a_6_positive_01,lambda_2,6,5,0.00011730659805775367,0.9999159943386398,0.9998993452690247,0.9999833495316514,0.9999930791355359,0.03290828779222531,1.0,0.003452847246080637,8.984281764831394
a_6_positive_02,feasibility,6,1,-0.9999950928872505,0.9999975464436253,0.002583217298891018,0.0025832236369758396,0.7968853735343261,2.3303376735181333e-07,0.9318181818181818,1.7775951260700822,1.766582200769335
a_6_positive_02,feasibility,6,2,-0.9999996290910254,0.9999998145455127,0.024458431096768086,0.024458435632694727,0.8714930002149831,5.805962573518019e-05,1.0,3.3562030689790845,3.375592531170696
a_6_positive_02,feasibility,6,3,-0.9999999997774633,0.9999999998887317,0.05419571201046294,0.05419571201649321,0.7511103217010688,8.108015597561512e-05,1.0,5.397208442911506,5.221701097674668
a_6_positive_02,feasibility,6,4,-0.9999999999098548,0.9999999999549274,0.03359118436437608,0.03359118436589013,0.8085382379251281,0.0001409727237203016,1.0,7.478609250858426,7.062895467039198
a_6_positive_02,feasibility,6,5,-0.9999999999550138,0.9999999999775069,0.03247465080064737,0.032474650801377826,0.8065308686857916,0.0003667110114143373,1.0,9.729037026874721,8.72830444900319
a_6_positive_02,feasibility,6,6,-0.9999999999553948,0.9999999999776974,0.0365939757876179,0.03659397578843404,0.8002134677059949,0.0001832907623043547,1.0,12.391918756067753,10.754882418550551
a_6_positive_02,feasibility,6,7,-0.9999999999813076,0.9999999999906538,0.02179915495192366,0.0217991549521274,0.7034509655662318,8.989962773447253e-05,1.0,15.087445035111159,13.248142192140222
a_6_positive_02,feasibility,6,8,-0.9999999999769018,0.9999999999884509,0.009820556917940678,0.009820556918054096,0.7443143837724959,1.7870763401920434e-05,0.9772727272727273,18.33175080223009,15.589387158397585
a_6_positive_02,fidelity,6,1,0.07485679427885793,0.9790039709064722,0.9251432057211421,0.9449841197932428,0.990467234617403,0.009773041937355457,1.0,0.0008271150290966034,1.8094266094267368
a_6_positive_02,fidelity,6,2,0.005107866116044466,0.9986890821234803,0.9948921338839555,0.9961980677395096,0.9987514106512875,0.017619589398151503,1.0,0.0015017888508737087,3.367526948917657
a_6_positive_02,fidelity,6,3,0.0015527970232345125,0.9994838581409917,0.9984472029767655,0.99896280949834,0.999691450534532,0.020558530692487968,1.0,0.002212913241237402,5.15146066993475
a_6_positive_02,fidelity,6,4,0.0008069196575199924,0.9997230311604168,0.99919308034248,0.9994699023615353,0.9998372238689898,0.020936163358153414,1.0,0.002970213070511818,7.2156001487746835
a_6_positive_02,lambda_0.5,6,1,0.04562539093147622,0.9875972429374469,0.9219760797133095,0.9335547322621538,0.9897792975158042,0.008796198221105318,1.0,0.0008615711703896523,1.7994768377393484
a_6_positive_02,lambda_0.5,6,2,0.004674905907544935,0.9984209444996689,0.9922390207244686,0.9938082991855722,0.9979315418567876,0.015172146118254624,1.0,0.0014752359129488468,3.4405129654332995
a_6_positive_02,lambda_0.5,6,3,0.0018344223657830172,0.9997855695336639,0.996546280486007,0.9967600162011062,0.9992100806568911,0.018030483127474406,1.0,0.0022626351565122604,5.219145885668695
a_6_positive_02,lambda_0.5,6,4,0.0007522618637802458,0.9999006856719049,0.9985949202946262,0.9986941049286296,0.9996645375544148,0.020421980083564835,1.0,0.002755905967205763,7.140461195725948
a_6_positive_02,lambda_0.5,6,5,9.039993739079488e-06,0.9999991073489645,0.9999828126781029,0.9999837053145929,0.9999951029509433,0.02237024059213928,1.0,0.003786630928516388,8.816447228658944
a_6_positive_02,lambda_1,6,1,0.07600010739079388,0.9796741568162022,0.9251315189728508,0.9443257357930039,0.9904247644375039,0.009705184220653027,1.0,0.0008776215836405754,1.798538461793214
a_6_positive_02,lambda_1,6,2,0.006119221030453259,0.9977064631495041,0.9938895533171919,0.9961743158200427,0.9988678467940594,0.017752452127966136,1.0,0.0014944607391953468,3.4177122521214187
a_6_positive_02,lambda_1,6,3,0.003294314115284469,0.9989521489923447,0.9967080398433464,0.9977535368923707,0.9993406819323692,0.019522889667732437,1.0,0.0019579888321459293,5.241437791846693
a_6_positive_02,lambda_1,6,4,0.0004238013621614689,0.9999010876970154,0.9995762307733635,0.9996751109408232,0.9999047122747573,0.020885384947775858,1.0,0.0030055418610572815,7.0559302642941475
a_6_positive_02,lambda_2,6,1,0.12362612716515686,0.957475187651811,0.9186489393402186,0.9594493425915162,0.991590666624113,0.011522637794923137,1.0,0.0008467291481792927,1.804257771000266
a_6_positive_02,lambda_2,6,2,0.009529254060068881,0.9951549355021037,0.9928241883212919,0.9976579052189137,0.9992150791041531,0.01885550509257933,1.0,0.0015919911675155163,3.4368260339833796
a_6_positive_02,lambda_2,6,3,0.002553491795495244,0.9987222741122546,0.9980852061979433,0.9993621170461252,0.9998029878786303,0.020665419966285768,1.0,0.0021524117328226566,5.22023328114301
a_6_positive_02,lambda_2,6,4,0.0019453259973879478,0.9990044614543964,0.9985300405035133,0.9995251062741078,0.9998811911684576,0.021582989496092376,1.0,0.0030267052352428436,7.173485997132957
a_6_positive_02,lambda_2,6,5,0.00020882848343228844,0.9998650471678496,0.999828114327073,0.9999630621743592,0.9999888560058307,0.02230695280797757,1.0,0.0035699731670320034,8.863309905864298
a_6_positive_03,feasibility,6,1,-0.9999733993324207,0.9999866996662103,0.08421337114926943,0.08421449123011271,0.7027732138388784,5.275394278872883e-07,0.75,1.928465579636395,1.9604836045764387
a_6_positive_03,feasibility,6,2,-0.999933030597213,0.9999665152986065,0.04228979899727859,0.04229121510598798,0.6456462852892236,4.263349056035666e-12,0.7916666666666666,3.7199397389777005,3.7379632014781237
a_6_positive_03,feasibility,6,3,-0.9999959618356264,0.9999979809178132,0.03778740475393249,0.03778748104996236,0.6880816260317073,2.318107033138855e-09,0.5833333333333334,5.91794687975198,5.781547961756587
a_6_positive_03,feasibility,6,4,-0.9999999998863731,0.9999999999431866,0.04932332080681059,0.04932332080961282,0.515627297161958,2.676686965120945e-13,0.5833333333333334,8.055803359020501,7.998061837628484
a_6_positive_03,feasibility,6,5,-0.9999999997851892,0.9999999998925946,0.03232841186545993,0.03232841186893217,0.5412735390089616,3.6954087129011465e-13,0.7916666666666666,10.793829089961946,9.90884919418022
a_6_positive_03,feasibility,6,6,-0.9999999999039875,0.9999999999519937,0.041812976678810045,0.04181297668081733,0.6973779755056378,4.954763091746418e-13,0.7916666666666666,13.92773101106286,11.750174270011485
a_6_positive_03,feasibility,6,7,-0.9999999998604945,0.9999999999302472,0.030030443952222968,0.030030443954317674,0.7189821256678214,3.2565852840460804e-14,0.7916666666666666,17.839118589647114,14.537037668284029
a_6_positive_03,feasibility,6,8,-0.9999999999594134,0.9999999999797067,0.01285456187552927,0.012854561875790132,0.7049460425318858,4.114432888881993e-14,0.7916666666666666,21.344079189933836,16.442760395351797
a_6_positive_03,fidelity,6,1,0.19990822044275747,0.8628092133133625,0.8000917795572425,0.9273101946660116,0.9634826576381957,0.016617861508525088,1.0,0.0009965128265321255,1.9831065842881799
a_6_positive_03,fidelity,6,2,0.018613033037463846,0.9881147233308784,0.9813869669625362,0.9931913205931562,0.9969394098121417,0.032323143214441755,1.0,0.0016015609726309776,3.8291191309690475
a_6_positive_03,fidelity,6,3,0.002902217373793721,0.99750280223664,0.9970977826262063,0.9995939664434771,0.999796042684916,0.037862740124733625,1.0,0.0025562793016433716,5.818749379832298
a_6_positive_03,fidelity,6,4,0.0001257329951353155,0.9998914010560167,0.9998742670048647,0.999982864087906,0.9999942229895121,0.04116596967866119,1.0,0.003577528055757284,7.677033425308764
a_6_positive_03,lambda_0.5,6,1,0.15544657580736704,0.9320679134464778,0.7689290186561472,0.8249710214923104,0.9292694652307921,0.018852895463194887,1.0,0.0009375349618494511,1.9995561628602445
a_6_positive_03,lambda_0.5,6,2,0.01535633439032924,0.9879078838666215,0.9814583899652155,0.9934715634860984,0.9984557540545471,0.033665865266628875,1.0,0.001641901209950447,3.873702059034258
a_6_positive_03,lambda_0.5,6,3,0.002958886364779756,0.9980381018653453,0.9960480373837931,0.99800602353975,0.999362804797165,0.03616260326646912,1.0,0.0024772798642516136,5.8382453690283
a_6_positive_03,lambda_0.5,6,4,0.0003959341591287524,0.9997466860498478,0.9994615178872716,0.9997147595820467,0.9999048954942734,0.03899205376787499,1.0,0.0036199409514665604,7.70992303872481
a_6_positive_03,lambda_1,6,1,0.20969457376518308,0.8578336463575023,0.7999056670576271,0.9324717798773148,0.9664587871428268,0.017164748164739504,1.0,0.000974003691226244,2.010882186703384
a_6_positive_03,lambda_1,6,2,0.027396905000454663,0.9849041143810785,0.972788789781125,0.9876989806184667,0.9933381187884015,0.02690875779808282,1.0,0.001682025846093893,3.8763369200751185
a_6_positive_03,lambda_1,6,3,0.005328223321115155,0.9954237545047455,0.9946752179140229,0.9992480221741392,0.9997382741804344,0.03812978592937417,1.0,0.0025629401206970215,5.8633896741084754
a_6_positive_03,lambda_1,6,4,0.0008883507122173784,0.9994364665487685,0.9991118323331746,0.999675182739014,0.9998731484567882,0.039462230146572234,1.0,0.0030838577076792717,7.920877217780799
a_6_positive_03,lambda_2,6,1,0.25768427898699775,0.8129810092739729,0.7842562405884528,0.9646673558695147,0.9836879681367463,0.023665310746571553,1.0,0.0010121450759470463,2.0058392882347107
a_6_positive_03,lambda_2,6,2,0.049344950292612655,0.9580214247989356,0.9544928522185314,0.9963168124542259,0.9988748637880174,0.03312188871775391,1.0,0.0016544549725949764,3.8512186985462904
a_6_positive_03,lambda_2,6,3,0.008719135937500178,0.9935403768879042,0.9924179182758365,0.9988702435872977,0.9995567521237038,0.03692494167554347,1.0,0.002544635906815529,5.85660568671301
a_6_positive_03,lambda_2,6,4,0.0005838634603071435,0.9995001533134736,0.9994581659243362,0.9999579916131096,0.9999881405997472,0.04107146623565984,1.0,0.0035336781293153763,7.8784655020572245
a_6_quadratic_01,feasibility,6,1,-0.9999791845318973,0.9999895922659486,0.5079627497997085,0.5079680365959399,0.8672308506195643,0.0003531618189070081,1.0,2.0320412619039416,2.0999800795689225
a_6_quadratic_01,feasibility,6,2,-0.9999999999617555,0.9999999999808777,0.07439279466505834,0.0743927946664809,0.729236263037976,6.634618956631422e-05,1.0,3.9566327845677733,4.036148538347334
a_6_quadratic_01,feasibility,6,3,-0.9999999999734164,0.9999999999867082,0.07408091385582483,0.0740809138568095,0.7271521975954769,2.5338918789812773e-05,1.0,6.400102911051363,6.237279551569372
a_6_quadratic_01,feasibility,6,4,-0.9999999999928155,0.9999999999964078,0.1235273686408122,0.12352736864125594,0.6764219618351014,7.15684929363006e-06,0.9791666666666666,8.77521446486935,8.256726298946887
a_6_quadratic_01,feasibility,6,5,-0.9999999999932991,0.9999999999966496,0.01409224587323117,0.014092245873278385,0.6475704922920037,3.6757271621453174e-05,1.0,11.795046321116388,10.742982122581452
a_6_quadratic_01,feasibility,6,6,-0.9999999999929297,0.9999999999964648,0.020742035082782145,0.02074203508285547,0.5110981984083476,5.181641021924389e-05,1.0,14.930360692087561,13.611009290907532
a_6_quadratic_01,feasibility,6,7,-0.9999999999898685,0.9999999999949343,0.002225491728781966,0.0022254917287932397,0.6721801749166468,2.793715669912125e-06,0.9583333333333334,18.921277708373964,15.837767980527133
a_6_quadratic_01,feasibility,6,8,-0.9999999999941394,0.9999999999970697,0.01060022283280849,0.010600222832839552,0.5992896122675001,1.1618434861049391e-06,0.8958333333333334,23.120333558879793,18.707830237224698
a_6_quadratic_01,fidelity,6,1,0.06413760604209001,0.9728887193075864,0.93586239395791,0.9619418700054121,0.9909829167873029,0.008683458910695925,1.0,0.001146618276834488,2.0869179600849748
a_6_quadratic_01,fidelity,6,2,0.008862851741837707,0.9977197695872246,0.9911371482581623,0.9934023344733506,0.9984426111793755,0.015199787147996566,1.0,0.0017502810806035995,4.06780576845631
a_6_quadratic_01,fidelity,6,3,0.0016904388709991225,0.9995564957641461,0.9983095611290009,0.9987525120986864,0.9995252418521933,0.018551310510589496,1.0,0.00242041889578104,6.212703705765307
a_6_quadratic_01,fidelity,6,4,9.784368438977193e-07,0.9999997926953796,0.9999990215631561,0.9999992288676166,0.9999997874640538,0.02075629281567376,1.0,0.0034401179291307926,8.210282932501286
a_6_quadratic_01,lambda_0.5,6,1,0.0421929916036185,0.9857058760295628,0.9307057205083672,0.9442022647336373,0.9858904841695898,0.006330209927571398,1.0,0.0009415950626134872,2.091599063947797
a_6_quadratic_01,lambda_0.5,6,2,0.007527086116859871,0.9973650121651704,0.9876065968400297,0.9902158034359395,0.9973673286537335,0.013407281877425256,1.0,0.0019471361301839352,4.07640890404582
a_6_quadratic_01,lambda_0.5,6,3,0.0012097027265985938,0.9997088381413062,0.9978722912936294,0.9981629182641905,0.9995834495634827,0.018510012756375396,1.0,0.003023977857083082,6.212995074223727
a_6_quadratic_01,lambda_0.5,6,4,9.83441131946483e-06,0.9999984107725881,0.9999819204309799,0.9999835096321849,0.9999954288515681,0.02056455282860254,1.0,0.00349272508174181,8.191380511503667
a_6_quadratic_01,lambda_1,6,1,0.06516790845485199,0.9731548769583649,0.9358608714348641,0.9616772145867832,0.9909153932469126,0.008627799165916179,1.0,0.0009845639578998089,2.0867421980947256
a_6_quadratic_01,lambda_1,6,2,0.011821304374630581,0.9957895932146057,0.9882107406002221,0.9923891024107637,0.997550005831534,0.013552665397249008,1.0,0.0017844270914793015,4.089764322154224
a_6_quadratic_01,lambda_1,6,3,0.0016970445768293985,0.9994249939327938,0.9983036006021213,0.9988779614903768,0.9997330055122615,0.01872321341871148,1.0,0.0026823608204722404,6.193231897428632
a_6_quadratic_01,lambda_1,6,4,4.968979418418229e-05,0.999988781597257,0.9999503106374034,0.9999615286085588,0.999994563235243,0.02040214277479796,1.0,0.0033090109936892986,8.271714079659432
a_6_quadratic_01,lambda_2,6,1,0.09575807497412192,0.9551862064049502,0.9308555689706991,0.9745278593104639,0.9935614624688834,0.012260502387104844,1.0,0.0010074740275740623,2.070182885043323
a_6_quadratic_01,lambda_2,6,2,0.012562143980639151,0.9946645680040138,0.9910704908268616,0.9963866440076734,0.9989431432200755,0.017369092649228708,1.0,0.0017759669572114944,4.080388443078846
a_6_quadratic_01,lambda_2,6,3,0.006352425692645491,0.9980663311694693,0.9958612249446189,0.9977906215689426,0.9993979493041698,0.017351489105802302,1.0,0.002544257789850235,6.263492119964212
a_6_quadratic_01,lambda_2,6,4,9.353907788367533e-05,0.9999485481201621,0.999927505603872,0.9999789564009772,0.9999945398630162,0.020576638912170854,1.0,0.0031495229341089725,8.224324263632298
a_6_quadratic_02,feasibility,6,1,-0.9999999999329119,0.9999999999664559,0.4184634183812857,0.41846341839532264,0.9219028228631249,0.0004948267677343734,1.0,1.924318380188197,1.9881882523186505
a_6_quadratic_02,feasibility,6,2,-0.9999999999835447,0.9999999999917724,0.3020768328628117,0.3020768328652971,0.882222354790289,0.0006621422392189502,1.0,3.7246334552764893,3.863820820581168
a_6_quadratic_02,feasibility,6,3,-0.9999999999896401,0.99999999999482,0.03493040539289461,0.03493040539307555,0.888004420695468,0.000133791412610677,1.0,5.965443980880082,5.900825912132859
a_6_quadratic_02,feasibility,6,4,-0.9999999999827534,0.9999999999913767,0.018251744369465358,0.01825174436962275,0.9105471651221904,9.888350810704019e-05,1.0,8.220192701090127,7.83447830658406
a_6_quadratic_02,feasibility,6,5,-0.9999999999940423,0.9999999999970212,0.05214496681583554,0.05214496681599087,0.875509266222344,0.00030405035230674426,1.0,11.008187212981284,9.900411474518478
a_6_quadratic_02,feasibility,6,6,-0.9999999999965443,0.9999999999982722,0.030190059017088475,0.030190059017140638,0.8759333478588384,0.00042743433418787835,1.0,13.915402960963547,13.030852941796184
a_6_quadratic_02,feasibility,6,7,-0.999999999992963,0.9999999999964815,0.008887351243218801,0.008887351243250071,0.8973167636180986,0.0002858405591289772,1.0,17.0164670269005,15.020644642412663
a_6_quadratic_02,feasibility,6,8,-0.9999999999963383,0.9999999999981691,0.0055171110076153536,0.005517111007625455,0.8898111464774896,2.7147251440916756e-05,1.0,21.333606413099915,17.342599515337497
a_6_quadratic_02,fidelity,6,1,0.014420996018613363,0.9999999998713414,0.9855790039813866,0.9855790041081899,0.9922360632225019,0.015624886517400068,1.0,0.0010266797617077827,2.014084827620536
a_6_quadratic_02,fidelity,6,2,0.0036667389929883575,0.9994697273752509,0.9963332610070117,0.9968618695670993,0.998947222241773,0.014699444000462754,1.0,0.0016281120479106903,3.826563363429159
a_6_quadratic_02,fidelity,6,3,0.001155768980172803,0.9998771895823714,0.9988442310198272,0.9989669145638019,0.999681206421134,0.015238052115682398,1.0,0.0022786548361182213,5.834215353708714
a_6_quadratic_02,fidelity,6,4,0.0001624673838438666,0.9999754578251594,0.9998375326161562,0.9998620714059291,0.9999727978573675,0.01650395965410039,1.0,0.003294129855930805,7.842556642834097
a_6_quadratic_02,lambda_0.5,6,1,0.007210497998461962,0.9999999999913616,0.9855790040118391,0.9855790040203529,0.9922360630625214,0.015624857609185036,1.0,0.0011163512244820595,2.0312332566827536
a_6_quadratic_02,lambda_0.5,6,2,0.002929871830414932,0.9998504263438962,0.9942906617139999,0.9944394036513777,0.9982741501506431,0.014269249076474136,1.0,0.001724794041365385,3.851079675834626
a_6_quadratic_02,lambda_0.5,6,3,0.0011262098970289403,0.9999202410417931,0.9978275060918224,0.9979070981223559,0.9993483837349522,0.014692550151197945,1.0,0.0025592688471078873,5.903648322913796
a_6_quadratic_02,lambda_0.5,6,4,0.00037421828802330914,0.9999930504620268,0.9992585180666228,0.9992654624998998,0.9998622810969441,0.015946590594491595,1.0,0.00317923491820693,7.891914374195039
a_6_quadratic_02,lambda_1,6,1,0.01442099601164748,0.9999999999025475,0.9855790039897578,0.985579004085805,0.9922360631821213,0.01562489248871692,1.0,0.0011099711991846561,2.0155025646090508
a_6_quadratic_02,lambda_1,6,2,0.004497771479113011,0.9993811089833358,0.9955046291251599,0.9961211195375512,0.9989311691418089,0.013501479575173034,1.0,0.0018031899817287922,3.8713506255298853
a_6_quadratic_02,lambda_1,6,3,0.0014514365286995012,0.9996717353320711,0.9985489321689385,0.9988768281392295,0.9997078079167702,0.015311006382571294,1.0,0.002455857116729021,5.824889292009175
a_6_quadratic_02,lambda_1,6,4,0.00039969720562682554,0.9999777686490672,0.9996003111859489,0.9996225341453059,0.9999139473250609,0.01631605474777276,1.0,0.0033155949786305428,7.939299297053367
a_6_quadratic_02,lambda_2,6,1,0.027702039242227805,0.9945593517359275,0.9834892144459404,0.9888693045109224,0.9959032815210945,0.01443795812169904,1.0,0.0010319491848349571,2.0099060288630426
a_6_quadratic_02,lambda_2,6,2,0.007467346549997256,0.9978984929017594,0.995221211350729,0.9973170802741218,0.9990327361526385,0.014199701217928207,1.0,0.0016199946403503418,3.8736032606102526
a_6_quadratic_02,lambda_2,6,3,0.0011902622807373753,0.9998198731532317,0.9993148964125024,0.9994949322830153,0.9998937702802004,0.016116456063921238,1.0,0.0025339298881590366,5.894978730473667
a_7_equality_01,feasibility,7,1,-0.924770598224975,0.9623852991124875,0.4619243395567861,0.47997859067753124,0.5932654135047295,0.0005133219723101719,1.0,5.761520653963089,8.125656340271235
a_7_equality_01,feasibility,7,2,-0.999306839373646,0.999653419686823,0.020164165232165063,0.02017115615778337,0.7057137443115964,5.830275110901833e-06,0.7272727272727273,13.830942756030709,17.968495197128505
a_7_equality_01,feasibility,7,3,-0.9999035485271348,0.9999517742635674,0.2625559840563119,0.2625686466226594,0.44387405281421183,2.4050074175624473e-12,0.36363636363636365,24.38532678410411,29.231052379123867
a_7_equality_01,feasibility,7,4,-0.9999535418792984,0.9999767709396492,0.25936879717052946,0.25937482220392793,0.46354535210074527,8.854065278239535e-12,0.36363636363636365,40.65511285094544,40.289968295022845
a_7_equality_01,feasibility,7,5,-0.9999994959812271,0.9999997479906135,0.13363047220764634,0.13363050588378814,0.3379791007178702,3.3873183273677285e-13,0.2727272727272727,60.461542608216405,51.32350716367364
a_7_equality_01,feasibility,7,6,-0.9999996963271394,0.9999998481635697,0.04420559922948872,0.04420560594151012,0.21939534007465977,4.1888562486407923e-13,0.2727272727272727,89.19443360716105,62.14013348380104
a_7_equality_01,feasibility,7,7,-0.9999939465438867,0.9999969732719434,0.09056392764930073,0.09056420176251113,7.124292793730895e-05,1.3356994879370783e-12,0.09090909090909091,135.51453893911093,74.5735048004426
a_7_equality_01,feasibility,7,8,-0.9999995536072324,0.9999997768036162,0.1340674004994712,0.13406743042283684,0.45803271906226195,5.559168932542143e-13,0.36363636363636365,205.4074836219661,88.15143960854039
a_7_equality_01,fidelity,7,1,0.11443756528827846,0.8994976725202598,0.8855624347117215,0.9845077555681786,0.9870623912594679,0.057922737736717106,1.0,0.0037371166981756687,8.319370196200907
a_7_equality_01,fidelity,7,2,0.018625746281161884,0.9833878268382674,0.9813742537188381,0.997952411994052,0.9983244561459572,0.08012729841164222,1.0,0.00645788898691535,17.75927457679063
a_7_equality_01,fidelity,7,3,0.003983540229810767,0.9962231040387433,0.9960164597701892,0.9997925722985982,0.9998360302526254,0.08779817623955884,1.0,0.009749916847795248,29.21996950963512
a_7_equality_01,fidelity,7,4,0.00011825796463534423,0.9998941597959904,0.9998817420353646,0.9999875809249368,0.9999910282214954,0.09016344507711209,1.0,0.013006449677050114,40.992466676048934
a_7_equality_01,lambda_0.5,7,1,0.10728065707967038,0.9044526691504986,0.8832281926967188,0.976533347539662,0.9823751109272801,0.040109923064230744,1.0,0.0033591161482036114,8.342218493577093
a_7_equality_01,lambda_0.5,7,2,0.022289574023855896,0.9858795301988061,0.9697720249324399,0.9836617915546759,0.987591735785545,0.04689757290871322,1.0,0.0063997069373726845,17.825562689919025
a_7_equality_01,lambda_0.5,7,3,0.006451665461015221,0.9941956585079648,0.9929085251487486,0.9987053520620399,0.9993417978794321,0.08136882297491027,1.0,0.00986770773306489,29.30247215507552
a_7_equality_01,lambda_0.5,7,4,0.00031162626314201747,0.9997441941795737,0.9996325818525306,0.9998883591145685,0.9999098363189539,0.08685955804108753,1.0,0.013250235002487898,41.00226045306772
a_7_equality_01,lambda_1,7,1,0.13406642857608841,0.8772029376844809,0.867317416494867,0.9887306337394306,0.9912220877456249,0.05384297026386286,1.0,0.0034970990382134914,8.350691855885088
a_7_equality_01,lambda_1,7,2,0.0407412296016606,0.9662511251399472,0.959494754503491,0.9930076452583922,0.99428633627324,0.06607833699759902,1.0,0.006768971215933561,18.01814418984577
a_7_equality_01,lambda_1,7,3,0.008134572516613203,0.9924591413143946,0.9918699045954861,0.9994062861689922,0.9995589214420465,0.08483516145476751,1.0,0.010078448336571455,29.45296432962641
a_7_equality_01,lambda_1,7,4,0.002202908433738715,0.9979487710479682,0.9977974026956056,0.9998483205182931,0.9998790488061144,0.08831638504289735,1.0,0.013258181978017092,40.91379147255793
a_7_equality_01,lambda_1,7,5,0.00011482000390405922,0.9998934565018416,0.9998851808779038,0.9999917234942544,0.999994937745653,0.09046239283747935,1.0,0.016994668636471033,52.53142391145229
a_7_equality_01,lambda_2,7,1,0.17673595087637284,0.8308499663753546,0.8276985868285927,0.9962070413741364,0.9969603210307662,0.06863958838961524,1.0,0.0036419862881302834,8.316686683800071
a_7_equality_01,lambda_2,7,2,0.07194957182921757,0.9356515349074472,0.9320955413148695,0.9961994466316677,0.9968929554139402,0.07206869627040519,1.0,0.006733882240951061,17.830479063559324
a_7_equality_01,lambda_2,7,3,0.013402770609848735,0.9870926558609994,0.9868481399455526,0.9997522867645758,0.9998020236326646,0.08524675431014565,1.0,0.009925267193466425,28.934467459097505
a_7_equality_01,lambda_2,7,4,0.003021813447760535,0.9970482627483678,0.997013328073563,0.999964961901936,0.9999727682065546,0.08938062854673078,1.0,0.013431808911263943,40.357636861503124
a_7_equality_01,lambda_2,7,5,0.0007524302790899995,0.9992728800869399,0.9992602341057605,0.9999873448169849,0.9999895317271346,0.0899996990375318,1.0,0.01689895475283265,51.8616029988043
a_7_equality_02,feasibility,7,1,-0.7468811959328663,0.8734405979664331,0.7103649903275214,0.8132951364768383,0.8734046316218346,0.00911423165056687,1.0,5.768790889065713,8.107398780528456
a_7_equality_02,feasibility,7,2,-0.9659390126036687,0.9829695063018343,0.4799657336523673,0.48828140707855,0.8029698876072723,0.0004474418104513156,1.0,14.89019838301465,17.703753979410976
a_7_equality_02,feasibility,7,3,-0.9982894510909761,0.999144725545488,0.5431168399176367,0.5435817515036366,0.782339077953631,1.108097570753082e-06,0.7272727272727273,25.411111259367317,28.936558151151985
a_7_equality_02,feasibility,7,4,-0.9995215804768536,0.9997607902384268,0.4690678703181666,0.4691801027786872,0.7739024842315743,7.237187082885194e-05,0.8181818181818182,39.50278749410063,40.14337502839044
a_7_equality_02,feasibility,7,5,-0.9999725726488429,0.9999862863244214,0.10602565121127135,0.10602710523259504,0.7605688307038058,0.0008207121593299367,1.0,62.07447853963822,51.02436510287225
a_7_equality_02,feasibility,7,6,-0.9999999953367875,0.9999999976683938,0.1750545472540133,0.17505454766217157,0.6199401323914054,0.00018264604365589857,1.0,93.73613383900374,61.62849207734689
a_7_equality_02,feasibility,7,7,-0.9999999981180219,0.9999999990590109,0.10861380543740479,0.10861380553960918,0.6103352231093766,0.0002678922417096912,1.0,133.24800176918507,73.88801081944257
a_7_equality_02,feasibility,7,8,-0.9999999991418156,0.9999999995709078,0.1066491176963163,0.10664911774207861,0.49890612867646406,0.0003482821395272533,1.0,196.7603269983083,87.5085736932233
a_7_equality_02,fidelity,7,1,0.18268783435286468,0.8355200239554224,0.8173121656471353,0.9782077535112929,0.9830503608861549,0.04634406102383592,1.0,0.0034027895890176296,8.318827556911856
a_7_equality_02,fidelity,7,2,0.029655178087605552,0.9731051011102735,0.9703448219123945,0.9971634315813064,0.997861313400469,0.07260848952746275,1.0,0.006718594580888748,17.653208539821208
a_7_equality_02,fidelity,7,3,0.0016199754012620926,0.9984293048392667,0.9983800245987379,0.9999506422334661,0.9999714223220217,0.08924538957292524,1.0,0.010114344768226147,29.072821027599275
a_7_equality_02,fidelity,7,4,0.0002635842598159577,0.9997518520518206,0.999736415740184,0.9999845598569236,0.9999894534788619,0.09016371387722966,1.0,0.013409173116087914,40.79055526992306
a_7_equality_02,lambda_0.5,7,1,0.20834971455765067,0.8035816614787972,0.7844059915206031,0.9761372479271043,0.9848979550627962,0.03323802082772587,1.0,0.0032678060233592987,8.335934377275407
a_7_equality_02,lambda_0.5,7,2,0.043112977692173926,0.9653158346501403,0.9490429026074794,0.9831423753153716,0.9885215759207924,0.06723638498476278,1.0,0.006535179913043976,17.71580476826057
a_7_equality_02,lambda_0.5,7,3,0.0020099908831101576,0.9983142743982448,0.997666837080108,0.99935146943729,0.9996941512574524,0.08532796758540326,1.0,0.009947160258889198,29.158456538338214
a_7_equality_02,lambda_0.5,7,4,0.0001656623537544255,0.9998497599677196,0.9998189199588716,0.9999691553570519,0.999975715523986,0.08912378462866846,1.0,0.013227601069957018,40.8036272698082
a_7_equality_02,lambda_1,7,1,0.2254434629908062,0.7898856799432747,0.7777774094538406,0.9846708570659191,0.9890046116545039,0.043364491675104,1.0,0.0039057238027453423,8.363937836606055
a_7_equality_02,lambda_1,7,2,0.06490934870160892,0.9481092838844508,0.935766197466127,0.9869813674139403,0.9900502054566921,0.0636314678699393,1.0,0.006710490211844444,17.75521341431886
a_7_equality_02,lambda_1,7,3,0.011191365420784805,0.9895592002065104,0.9888164710846616,0.9992494343727047,0.999606815968359,0.08546102986891732,1.0,0.010122987907379866,29.196033922489733
a_7_equality_02,lambda_1,7,4,0.0003166310771338665,0.9997015482053969,0.9996833743485056,0.9999818207174692,0.9999853934626721,0.09007220539832311,1.0,0.012966569047421217,40.70457985717803
a_7_equality_02,lambda_2,7,1,0.25546370617649283,0.7484806600116698,0.7470045191077479,0.9980278169059186,0.99886816715505,0.07337064796129279,1.0,0.003710139077156782,8.330625660717487
a_7_equality_02,lambda_2,7,2,0.1024693560972425,0.9014715752573244,0.8996952564592331,0.9980295343227165,0.998592055873274,0.07345362577174967,1.0,0.006674380041658878,17.525983672589064
a_7_equality_02,lambda_2,7,3,0.01527399505919147,0.9853199499022441,0.985027336992421,0.9997030275192822,0.9998072337658568,0.08560230980238483,1.0,0.010170624125748873,28.74712979188189
a_7_equality_02,lambda_2,7,4,0.0008880965133278851,0.9991272169172175,0.9991195668845965,0.9999923432847274,0.9999944535001801,0.09019527424800557,1.0,0.013184833340346813,40.849968816619366
a_7_equality_03,feasibility,7,1,-0.9201764324856845,0.9600882162428422,0.8092185830983917,0.8428585721686537,0.8743374431068576,0.021605579919795653,1.0,5.809076708741486,8.140330986585468
a_7_equality_03,feasibility,7,2,-0.9975710253306287,0.9987855126653143,0.7142856698813944,0.7151542156186103,0.8010575061072751,0.004405274252012893,1.0,13.94335819920525,17.80735980719328
a_7_equality_03,feasibility,7,3,-0.9997197904925106,0.9998598952462553,0.5181281246831715,0.5182007270684278,0.7439122562796452,0.0002715124509788213,1.0,25.000645219814032,28.597785679157823
a_7_equality_03,feasibility,7,4,-0.9999984870622265,0.9999992435311132,0.41853665488351527,0.41853697149371216,0.7552354719761978,0.000706124596705532,1.0,42.09413093607873,39.560373997315764
a_7_equality_03,feasibility,7,5,-0.9999999968596645,0.9999999984298322,0.023350899725230544,0.023350899761895375,0.8080059662804748,0.0022903685280312256,1.0,61.13317517004907,49.86572934035212
a_7_equality_03,feasibility,7,6,-0.999999999346803,0.9999999996734015,0.03288060792440327,0.032880607935142026,0.7221990907300537,0.0017820144984688696,1.0,90.9000259898603,61.92457309411839
a_7_equality_03,feasibility,7,7,-0.9999999977533682,0.9999999988766841,0.22352867247955738,0.2235286727306507,0.8068022907863196,0.010768372134175367,1.0,135.24487330811098,74.48988126218319
a_7_equality_03,feasibility,7,8,-0.9999999990908284,0.9999999995454142,0.28366001049534884,0.28366001062429663,0.5353034881466616,4.5046425739689185e-05,0.9,198.6430329508148,87.78584572393447
a_7_equality_03,fidelity,7,1,0.08532801704566045,0.9262174849574384,0.9146719829543395,0.9875347829309987,0.989014937976055,0.06957510084701762,1.0,0.0036238329485058784,8.350254718214273
a_7_equality_03,fidelity,7,2,0.010799494615694039,0.98982281746565,0.9892005053843059,0.9993712894162842,0.9994632042187431,0.09050526346950445,1.0,0.006807858124375343,17.181024085264653
a_7_equality_03,fidelity,7,3,0.00024432904508321364,0.9998024887845881,0.9997556709549167,0.9999531729214554,0.999964579064222,0.09642659274624275,1.0,0.010206053964793682,28.99905256740749
a_7_equality_03,lambda_0.5,7,1,0.07513475311135359,0.9329287806723949,0.9178833751908286,0.983872932432503,0.9861523590710729,0.06504104720872877,1.0,0.0034005679190158844,8.395763223990798
a_7_equality_03,lambda_0.5,7,2,0.013477905723306316,0.987576341120719,0.9854940426389979,0.9978915063119494,0.9981986399714331,0.08536871844896866,1.0,0.0066579352132976055,16.903650226071477
a_7_equality_03,lambda_0.5,7,3,0.0011012097151211209,0.9996489922938563,0.9981491149292742,0.9984995959820453,0.9987236779076677,0.08960110688350247,1.0,0.009866552893072367,29.449828529264778
a_7_equality_03,lambda_0.5,7,4,1.6742375141542976e-05,0.9999921422023345,0.9999743731870089,0.999982230845048,0.9999846747388307,0.09859948868678757,1.0,0.01354544097557664,39.59058205364272
a_7_equality_03,lambda_1,7,1,0.08789525027870815,0.9208222648155046,0.9127949828228882,0.9912824849057872,0.9924971873819352,0.0788598398589864,1.0,0.0037023071199655533,8.385905933566391
a_7_equality_03,lambda_1,7,2,0.024307204739460353,0.9799705079835666,0.975778475673374,0.9957222872769729,0.9968439230201307,0.08554410098310453,1.0,0.006997281685471535,17.627082430757582
a_7_equality_03,lambda_1,7,3,0.0021281637604220194,0.9985502448084893,0.9978728197659228,0.9993215914310888,0.999418869285541,0.09232729266833337,1.0,0.009924898855388165,29.1768254423514
a_7_equality_03,lambda_1,7,4,1.596688148619574e-05,0.9999848895460207,0.9999840331314548,0.9999991435724931,0.9999992874474143,0.09962979485178011,1.0,0.013284869026392698,38.0783648933284
a_7_equality_03,lambda_2,7,1,0.117452743754896,0.8897848553107461,0.8865649022920363,0.9963812004671789,0.9969473588252262,0.08673031049957759,1.0,0.003489237278699875,8.189101274125278
a_7_equality_03,lambda_2,7,2,0.030720640698093993,0.9702538554177329,0.9697811011109975,0.9995127519420864,0.999700981387595,0.09127758142653505,1.0,0.006584129761904478,17.463968567550182
a_7_equality_03,lambda_2,7,3,0.0058787556599135815,0.9947173167898558,0.9944208549959324,0.9997019637751154,0.9997499940209513,0.0948449314099654,1.0,0.01020944956690073,29.12433235673234
a_7_equality_03,lambda_2,7,4,0.00012382249489861774,0.9998851606354183,0.9998806695860682,0.9999955084348414,0.9999965701836756,0.09929204813116341,1.0,0.013061213307082653,39.04314359789714
a_7_mixed_01,feasibility,7,1,-0.9997666819023008,0.9998833409511504,0.416646964156882,0.41669557546637576,0.7592989994552446,0.0002654988828634946,1.0,3.484391906298697,4.536338063888252
a_7_mixed_01,feasibility,7,2,-0.9999998556671965,0.9999999278335983,0.05326636544334791,0.05326636928739011,0.7728344445830384,8.737365401838658e-11,0.7,7.385167977772653,9.51770099485293
a_7_mixed_01,feasibility,7,3,-0.9999999995611721,0.9999999997805861,0.02619291006421927,0.02619291006996636,0.7614785973728729,5.0368748000541715e-12,0.7,12.519857265986502,15.510354915168136
a_7_mixed_01,feasibility,7,4,-0.999999999960159,0.9999999999800795,0.0036547797970470316,0.0036547797971198366,0.70976495412994,2.588025691638138e-13,0.7,19.41216564597562,20.67692560562864
a_7_mixed_01,feasibility,7,5,-0.9999999998561557,0.9999999999280779,0.021229634879074095,0.021229634880600975,0.7952927332087203,2.3565873360417414e-14,0.7,26.15436700778082,28.048487095627934
a_7_mixed_01,feasibility,7,6,-0.9999999999616893,0.9999999999808447,0.002067324940692478,0.0020673249407320783,0.7508450814205501,4.944809120218563e-15,0.7,35.86069181282073,32.02558755502105
a_7_mixed_01,feasibility,7,7,-0.9999999999350484,0.9999999999675242,0.029158706006775288,0.02915870600772224,0.7789876797329194,1.459216803464927e-15,0.7,49.36904259864241,41.39641522616148
a_7_mixed_01,feasibility,7,8,-0.9999999999734954,0.9999999999867477,0.032558212803533125,0.03255821280396459,0.7873846063966805,1.7288756460396339e-15,0.7,62.883162952028215,44.38038550829515
a_7_mixed_01,fidelity,7,1,0.13558266131457994,0.9503908541462002,0.86441733868542,0.9095387807177333,0.9904016642174801,0.004609436807754801,1.0,0.0020768530666828156,4.7175880507566035
a_7_mixed_01,fidelity,7,2,0.012276412902969045,0.992758416542756,0.987723587097031,0.9949284444615856,0.9989276483566827,0.01031593317673899,1.0,0.003663098905235529,9.361058488022536
a_7_mixed_01,fidelity,7,3,0.0052715999087856,0.9967755911981326,0.9947284000912144,0.9979461865589451,0.9994926355146043,0.01164290036494632,1.0,0.005575902294367552,15.755444117821753
a_7_mixed_01,fidelity,7,4,0.0023378117723138973,0.9984358469482024,0.9976621882276862,0.9992251292630558,0.999715881785045,0.012292035553692156,1.0,0.007272706832736731,22.135137097444385
a_7_mixed_01,fidelity,7,5,0.0004238125141035461,0.9997917040553783,0.9995761874858965,0.9997844385299381,0.9999509771990607,0.013656587986938223,1.0,0.009272538125514984,29.043015329167247
a_7_mixed_01,lambda_0.5,7,1,0.0953646318360531,0.9692896974346462,0.8439521469213739,0.8706913414586013,0.9796315306298226,0.002452026716982248,1.0,0.001996253151446581,4.552690579555929
a_7_mixed_01,lambda_0.5,7,2,0.009027986291863688,0.9962999059194462,0.9856835489016922,0.9893442155773802,0.996576281887079,0.009614116998962995,1.0,0.0036468016915023327,9.778671917505562
a_7_mixed_01,lambda_0.5,7,3,0.003382359948837399,0.9979868696795625,0.995253923298124,0.9972615407432004,0.9993703300842511,0.011575581098214924,1.0,0.005099038127809763,14.677780776750296
a_7_mixed_01,lambda_0.5,7,4,0.0014103545136381346,0.9990241750560507,0.998155963966259,0.9991309408606224,0.9998277104918485,0.012246629931357722,1.0,0.006871327292174101,19.782874977216125
a_7_mixed_01,lambda_0.5,7,5,0.00038346016480211853,0.9998574791247696,0.9993756692233831,0.9995181214208566,0.9998791016196633,0.012973640013692863,1.0,0.008458739146590233,25.892532193567604
a_7_mixed_01,lambda_1,7,1,0.13967959896267024,0.9526828162552968,0.8646907304093028,0.9076375847820328,0.9901406023476996,0.004412887413783984,1.0,0.001777913887053728,4.531366621144116
a_7_mixed_01,lambda_1,7,2,0.012350541359215095,0.9931167855551144,0.9876870914243765,0.9945326730856705,0.9984256336022211,0.00963716552657975,1.0,0.003543929196894169,9.270967609714717
a_7_mixed_01,lambda_1,7,3,0.00562337742369301,0.9971726366798987,0.994384527924026,0.9972039858964082,0.9993426102907238,0.011288895614477084,1.0,0.005287810228765011,14.224371922202408
a_7_mixed_01,lambda_1,7,4,0.002519181164484796,0.9988326745336727,0.9974823968910984,0.9986481443018425,0.9996828871147386,0.012438163222023787,1.0,0.006691284943372011,20.18474570242688
a_7_mixed_01,lambda_1,7,5,0.00021762461798757737,0.9998661337460331,0.9997823865944309,0.9999162416359794,0.9999738811166375,0.013699980845090831,1.0,0.00886011216789484,28.52577157318592
a_7_mixed_01,lambda_2,7,1,0.19533674496613695,0.8550439373723657,0.8335050888752559,0.9748096588307487,0.9913619403171264,0.008454934486218507,1.0,0.0017572510987520218,4.605411912314594
a_7_mixed_01,lambda_2,7,2,0.031588287255078784,0.9818220360423899,0.9752387605804362,0.9932948383512656,0.9982925321967079,0.009170188110874306,1.0,0.0038776472210884094,9.80994198936969
a_7_mixed_01,lambda_2,7,3,0.00934746587289459,0.9947801663327108,0.9927271230066846,0.9979361838971973,0.9996115536972183,0.011658014270280714,1.0,0.005600028205662966,15.49797665188089
a_7_mixed_01,lambda_2,7,4,0.0040351836143246445,0.9971247072050322,0.9965464293082117,0.9994200545903216,0.999871769701754,0.013058020943058166,1.0,0.007301831152290106,22.139207404106855
a_7_mixed_01,lambda_2,7,5,0.001461683968963401,0.9989114225193367,0.9987250723528471,0.9998134467558498,0.9999741631157119,0.01379486769291698,1.0,0.009003291837871075,29.123597926925868
a_7_mixed_01,lambda_2,7,6,0.00026023517601958535,0.9998152598690507,0.9997775193199979,0.999962252477465,0.9999908272554406,0.013938764208157607,1.0,0.010669315233826637,34.944024903234094
a_7_mixed_02,feasibility,7,1,-0.9999647349036569,0.9999823674518284,0.4898281490397484,0.4898367861104757,0.8024886337493747,9.751778836992663e-05,1.0,5.828123618848622,8.279617196880281
a_7_mixed_02,feasibility,7,2,-0.9999966846544737,0.9999983423272368,0.013965320862797333,0.013965344012767732,0.7437108333395979,2.1915871573559492e-07,0.9397590361445783,14.558073540218174,17.458909646607935
a_7_mixed_02,feasibility,7,3,-0.9999999178699446,0.9999999589349723,0.0006652165360350203,0.000665216563352157,0.6786245159376283,8.328618402567291e-09,0.6867469879518072,25.44862215174362,29.57388525409624
a_7_mixed_02,feasibility,7,4,-0.9999999992272703,0.9999999996136352,0.010465529027400215,0.010465529031443727,0.8117322617504901,4.770529567521253e-06,0.9879518072289156,42.58616723259911,40.54604164836928
a_7_mixed_02,feasibility,7,5,-0.9999999999246163,0.9999999999623082,0.0033492421382156218,0.003349242138341861,0.7348357040259577,9.057705854080206e-06,0.9759036144578314,67.57383383717388,51.83259945968166
a_7_mixed_02,feasibility,7,6,-0.9999999999849236,0.9999999999924618,0.012062881556704196,0.012062881556795128,0.7080259956956718,1.055112621531035e-06,0.9879518072289156,92.50013881968334,61.55586852133274
a_7_mixed_02,feasibility,7,7,-0.9999999999536533,0.9999999999768266,0.005952908504417228,0.005952908504555177,0.7066249476609221,1.4226714893652276e-05,1.0,140.52048329776153,74.64644482638687
a_7_mixed_02,feasibility,7,8,-0.9999999999798037,0.9999999999899019,0.017841126130387047,0.01784112613056721,0.6135190532684678,3.004541150952413e-06,0.9759036144578314,197.96985606197268,84.24449386494234
a_7_mixed_02,fidelity,7,1,0.08323146639874952,0.9734548633841767,0.9167685336012504,0.9417678909262844,0.9850367339355419,0.0056447578813189295,1.0,0.0034080250188708305,8.336124188732356
a_7_mixed_02,fidelity,7,2,0.0059479712664297375,0.9973963222267022,0.9940520287335702,0.9966469763136225,0.9993897776699243,0.009967779492228735,1.0,0.006587046664208174,17.653556573204696
a_7_mixed_02,fidelity,7,3,0.00039704412125347627,0.9998229844836433,0.9996029558787465,0.9997799324397304,0.9999458325833717,0.011318450955101748,1.0,0.00952300289645791,30.461986218579113
a_7_mixed_02,lambda_0.5,7,1,0.052675374420793175,0.9827680673517687,0.9131027018095377,0.9291131164548764,0.9840336045796777,0.005273782998192315,1.0,0.0038375300355255604,9.263424749486148
a_7_mixed_02,lambda_0.5,7,2,0.005076300062088646,0.9976077581015341,0.9922524836070825,0.9946318836727545,0.9988462610720961,0.009458146057183314,1.0,0.006178352050483227,16.82849746523425
a_7_mixed_02,lambda_0.5,7,3,0.0012457901217767242,0.9997457275482339,0.9977631964394704,0.9980169646599787,0.9995735723887621,0.00989512517676008,1.0,0.01015836512669921,27.922201488167048
a_7_mixed_02,lambda_0.5,7,4,2.9342943906718322e-05,0.9999932330256518,0.9999480813920767,0.9999548480608829,0.9999886126869175,0.011722098424878877,1.0,0.013146744575351477,39.81842134334147
a_7_mixed_02,lambda_1,7,1,0.08476448011532345,0.9740818336549941,0.916760708433766,0.9411536862296824,0.9849640429615527,0.005627886361372296,1.0,0.003403679933398962,8.232416592538357
a_7_mixed_02,lambda_1,7,2,0.009485450171331733,0.9952319608604562,0.9905370426291051,0.9952825889682121,0.9989525135733308,0.00977052937883002,1.0,0.0062230429612100124,17.27131914673373
a_7_mixed_02,lambda_1,7,3,0.001982579279161789,0.9992182142894217,0.9980183594840915,0.9987992064314165,0.9997138200277401,0.01051736188986718,1.0,0.010323641821742058,28.535085604991764
a_7_mixed_02,lambda_1,7,4,2.7331394046203883e-05,0.9999907387388078,0.999972668773306,0.999981929867146,0.9999957502327389,0.011807708598773092,1.0,0.013162896037101746,40.94377554161474
a_7_mixed_02,lambda_2,7,1,0.1346683531877615,0.9395370737860325,0.9046776989270319,0.9628972865131031,0.9954736122514911,0.006729390241327024,1.0,0.0034349211491644382,8.300129793584347
a_7_mixed_02,lambda_2,7,2,0.02197004512634737,0.9869196203267232,0.9825329276998351,0.9955551672734646,0.9989763106867102,0.009214944946824186,1.0,0.006490020081400871,17.511927521787584
a_7_mixed_02,lambda_2,7,3,0.002627403349901636,0.9983543484754651,0.9978642803734759,0.9995091240873166,0.9998669399500152,0.011194199126241634,1.0,0.00963431317359209,28.97903080843389
a_7_mixed_02,lambda_2,7,4,6.968111059513227e-05,0.99995645510495,0.9999433875662268,0.9999869318922274,0.9999965939340403,0.011816201680519958,1.0,0.012932424899190664,40.75521914102137
a_7_positive_01,feasibility,7,1,-0.9998448359173664,0.9999224179586832,0.5064256918619818,0.5064649844493309,0.7468844946753783,3.3232856554438383e-07,0.7777777777777778,5.421221839264035,7.785561036318541
a_7_positive_01,feasibility,7,2,-0.9999985470029789,0.9999992735014894,0.091881398979677,0.091881465731425,0.49648208714451403,2.73708462001558e-15,0.7777777777777778,14.208824909292161,17.02856649691239
a_7_positive_01,feasibility,7,3,-0.9999999563602961,0.9999999781801481,0.058230232811710934,0.05823023408228602,0.4501181908517685,3.104651897917619e-13,0.7777777777777778,25.775512896012515,29.225642966572195
a_7_positive_01,feasibility,7,4,-0.9999998267973105,0.9999999133986552,0.05249435959028578,0.05249436413636831,0.7455591402455582,4.905360793083422e-17,0.7777777777777778,39.5374244293198,36.02362065529451
a_7_positive_01,feasibility,7,5,-0.9999999579427037,0.9999999789713518,0.0009404493351416152,0.0009404493549179938,0.6657071147156967,7.297297659395209e-14,0.7777777777777778,63.258822445292026,50.77897628676146
a_7_positive_01,feasibility,7,6,-0.9999999938903632,0.9999999969451816,0.06002773108856106,0.06002773127193488,0.4812865490831034,1.5198491945969157e-14,0.8888888888888888,88.04905124008656,57.6753036393784
a_7_positive_01,feasibility,7,7,-0.9999999982793442,0.9999999991396721,0.00852230697136311,0.008522306978695089,0.6458954607355248,6.788365311355107e-15,0.8888888888888888,142.0273433481343,74.02961439266801
a_7_positive_01,feasibility,7,8,-0.9999999994484996,0.9999999997242498,0.007143725759740925,0.007143725761710808,0.6332799955473765,7.493341600168986e-14,0.8518518518518519,205.53038904210553,88.55271813413128
a_7_positive_01,fidelity,7,1,0.15507339932027572,0.9197426174514882,0.8449266006797244,0.9186554854019146,0.9659385300755344,0.012780105073740364,1.0,0.003730746917426586,8.381658313795924
a_7_positive_01,fidelity,7,2,0.010939761238506769,0.9910816548943461,0.9890602387614933,0.9979603939565723,0.9994355662913956,0.03281212517017304,1.0,0.0069130766205489635,17.46777796652168
a_7_positive_01,fidelity,7,3,0.0013129769058893375,0.9988421146170157,0.9986870230941107,0.9998447286907156,0.999928596773971,0.03503412805401594,1.0,0.009739886038005352,28.20898734824732
a_7_positive_01,fidelity,7,4,9.36408749918524e-05,0.9999166699690387,0.9999063591250082,0.999989688296695,0.9999976956501598,0.036827257790992954,1.0,0.014028036966919899,39.905755137093365
a_7_positive_01,lambda_0.5,7,1,0.10638839332613542,0.9647071066999029,0.8275344384408982,0.8578089999479233,0.9353090084182654,0.007030639395787158,1.0,0.0032806089147925377,8.369122447445989
a_7_positive_01,lambda_0.5,7,2,0.01523217365826035,0.9887903991780974,0.980835436376927,0.9919548543272845,0.9970546128833431,0.026362536764891416,1.0,0.006517922040075064,17.617658687755466
a_7_positive_01,lambda_0.5,7,3,0.003005717150959486,0.9980038553454738,0.9959887408580914,0.9979808550071334,0.9992797592978677,0.032314408354986515,1.0,0.010107188019901514,28.42915937351063
a_7_positive_01,lambda_0.5,7,4,0.00011449951256775615,0.9998955043264367,0.9998754987391436,0.9999799923219911,0.9999914622056624,0.03651615747423266,1.0,0.012842647731304169,39.38612269004807
a_7_positive_01,lambda_1,7,1,0.15985766194965245,0.9289508099607675,0.8464521080482049,0.9111915280895801,0.9679425343563415,0.01929485830391744,1.0,0.003504551015794277,8.383103555534035
a_7_positive_01,lambda_1,7,2,0.0184211085949042,0.9870346805512944,0.981649627454221,0.9945442108538014,0.9977446137658674,0.031192905311267755,1.0,0.006749581079930067,17.32361853774637
a_7_positive_01,lambda_1,7,3,0.00321438856646461,0.9969418056649387,0.9967860891058491,0.9998438057685968,0.9999491829106073,0.03567514401146683,1.0,0.010068928822875023,26.98835158161819
a_7_positive_01,lambda_1,7,4,0.0006406144995741991,0.9994365088019619,0.9993594289587273,0.9999228766984638,0.9999712484528939,0.03576442501655274,1.0,0.012615504208952188,40.24491242039949
a_7_positive_01,lambda_2,7,1,0.2222022913933337,0.8306162995310815,0.8086803082610396,0.9735907045377924,0.9865985820283114,0.024346941091277236,1.0,0.0037134848535060883,8.375423595774919
a_7_positive_01,lambda_2,7,2,0.04323457459181945,0.9615901632070813,0.9592704530033431,0.9975876311005496,0.9993638684624636,0.03330535438800345,1.0,0.006675865966826677,17.43167574191466
a_7_positive_01,lambda_2,7,3,0.0057087099011327025,0.9946091015747002,0.994451052481476,0.9998410942620836,0.9999421311071488,0.0349758118106585,1.0,0.0100268111564219,28.201734249014407
a_7_positive_01,lambda_2,7,4,0.0005924700905239888,0.9994235661365003,0.9994155526449003,0.9999919818864879,0.9999960058372098,0.03662311288069631,1.0,0.013050355948507786,36.797417094465345
a_7_positive_02,feasibility,7,1,-0.9999794947606766,0.9999897473803383,0.32502822109204715,0.3250315535169434,0.7191465072630199,5.5601259934393535e-06,0.9322033898305084,5.854013671167195,8.210319285281003
a_7_positive_02,feasibility,7,2,-0.9999994188183803,0.9999997094091901,0.13465814344581195,0.1346581825762423,0.6242064459834286,1.1617403908093602e-08,0.5932203389830508,14.033074674196541,17.60529753891751
a_7_positive_02,feasibility,7,3,-0.9999999892558946,0.9999999946279473,0.08940776462650733,0.08940776510681056,0.7522309769169503,6.497956868534796e-11,0.7627118644067796,25.349662327207625,29.197171769104898
a_7_positive_02,feasibility,7,4,-0.9999999998512119,0.999999999925606,0.009454698893729225,0.009454698894432598,0.730303265134004,4.994524369973148e-12,0.7627118644067796,44.04130382090807,39.91574914753437
a_7_positive_02,feasibility,7,5,-0.9999999981109404,0.9999999990554702,0.06264917503386547,0.06264917509303948,0.6409029904170277,8.268002686577607e-11,0.7457627118644068,62.52059286367148,50.898667394183576
a_7_positive_02,feasibility,7,6,-0.9999999996800077,0.9999999998400039,0.05155178810250387,0.05155178811075196,0.643355306260723,7.237603291162434e-13,0.7457627118644068,92.09101602714509,61.75907973386347
a_7_positive_02,feasibility,7,7,-0.9999999734529492,0.9999999867264746,0.03323583015538522,0.03323583059654186,0.5922535523980144,8.377966558209636e-10,0.7627118644067796,137.2885280190967,74.97042101528496
a_7_positive_02,feasibility,7,8,-0.9999999921792457,0.9999999960896229,0.0045309307659366265,0.004530930783654275,0.6789246568072628,3.68079696118369e-06,0.9830508474576272,194.82203964982182,84.13602932076901
a_7_positive_02,fidelity,7,1,0.14237613608745348,0.9499661973169451,0.8576238639125465,0.9027940850261753,0.9943392744334104,0.007765618857859429,1.0,0.00358565803617239,8.400491300504655
a_7_positive_02,fidelity,7,2,0.007462369638470706,0.9953956925307539,0.9925376303615293,0.9971287175636072,0.9993698239845513,0.013334804425946053,1.0,0.006696356926113367,17.655773772858083
a_7_positive_02,fidelity,7,3,0.000877009251744927,0.9993978327854699,0.9991229907482551,0.9997249923622019,0.999925053608766,0.01576241277156922,1.0,0.01023451704531908,29.3304176768288
a_7_positive_02,lambda_0.5,7,1,0.09712421078587163,0.9730787444643816,0.8364527373591705,0.8595940894994936,0.9816184454751514,0.005018636338481845,1.0,0.0033948468044400215,8.241300673224032
a_7_positive_02,lambda_0.5,7,2,0.007457100124360849,0.9974354494394191,0.9876754446933121,0.9902149008724401,0.997248811489752,0.010571377867818777,1.0,0.006777492351830006,17.446241069585085
a_7_positive_02,lambda_0.5,7,3,0.0015468471281368523,0.9990618866607323,0.9978455612055688,0.9987825324222617,0.9997893947248623,0.015400539040497653,1.0,0.00986184412613511,26.996086166240275
a_7_positive_02,lambda_0.5,7,4,0.0002492539449985842,0.9999271880549935,0.9995743297491797,0.9996471160000159,0.9999075973112773,0.015838723000568405,1.0,0.013042448088526726,37.357961072120816
a_7_positive_02,lambda_1,7,1,0.14678086849321703,0.9527468271825534,0.8579221309106724,0.9004723043242295,0.9940957524431983,0.007854775758500424,1.0,0.0032633868977427483,7.927403180394322
a_7_positive_02,lambda_1,7,2,0.012724973894789104,0.9927708498663439,0.9873147562402882,0.994504176238867,0.9984977065110088,0.011064742553986831,1.0,0.006251432932913303,15.823998421896249
a_7_positive_02,lambda_1,7,3,0.002176535411263947,0.9985138770664248,0.9978244906265528,0.9993095875223112,0.9997433700217165,0.014785673090004895,1.0,0.009708607103675604,26.265495429281145
a_7_positive_02,lambda_1,7,4,0.000228719629619345,0.9998180631123317,0.999771288881887,0.9999532172580489,0.999988086751226,0.016562390779351666,1.0,0.012930620927363634,39.790313087403774
a_7_positive_02,lambda_2,7,1,0.19681365420543484,0.8484704895613997,0.8292593597457922,0.9773579281165827,0.9920648558174496,0.011161122905883858,1.0,0.0032327850349247456,8.070534364320338
a_7_positive_02,lambda_2,7,2,0.016160803050852657,0.9891300496621331,0.9865133789587578,0.9973545736435071,0.9992183925537883,0.014160322425289565,1.0,0.006781226955354214,17.501181250903755
a_7_positive_02,lambda_2,7,3,0.0036180765463809106,0.997243202507065,0.9968137501663097,0.999569360473277,0.9998995193152944,0.01603666514009579,1.0,0.00998716289177537,29.067896930966526
a_7_positive_02,lambda_2,7,4,0.0006394028801360863,0.9994465670829794,0.9994036058907254,0.9999570150184423,0.9999885175888809,0.01666970571908016,1.0,0.013078688643872738,41.148539789021015
a_7_quadratic_01,feasibility,7,1,-0.9999999947832836,0.9999999973916418,0.10902537560424862,0.10902537588862585,0.8779582678538416,8.008997870149887e-06,0.9908256880733946,5.538866607937962,8.108531704172492
a_7_quadratic_01,feasibility,7,2,-0.9999999999404199,0.9999999999702099,0.05195044930149987,0.05195044930304748,0.8574095703202107,0.00012069036356088672,1.0,14.01201310986653,17.558045979123563
a_7_quadratic_01,feasibility,7,3,-0.9999999999818536,0.9999999999909268,0.027735729847766667,0.02773572984801832,0.8573723662008608,7.052657223385113e-05,1.0,25.886655207257718,27.96194955939427
a_7_quadratic_01,feasibility,7,4,-0.9999999999751434,0.9999999999875717,0.012399133976669911,0.012399133976824012,0.8522068046640999,7.05405930879893e-05,1.0,38.885057914070785,36.72120437817648
a_7_quadratic_01,feasibility,7,5,-0.9999999999885791,0.9999999999942896,0.0055437145608261225,0.005543714560857779,0.8673031742420135,7.161673501829189e-05,1.0,62.09471117006615,50.72944231284782
a_7_quadratic_01,feasibility,7,6,-0.9999999999769942,0.9999999999884971,0.0012138356700009075,0.00121383567001487,0.8386817294697549,5.4656273041452925e-05,1.0,87.46530576283112,59.001870886888355
a_7_quadratic_01,feasibility,7,7,-0.9999999999858304,0.9999999999929152,0.012319414510018169,0.01231941451010545,0.8272818601419982,2.3349531381717334e-05,1.0,142.55278830323368,75.35985211655498
a_7_quadratic_01,feasibility,7,8,-0.9999999999884353,0.9999999999942176,0.015419410333930943,0.015419410334020105,0.8195943769499351,1.2814120350358336e-06,0.9908256880733946,212.06477623898536,89.3671089950949
a_7_quadratic_01,fidelity,7,1,0.027040706466580088,0.9935512932619126,0.9729592935334198,0.9792743466108453,0.9953120371758293,0.006718690798534315,1.0,0.003497370984405279,8.300001468043774
a_7_quadratic_01,fidelity,7,2,0.0035581403110222106,0.9989879262741695,0.9964418596889777,0.9974513539971522,0.9994029054727146,0.006793228969662202,1.0,0.00655614398419857,17.870000366587192
a_7_quadratic_01,fidelity,7,3,0.00011850485494865868,0.9999821968147931,0.9998814951450513,0.9998992965374158,0.9999724285505415,0.008825017498149861,1.0,0.009717137087136507,28.72639978583902
a_7_quadratic_01,lambda_0.5,7,1,0.016188699798300787,0.9954548867313879,0.9722735565112711,0.9767128269406226,0.9951285420770377,0.006495121441568615,1.0,0.0030483780428767204,8.296709252521396
a_7_quadratic_01,lambda_0.5,7,2,0.003749782278539282,0.9992633500349611,0.9932415246555871,0.9939737353729992,0.9989171562642813,0.006766017177283681,1.0,0.006912971846759319,17.77955645136535
a_7_quadratic_01,lambda_0.5,7,3,0.0003559329780604692,0.9999738631432495,0.9993142881402974,0.99934040775738,0.9998461210697092,0.008267841638634896,1.0,0.010451496113091707,28.468662544619292
a_7_quadratic_01,lambda_1,7,1,0.027173888778266764,0.9936167042854813,0.9729588237253395,0.979209406936252,0.9953018999877905,0.006714469076454989,1.0,0.003483682870864868,8.487550660036504
a_7_quadratic_01,lambda_1,7,2,0.004936517193770973,0.9987512937606134,0.9950680877987774,0.9963121890456156,0.9991711881353825,0.007430479205701495,1.0,0.006801160983741283,17.906647087074816
a_7_quadratic_01,lambda_1,7,3,0.00014434608730795606,0.9999773996371983,0.9998556566641896,0.9998782542754937,0.9999727650112653,0.008886498238841701,1.0,0.010425397660583258,29.675955953076482
a_7_quadratic_01,lambda_2,7,1,0.04583434429662625,0.9874318529082926,0.9710078015356598,0.9833669013975406,0.9960529957609746,0.006980496527717276,1.0,0.0037005539052188396,8.250262243673205
a_7_quadratic_01,lambda_2,7,2,0.007725130822740511,0.9971893070615542,0.9947389946073358,0.9975427810578528,0.9993358320047967,0.007182486311880933,1.0,0.007011794950813055,15.895592431072146
a_7_quadratic_01,lambda_2,7,3,0.0006105724708864724,0.9997418039856154,0.9995656612484628,0.9998238117717491,0.999960191004361,0.008630748995966187,1.0,0.009854178875684738,28.948236527852714
a_7_quadratic_02,feasibility,7,1,-0.9999999998671154,0.9999999999335577,0.773995068895882,0.773995068947308,0.9368301144793881,0.0003396202094940234,1.0,6.0010821907781065,8.068976301699877
a_7_quadratic_02,feasibility,7,2,-0.9999999999671365,0.9999999999835683,0.09560020947068117,0.09560020947225205,0.8552360261467286,3.6570151458017605e-07,0.990990990990991,14.20366792101413,17.702921559568495
a_7_quadratic_02,feasibility,7,3,-0.9999999999874727,0.9999999999937363,0.035718151416949166,0.03571815141717289,0.8378308413861492,4.083130888911824e-06,0.990990990990991,26.920218443032354,29.513596307486296
a_7_quadratic_02,feasibility,7,4,-0.9999999999875673,0.9999999999937836,0.026972605794561476,0.026972605794729147,0.8495008256020585,1.564271523846648e-06,0.9819819819819819,43.00628407485783,40.994307899381965
a_7_quadratic_02,feasibility,7,5,-0.9999999999951292,0.9999999999975646,0.027592095767824537,0.027592095767891733,0.8462035175878141,9.236518421841283e-06,1.0,64.5105610229075,50.8517969599925
a_7_quadratic_02,feasibility,7,6,-0.9999999999933453,0.9999999999966727,0.00017592977582676672,0.0001759297758273521,0.8016251261236962,4.0324012229577176e-05,1.0,92.68649241514504,63.658314378000796
a_7_quadratic_02,feasibility,7,7,-0.9999999999937399,0.99999999999687,0.016333859242781593,0.01633385924283272,0.8243501639961668,5.281152597636255e-06,0.9819819819819819,145.0440609608777,73.26126054255292
a_7_quadratic_02,feasibility,7,8,-0.9999999999940545,0.9999999999970273,0.023091816990506567,0.023091816990575213,0.7619739655705823,5.377387785958428e-07,0.972972972972973,206.8809316311963,87.74376724474132
a_7_quadratic_02,fidelity,7,1,0.024115957278555096,0.9943550558138551,0.9758840427214449,0.981424127142098,0.9960884022925088,0.006388445171101851,1.0,0.0031331819482147694,7.928942468948662
a_7_quadratic_02,fidelity,7,2,0.004524541550186042,0.9990743448230617,0.995475458449814,0.9963977792124319,0.9993397453466168,0.007728464383571924,1.0,0.005788718815892935,15.653897633310407
a_7_quadratic_02,fidelity,7,3,0.00030749906985512774,0.9999513789506131,0.9996925009301448,0.9997411093919987,0.9999493035504536,0.008503347004730023,1.0,0.009020932950079441,25.689011481124908
a_7_quadratic_02,lambda_0.5,7,1,0.014337054426584617,0.9961656532071292,0.975240779986365,0.9789945847325722,0.9958421811922434,0.006154733385475202,1.0,0.0031194640323519707,7.8624757919460535
a_7_quadratic_02,lambda_0.5,7,2,0.002785942684445708,0.9996658222047123,0.9947639310771668,0.995096470221684,0.9991914567675331,0.007443502268421682,1.0,0.005956885404884815,15.617675229907036
a_7_quadratic_02,lambda_0.5,7,3,0.00021280601802542431,0.9999893830769335,0.9995850091802678,0.9995956218100822,0.9999008665366139,0.008216823820558345,1.0,0.009267652872949839,27.777353044599295
a_7_quadratic_02,lambda_1,7,1,0.024220446278866548,0.994411837027265,0.9758836739568022,0.9813677166938684,0.9960805016458084,0.006383729080204898,1.0,0.0031810319051146507,7.883854767307639
a_7_quadratic_02,lambda_1,7,2,0.005060516574225571,0.9993145059710133,0.9949424824776059,0.9956249774547611,0.9989596616772464,0.007181997767812107,1.0,0.0062662591226398945,17.216307955328375
a_7_quadratic_02,lambda_1,7,3,6.521480582111217e-05,0.999989478946696,0.9999347857696148,0.9999453062474829,0.9999910217016771,0.008787649812982181,1.0,0.009272878058254719,28.06047578761354
a_7_quadratic_02,lambda_2,7,1,0.040855597005864386,0.9886959449019754,0.9740872000770344,0.9852242290460801,0.9966489145576298,0.006735437265990602,1.0,0.0033095641992986202,8.09886104427278
a_7_quadratic_02,lambda_2,7,2,0.009162277355229342,0.9981836510084288,0.9945173582113874,0.996327035818171,0.9991762188260072,0.007462574583633909,1.0,0.0060813589952886105,17.1469624559395
a_7_quadratic_02,lambda_2,7,3,0.0006005686968602042,0.9998476629047972,0.9996235812451186,0.9997758841991713,0.9999420002423381,0.008527034956603882,1.0,0.009366794023662806,27.658504208549857
a_7_quadratic_03,feasibility,7,1,-0.9999880656296072,0.9999940328148036,0.032272384508511796,0.032272577084956025,0.8812384664016769,9.203963653707587e-05,1.0,5.782321250997484,8.221495441161096
a_7_quadratic_03,feasibility,7,2,-0.999999999935373,0.9999999999676865,0.012395523345161863,0.012395523345562405,0.8912798627213178,0.00019982233388379312,1.0,14.058381005190313,17.22161684790626
a_7_quadratic_03,feasibility,7,3,-0.9999999999180784,0.9999999999590392,0.006708903226609623,0.006708903226884425,0.9100688395779533,8.408272152429472e-05,1.0,24.482201816048473,26.26616047648713
a_7_quadratic_03,feasibility,7,4,-0.9999999999465197,0.9999999999732598,0.016150988370917,0.01615098837134888,0.8923144567465374,2.1723554898722256e-05,1.0,40.40877168206498,40.48193293204531
a_7_quadratic_03,feasibility,7,5,-0.9999999999663076,0.9999999999831538,0.018648838823585787,0.01864883882389995,0.8856083205901106,5.769773690567174e-05,1.0,60.91018301481381,47.36978685297072
a_7_quadratic_03,feasibility,7,6,-0.9999999999596438,0.9999999999798219,0.004224315982659018,0.004224315982744256,0.8851812643864814,4.228864734571514e-07,0.9902912621359223,92.54940673708916,60.551239646971226
a_7_quadratic_03,feasibility,7,7,-0.9999999999593141,0.999999999979657,0.017876354293828934,0.01787635429419259,0.8741938352173241,2.2126537059231547e-05,1.0,137.38513669464737,74.58556193765253
a_7_quadratic_03,feasibility,7,8,-0.9999999999683933,0.9999999999841966,0.01089660177285012,0.010896601773022322,0.8886540455278342,2.7430691305302384e-05,1.0,203.59108642023057,87.99476271355525
a_7_quadratic_03,fidelity,7,1,0.047290229254062684,0.9854767020429963,0.9527097707459374,0.9667501715371559,0.9937821461024755,0.005649345168505304,1.0,0.0036847409792244434,8.383711309172213
a_7_quadratic_03,fidelity,7,2,0.00543871386324387,0.9988389845583111,0.9945612861367562,0.9957173293316675,0.9990654936613498,0.006067962510336392,1.0,0.006675774231553078,17.59988611191511
a_7_quadratic_03,fidelity,7,3,0.00034376578059348265,0.9999292361517758,0.9996562342194066,0.9997269787475964,0.9999496114687243,0.009244285522675855,1.0,0.010349818971008062,29.79605582775548
a_7_quadratic_03,lambda_0.5,7,1,0.029567911825181203,0.9903493676402174,0.9508992373928754,0.9601654410692028,0.9930144089160085,0.0050858183347138606,1.0,0.0032985531724989414,7.981418117880821
a_7_quadratic_03,lambda_0.5,7,2,0.0049840755276428506,0.9991616471810187,0.9908771529203346,0.9917085545826768,0.9985326305876457,0.006018799226313902,1.0,0.006467923987656832,17.30900479387492
a_7_quadratic_03,lambda_0.5,7,3,0.00045134718739486823,0.9999405779589985,0.999156774244196,0.9992161497072133,0.9998221253351376,0.008242285076517378,1.0,0.00993497995659709,29.6875684321858
a_7_quadratic_03,lambda_1,7,1,0.04777094047814934,0.985682378317962,0.952708031484382,0.9665466812038886,0.993759969895065,0.005631257355069373,1.0,0.0037235477939248085,8.405242749955505
a_7_quadratic_03,lambda_1,7,2,0.0038789361524926846,0.9988972845252774,0.9961241252290101,0.99722377932223,0.9994063909909355,0.008225970959581705,1.0,0.006928093731403351,17.655241728760302
a_7_quadratic_03,lambda_1,7,3,0.0007687061339038959,0.9998303146944406,0.9992313955111284,0.9994009791716555,0.9998681204996898,0.008892395821925676,1.0,0.010551962070167065,28.953733312431723
a_7_quadratic_03,lambda_2,7,1,0.07661914432249117,0.9729090325814042,0.9488158272428594,0.9752359115480523,0.9947505025460832,0.0064394076106935785,1.0,0.0033128047361969948,7.930302258115262
a_7_quadratic_03,lambda_2,7,2,0.009042586595252255,0.995723035178749,0.9933504154900878,0.9976171891129993,0.9994639491125589,0.008366601486295361,1.0,0.006762031000107527,15.785403707064688
a_7_quadratic_03,lambda_2,7,3,0.0007108717493597982,0.9996219849745727,0.9994556195250278,0.9998335716380337,0.9999671274932163,0.00905946702005476,1.0,0.009907291736453772,28.26945633906871
a_8_equality_01,feasibility,8,1,-0.9274477943645079,0.9637238971822539,0.8853060618109404,0.9186303923762891,0.9552472949465817,0.006200513603979933,1.0,14.01976691512391,34.62950825877488
a_8_equality_01,feasibility,8,2,-0.9940975035029698,0.9970487517514849,0.15186914583186972,0.15231867605780144,0.7685478507924097,6.267791704801382e-07,0.8148148148148148,43.44890383910388,75.56284302473068
a_8_equality_01,feasibility,8,3,-0.9995982237853509,0.9997991118926755,0.013670071723840669,0.013672818430456955,0.7533031111557151,8.590073061475199e-10,0.7037037037037037,98.71763179497793,112.19605197710916
a_8_equality_01,feasibility,8,4,-0.9998757126549216,0.9999378563274608,0.009236653546878746,0.00923722758212478,0.5233713363146065,1.5624996604592383e-08,0.7037037037037037,203.00081650633365,150.8894560537301
a_8_equality_01,feasibility,8,5,-0.999999298361161,0.9999996491805805,0.02979711169288948,0.029797122146298573,0.4009368255567422,2.4801974997428843e-13,0.14814814814814814,389.6754230777733,188.155786014162
a_8_equality_01,feasibility,8,6,-0.9999999045632879,0.999999952281644,0.0010093201683396623,0.0010093202165027638,0.4965267472922677,7.875982851874084e-16,0.4444444444444444,759.3461660193279,231.1142226336524
a_8_equality_01,feasibility,8,7,-0.9999999521728316,0.9999999760864158,0.00031262061556854985,0.00031262062304442947,0.5422412042021638,6.738739197419594e-15,0.2962962962962963,1207.1213451931253,274.53229695092887
a_8_equality_01,feasibility,8,8,-0.9999999989840278,0.9999999994920139,0.020039515206225683,0.020039515216405478,0.48104686039343114,1.9019313005055946e-14,0.2962962962962963,1823.2470343541354,313.71027259435505
a_8_equality_01,fidelity,8,1,0.06943394897444542,0.9339742808579579,0.9305660510255547,0.996350831171419,0.9980384592943874,0.02631576436231244,1.0,0.011273869778960943,30.982981116510928
a_8_equality_01,fidelity,8,2,0.018074401222731445,0.9836911664413317,0.9819255987772686,0.9982051605988794,0.9989419060382073,0.030196981761067096,1.0,0.022432745434343815,72.55048570828512
a_8_equality_01,fidelity,8,3,0.006118586634252878,0.9946735714863755,0.9938814133657472,0.9992035999112306,0.9995809325143652,0.0335697982413916,1.0,0.036220957059413195,111.64091609278694
a_8_equality_01,fidelity,8,4,0.0004952607700423996,0.999573782374715,0.9995047392299576,0.9999309274152897,0.9999641005392038,0.03599754577484914,1.0,0.04653226584196091,147.59397125430405
a_8_equality_01,lambda_0.5,8,1,0.06483472879059898,0.9539447555236813,0.9181155743775875,0.9624410313714394,0.9791418923912362,0.009202087176881955,1.0,0.01225569797679782,33.530694036278874
a_8_equality_01,lambda_0.5,8,2,0.013159611178523822,0.996868145800723,0.9768754427878389,0.9799444860415063,0.9872143610140388,0.026858583238369513,1.0,0.023912429809570312,73.70191459031776
a_8_equality_01,lambda_0.5,8,3,0.005523847141411353,0.9985140653716805,0.9904502404935555,0.9919241749738162,0.9950638250129439,0.03024252930900102,1.0,0.035828905180096626,108.34833065792918
a_8_equality_01,lambda_0.5,8,4,0.002193527423634767,0.9984315859534787,0.9971833200724545,0.9987497732457731,0.9993681722933659,0.032491966749189846,1.0,0.04693410871550441,145.82309058494866
a_8_equality_01,lambda_0.5,8,5,7.61196654777141e-05,0.999957486123175,0.9998902774032943,0.9999327884226945,0.9999609838327707,0.03560637127831252,1.0,0.05979894893243909,191.00570371188223
a_8_equality_01,lambda_1,8,1,0.07015350381415464,0.9327269386335211,0.9300402723673905,0.9971195575523243,0.9984346189192257,0.027348936459256266,1.0,0.011885602958500385,33.20714972587302
a_8_equality_01,lambda_1,8,2,0.026493769617332297,0.9753651551311266,0.9735520247054689,0.998141075251541,0.999142092876259,0.02780680740312094,1.0,0.023396524600684643,70.44303125143051
a_8_equality_01,lambda_1,8,3,0.008658410246235038,0.9920148179793238,0.9913469656036875,0.9993267717744412,0.9997346181182513,0.0333926929520669,1.0,0.03543879510834813,106.43887376366183
a_8_equality_01,lambda_1,8,4,0.0012666387622630726,0.9988295087679694,0.998733473777578,0.9999038524697675,0.9999426366611864,0.035743577217607396,1.0,0.046746083069592714,146.0365796778351
a_8_equality_01,lambda_1,8,5,0.0003102940427076595,0.9997319388747574,0.9996897172782957,0.9999577670825349,0.9999801328426066,0.03635249324383894,1.0,0.0591351012699306,188.7368561490439
a_8_equality_01,lambda_2,8,1,0.06528687949581924,0.9367986558772841,0.9358217925101302,0.9989572323134484,0.9994319167346766,0.03147793529563678,1.0,0.01204867335036397,34.34448214434087
a_8_equality_01,lambda_2,8,2,0.03482953237458708,0.9667224030978065,0.965972257703144,0.9992240322638032,0.999637581540822,0.03371944819768771,1.0,0.023785778786987066,74.5540403840132
a_8_equality_01,lambda_2,8,3,0.011783493440445159,0.9891282813076337,0.9886773502128803,0.9995441126259605,0.9997624603036577,0.033955433841995036,1.0,0.03667017677798867,109.74654919840395
a_8_equality_01,lambda_2,8,4,0.0021504458571839358,0.9980582763886099,0.9979541179061694,0.9998956388771031,0.9999378998394799,0.03549647071208046,1.0,0.04679764108732343,146.266946319025
a_8_equality_01,lambda_2,8,5,0.001478793467699302,0.9985918580157903,0.9985565820177057,0.9999646742582553,0.9999801349929076,0.03617678419306604,1.0,0.058671530801802874,184.87009862530977
a_8_equality_01,lambda_2,8,6,0.0006581443452711166,0.9993662101356806,0.9993540406130164,0.9999878227595241,0.9999963743967051,0.03659112635101493,1.0,0.07080689305439591,224.55966974468902
a_8_equality_02,feasibility,8,1,-0.9703977260610037,0.9851988630305019,0.9365731537688979,0.9506437623039579,0.9788589011905104,0.0224134324780964,1.0,6.392124292906374,14.83791798306629
a_8_equality_02,feasibility,8,2,-0.9994752546661325,0.9997376273330663,0.727471579398117,0.7276624981483839,0.9715431021532361,0.01646051995299122,1.0,15.906110671814531,33.935111010447145
a_8_equality_02,feasibility,8,3,-0.9996002606462286,0.9998001303231143,0.32406697011421665,0.3241317542232016,0.950800053257017,0.003768524860621722,1.0,27.908946281298995,52.2695439029485
a_8_equality_02,feasibility,8,4,-0.9999724648159221,0.999986232407961,0.5310877130162119,0.5310950249158489,0.9427734766470585,0.0038176142087942245,1.0,44.106316316872835,69.3842144603841
a_8_equality_02,feasibility,8,5,-0.9999995958169445,0.9999997979084723,0.05624783773838368,0.05624784910559744,0.7902676509280281,0.0035229767137690583,1.0,66.24141323473305,91.2230573813431
a_8_equality_02,feasibility,8,6,-0.9999999978249183,0.9999999989124592,0.37076462801679466,0.37076462842001634,0.7519587118728995,0.0009400035384265631,1.0,96.87258586380631,105.65773604437709
a_8_equality_02,feasibility,8,7,-0.9999999987447179,0.999999999372359,0.39799785261741066,0.39799785286721046,0.7694426638610552,4.843670702690671e-05,1.0,152.50385301886126,130.18724085623398
a_8_equality_02,feasibility,8,8,-0.9999999992983448,0.9999999996491724,0.3601069182143286,0.36010691834066405,0.7360595998740894,9.879299772283957e-05,1.0,205.9350998471491,144.47918793093413
a_8_equality_02,fidelity,8,1,0.04596419380941471,0.964932840260786,0.9540358061905853,0.9887069507684538,0.9928407618288744,0.03231142545382094,1.0,0.005533725023269653,14.21871062926948
a_8_equality_02,fidelity,8,2,0.007706521671125836,0.9992116487479838,0.9922934783288742,0.9930763713295595,0.9953379848157535,0.04123978299414643,1.0,0.011386935133486986,31.962800009176135
a_8_equality_02,fidelity,8,3,0.0031756945015204555,0.997493672750986,0.9968243054984796,0.9993289508787957,0.9996144711646598,0.04145568492415618,1.0,0.01738830329850316,52.19883534545079
a_8_equality_02,fidelity,8,4,0.00019912946600390962,0.9998203121359976,0.999800870533996,0.9999805549039505,0.9999922355454425,0.04509485214753863,1.0,0.02286219410598278,71.48847100650892
a_8_equality_02,lambda_0.5,8,1,0.03676238964853218,0.968828658359911,0.9579951232782192,0.9888179039831135,0.9928953854925044,0.03208785210868513,1.0,0.0058179278858006,14.417957324068993
a_8_equality_02,lambda_0.5,8,2,0.005453892570554175,0.9980216705333741,0.9910842959433207,0.9930488737921433,0.9953738880107015,0.03944821242516645,1.0,0.011241409927606583,32.272596538532525
a_8_equality_02,lambda_0.5,8,3,0.0038331124201847477,0.9975702602670481,0.9947703345533391,0.9971932546255343,0.998260428333437,0.038661702822352505,1.0,0.017349708825349808,52.49262250540778
a_8_equality_02,lambda_0.5,8,4,0.0003601651320498389,0.9997522877792845,0.9995274376685366,0.9997750941773313,0.9998724808162884,0.04263678633652038,1.0,0.02259650267660618,72.95402351068333
a_8_equality_02,lambda_1,8,1,0.04579794571858253,0.963633271601774,0.9545450368001714,0.9905687826796433,0.9939620269839232,0.03383801336026281,1.0,0.005740345921367407,14.442190489731729
a_8_equality_02,lambda_1,8,2,0.010744969645940627,0.9969484345385982,0.9892785072805494,0.9923065958154611,0.9948892052590564,0.03742206800912628,1.0,0.01105980109423399,33.10589576838538
a_8_equality_02,lambda_1,8,3,0.006241763112431631,0.9963996641892457,0.9937677469128741,0.9973585726983226,0.9983060061283882,0.04078323707045036,1.0,0.017367151100188494,55.222976294811815
a_8_equality_02,lambda_1,8,4,0.001496274375566653,0.9986218021579694,0.998503888357257,0.999881923466464,0.999935231185001,0.04365900675166311,1.0,0.023503273725509644,75.10805898997933
a_8_equality_02,lambda_1,8,5,4.231896874340446e-05,0.9999595313802883,0.9999576811061377,0.9999981496509683,0.9999990851597834,0.04528997217359791,1.0,0.029534385073930025,94.26924700243399
a_8_equality_02,lambda_2,8,1,0.07833224203405154,0.9330022469444574,0.9277146951019993,0.9943327555107454,0.9964419716005959,0.038430731607457816,1.0,0.006131343077868223,15.277169728185982
a_8_equality_02,lambda_2,8,2,0.018773111703461964,0.9922114678883043,0.9867619549678632,0.994507710204117,0.9963398861172343,0.040738010173259856,1.0,0.011571671813726425,34.53469330165535
a_8_equality_02,lambda_2,8,3,0.011374127794070432,0.9902399480107951,0.9894407868402472,0.9991929620975671,0.9995432748005053,0.04268210778456498,1.0,0.01728528318926692,52.840108565054834
a_8_equality_02,lambda_2,8,4,0.0027476215972455087,0.9973287984188588,0.9972906904774406,0.9999617899919478,0.999979272440084,0.044342722701581676,1.0,0.02247082395479083,71.24656770331785
a_8_equality_02,lambda_2,8,5,0.000340589504840505,0.9996645797638759,0.9996619959964564,0.9999974153656419,0.9999985564333036,0.04520182583432453,1.0,0.028477984946221113,89.9737110612914
a_8_mixed_01,feasibility,8,1,-0.9999400258248914,0.9999700129124457,0.30933775023287186,0.3093470266492446,0.6400839673742067,8.880037434986746e-08,0.90625,4.256195807363838,11.724412760697305
a_8_mixed_01,feasibility,8,2,-0.9999999990115296,0.9999999995057648,0.04399981243678272,0.04399981245852898,0.612874894493031,1.5226690897829267e-16,0.46875,9.788813011255115,24.491923245601356
a_8_mixed_01,feasibility,8,3,-0.9999999999688958,0.9999999999844479,0.011900485289277654,0.011900485289462732,0.6819060992663037,1.746038411371827e-16,0.46875,16.13726625405252,38.78526045707986
a_8_mixed_01,feasibility,8,4,-0.9999999993714452,0.9999999996857226,0.004352715541324041,0.004352715542692002,0.5452860724878751,1.7206311781974912e-16,0.46875,24.806889509782195,54.93577558733523
a_8_mixed_01,feasibility,8,5,-0.9999999362154184,0.9999999681077092,0.0095527176124332,0.009552717917091258,0.6144482091663751,1.1765118241444777e-15,0.4609375,34.954900693614036,70.16037176270038
a_8_mixed_01,feasibility,8,6,-0.9999999999720572,0.9999999999860286,0.025876091778563027,0.02587609177892455,0.7452671887267311,1.114743230998397e-16,0.46875,50.561033866833895,85.14922342728823
a_8_mixed_01,feasibility,8,7,-0.9999999999656417,0.9999999999828209,0.004046501964958272,0.004046501965027788,0.7158110165681274,4.940199105612737e-16,0.46875,66.49235523119569,99.6975858611986
a_8_mixed_01,feasibility,8,8,-0.9999999999373266,0.9999999999686633,0.0008974392863645003,0.0008974392863926231,0.695231966232204,4.4905898628509475e-15,0.46875,92.08571273181587,117.07981080189347
a_8_mixed_01,fidelity,8,1,0.1676047731004242,0.8934841952306873,0.8323952268995758,0.9316283727712283,0.9688582959438006,0.0026808301127110323,1.0,0.005207669921219349,12.04204912064597
a_8_mixed_01,fidelity,8,2,0.03942010740762314,0.9819224173336872,0.9605798925923769,0.9782645508804414,0.996670043906065,0.004028478927658989,1.0,0.010177971329540014,25.59614054253325
a_8_mixed_01,fidelity,8,3,0.014241891822204589,0.9910982054746555,0.9857581081777954,0.9946119392938436,0.9988870513355437,0.0063634628611814025,1.0,0.016470272094011307,42.3883376843296
a_8_mixed_01,fidelity,8,4,0.010225681621447102,0.9935557773089985,0.9897743183785529,0.9961940144511187,0.9991799192985137,0.005972182094398947,1.0,0.020608657971024513,58.28077554423362
a_8_mixed_01,fidelity,8,5,0.006367628194012487,0.9957159853110354,0.9936323718059875,0.9979074218594602,0.9995109914197322,0.006333400470816803,1.0,0.025827595964074135,74.40510572493076
a_8_mixed_01,fidelity,8,6,0.0038396075586307754,0.996960117514621,0.9961603924413692,0.9991978364438033,0.9998450581378058,0.0070588194387290245,1.0,0.030501512344926596,89.20455425931141
a_8_mixed_01,fidelity,8,7,0.002382272239451866,0.9980820440177856,0.9976177277605481,0.9995347914933242,0.9998808738041361,0.0070057191947644655,1.0,0.03390551917254925,102.0086413519457
a_8_mixed_01,fidelity,8,8,0.0006101510755873729,0.9996557442117107,0.9993898489244126,0.9997340131451876,0.9999446632624794,0.00721425678951557,1.0,0.03794565191492438,115.4705440918915
a_8_mixed_01,lambda_0.5,8,1,0.12957653115118534,0.9345821886923614,0.8146589950621975,0.8716825603129065,0.940326972044107,0.001869030063402397,1.0,0.005175307393074036,11.678683687001467
a_8_mixed_01,lambda_0.5,8,2,0.028010704206936743,0.9870939734954981,0.9572745008321676,0.9697906445951303,0.9943250458605246,0.0036492150241104744,1.0,0.009402554016560316,23.562656276859343
a_8_mixed_01,lambda_0.5,8,3,0.01117168305025995,0.9932156748776789,0.9845004895470234,0.9912252841441223,0.997923064447365,0.004785506504945365,1.0,0.015538959298282862,39.058783693704754
a_8_mixed_01,lambda_0.5,8,4,0.0068782073926833,0.9954097278895988,0.990854861816068,0.9954241294354358,0.9986448073894101,0.005332580699270381,1.0,0.01916278898715973,54.74992088554427
a_8_mixed_01,lambda_0.5,8,5,0.005331648744141826,0.996671108046518,0.9926789283871287,0.9959944864186803,0.9990009267472014,0.005977144913030671,1.0,0.02572702942416072,70.30530001875013
a_8_mixed_01,lambda_0.5,8,6,0.0034955867332480683,0.9974424966105011,0.9955711282256653,0.9981238333125017,0.9996269818219544,0.006481765353819344,1.0,0.028114933986216784,85.69517364259809
a_8_mixed_01,lambda_0.5,8,7,0.002070146483866886,0.9986104617314043,0.997251136763184,0.9986387835694576,0.9997064630667001,0.006703989572779405,1.0,0.03302035899832845,100.79789963550866
a_8_mixed_01,lambda_0.5,8,8,0.0016750183675990349,0.9991533110070807,0.9974980549324494,0.9983433412506405,0.9996039280124137,0.005625555367224058,1.0,0.037758850026875734,116.07499116891995
a_8_mixed_01,lambda_1,8,1,0.17484653969715946,0.8906322546322801,0.832314728408048,0.9345212056705604,0.9702934991986082,0.002619609121889294,1.0,0.004980084951967001,11.740240623708814
a_8_mixed_01,lambda_1,8,2,0.05394571457569308,0.9707842897601034,0.946776790065213,0.9752699956642035,0.995099540384237,0.004057491915758467,1.0,0.009450240060687065,23.628482162486762
a_8_mixed_01,lambda_1,8,3,0.013403475919403829,0.9943084017401135,0.9866404169900636,0.9922881223404827,0.9978281076720554,0.005567486747729685,1.0,0.015029334928840399,38.82117158547044
a_8_mixed_01,lambda_1,8,4,0.011067566116680694,0.9938341613957191,0.988962657144043,0.9950982724876002,0.9990407326710204,0.005818071846303252,1.0,0.01960334414616227,54.73343628970906
a_8_mixed_01,lambda_1,8,5,0.004871852591981418,0.996737702302775,0.9951333982552453,0.9983904451052436,0.9996384222937039,0.006394635641935997,1.0,0.024609840009361506,70.4166275607422
a_8_mixed_01,lambda_1,8,6,0.0030331008847162,0.9979507101819515,0.9969689152292857,0.9990161889333323,0.999821088741909,0.0069652815856493765,1.0,0.028297216165810823,85.90954691451043
a_8_mixed_01,lambda_1,8,7,0.0021708993902441742,0.9984693279552289,0.9978300805878558,0.9993597726545269,0.9998324266482863,0.006861964998197796,1.0,0.0337192639708519,100.70457261102274
a_8_mixed_01,lambda_1,8,8,0.0023441392645142667,0.9983264070769647,0.9976569829570974,0.999329453658521,0.9998227863771824,0.006502649202210952,1.0,0.037305804900825024,116.02688025590032
a_8_mixed_01,lambda_2,8,1,0.21906068181579874,0.8408936670514751,0.8156860509141324,0.9700228255663631,0.9868702349050898,0.003834151464355394,1.0,0.005027741193771362,11.721506936475635
a_8_mixed_01,lambda_2,8,2,0.08576348396144373,0.9384239056266749,0.9270748933245767,0.9879063052059407,0.9974281351230592,0.005052696028483172,1.0,0.00961120380088687,23.756876721046865
a_8_mixed_01,lambda_2,8,3,0.03647146245619115,0.9773845896568675,0.9706132437524745,0.9930719739434707,0.9983251175684812,0.005716319670863926,1.0,0.014609142672270536,38.9757862710394
a_8_mixed_01,lambda_2,8,4,0.02300524964988937,0.9840974772222415,0.9806025894241102,0.9964486365639346,0.9992951318652888,0.0059291084772292646,1.0,0.01973447296768427,54.72901511564851
a_8_mixed_01,lambda_2,8,5,0.01478495873428709,0.9907393209211955,0.9880027603839697,0.9972378601722587,0.9993949721882607,0.006453649900916421,1.0,0.024670673068612814,70.63155244011432
a_8_mixed_01,lambda_2,8,6,0.007418193379891247,0.9950429737450096,0.9938184902175872,0.9987694164375496,0.999790928372237,0.007067382976300462,1.0,0.028895274735987186,86.24208400025964
a_8_mixed_01,lambda_2,8,7,0.0047604160633299974,0.9966931002032301,0.9959687453862733,0.99927324186672,0.9998771337933912,0.006795867808281676,1.0,0.03422550577670336,102.83044912293553
a_8_mixed_01,lambda_2,8,8,0.006530487376082528,0.995040309957061,0.9942588066244356,0.9992146013334282,0.9998278330064836,0.006919951962778962,1.0,0.03836226789280772,118.91407360741869
a_8_mixed_02,feasibility,8,1,-0.9999310764483536,0.9999655382241768,0.33640417406845813,0.33641576755322294,0.7060579708202641,2.0396122449040542e-09,0.7931034482758621,10.109344827011228,23.19575221510604
a_8_mixed_02,feasibility,8,2,-0.9999888795158072,0.9999944397579036,0.032255171464343625,0.03225535081190305,0.5460949244919935,7.870943102954486e-11,0.7758620689655172,26.7609484330751,51.999785781838
a_8_mixed_02,feasibility,8,3,-0.9999929385643431,0.9999964692821716,0.007234237673293318,0.0072342632154354285,0.6195502731682075,6.510080155682983e-11,0.7931034482758621,54.21763876173645,78.93763316515833
a_8_mixed_02,feasibility,8,4,-0.9999999321278366,0.9999999660639183,0.0145971286032934,0.014597129098662766,0.5840709567889054,3.7276689709935535e-16,0.7844827586206896,97.72434327518567,107.0594957084395
a_8_mixed_02,feasibility,8,5,-0.9999999996530646,0.9999999998265323,0.0012062543033310549,0.001206254303540301,0.7294871040685088,1.0428825244025962e-14,0.7931034482758621,173.89089656900615,135.53531441418454
a_8_mixed_02,feasibility,8,6,-0.9999999998524818,0.9999999999262409,0.011646683775978736,0.011646683776837785,0.6652813968396049,5.869725136090218e-15,0.7931034482758621,302.04411946889013,162.6112383240834
a_8_mixed_02,feasibility,8,7,-0.9999999999422249,0.9999999999711124,0.000887056422942995,0.0008870564229686199,0.5323094119434205,5.282694511381781e-15,0.7586206896551724,475.47725204378366,191.25506595056504
a_8_mixed_02,feasibility,8,8,-0.9999999992321706,0.9999999996160853,0.011911967690327574,0.011911967694900752,0.6053969855420032,1.5794621271775425e-12,0.7672413793103449,742.0997094009072,219.1288994778879
a_8_mixed_02,fidelity,8,1,0.1568593092793538,0.9006925888466397,0.8431406907206462,0.9361026183198752,0.9746624487631113,0.002309616482986938,1.0,0.008247999008744955,21.063031115103513
a_8_mixed_02,fidelity,8,2,0.02100295777592611,0.9866354591977229,0.9789970422240739,0.9922581163058338,0.9980641024394176,0.006367353564746589,1.0,0.015735034830868244,50.18386279325932
a_8_mixed_02,fidelity,8,3,0.005447391202338417,0.9969294524271104,0.9945526087976616,0.9976158356805869,0.9996109900716412,0.00701008491129467,1.0,0.02506014099344611,78.55100364377722
a_8_mixed_02,fidelity,8,4,0.0019339384917982816,0.998794734950096,0.9980660615082018,0.9992704472536786,0.9998642741397195,0.007751100443117564,1.0,0.03323444817215204,101.77261993475258
a_8_mixed_02,fidelity,8,5,6.728430850015198e-05,0.9999660008006055,0.9999327156914999,0.9999667137591889,0.9999934700181224,0.008467756926660613,1.0,0.04121524002403021,133.76745348097757
a_8_mixed_02,lambda_0.5,8,1,0.11091142589617026,0.9583052403785699,0.8256438523533337,0.8615666674505197,0.9712481584305661,0.0017739198871593335,1.0,0.008606248069554567,22.7838730099611
a_8_mixed_02,lambda_0.5,8,2,0.02089603751504443,0.989513338108662,0.9689129060665805,0.979181248752587,0.9938147895864731,0.004021799038751365,1.0,0.017411652021110058,50.49648586334661
a_8_mixed_02,lambda_0.5,8,3,0.006783444448596576,0.9963834339427224,0.9900725836098796,0.993666243217362,0.9988186904665988,0.006345979753596922,1.0,0.025229946244508028,76.35994013445452
a_8_mixed_02,lambda_0.5,8,4,0.00118137679208824,0.9993687005363727,0.9982692404064957,0.9988998453430781,0.9997336975129283,0.007435333681139765,1.0,0.032621700782328844,101.1516186487861
a_8_mixed_02,lambda_0.5,8,5,0.00030404956301571806,0.9999093945116315,0.9994825450407463,0.9995731118507055,0.9999064991885648,0.007845906931030938,1.0,0.040984717197716236,132.5016999496147
a_8_mixed_02,lambda_1,8,1,0.1636436668350979,0.8980627836675074,0.8426465169588964,0.9382935494973946,0.9757563474840848,0.0023117574201856074,1.0,0.00870735989883542,22.670138692483306
a_8_mixed_02,lambda_1,8,2,0.025008707052444845,0.9861952070719858,0.9751459606620262,0.9887960858755693,0.9971601682233273,0.005506998050588762,1.0,0.01740872487425804,50.52471056440845
a_8_mixed_02,lambda_1,8,3,0.010226674426935034,0.9932432235449313,0.9897967708979828,0.9965301020281336,0.999193657898999,0.00648875181831848,1.0,0.024464447051286697,78.36324457917362
a_8_mixed_02,lambda_1,8,4,0.0030042615636267644,0.998411045608163,0.9969979872949196,0.9985846928282103,0.9996825169653244,0.007286332375021653,1.0,0.03319685207679868,103.14567451970652
a_8_mixed_02,lambda_1,8,5,0.0003179457251193396,0.9997882547238961,0.999682076762324,0.9998937995509846,0.9999736065042247,0.008316420054698436,1.0,0.04143882403150201,130.4128690212965
a_8_mixed_02,lambda_2,8,1,0.20500989473528297,0.853997706569191,0.8288015284771061,0.970496199347763,0.988427691001791,0.0051512592743564,1.0,0.008375606033951044,20.97728988248855
a_8_mixed_02,lambda_2,8,2,0.03281591992360755,0.977686985480249,0.9725527085187087,0.9947485472980717,0.9988082076037983,0.005635045602432028,1.0,0.01608360605314374,47.018084244802594
a_8_mixed_02,lambda_2,8,3,0.015064567200963164,0.988504531241199,0.9867404962499374,0.9982154507789189,0.9996560153534647,0.007300917755692812,1.0,0.024157158564776182,73.55065351491794
a_8_mixed_02,lambda_2,8,4,0.006309962368151845,0.9947232146284325,0.9942093520567712,0.9994834115017078,0.9998691676500382,0.007745714600030141,1.0,0.03147298330441117,101.52572869462892
a_8_mixed_02,lambda_2,8,5,0.001412798672812965,0.9988708326816405,0.9987291771380418,0.9998581843227734,0.9999705441521904,0.008309773822439134,1.0,0.04247058276087046,134.99815059406683
a_8_mixed_02,lambda_2,8,6,0.00012860245463863773,0.9998934073268068,0.9998824036091247,0.9999889951092772,0.9999977589596197,0.008518882749450759,1.0,0.05050841020420194,162.9326240173541
a_8_mixed_03,feasibility,8,1,-0.9998608712757306,0.9999304356378653,0.3033823518788677,0.3034034579468892,0.6296047402685763,8.475212875503465e-06,1.0,10.112339154817164,21.97801689663902
a_8_mixed_03,feasibility,8,2,-0.9999835294160966,0.9999917647080483,0.02883970762613727,0.0288399451315053,0.4913011002293365,1.3598101168427966e-10,0.7288135593220338,27.611059783026576,53.162732004188
a_8_mixed_03,feasibility,8,3,-0.9999768646769258,0.9999884323384629,0.004360589542346848,0.004360639984754277,0.5447758688637394,4.3356305511542536e-08,0.7457627118644068,59.98030297877267,81.80359709914774
a_8_mixed_03,feasibility,8,4,-0.9999894014437298,0.9999947007218649,0.009589886154528382,0.009589936974271707,0.565464743550866,1.0285831702242636e-10,0.5677966101694916,107.86723589710891,109.32343911379576
a_8_mixed_03,feasibility,8,5,-0.9999922065432145,0.9999961032716073,0.009620781461527277,0.009620818951245644,0.5571380946376023,5.940077073484215e-11,0.652542372881356,187.75419749505818,138.12515671504661
a_8_mixed_03,feasibility,8,6,-0.999998996720747,0.9999994983603735,0.001875604265922393,0.0018756052068002883,0.6702125566356734,1.0478932615142925e-12,0.6779661016949152,315.7422234718688,167.63930444512516
a_8_mixed_03,feasibility,8,7,-0.9999969369531747,0.9999984684765874,0.02174834632659179,0.021748379634744387,0.6180026465837748,3.2007550682693063e-09,0.6271186440677966,528.8077374678105,196.49360266700387
a_8_mixed_03,feasibility,8,8,-0.9999988823470511,0.9999994411735256,0.011938358790888916,0.011938365462363598,0.6198417939458423,1.4769050020506375e-09,0.6186440677966102,802.714119816199,220.435776155442
a_8_mixed_03,fidelity,8,1,0.16723540384079583,0.9119420975303135,0.8327645961592042,0.9131770519361538,0.9829974849149209,0.0026969054338175577,1.0,0.008098502177745104,21.171232275664806
a_8_mixed_03,fidelity,8,2,0.022587496846999334,0.9876550178212924,0.9774125031530007,0.9896294612152267,0.9973797101366065,0.005244440334964397,1.0,0.01600502710789442,48.01813956024125
a_8_mixed_03,fidelity,8,3,0.006648316972879584,0.9960001797597096,0.9933516830271204,0.9973408672142728,0.9993029671974123,0.006983517662337894,1.0,0.025022009387612343,79.1060650725849
a_8_mixed_03,fidelity,8,4,0.0009786439490682176,0.9994071423173357,0.9990213560509318,0.9996139848815675,0.9999045448678374,0.007836457940574616,1.0,0.03456960804760456,110.44509384641424
a_8_mixed_03,lambda_0.5,8,1,0.11897289958096752,0.9526461695077189,0.8161909058456274,0.8567618618226273,0.9675773316364426,0.0014907835387873325,1.0,0.008205953054130077,22.855448224581778
a_8_mixed_03,lambda_0.5,8,2,0.01932238849366741,0.991667454272535,0.9698709154749042,0.9780203144675952,0.9938176370446151,0.004979658580836452,1.0,0.01736839860677719,50.89798283483833
a_8_mixed_03,lambda_0.5,8,3,0.007798294785219595,0.9953664338900308,0.9890663044986038,0.9936705426494993,0.9983725018004225,0.004943731703732523,1.0,0.025739111937582493,77.22006527055055
a_8_mixed_03,lambda_0.5,8,4,0.003297406635802469,0.9981779244904297,0.9952326385673925,0.9970493377475356,0.9994491479001181,0.006181112565094327,1.0,0.03353447699919343,104.85843885364011
a_8_mixed_03,lambda_0.5,8,5,0.0004915842825684025,0.9998421112584128,0.9991748255499885,0.9993326089180375,0.9998892094953685,0.007590887154996784,1.0,0.04242238821461797,133.79039449663833
a_8_mixed_03,lambda_1,8,1,0.17655583972168087,0.910243766968648,0.8312349660034459,0.9132003933096711,0.9817356003206561,0.0026589518098554463,1.0,0.007920511066913605,21.202288710977882
a_8_mixed_03,lambda_1,8,2,0.035753099777802055,0.9784502208169564,0.9645529786446809,0.9857966794052415,0.9958255446843892,0.00513211803838801,1.0,0.01575517002493143,48.13248015800491
a_8_mixed_03,lambda_1,8,3,0.010221922324044064,0.9930937375140416,0.9898009764931119,0.9966843401619143,0.9992537343207224,0.006573349332486978,1.0,0.02608608128502965,76.4095698967576
a_8_mixed_03,lambda_1,8,4,0.0033276347461169697,0.997791111554136,0.9966748364396595,0.998881253699747,0.9997543727177496,0.00729475823152694,1.0,0.033371270168572664,105.57566360477358
a_8_mixed_03,lambda_1,8,5,0.0002473469337599399,0.9998094098925593,0.9997526638835297,0.9999432431736808,0.9999874104037066,0.008214629892687578,1.0,0.04280500579625368,136.62567833485082
a_8_mixed_03,lambda_2,8,1,0.2516984092276491,0.8464183755497945,0.8048944507570482,0.9509416076112782,0.9890557544126835,0.002731176847524543,1.0,0.008168209344148636,23.06381134968251
a_8_mixed_03,lambda_2,8,2,0.06643908337027682,0.9584482530683718,0.9465216410017979,0.9875563317806756,0.9971128112885379,0.00577386365946357,1.0,0.017440330237150192,51.70867508882657
a_8_mixed_03,lambda_2,8,3,0.019311552810376775,0.985397594883371,0.9830774034776862,0.9976454261531262,0.9994838753251537,0.006824743994997654,1.0,0.025730016641318798,81.27044911496341
a_8_mixed_03,lambda_2,8,4,0.0055366536604877226,0.9957105048662998,0.9950896004431218,0.9993764207366063,0.9998627550688324,0.0076523211990539635,1.0,0.03570447629317641,109.93418804975227
a_8_mixed_03,lambda_2,8,5,0.0007931842134942801,0.9993762376398234,0.999291579552652,0.999915289073341,0.99998594225299,0.008251296941366356,1.0,0.04294941294938326,133.65302654076368
a_8_positive_01,feasibility,8,1,-0.9998213834263232,0.9999106917131616,0.42333013337888764,0.4233679436446368,0.8282108548832112,3.8586031338278807e-07,0.8701298701298701,12.926817222964019,30.634523305110633
a_8_positive_01,feasibility,8,2,-0.9999984265710748,0.9999992132855374,0.06859791957125118,0.06859797353826906,0.5086479846439593,5.947503914127355e-15,0.5844155844155844,40.9052860038355,69.91749576013535
a_8_positive_01,feasibility,8,3,-0.9999990819784657,0.9999995409892328,0.03514832337490618,0.03514833950837246,0.473460389150603,1.6285759563199678e-10,0.5844155844155844,97.2530154180713,107.70641515636817
a_8_positive_01,feasibility,8,4,-0.9999994047922893,0.9999997023961447,0.06448709983134927,0.06448711902296451,0.678827023844139,1.6973128757473148e-09,0.5844155844155844,210.51080802828074,146.77428925829008
a_8_positive_01,feasibility,8,5,-0.9999998377057797,0.9999999188528899,0.03228400665115067,0.03228400927090473,0.6521251519557852,1.047806934541035e-10,0.5844155844155844,408.15212829690427,189.39622621424496
a_8_positive_01,feasibility,8,6,-0.9999999918863058,0.9999999959431529,0.018937348592464147,0.018937348669290074,0.6011016643366232,1.687483344953166e-14,0.5844155844155844,747.9836429590359,230.09260288951918
a_8_positive_01,feasibility,8,7,-0.9999999997632141,0.999999999881607,0.018430322017937737,0.01843032202011976,0.5425378017734794,1.512448415914803e-12,0.5844155844155844,1179.853057433851,269.31061502266675
a_8_positive_01,feasibility,8,8,-0.999999995833583,0.9999999979167915,0.006371226204860282,0.006371226218132874,0.4634250071753434,5.375727814763089e-11,0.5714285714285714,1777.7585816034116,323.5640416382812
a_8_positive_01,fidelity,8,1,0.15822817115766516,0.9528682616191786,0.8417718288423348,0.8834084025549753,0.9434276145110767,0.005457984247347456,1.0,0.011847293935716152,31.841880646534264
a_8_positive_01,fidelity,8,2,0.010217734784289568,0.9934279169830454,0.9897822652157103,0.9963302302008921,0.999016366082465,0.010619198016159253,1.0,0.023036211263388395,71.62048765271902
a_8_positive_01,fidelity,8,3,0.002179338249654944,0.9981239886620669,0.997820661750345,0.9996961029740118,0.9998940004783639,0.011450754253826833,1.0,0.036248127929866314,112.99141667643562
a_8_positive_01,fidelity,8,4,0.0002903481652815459,0.9997603667698578,0.9997096518347184,0.9999492729089638,0.9999857397001538,0.012480210400224461,1.0,0.04763926472514868,151.37368598487228
a_8_positive_01,lambda_0.5,8,1,0.1005051577487926,0.96907930976703,0.8342135742655505,0.8608310649683547,0.9350697429191303,0.004528924402459897,1.0,0.01147861173376441,31.93663444649428
a_8_positive_01,lambda_0.5,8,2,0.014865083364176745,0.992449044216116,0.9779312463634434,0.9853717448394145,0.9963245209736952,0.00858922479270992,1.0,0.022898437920957804,68.54447984974831
a_8_positive_01,lambda_0.5,8,3,0.004184508965040967,0.9972028210330974,0.9944359222574026,0.9972253400037233,0.9990990285257048,0.009741314544428944,1.0,0.03518096590414643,107.00087593030185
a_8_positive_01,lambda_0.5,8,4,0.0009354743599558901,0.9995191168850638,0.9986103716055323,0.9990908175099606,0.9997673671476491,0.011489638199054115,1.0,0.046513868030160666,144.90813043899834
a_8_positive_01,lambda_0.5,8,5,6.47598444100117e-05,0.9999624368419442,0.9999080455124225,0.9999456066272915,0.9999887192766561,0.012611691539229312,1.0,0.058077848982065916,183.5917380368337
a_8_positive_01,lambda_1,8,1,0.16343058710101255,0.9544652214017054,0.8419377724368257,0.882104191497282,0.942933614229039,0.005422194268176138,1.0,0.011189279612153769,31.73971800832078
a_8_positive_01,lambda_1,8,2,0.018598903693142876,0.9875803281258102,0.9814778403384831,0.9938207681810469,0.9982342005748126,0.008835643076108316,1.0,0.02258678199723363,69.05081535410136
a_8_positive_01,lambda_1,8,3,0.0029271478393407824,0.9976440527669035,0.9970741978791471,0.9994287993937557,0.9998595406878993,0.011792053199711426,1.0,0.03505612909793854,107.49974415404722
a_8_positive_01,lambda_1,8,4,0.0007357169140768116,0.9993802283185323,0.999264354945495,0.999884054767391,0.9999711776403788,0.012396688859824985,1.0,0.046348008792847395,145.17368378164247
a_8_positive_01,lambda_2,8,1,0.23193146649173835,0.8647221571421421,0.8229328921799952,0.9516731881830598,0.9858898785435689,0.006131450510257656,1.0,0.011148469056934118,30.687162468209863
a_8_positive_01,lambda_2,8,2,0.031503307514427314,0.9771131038901948,0.9729034996442122,0.995691794297689,0.9987661817610918,0.009842136080995885,1.0,0.02334444411098957,68.94577696127817
a_8_positive_01,lambda_2,8,3,0.008332111448749902,0.9922929507161445,0.9919828283261525,0.9996874689175528,0.9998894385238445,0.011355228996335098,1.0,0.0351555198431015,107.76434623170644
a_8_positive_01,lambda_2,8,4,0.003070601433162845,0.9972066549156345,0.9970684139775654,0.9998613718256013,0.9999650612409472,0.012283991786325303,1.0,0.04619876807555556,145.25832707667723
a_8_positive_01,lambda_2,8,5,0.0007374958206953774,0.999309146779483,0.9992858415909891,0.9999766786999108,0.9999950248654472,0.012759403367762021,1.0,0.05871517118066549,184.31632831599563
a_8_positive_02,feasibility,8,1,-0.9997610367144887,0.9998805183572443,0.5669369158355394,0.5670046624840631,0.8866958517146795,0.0005641926727369755,1.0,13.020563459955156,31.139975102152675
a_8_positive_02,feasibility,8,2,-0.9999770131512804,0.9999885065756402,0.028112051478989798,0.028112374586440683,0.6855479917407933,5.261102634024022e-07,0.9631901840490797,41.357566630933434,70.8419211753644
a_8_positive_02,feasibility,8,3,-0.9999944562126457,0.9999972281063229,0.004297418597719987,0.004297430509740445,0.6273035331562102,1.5642083349956028e-07,0.8404907975460123,90.9616194749251,108.26999447867274
a_8_positive_02,feasibility,8,4,-0.9999993852339493,0.9999996926169746,0.009035385315636746,0.009035388092961673,0.5970866768201563,6.980149995094788e-09,0.803680981595092,201.38075713068247,145.02277145301923
a_8_positive_02,feasibility,8,5,-0.9999989701849552,0.9999994850924776,0.0044415932585238705,0.004441595545534829,0.6515975450181322,9.264670396083528e-09,0.7361963190184049,386.11024209531024,188.46231690095738
a_8_positive_02,feasibility,8,6,-0.9999999990603383,0.9999999995301692,0.0017499633708281258,0.0017499633716503125,0.8037812070615472,4.9270226787919156e-08,0.9877300613496932,718.889698040206,223.18843353632838
a_8_positive_02,feasibility,8,7,-0.9999999999388018,0.9999999999694009,0.0013960412168217964,0.001396041216864514,0.6702304549625093,1.6623845395079935e-06,0.9877300613496932,1208.4171695420519,278.4264784627594
a_8_positive_02,feasibility,8,8,-0.9999999999377986,0.9999999999688993,0.005810603131497909,0.005810603131678623,0.6319964051513914,1.8636726303690225e-07,0.9447852760736196,1836.189580634702,307.9908031928353
a_8_positive_02,fidelity,8,1,0.10178343638484451,0.9548705186649201,0.8982165636151554,0.9406684425350391,0.9962329875479052,0.0021902959788436703,1.0,0.011885001324117184,33.61343221645802
a_8_positive_02,fidelity,8,2,0.009207713491992562,0.9965083645697443,0.9907922865080074,0.9942638935457356,0.9987222630417847,0.004083918141186807,1.0,0.023298104759305716,73.64510166691616
a_8_positive_02,fidelity,8,3,0.001116886701149673,0.9994596260307544,0.9988831132988503,0.9994231755671875,0.9998841771761009,0.005571005545932252,1.0,0.03718654299154878,109.40654867887497
a_8_positive_02,fidelity,8,4,5.287695489517521e-05,0.9999753918800478,0.9999471230451048,0.999971730469397,0.9999943385308128,0.005964836807367659,1.0,0.04632711922749877,146.12576599000022
a_8_positive_02,lambda_0.5,8,1,0.06567498486100293,0.9806830122542746,0.889758011748104,0.907284005769445,0.9900254790588612,0.001308944743672074,1.0,0.011110132094472647,30.76706197531894
a_8_positive_02,lambda_0.5,8,2,0.010625928096157478,0.9965879161588581,0.9822094561316571,0.9855723114899689,0.99677080020664,0.0021107186017311325,1.0,0.022226034197956324,71.45357690006495
a_8_positive_02,lambda_0.5,8,3,0.0017144791623096567,0.9996023648713875,0.9969697240508865,0.9973663119326055,0.9994841846581685,0.004815455757831601,1.0,0.035455125849694014,111.96136065805331
a_8_positive_02,lambda_0.5,8,4,0.00010708100937040221,0.9999762520616483,0.9998095898775882,0.9998333338579626,0.9999677870859437,0.005835075929217454,1.0,0.047100625932216644,152.14863822376356
a_8_positive_02,lambda_1,8,1,0.10429393697353717,0.9559825400926507,0.89835928043908,0.9397235229338121,0.9960814370734689,0.002258668237384344,1.0,0.011917361989617348,30.50466549769044
a_8_positive_02,lambda_1,8,2,0.011989968119671679,0.995775122578576,0.9880428384366947,0.9922349093017524,0.9984317402484427,0.003962851005290119,1.0,0.02245949488133192,69.33264265907928
a_8_positive_02,lambda_1,8,3,0.002084101589051368,0.9988983224432164,0.9979169807254561,0.9990175759677321,0.9997890682993719,0.00533301439408006,1.0,0.03502699779346585,106.36337142949924
a_8_positive_02,lambda_1,8,4,0.0001816210517272543,0.999893661892991,0.9998183869537186,0.9999247170552817,0.9999874227590335,0.005860413110127967,1.0,0.046038721688091755,146.45334912883118
a_8_positive_02,lambda_2,8,1,0.15248633142541523,0.9207510119913251,0.8870343329580652,0.9633813282916298,0.9975095156213345,0.0025589901867086396,1.0,0.011572505347430706,33.01701379660517
a_8_positive_02,lambda_2,8,2,0.01842040528101352,0.9906530956881288,0.9861587497762236,0.9954632495154287,0.9989652962674982,0.00440392314238615,1.0,0.022890783846378326,72.95825537014753
a_8_positive_02,lambda_2,8,3,0.004186146130817803,0.9971691716062167,0.9964934310736657,0.9993223411314828,0.9998283012144696,0.005405448885077931,1.0,0.03603106876835227,111.82510914187878
a_8_positive_02,lambda_2,8,4,0.0007843349457240523,0.9994470911047894,0.9993314420582935,0.9998842869747432,0.9999774857768612,0.005948907892281352,1.0,0.08642059378325939,154.2027707658708
a_8_positive_03,feasibility,8,1,-0.9997423196954216,0.9998711598477108,0.25807265648625277,0.25810591089111873,0.5257569826803025,8.222605708949946e-05,1.0,13.901610578875989,31.63409237517044
a_8_positive_03,feasibility,8,2,-0.9999801406375037,0.9999900703187519,0.025004319028824887,0.025004567316208086,0.5000226152751405,1.0542867306755495e-09,0.5769230769230769,40.63337389472872,72.77240069769323
a_8_positive_03,feasibility,8,3,-0.9999904458883775,0.9999952229441887,0.0026927084808643868,0.002692721344144532,0.4790035317076651,3.3519818154335553e-09,0.6666666666666666,93.78427980374545,112.01207545911893
a_8_positive_03,feasibility,8,4,-0.9999922968661685,0.9999961484330843,0.005286826090709377,0.005286846453352266,0.41421635749890173,3.3737309624143156e-11,0.5512820512820513,212.66709784511477,150.23933974979445
a_8_positive_03,feasibility,8,5,-0.9999944553269666,0.9999972276634833,0.008721817111355206,0.00872184129123431,0.5673019877256918,1.2129029825334204e-11,0.5384615384615384,399.8646453600377,189.90506902197376
a_8_positive_03,feasibility,8,6,-0.9999999553077128,0.9999999776538564,0.009153787860976835,0.009153788065528698,0.5696038957229579,8.00950712304369e-17,0.5128205128205128,746.1899033482186,238.340515691787
a_8_positive_03,feasibility,8,7,-0.9999998895051676,0.9999999447525838,0.0006527459720772333,0.0006527460081397637,0.5248977294808964,1.2383260710099361e-13,0.5256410256410257,1219.4363385029137,276.2753269742243
a_8_positive_03,feasibility,8,8,-0.9999995065524012,0.9999997532762006,0.01841356844091203,0.018413572983978718,0.5412517526778492,3.6199420020567016e-13,0.5256410256410257,1787.6771344109438,338.7186271552928
a_8_positive_03,fidelity,8,1,0.20702213914639922,0.9096014893325439,0.7929778608536008,0.8717860185513545,0.9893881933730869,0.007637572299064152,1.0,0.013089322950690985,33.64532743161544
a_8_positive_03,fidelity,8,2,0.016184455821448587,0.9887920387249057,0.9838155441785514,0.9949670968702663,0.9983289605099386,0.009176020888877688,1.0,0.02583971293643117,73.89347365312278
a_8_positive_03,fidelity,8,3,0.0028654833616339075,0.9975411394717615,0.9971345166383662,0.9995923748732702,0.9998751791948325,0.011436923626963948,1.0,0.03650198271498084,111.2763203815557
a_8_positive_03,fidelity,8,4,0.0002901489723716567,0.9998006116863963,0.9997098510276283,0.9999092212410083,0.9999753722022023,0.01241778891255765,1.0,0.048421553801745176,145.59054471785203
a_8_positive_03,lambda_0.5,8,1,0.144527938570658,0.954092677487709,0.7659062622264796,0.8027587678832661,0.9678083131402168,0.005802359325568513,1.0,0.011357246898114681,30.34840761264786
a_8_positive_03,lambda_0.5,8,2,0.01622862429627181,0.9919167035921623,0.9757577300146166,0.9837093442231318,0.9960574125362023,0.008117893846093148,1.0,0.0236377720721066,70.31991797825322
a_8_positive_03,lambda_0.5,8,3,0.004874193589515852,0.9963299664962424,0.9939304849404431,0.9975916798284835,0.9992598455888264,0.010238545132175935,1.0,0.0365409841760993,108.70335351582617
a_8_positive_03,lambda_0.5,8,4,0.0007992684170127773,0.9994636383982554,0.9989381067939603,0.9994741863694638,0.9998420282082999,0.011001753529927376,1.0,0.04647400788962841,146.15582143561915
a_8_positive_03,lambda_0.5,8,5,1.6894281017032498e-05,0.9999913882526533,0.9999748233279667,0.9999834349326592,0.9999959401325399,0.012612934297441687,1.0,0.05901851272210479,185.29944039601833
a_8_positive_03,lambda_1,8,1,0.2173590274433389,0.9129459627160565,0.793984548028281,0.8696950098406045,0.9895019709191616,0.007902273830654323,1.0,0.01226108381524682,31.593965861946344
a_8_positive_03,lambda_1,8,2,0.024179424316993714,0.9851678053512393,0.9759592156128721,0.9906527703317669,0.9971254617807048,0.006714917466801367,1.0,0.023604952730238438,70.77987243793905
a_8_positive_03,lambda_1,8,3,0.004403609310287715,0.9961560914866441,0.9955985421283705,0.9994402992030682,0.9998538187520786,0.011627943439191425,1.0,0.03559689503163099,109.11238112440333
a_8_positive_03,lambda_1,8,4,0.000888888807667354,0.9992940312604552,0.9991112403281827,0.9998170799318775,0.9999623650809064,0.012205093423282645,1.0,0.04727295832708478,146.87589005287737
a_8_positive_03,lambda_2,8,1,0.3218236903599151,0.8382257197532862,0.7711469537591726,0.9199752949433994,0.9937518432240762,0.007113033803483925,1.0,0.011384378653019667,38.21403370657936
a_8_positive_03,lambda_2,8,2,0.039432038491091004,0.9685920086689158,0.9647059946907334,0.9959879764199967,0.9988547755744175,0.009921841049127307,1.0,0.03362784581258893,92.54171880567446
a_8_positive_03,lambda_2,8,3,0.010130070706488858,0.9908806891892228,0.9903799179581889,0.9994946200521441,0.9998495734741889,0.011945920800251208,1.0,0.050964074209332466,140.22853338671848
a_8_positive_03,lambda_2,8,4,0.00305787276437397,0.9971381395180738,0.9970404138567525,0.9999019938587761,0.9999723177564707,0.012280580284501495,1.0,0.06350390939041972,159.44660040503368
a_8_positive_03,lambda_2,8,5,0.00023880784032181968,0.9997777584121302,0.9997694771267592,0.9999917168737739,0.999997832597341,0.012678092558125595,1.0,0.07123420527204871,188.01840425049886
a_8_quadratic_01,feasibility,8,1,-0.9999812883938244,0.9999906441969122,0.77403334744324,0.7740405892145747,0.9532739535617812,0.0003565660556847441,1.0,15.085897495038807,35.91975080408156
a_8_quadratic_01,feasibility,8,2,-0.9999999998948264,0.9999999999474132,0.1670217818443304,0.16702178185311353,0.8629603774750954,8.23532801994723e-06,1.0,46.44676034292206,76.87171459244564
a_8_quadratic_01,feasibility,8,3,-0.9999999999868603,0.9999999999934301,0.03732188830669909,0.03732188830694429,0.842556022324973,2.769941044692719e-06,0.9953917050691244,99.428152740933,113.54369176365435
a_8_quadratic_01,feasibility,8,4,-0.9999999999840421,0.999999999992021,0.04109185867292286,0.04109185867325073,0.7869130314369811,9.56396061999808e-07,0.9953917050691244,209.09561323327944,151.42733650282025
a_8_quadratic_01,feasibility,8,5,-0.999999999987885,0.9999999999939425,0.005130184085985861,0.005130184086016937,0.7443486297609091,1.260518529198366e-06,0.9907834101382489,400.5613050502725,196.51537415292114
a_8_quadratic_01,feasibility,8,6,-0.9999999999895466,0.9999999999947733,0.004793787810161504,0.004793787810186559,0.7672174678656961,1.4703633795551909e-06,0.9861751152073732,729.2516654371284,256.66442159563303
a_8_quadratic_01,feasibility,8,7,-0.999999999994009,0.9999999999970045,0.008093113130858979,0.008093113130883222,0.6927360256335169,2.2167438084557338e-06,0.9907834101382489,1267.5167538649403,298.6659538997337
a_8_quadratic_01,feasibility,8,8,-0.9999999999928795,0.9999999999964397,0.004767476399470731,0.004767476399487705,0.6693748855676076,4.332021352457403e-08,0.9723502304147466,1925.0078298449516,310.94151408271864
a_8_quadratic_01,fidelity,8,1,0.043173802136220886,0.9808842607582129,0.9568261978637791,0.9754730870328807,0.9968052418938252,0.0019379293596584093,1.0,0.02374009368941188,32.65739024011418
a_8_quadratic_01,fidelity,8,2,0.006815907431223109,0.9987705332765061,0.9931840925687769,0.9944066824945239,0.9989071133617113,0.0031937712767243606,1.0,0.03056556126102805,70.09215747285634
a_8_quadratic_01,fidelity,8,3,0.0005457246260881053,0.999883896598365,0.9994542753739118,0.9995703288892693,0.9999131488532509,0.004249400351145841,1.0,0.04218159196898341,110.61427152715623
a_8_quadratic_01,lambda_0.5,8,1,0.029157053375482134,0.9904556576367812,0.9516046164693984,0.9607745779754734,0.9942687513925055,0.0013030546469451744,1.0,0.01223559770733118,33.88526262762025
a_8_quadratic_01,lambda_0.5,8,2,0.004012678343295273,0.9994419129488715,0.9925365862898722,0.9930908174156664,0.9985052951049859,0.003137048812116041,1.0,0.02489126194268465,74.9545210483484
a_8_quadratic_01,lambda_0.5,8,3,0.0004665284242312273,0.9999546228711504,0.9991123585016602,0.9991576974092367,0.9998508792861853,0.003988619894683271,1.0,0.036306103225797415,110.614641956985
a_8_quadratic_01,lambda_1,8,1,0.04389713980980481,0.9808939082509399,0.9565765202289991,0.9752089519392552,0.9967136836710573,0.0019108967080119657,1.0,0.011715940199792385,30.732648005709052
a_8_quadratic_01,lambda_1,8,2,0.007418727069203768,0.9983079518151204,0.9925909627474078,0.9942733211156757,0.9991006260971397,0.0034079252445220337,1.0,0.023703429847955704,70.53759734146297
a_8_quadratic_01,lambda_1,8,3,0.0009843947832334221,0.9998311703202295,0.9990157429083619,0.9991844348965372,0.999833371204099,0.004152806141352965,1.0,0.03587321285158396,108.56459380919114
a_8_quadratic_01,lambda_2,8,1,0.06255241081785967,0.9665942252123756,0.9525077401767793,0.9854266819848823,0.9980677527442923,0.002321635918535037,1.0,0.0122300717048347,33.88016262371093
a_8_quadratic_01,lambda_2,8,2,0.012269164217317274,0.9964973883348894,0.9921294649734022,0.9956167237238966,0.9991119258030116,0.002987244913828805,1.0,0.023380303755402565,73.36264678509906
a_8_quadratic_01,lambda_2,8,3,0.0023425003653487764,0.9992017031048435,0.9984302177361652,0.9992278982649039,0.9998478159073757,0.004115479867926767,1.0,0.03684970270842314,114.04116621427238
a_8_quadratic_01,lambda_2,8,4,9.230035326379671e-05,0.9999603973115894,0.9999340495226474,0.9999736511675734,0.9999950143271362,0.004495238357930296,1.0,0.04986424883827567,148.60788143472746
a_8_quadratic_02,feasibility,8,1,-0.9996564948541944,0.9998282474270972,0.5000198321212121,0.5001057265664733,0.8949690844041641,0.00010503266845435684,1.0,13.544031294994056,33.83204053668305
a_8_quadratic_02,feasibility,8,2,-0.9999890660002158,0.9999945330001079,0.021429579297777657,0.02142969645392586,0.7461660881237031,3.443931076301841e-06,0.994475138121547,43.409214737825096,74.29000714886934
a_8_quadratic_02,feasibility,8,3,-0.9999971523431952,0.9999985761715976,0.0033311035365831392,0.003331108279509719,0.6733089775050592,5.064395523353452e-06,0.994475138121547,100.96630642609671,111.0932494904846
a_8_quadratic_02,feasibility,8,4,-0.9999998340064005,0.9999999170032002,0.009843954154599916,0.009843954971616676,0.568938086927479,7.809939514056561e-07,0.994475138121547,213.65030601527542,149.84510290855542
a_8_quadratic_02,feasibility,8,5,-0.999999998409479,0.9999999992047395,0.008304127768242986,0.008304127774846931,0.6360460759454296,2.0913424527274315e-06,0.988950276243094,394.81865988485515,188.64999234117568
a_8_quadratic_02,feasibility,8,6,-0.9999999999589906,0.9999999999794953,0.004317522320504267,0.004317522320592797,0.5990378452239642,2.476733822140085e-06,0.9834254143646409,703.0227013360709,222.81814402807504
a_8_quadratic_02,feasibility,8,7,-0.9999999996927442,0.9999999998463721,5.745852126923345e-05,5.745852127806068e-05,0.7441385560539443,2.882891034295969e-07,0.988950276243094,1198.1414147112519,276.60464843921363
a_8_quadratic_02,feasibility,8,8,-0.9999999999745106,0.9999999999872553,0.0006806439932951484,0.000680643993303823,0.5254075734269267,5.398479940262591e-07,0.9779005524861878,1849.2330287261866,356.4096955489367
a_8_quadratic_02,fidelity,8,1,0.08172745002661348,0.9711690780582667,0.9182725499733866,0.9455331421891642,0.9907966107583636,0.0025405501397021014,1.0,0.013548868242651224,38.816936219576746
a_8_quadratic_02,fidelity,8,2,0.011753804329432693,0.995746812259787,0.9882461956705674,0.9924673456175095,0.9986536797651848,0.003928404594597765,1.0,0.025194513611495495,78.7387659153901
a_8_quadratic_02,fidelity,8,3,0.0015152084174099864,0.999554774654404,0.9984847915825901,0.9989295403324107,0.9997974613627097,0.004732088826583476,1.0,0.04247947921976447,114.65151800448075
a_8_quadratic_02,fidelity,8,4,3.1192022941501e-05,0.9999883348166912,0.9999688079770586,0.9999804729325805,0.9999959768951449,0.005433273720728835,1.0,0.05343041894957423,164.96623303182423
a_8_quadratic_02,lambda_0.5,8,1,0.05270683773152973,0.9823978295200803,0.9134243316920677,0.92979066549678,0.9896924978974561,0.0019616424361733878,1.0,0.014442711137235165,40.4993960368447
a_8_quadratic_02,lambda_0.5,8,2,0.007620508300152429,0.9981871026029655,0.9865929380021081,0.9883847781937641,0.9979753666556438,0.0031732607399245,1.0,0.02839273028075695,83.94434848008677
a_8_quadratic_02,lambda_0.5,8,3,0.0015867296800819441,0.9996975461385834,0.9971297713696137,0.9974314483626693,0.9995077239813273,0.004536954528093422,1.0,0.04245423199608922,122.91846561711282
a_8_quadratic_02,lambda_0.5,8,4,5.343942280500169e-05,0.9999923912959641,0.9999007305558507,0.9999083385624619,0.9999803854023566,0.0052499713835721,1.0,0.054754077922552824,173.51903853053227
a_8_quadratic_02,lambda_1,8,1,0.08328298329660655,0.9717412564749979,0.9182719325827574,0.9449757602283956,0.9907525697276695,0.0025340041006274125,1.0,0.013653668109327555,38.1523262844421
a_8_quadratic_02,lambda_1,8,2,0.01264931459925367,0.9958654335513992,0.9873858901927683,0.9914852518493471,0.9985211129298448,0.0034572626359754602,1.0,0.02748909778892994,80.49408066924661
a_8_quadratic_02,lambda_1,8,3,0.0023620995950167645,0.9990757877276933,0.9976392293180931,0.9985621126772899,0.999716699222786,0.004801098751782657,1.0,0.04150327201932669,127.93906266940758
a_8_quadratic_02,lambda_1,8,4,6.192904531132637e-05,0.9999793199964507,0.9999380718077191,0.999958750958238,0.999991368245909,0.0053860381598690756,1.0,0.05619458435103297,167.25709037482738
a_8_quadratic_02,lambda_2,8,1,0.12883112345841985,0.9374357497927703,0.9063752817864443,0.9668665633744049,0.9965459147241639,0.0008038997476505245,1.0,0.013126533012837172,38.36696349829435
a_8_quadratic_02,lambda_2,8,2,0.021618332389781947,0.989013958175922,0.9837562162874902,0.9946838547171479,0.9988784077158945,0.004091395426455576,1.0,0.02554576611146331,81.35538717545569
a_8_quadratic_02,lambda_2,8,3,0.007007929529928791,0.9958140406765694,0.9944089618995685,0.9985890148967509,0.9997149130660994,0.004571688778702216,1.0,0.04110629204660654,124.20721710612997
a_8_quadratic_02,lambda_2,8,4,0.0006926670356559583,0.999544783966867,0.9994261125113573,0.9998812744987385,0.9999761744111807,0.005329385767817284,1.0,0.048791506327688694,167.26359652588144
