instance_id,n_decision,support,regime,condition,constraint,constraint_index,family,representation,status,gadget_kind,n_slack,n_allocated,gate_set,gate_counts,total_gates,algo_wires,zeroed_wires,any_state_wires,total_wires,one_qubit_gates,two_qubit_gates,t_gates,delta,depth,prep_gates,layer_gates,expanded_layer_gates
b_4_disjoint_01,4,4,disjoint,constraint_component,x_0 + x_1 == 2,0.0,cardinality,gadget,complete,dicke,0,2,nisq,{'X': 2},2.0,2.0,0.0,0.0,2.0,2.0,0.0,0.0,,,,,
b_4_disjoint_01,4,4,disjoint,constraint_component,x_0 + x_1 == 2,0.0,cardinality,gadget,complete,dicke,0,2,ftqc,"{'Hadamard': 4, 'S': 4}",8.0,2.0,0.0,0.0,2.0,8.0,0.0,0.0,,,,,
b_4_disjoint_01,4,4,disjoint,constraint_component,x_0 + x_1 == 2,0.0,cardinality,penalty_cost_layer,complete,dicke,0,4,nisq,"{'CNOT': 2, 'RZ': 3}",5.0,2.0,0.0,0.0,2.0,3.0,2.0,0.0,,,,,
b_4_disjoint_01,4,4,disjoint,constraint_component,x_0 + x_1 == 2,0.0,cardinality,penalty_cost_layer,complete,dicke,0,4,ftqc,"{'CNOT': 2, 'T': 132}",134.0,2.0,0.0,0.0,2.0,132.0,2.0,132.0,,,,,
b_4_disjoint_01,4,4,disjoint,constraint_component,x_2 + x_3 >= 2,1.0,cardinality,gadget,complete,geq,0,2,nisq,{'X': 2},2.0,2.0,0.0,0.0,2.0,2.0,0.0,0.0,,,,,
b_4_disjoint_01,4,4,disjoint,constraint_component,x_2 + x_3 >= 2,1.0,cardinality,gadget,complete,geq,0,2,ftqc,"{'Hadamard': 4, 'S': 4}",8.0,2.0,0.0,0.0,2.0,8.0,0.0,0.0,,,,,
b_4_disjoint_01,4,4,disjoint,constraint_component,x_2 + x_3 >= 2,1.0,cardinality,penalty_cost_layer,complete,geq,0,4,nisq,"{'CNOT': 2, 'RZ': 3}",5.0,2.0,0.0,0.0,2.0,3.0,2.0,0.0,,,,,
b_4_disjoint_01,4,4,disjoint,constraint_component,x_2 + x_3 >= 2,1.0,cardinality,penalty_cost_layer,complete,geq,0,4,ftqc,"{'CNOT': 2, 'T': 132}",134.0,2.0,0.0,0.0,2.0,132.0,2.0,132.0,,,,,
b_4_disjoint_01,4,4,disjoint,feasible,,,,full_penalty_qaoa,complete,,0,4,nisq,"{'Hadamard': 4, 'CNOT': 12, 'RZ': 10, 'RX': 4}",30.0,4.0,0.0,0.0,4.0,18.0,12.0,0.0,16.0,1.0,4.0,26.0,44.0
b_4_disjoint_01,4,4,disjoint,feasible,,,,full_penalty_qaoa,complete,,0,4,nisq,"{'Hadamard': 4, 'CNOT': 24, 'RZ': 20, 'RX': 8}",56.0,4.0,0.0,0.0,4.0,32.0,24.0,0.0,16.0,2.0,4.0,26.0,44.0
b_4_disjoint_01,4,4,disjoint,feasible,,,,full_penalty_qaoa,complete,,0,4,nisq,"{'Hadamard': 4, 'CNOT': 36, 'RZ': 30, 'RX': 12}",82.0,4.0,0.0,0.0,4.0,46.0,36.0,0.0,16.0,3.0,4.0,26.0,44.0
b_4_disjoint_01,4,4,disjoint,feasible,,,,full_penalty_qaoa,complete,,0,4,nisq,"{'Hadamard': 4, 'CNOT': 48, 'RZ': 40, 'RX': 16}",108.0,4.0,0.0,0.0,4.0,60.0,48.0,0.0,16.0,4.0,4.0,26.0,44.0
b_4_disjoint_01,4,4,disjoint,feasible,,,,full_penalty_qaoa,complete,,0,4,nisq,"{'Hadamard': 4, 'CNOT': 60, 'RZ': 50, 'RX': 20}",134.0,4.0,0.0,0.0,4.0,74.0,60.0,0.0,16.0,5.0,4.0,26.0,44.0
b_4_disjoint_01,4,4,disjoint,feasible,,,,full_penalty_qaoa,complete,,0,4,ftqc,"{'Hadamard': 4, 'CNOT': 12, 'T': 616}",632.0,4.0,0.0,0.0,4.0,620.0,12.0,616.0,16.0,1.0,4.0,628.0,1248.0
b_4_disjoint_01,4,4,disjoint,feasible,,,,full_penalty_qaoa,complete,,0,4,ftqc,"{'Hadamard': 4, 'CNOT': 24, 'T': 1232}",1260.0,4.0,0.0,0.0,4.0,1236.0,24.0,1232.0,16.0,2.0,4.0,628.0,1248.0
b_4_disjoint_01,4,4,disjoint,feasible,,,,full_penalty_qaoa,complete,,0,4,ftqc,"{'Hadamard': 4, 'CNOT': 36, 'T': 1848}",1888.0,4.0,0.0,0.0,4.0,1852.0,36.0,1848.0,16.0,3.0,4.0,628.0,1248.0
b_4_disjoint_01,4,4,disjoint,feasible,,,,full_penalty_qaoa,complete,,0,4,ftqc,"{'Hadamard': 4, 'CNOT': 48, 'T': 2464}",2516.0,4.0,0.0,0.0,4.0,2468.0,48.0,2464.0,16.0,4.0,4.0,628.0,1248.0
b_4_disjoint_01,4,4,disjoint,feasible,,,,full_penalty_qaoa,complete,,0,4,ftqc,"{'Hadamard': 4, 'CNOT': 60, 'T': 3080}",3144.0,4.0,0.0,0.0,4.0,3084.0,60.0,3080.0,16.0,5.0,4.0,628.0,1248.0
b_4_disjoint_01,4,4,disjoint,local,,,,full_penalty_qaoa,complete,,0,4,nisq,"{'Hadamard': 4, 'CNOT': 12, 'RZ': 10, 'RX': 4}",30.0,4.0,0.0,0.0,4.0,18.0,12.0,0.0,16.0,1.0,4.0,26.0,44.0
b_4_disjoint_01,4,4,disjoint,local,,,,full_penalty_qaoa,complete,,0,4,nisq,"{'Hadamard': 4, 'CNOT': 24, 'RZ': 20, 'RX': 8}",56.0,4.0,0.0,0.0,4.0,32.0,24.0,0.0,16.0,2.0,4.0,26.0,44.0
b_4_disjoint_01,4,4,disjoint,local,,,,full_penalty_qaoa,complete,,0,4,nisq,"{'Hadamard': 4, 'CNOT': 36, 'RZ': 30, 'RX': 12}",82.0,4.0,0.0,0.0,4.0,46.0,36.0,0.0,16.0,3.0,4.0,26.0,44.0
b_4_disjoint_01,4,4,disjoint,local,,,,full_penalty_qaoa,complete,,0,4,nisq,"{'Hadamard': 4, 'CNOT': 48, 'RZ': 40, 'RX': 16}",108.0,4.0,0.0,0.0,4.0,60.0,48.0,0.0,16.0,4.0,4.0,26.0,44.0
b_4_disjoint_01,4,4,disjoint,local,,,,full_penalty_qaoa,complete,,0,4,nisq,"{'Hadamard': 4, 'CNOT': 60, 'RZ': 50, 'RX': 20}",134.0,4.0,0.0,0.0,4.0,74.0,60.0,0.0,16.0,5.0,4.0,26.0,44.0
b_4_disjoint_01,4,4,disjoint,local,,,,full_penalty_qaoa,complete,,0,4,ftqc,"{'Hadamard': 4, 'CNOT': 12, 'T': 616}",632.0,4.0,0.0,0.0,4.0,620.0,12.0,616.0,16.0,1.0,4.0,628.0,1248.0
b_4_disjoint_01,4,4,disjoint,local,,,,full_penalty_qaoa,complete,,0,4,ftqc,"{'Hadamard': 4, 'CNOT': 24, 'T': 1232}",1260.0,4.0,0.0,0.0,4.0,1236.0,24.0,1232.0,16.0,2.0,4.0,628.0,1248.0
b_4_disjoint_01,4,4,disjoint,local,,,,full_penalty_qaoa,complete,,0,4,ftqc,"{'Hadamard': 4, 'CNOT': 36, 'T': 1848}",1888.0,4.0,0.0,0.0,4.0,1852.0,36.0,1848.0,16.0,3.0,4.0,628.0,1248.0
b_4_disjoint_01,4,4,disjoint,local,,,,full_penalty_qaoa,complete,,0,4,ftqc,"{'Hadamard': 4, 'CNOT': 48, 'T': 2464}",2516.0,4.0,0.0,0.0,4.0,2468.0,48.0,2464.0,16.0,4.0,4.0,628.0,1248.0
b_4_disjoint_01,4,4,disjoint,local,,,,full_penalty_qaoa,complete,,0,4,ftqc,"{'Hadamard': 4, 'CNOT': 60, 'T': 3080}",3144.0,4.0,0.0,0.0,4.0,3084.0,60.0,3080.0,16.0,5.0,4.0,628.0,1248.0
b_4_disjoint_01,4,4,disjoint,maximum,,,,full_penalty_qaoa,complete,,0,4,nisq,"{'Hadamard': 4, 'CNOT': 12, 'RZ': 10, 'RX': 4}",30.0,4.0,0.0,0.0,4.0,18.0,12.0,0.0,6.0,1.0,4.0,26.0,44.0
b_4_disjoint_01,4,4,disjoint,maximum,,,,full_penalty_qaoa,complete,,0,4,nisq,"{'Hadamard': 4, 'CNOT': 24, 'RZ': 20, 'RX': 8}",56.0,4.0,0.0,0.0,4.0,32.0,24.0,0.0,6.0,2.0,4.0,26.0,44.0
b_4_disjoint_01,4,4,disjoint,maximum,,,,full_penalty_qaoa,complete,,0,4,nisq,"{'Hadamard': 4, 'CNOT': 36, 'RZ': 30, 'RX': 12}",82.0,4.0,0.0,0.0,4.0,46.0,36.0,0.0,6.0,3.0,4.0,26.0,44.0
b_4_disjoint_01,4,4,disjoint,maximum,,,,full_penalty_qaoa,complete,,0,4,nisq,"{'Hadamard': 4, 'CNOT': 48, 'RZ': 40, 'RX': 16}",108.0,4.0,0.0,0.0,4.0,60.0,48.0,0.0,6.0,4.0,4.0,26.0,44.0
b_4_disjoint_01,4,4,disjoint,maximum,,,,full_penalty_qaoa,complete,,0,4,nisq,"{'Hadamard': 4, 'CNOT': 60, 'RZ': 50, 'RX': 20}",134.0,4.0,0.0,0.0,4.0,74.0,60.0,0.0,6.0,5.0,4.0,26.0,44.0
b_4_disjoint_01,4,4,disjoint,maximum,,,,full_penalty_qaoa,complete,,0,4,ftqc,"{'Hadamard': 4, 'CNOT': 12, 'T': 616}",632.0,4.0,0.0,0.0,4.0,620.0,12.0,616.0,6.0,1.0,4.0,628.0,1248.0
b_4_disjoint_01,4,4,disjoint,maximum,,,,full_penalty_qaoa,complete,,0,4,ftqc,"{'Hadamard': 4, 'CNOT': 24, 'T': 1232}",1260.0,4.0,0.0,0.0,4.0,1236.0,24.0,1232.0,6.0,2.0,4.0,628.0,1248.0
b_4_disjoint_01,4,4,disjoint,maximum,,,,full_penalty_qaoa,complete,,0,4,ftqc,"{'Hadamard': 4, 'CNOT': 36, 'T': 1848}",1888.0,4.0,0.0,0.0,4.0,1852.0,36.0,1848.0,6.0,3.0,4.0,628.0,1248.0
b_4_disjoint_01,4,4,disjoint,maximum,,,,full_penalty_qaoa,complete,,0,4,ftqc,"{'Hadamard': 4, 'CNOT': 48, 'T': 2464}",2516.0,4.0,0.0,0.0,4.0,2468.0,48.0,2464.0,6.0,4.0,4.0,628.0,1248.0
b_4_disjoint_01,4,4,disjoint,maximum,,,,full_penalty_qaoa,complete,,0,4,ftqc,"{'Hadamard': 4, 'CNOT': 60, 'T': 3080}",3144.0,4.0,0.0,0.0,4.0,3084.0,60.0,3080.0,6.0,5.0,4.0,628.0,1248.0
b_4_disjoint_01,4,4,disjoint,range,,,,full_penalty_qaoa,complete,,0,4,nisq,"{'Hadamard': 4, 'CNOT': 12, 'RZ': 10, 'RX': 4}",30.0,4.0,0.0,0.0,4.0,18.0,12.0,0.0,30.0,1.0,4.0,26.0,44.0
b_4_disjoint_01,4,4,disjoint,range,,,,full_penalty_qaoa,complete,,0,4,nisq,"{'Hadamard': 4, 'CNOT': 24, 'RZ': 20, 'RX': 8}",56.0,4.0,0.0,0.0,4.0,32.0,24.0,0.0,30.0,2.0,4.0,26.0,44.0
b_4_disjoint_01,4,4,disjoint,range,,,,full_penalty_qaoa,complete,,0,4,nisq,"{'Hadamard': 4, 'CNOT': 36, 'RZ': 30, 'RX': 12}",82.0,4.0,0.0,0.0,4.0,46.0,36.0,0.0,30.0,3.0,4.0,26.0,44.0
b_4_disjoint_01,4,4,disjoint,range,,,,full_penalty_qaoa,complete,,0,4,nisq,"{'Hadamard': 4, 'CNOT': 48, 'RZ': 40, 'RX': 16}",108.0,4.0,0.0,0.0,4.0,60.0,48.0,0.0,30.0,4.0,4.0,26.0,44.0
b_4_disjoint_01,4,4,disjoint,range,,,,full_penalty_qaoa,complete,,0,4,nisq,"{'Hadamard': 4, 'CNOT': 60, 'RZ': 50, 'RX': 20}",134.0,4.0,0.0,0.0,4.0,74.0,60.0,0.0,30.0,5.0,4.0,26.0,44.0
b_4_disjoint_01,4,4,disjoint,range,,,,full_penalty_qaoa,complete,,0,4,ftqc,"{'Hadamard': 4, 'CNOT': 12, 'T': 616}",632.0,4.0,0.0,0.0,4.0,620.0,12.0,616.0,30.0,1.0,4.0,628.0,1248.0
b_4_disjoint_01,4,4,disjoint,range,,,,full_penalty_qaoa,complete,,0,4,ftqc,"{'Hadamard': 4, 'CNOT': 24, 'T': 1232}",1260.0,4.0,0.0,0.0,4.0,1236.0,24.0,1232.0,30.0,2.0,4.0,628.0,1248.0
b_4_disjoint_01,4,4,disjoint,range,,,,full_penalty_qaoa,complete,,0,4,ftqc,"{'Hadamard': 4, 'CNOT': 36, 'T': 1848}",1888.0,4.0,0.0,0.0,4.0,1852.0,36.0,1848.0,30.0,3.0,4.0,628.0,1248.0
b_4_disjoint_01,4,4,disjoint,range,,,,full_penalty_qaoa,complete,,0,4,ftqc,"{'Hadamard': 4, 'CNOT': 48, 'T': 2464}",2516.0,4.0,0.0,0.0,4.0,2468.0,48.0,2464.0,30.0,4.0,4.0,628.0,1248.0
b_4_disjoint_01,4,4,disjoint,range,,,,full_penalty_qaoa,complete,,0,4,ftqc,"{'Hadamard': 4, 'CNOT': 60, 'T': 3080}",3144.0,4.0,0.0,0.0,4.0,3084.0,60.0,3080.0,30.0,5.0,4.0,628.0,1248.0
b_4_disjoint_01,4,4,disjoint,verma_lewis,,,,full_penalty_qaoa,complete,,0,4,nisq,"{'Hadamard': 4, 'CNOT': 12, 'RZ': 10, 'RX': 4}",30.0,4.0,0.0,0.0,4.0,18.0,12.0,0.0,12.0,1.0,4.0,26.0,44.0
b_4_disjoint_01,4,4,disjoint,verma_lewis,,,,full_penalty_qaoa,complete,,0,4,nisq,"{'Hadamard': 4, 'CNOT': 24, 'RZ': 20, 'RX': 8}",56.0,4.0,0.0,0.0,4.0,32.0,24.0,0.0,12.0,2.0,4.0,26.0,44.0
b_4_disjoint_01,4,4,disjoint,verma_lewis,,,,full_penalty_qaoa,complete,,0,4,nisq,"{'Hadamard': 4, 'CNOT': 36, 'RZ': 30, 'RX': 12}",82.0,4.0,0.0,0.0,4.0,46.0,36.0,0.0,12.0,3.0,4.0,26.0,44.0
b_4_disjoint_01,4,4,disjoint,verma_lewis,,,,full_penalty_qaoa,complete,,0,4,nisq,"{'Hadamard': 4, 'CNOT': 48, 'RZ': 40, 'RX': 16}",108.0,4.0,0.0,0.0,4.0,60.0,48.0,0.0,12.0,4.0,4.0,26.0,44.0
b_4_disjoint_01,4,4,disjoint,verma_lewis,,,,full_penalty_qaoa,complete,,0,4,nisq,"{'Hadamard': 4, 'CNOT': 60, 'RZ': 50, 'RX': 20}",134.0,4.0,0.0,0.0,4.0,74.0,60.0,0.0,12.0,5.0,4.0,26.0,44.0
b_4_disjoint_01,4,4,disjoint,verma_lewis,,,,full_penalty_qaoa,complete,,0,4,ftqc,"{'Hadamard': 4, 'CNOT': 12, 'T': 616}",632.0,4.0,0.0,0.0,4.0,620.0,12.0,616.0,12.0,1.0,4.0,628.0,1248.0
b_4_disjoint_01,4,4,disjoint,verma_lewis,,,,full_penalty_qaoa,complete,,0,4,ftqc,"{'Hadamard': 4, 'CNOT': 24, 'T': 1232}",1260.0,4.0,0.0,0.0,4.0,1236.0,24.0,1232.0,12.0,2.0,4.0,628.0,1248.0
b_4_disjoint_01,4,4,disjoint,verma_lewis,,,,full_penalty_qaoa,complete,,0,4,ftqc,"{'Hadamard': 4, 'CNOT': 36, 'T': 1848}",1888.0,4.0,0.0,0.0,4.0,1852.0,36.0,1848.0,12.0,3.0,4.0,628.0,1248.0
b_4_disjoint_01,4,4,disjoint,verma_lewis,,,,full_penalty_qaoa,complete,,0,4,ftqc,"{'Hadamard': 4, 'CNOT': 48, 'T': 2464}",2516.0,4.0,0.0,0.0,4.0,2468.0,48.0,2464.0,12.0,4.0,4.0,628.0,1248.0
b_4_disjoint_01,4,4,disjoint,verma_lewis,,,,full_penalty_qaoa,complete,,0,4,ftqc,"{'Hadamard': 4, 'CNOT': 60, 'T': 3080}",3144.0,4.0,0.0,0.0,4.0,3084.0,60.0,3080.0,12.0,5.0,4.0,628.0,1248.0
b_4_disjoint_02,4,4,disjoint,constraint_component,x_0*x_1 == 0,0.0,independent_set,gadget,complete,leq,0,2,nisq,"{'RY': 3, 'CNOT': 7}",10.0,2.0,0.0,0.0,2.0,3.0,7.0,0.0,,,,,
b_4_disjoint_02,4,4,disjoint,constraint_component,x_0*x_1 == 0,0.0,independent_set,gadget,complete,leq,0,2,ftqc,"{'T': 132, 'CNOT': 7}",139.0,2.0,0.0,0.0,2.0,132.0,7.0,132.0,,,,,
b_4_disjoint_02,4,4,disjoint,constraint_component,x_0*x_1 == 0,0.0,independent_set,penalty_cost_layer,complete,leq,0,4,nisq,"{'CNOT': 2, 'RZ': 3}",5.0,2.0,0.0,0.0,2.0,3.0,2.0,0.0,,,,,
b_4_disjoint_02,4,4,disjoint,constraint_component,x_0*x_1 == 0,0.0,independent_set,penalty_cost_layer,complete,leq,0,4,ftqc,"{'CNOT': 2, 'T': 132}",134.0,2.0,0.0,0.0,2.0,132.0,2.0,132.0,,,,,
b_4_disjoint_02,4,4,disjoint,constraint_component,x_2 + x_3 == 1,1.0,assignment,gadget,complete,dicke,0,2,nisq,"{'X': 1, 'CNOT': 3, 'RY': 2}",6.0,2.0,0.0,0.0,2.0,3.0,3.0,0.0,,,,,
b_4_disjoint_02,4,4,disjoint,constraint_component,x_2 + x_3 == 1,1.0,assignment,gadget,complete,dicke,0,2,ftqc,"{'Hadamard': 2, 'S': 2, 'CNOT': 3, 'T': 88}",95.0,2.0,0.0,0.0,2.0,92.0,3.0,88.0,,,,,
b_4_disjoint_02,4,4,disjoint,constraint_component,x_2 + x_3 == 1,1.0,assignment,penalty_cost_layer,complete,dicke,0,4,nisq,"{'CNOT': 2, 'RZ': 3}",5.0,2.0,0.0,0.0,2.0,3.0,2.0,0.0,,,,,
b_4_disjoint_02,4,4,disjoint,constraint_component,x_2 + x_3 == 1,1.0,assignment,penalty_cost_layer,complete,dicke,0,4,ftqc,"{'CNOT': 2, 'T': 132}",134.0,2.0,0.0,0.0,2.0,132.0,2.0,132.0,,,,,
b_4_disjoint_02,4,4,disjoint,feasible,,,,full_penalty_qaoa,complete,,0,4,nisq,"{'Hadamard': 4, 'CNOT': 10, 'RZ': 9, 'RX': 4}",27.0,4.0,0.0,0.0,4.0,17.0,10.0,0.0,15.0,1.0,4.0,23.0,36.0
b_4_disjoint_02,4,4,disjoint,feasible,,,,full_penalty_qaoa,complete,,0,4,nisq,"{'Hadamard': 4, 'CNOT': 20, 'RZ': 18, 'RX': 8}",50.0,4.0,0.0,0.0,4.0,30.0,20.0,0.0,15.0,2.0,4.0,23.0,36.0
b_4_disjoint_02,4,4,disjoint,feasible,,,,full_penalty_qaoa,complete,,0,4,nisq,"{'Hadamard': 4, 'CNOT': 30, 'RZ': 27, 'RX': 12}",73.0,4.0,0.0,0.0,4.0,43.0,30.0,0.0,15.0,3.0,4.0,23.0,36.0
b_4_disjoint_02,4,4,disjoint,feasible,,,,full_penalty_qaoa,complete,,0,4,nisq,"{'Hadamard': 4, 'CNOT': 40, 'RZ': 36, 'RX': 16}",96.0,4.0,0.0,0.0,4.0,56.0,40.0,0.0,15.0,4.0,4.0,23.0,36.0
b_4_disjoint_02,4,4,disjoint,feasible,,,,full_penalty_qaoa,complete,,0,4,nisq,"{'Hadamard': 4, 'CNOT': 50, 'RZ': 45, 'RX': 20}",119.0,4.0,0.0,0.0,4.0,69.0,50.0,0.0,15.0,5.0,4.0,23.0,36.0
b_4_disjoint_02,4,4,disjoint,feasible,,,,full_penalty_qaoa,complete,,0,4,ftqc,"{'Hadamard': 4, 'CNOT': 10, 'T': 572}",586.0,4.0,0.0,0.0,4.0,576.0,10.0,572.0,15.0,1.0,4.0,582.0,982.0
b_4_disjoint_02,4,4,disjoint,feasible,,,,full_penalty_qaoa,complete,,0,4,ftqc,"{'Hadamard': 4, 'CNOT': 20, 'T': 1144}",1168.0,4.0,0.0,0.0,4.0,1148.0,20.0,1144.0,15.0,2.0,4.0,582.0,982.0
b_4_disjoint_02,4,4,disjoint,feasible,,,,full_penalty_qaoa,complete,,0,4,ftqc,"{'Hadamard': 4, 'CNOT': 30, 'T': 1716}",1750.0,4.0,0.0,0.0,4.0,1720.0,30.0,1716.0,15.0,3.0,4.0,582.0,982.0
b_4_disjoint_02,4,4,disjoint,feasible,,,,full_penalty_qaoa,complete,,0,4,ftqc,"{'Hadamard': 4, 'CNOT': 40, 'T': 2288}",2332.0,4.0,0.0,0.0,4.0,2292.0,40.0,2288.0,15.0,4.0,4.0,582.0,982.0
b_4_disjoint_02,4,4,disjoint,feasible,,,,full_penalty_qaoa,complete,,0,4,ftqc,"{'Hadamard': 4, 'CNOT': 50, 'T': 2860}",2914.0,4.0,0.0,0.0,4.0,2864.0,50.0,2860.0,15.0,5.0,4.0,582.0,982.0
b_4_disjoint_02,4,4,disjoint,local,,,,full_penalty_qaoa,complete,,0,4,nisq,"{'Hadamard': 4, 'CNOT': 10, 'RZ': 9, 'RX': 4}",27.0,4.0,0.0,0.0,4.0,17.0,10.0,0.0,12.0,1.0,4.0,23.0,36.0
b_4_disjoint_02,4,4,disjoint,local,,,,full_penalty_qaoa,complete,,0,4,nisq,"{'Hadamard': 4, 'CNOT': 20, 'RZ': 18, 'RX': 8}",50.0,4.0,0.0,0.0,4.0,30.0,20.0,0.0,12.0,2.0,4.0,23.0,36.0
b_4_disjoint_02,4,4,disjoint,local,,,,full_penalty_qaoa,complete,,0,4,nisq,"{'Hadamard': 4, 'CNOT': 30, 'RZ': 27, 'RX': 12}",73.0,4.0,0.0,0.0,4.0,43.0,30.0,0.0,12.0,3.0,4.0,23.0,36.0
b_4_disjoint_02,4,4,disjoint,local,,,,full_penalty_qaoa,complete,,0,4,nisq,"{'Hadamard': 4, 'CNOT': 40, 'RZ': 36, 'RX': 16}",96.0,4.0,0.0,0.0,4.0,56.0,40.0,0.0,12.0,4.0,4.0,23.0,36.0
b_4_disjoint_02,4,4,disjoint,local,,,,full_penalty_qaoa,complete,,0,4,nisq,"{'Hadamard': 4, 'CNOT': 50, 'RZ': 45, 'RX': 20}",119.0,4.0,0.0,0.0,4.0,69.0,50.0,0.0,12.0,5.0,4.0,23.0,36.0
b_4_disjoint_02,4,4,disjoint,local,,,,full_penalty_qaoa,complete,,0,4,ftqc,"{'Hadamard': 4, 'CNOT': 10, 'T': 572}",586.0,4.0,0.0,0.0,4.0,576.0,10.0,572.0,12.0,1.0,4.0,582.0,982.0
b_4_disjoint_02,4,4,disjoint,local,,,,full_penalty_qaoa,complete,,0,4,ftqc,"{'Hadamard': 4, 'CNOT': 20, 'T': 1144}",1168.0,4.0,0.0,0.0,4.0,1148.0,20.0,1144.0,12.0,2.0,4.0,582.0,982.0
b_4_disjoint_02,4,4,disjoint,local,,,,full_penalty_qaoa,complete,,0,4,ftqc,"{'Hadamard': 4, 'CNOT': 30, 'T': 1716}",1750.0,4.0,0.0,0.0,4.0,1720.0,30.0,1716.0,12.0,3.0,4.0,582.0,982.0
b_4_disjoint_02,4,4,disjoint,local,,,,full_penalty_qaoa,complete,,0,4,ftqc,"{'Hadamard': 4, 'CNOT': 40, 'T': 2288}",2332.0,4.0,0.0,0.0,4.0,2292.0,40.0,2288.0,12.0,4.0,4.0,582.0,982.0
b_4_disjoint_02,4,4,disjoint,local,,,,full_penalty_qaoa,complete,,0,4,ftqc,"{'Hadamard': 4, 'CNOT': 50, 'T': 2860}",2914.0,4.0,0.0,0.0,4.0,2864.0,50.0,2860.0,12.0,5.0,4.0,582.0,982.0
b_4_disjoint_02,4,4,disjoint,maximum,,,,full_penalty_qaoa,complete,,0,4,nisq,"{'Hadamard': 4, 'CNOT': 10, 'RZ': 9, 'RX': 4}",27.0,4.0,0.0,0.0,4.0,17.0,10.0,0.0,5.0,1.0,4.0,23.0,36.0
b_4_disjoint_02,4,4,disjoint,maximum,,,,full_penalty_qaoa,complete,,0,4,nisq,"{'Hadamard': 4, 'CNOT': 20, 'RZ': 18, 'RX': 8}",50.0,4.0,0.0,0.0,4.0,30.0,20.0,0.0,5.0,2.0,4.0,23.0,36.0
b_4_disjoint_02,4,4,disjoint,maximum,,,,full_penalty_qaoa,complete,,0,4,nisq,"{'Hadamard': 4, 'CNOT': 30, 'RZ': 27, 'RX': 12}",73.0,4.0,0.0,0.0,4.0,43.0,30.0,0.0,5.0,3.0,4.0,23.0,36.0
b_4_disjoint_02,4,4,disjoint,maximum,,,,full_penalty_qaoa,complete,,0,4,nisq,"{'Hadamard': 4, 'CNOT': 40, 'RZ': 36, 'RX': 16}",96.0,4.0,0.0,0.0,4.0,56.0,40.0,0.0,5.0,4.0,4.0,23.0,36.0
b_4_disjoint_02,4,4,disjoint,maximum,,,,full_penalty_qaoa,complete,,0,4,nisq,"{'Hadamard': 4, 'CNOT': 50, 'RZ': 45, 'RX': 20}",119.0,4.0,0.0,0.0,4.0,69.0,50.0,0.0,5.0,5.0,4.0,23.0,36.0
b_4_disjoint_02,4,4,disjoint,maximum,,,,full_penalty_qaoa,complete,,0,4,ftqc,"{'Hadamard': 4, 'CNOT': 10, 'T': 572}",586.0,4.0,0.0,0.0,4.0,576.0,10.0,572.0,5.0,1.0,4.0,582.0,982.0
b_4_disjoint_02,4,4,disjoint,maximum,,,,full_penalty_qaoa,complete,,0,4,ftqc,"{'Hadamard': 4, 'CNOT': 20, 'T': 1144}",1168.0,4.0,0.0,0.0,4.0,1148.0,20.0,1144.0,5.0,2.0,4.0,582.0,982.0
b_4_disjoint_02,4,4,disjoint,maximum,,,,full_penalty_qaoa,complete,,0,4,ftqc,"{'Hadamard': 4, 'CNOT': 30, 'T': 1716}",1750.0,4.0,0.0,0.0,4.0,1720.0,30.0,1716.0,5.0,3.0,4.0,582.0,982.0
b_4_disjoint_02,4,4,disjoint,maximum,,,,full_penalty_qaoa,complete,,0,4,ftqc,"{'Hadamard': 4, 'CNOT': 40, 'T': 2288}",2332.0,4.0,0.0,0.0,4.0,2292.0,40.0,2288.0,5.0,4.0,4.0,582.0,982.0
b_4_disjoint_02,4,4,disjoint,maximum,,,,full_penalty_qaoa,complete,,0,4,ftqc,"{'Hadamard': 4, 'CNOT': 50, 'T': 2860}",2914.0,4.0,0.0,0.0,4.0,2864.0,50.0,2860.0,5.0,5.0,4.0,582.0,982.0
b_4_disjoint_02,4,4,disjoint,range,,,,full_penalty_qaoa,complete,,0,4,nisq,"{'Hadamard': 4, 'CNOT': 10, 'RZ': 9, 'RX': 4}",27.0,4.0,0.0,0.0,4.0,17.0,10.0,0.0,22.0,1.0,4.0,23.0,36.0
b_4_disjoint_02,4,4,disjoint,range,,,,full_penalty_qaoa,complete,,0,4,nisq,"{'Hadamard': 4, 'CNOT': 20, 'RZ': 18, 'RX': 8}",50.0,4.0,0.0,0.0,4.0,30.0,20.0,0.0,22.0,2.0,4.0,23.0,36.0
b_4_disjoint_02,4,4,disjoint,range,,,,full_penalty_qaoa,complete,,0,4,nisq,"{'Hadamard': 4, 'CNOT': 30, 'RZ': 27, 'RX': 12}",73.0,4.0,0.0,0.0,4.0,43.0,30.0,0.0,22.0,3.0,4.0,23.0,36.0
b_4_disjoint_02,4,4,disjoint,range,,,,full_penalty_qaoa,complete,,0,4,nisq,"{'Hadamard': 4, 'CNOT': 40, 'RZ': 36, 'RX': 16}",96.0,4.0,0.0,0.0,4.0,56.0,40.0,0.0,22.0,4.0,4.0,23.0,36.0
b_4_disjoint_02,4,4,disjoint,range,,,,full_penalty_qaoa,complete,,0,4,nisq,"{'Hadamard': 4, 'CNOT': 50, 'RZ': 45, 'RX': 20}",119.0,4.0,0.0,0.0,4.0,69.0,50.0,0.0,22.0,5.0,4.0,23.0,36.0
b_4_disjoint_02,4,4,disjoint,range,,,,full_penalty_qaoa,complete,,0,4,ftqc,"{'Hadamard': 4, 'CNOT': 10, 'T': 572}",586.0,4.0,0.0,0.0,4.0,576.0,10.0,572.0,22.0,1.0,4.0,582.0,982.0
b_4_disjoint_02,4,4,disjoint,range,,,,full_penalty_qaoa,complete,,0,4,ftqc,"{'Hadamard': 4, 'CNOT': 20, 'T': 1144}",1168.0,4.0,0.0,0.0,4.0,1148.0,20.0,1144.0,22.0,2.0,4.0,582.0,982.0
b_4_disjoint_02,4,4,disjoint,range,,,,full_penalty_qaoa,complete,,0,4,ftqc,"{'Hadamard': 4, 'CNOT': 30, 'T': 1716}",1750.0,4.0,0.0,0.0,4.0,1720.0,30.0,1716.0,22.0,3.0,4.0,582.0,982.0
b_4_disjoint_02,4,4,disjoint,range,,,,full_penalty_qaoa,complete,,0,4,ftqc,"{'Hadamard': 4, 'CNOT': 40, 'T': 2288}",2332.0,4.0,0.0,0.0,4.0,2292.0,40.0,2288.0,22.0,4.0,4.0,582.0,982.0
b_4_disjoint_02,4,4,disjoint,range,,,,full_penalty_qaoa,complete,,0,4,ftqc,"{'Hadamard': 4, 'CNOT': 50, 'T': 2860}",2914.0,4.0,0.0,0.0,4.0,2864.0,50.0,2860.0,22.0,5.0,4.0,582.0,982.0
b_4_disjoint_02,4,4,disjoint,verma_lewis,,,,full_penalty_qaoa,complete,,0,4,nisq,"{'Hadamard': 4, 'CNOT': 10, 'RZ': 9, 'RX': 4}",27.0,4.0,0.0,0.0,4.0,17.0,10.0,0.0,8.0,1.0,4.0,23.0,36.0
b_4_disjoint_02,4,4,disjoint,verma_lewis,,,,full_penalty_qaoa,complete,,0,4,nisq,"{'Hadamard': 4, 'CNOT': 20, 'RZ': 18, 'RX': 8}",50.0,4.0,0.0,0.0,4.0,30.0,20.0,0.0,8.0,2.0,4.0,23.0,36.0
b_4_disjoint_02,4,4,disjoint,verma_lewis,,,,full_penalty_qaoa,complete,,0,4,nisq,"{'Hadamard': 4, 'CNOT': 30, 'RZ': 27, 'RX': 12}",73.0,4.0,0.0,0.0,4.0,43.0,30.0,0.0,8.0,3.0,4.0,23.0,36.0
b_4_disjoint_02,4,4,disjoint,verma_lewis,,,,full_penalty_qaoa,complete,,0,4,nisq,"{'Hadamard': 4, 'CNOT': 40, 'RZ': 36, 'RX': 16}",96.0,4.0,0.0,0.0,4.0,56.0,40.0,0.0,8.0,4.0,4.0,23.0,36.0
b_4_disjoint_02,4,4,disjoint,verma_lewis,,,,full_penalty_qaoa,complete,,0,4,nisq,"{'Hadamard': 4, 'CNOT': 50, 'RZ': 45, 'RX': 20}",119.0,4.0,0.0,0.0,4.0,69.0,50.0,0.0,8.0,5.0,4.0,23.0,36.0
b_4_disjoint_02,4,4,disjoint,verma_lewis,,,,full_penalty_qaoa,complete,,0,4,ftqc,"{'Hadamard': 4, 'CNOT': 10, 'T': 572}",586.0,4.0,0.0,0.0,4.0,576.0,10.0,572.0,8.0,1.0,4.0,582.0,982.0
b_4_disjoint_02,4,4,disjoint,verma_lewis,,,,full_penalty_qaoa,complete,,0,4,ftqc,"{'Hadamard': 4, 'CNOT': 20, 'T': 1144}",1168.0,4.0,0.0,0.0,4.0,1148.0,20.0,1144.0,8.0,2.0,4.0,582.0,982.0
b_4_disjoint_02,4,4,disjoint,verma_lewis,,,,full_penalty_qaoa,complete,,0,4,ftqc,"{'Hadamard': 4, 'CNOT': 30, 'T': 1716}",1750.0,4.0,0.0,0.0,4.0,1720.0,30.0,1716.0,8.0,3.0,4.0,582.0,982.0
b_4_disjoint_02,4,4,disjoint,verma_lewis,,,,full_penalty_qaoa,complete,,0,4,ftqc,"{'Hadamard': 4, 'CNOT': 40, 'T': 2288}",2332.0,4.0,0.0,0.0,4.0,2292.0,40.0,2288.0,8.0,4.0,4.0,582.0,982.0
b_4_disjoint_02,4,4,disjoint,verma_lewis,,,,full_penalty_qaoa,complete,,0,4,ftqc,"{'Hadamard': 4, 'CNOT': 50, 'T': 2860}",2914.0,4.0,0.0,0.0,4.0,2864.0,50.0,2860.0,8.0,5.0,4.0,582.0,982.0
b_4_overlapping_01,4,4,overlapping,constraint_component,1*x_0*x_0 + 1*x_0*x_3 + 3*x_0*x_1 + 2*x_0*x_2 + 1*x_3*x_3 + 2*x_3*x_1 + 3*x_3*x_2 + 2*x_1*x_1 + 3*x_1*x_2 + 3*x_2*x_2 <= 7,0.0,quadratic_knapsack,gadget,missing_vcg,vcg,0,4,nisq,,,,,,,,,,,,,,
b_4_overlapping_01,4,4,overlapping,constraint_component,1*x_0*x_0 + 1*x_0*x_3 + 3*x_0*x_1 + 2*x_0*x_2 + 1*x_3*x_3 + 2*x_3*x_1 + 3*x_3*x_2 + 2*x_1*x_1 + 3*x_1*x_2 + 3*x_2*x_2 <= 7,0.0,quadratic_knapsack,gadget,missing_vcg,vcg,0,4,ftqc,,,,,,,,,,,,,,
b_4_overlapping_01,4,4,overlapping,constraint_component,1*x_0*x_0 + 1*x_0*x_3 + 3*x_0*x_1 + 2*x_0*x_2 + 1*x_3*x_3 + 2*x_3*x_1 + 3*x_3*x_2 + 2*x_1*x_1 + 3*x_1*x_2 + 3*x_2*x_2 <= 7,0.0,quadratic_knapsack,penalty_cost_layer,complete,vcg,3,7,nisq,"{'CNOT': 136, 'RZ': 51}",187.0,7.0,0.0,0.0,7.0,51.0,136.0,0.0,,,,,
b_4_overlapping_01,4,4,overlapping,constraint_component,1*x_0*x_0 + 1*x_0*x_3 + 3*x_0*x_1 + 2*x_0*x_2 + 1*x_3*x_3 + 2*x_3*x_1 + 3*x_3*x_2 + 2*x_1*x_1 + 3*x_1*x_2 + 3*x_2*x_2 <= 7,0.0,quadratic_knapsack,penalty_cost_layer,complete,vcg,3,7,ftqc,"{'CNOT': 136, 'T': 2244}",2380.0,7.0,0.0,0.0,7.0,2244.0,136.0,2244.0,,,,,
b_4_overlapping_01,4,4,overlapping,constraint_component,5*x_0 + 4*x_2 + 1*x_1 <= 6,1.0,knapsack,gadget,missing_vcg,vcg,0,3,nisq,,,,,,,,,,,,,,
b_4_overlapping_01,4,4,overlapping,constraint_component,5*x_0 + 4*x_2 + 1*x_1 <= 6,1.0,knapsack,gadget,missing_vcg,vcg,0,3,ftqc,,,,,,,,,,,,,,
b_4_overlapping_01,4,4,overlapping,constraint_component,5*x_0 + 4*x_2 + 1*x_1 <= 6,1.0,knapsack,penalty_cost_layer,complete,vcg,3,7,nisq,"{'CNOT': 30, 'RZ': 21}",51.0,6.0,0.0,0.0,6.0,21.0,30.0,0.0,,,,,
b_4_overlapping_01,4,4,overlapping,constraint_component,5*x_0 + 4*x_2 + 1*x_1 <= 6,1.0,knapsack,penalty_cost_layer,complete,vcg,3,7,ftqc,"{'CNOT': 30, 'T': 924}",954.0,6.0,0.0,0.0,6.0,924.0,30.0,924.0,,,,,
b_4_overlapping_01,4,4,overlapping,constraint_component,4*x_1*x_1 + 4*x_1*x_0 + 1*x_1*x_3 + 5*x_1*x_2 + 5*x_0*x_0 + 5*x_0*x_3 + 5*x_0*x_2 + 1*x_3*x_3 + 4*x_3*x_2 + 1*x_2*x_2 <= 11,2.0,quadratic_knapsack,gadget,missing_vcg,vcg,0,4,nisq,,,,,,,,,,,,,,
b_4_overlapping_01,4,4,overlapping,constraint_component,4*x_1*x_1 + 4*x_1*x_0 + 1*x_1*x_3 + 5*x_1*x_2 + 5*x_0*x_0 + 5*x_0*x_3 + 5*x_0*x_2 + 1*x_3*x_3 + 4*x_3*x_2 + 1*x_2*x_2 <= 11,2.0,quadratic_knapsack,gadget,missing_vcg,vcg,0,4,ftqc,,,,,,,,,,,,,,
b_4_overlapping_01,4,4,overlapping,constraint_component,4*x_1*x_1 + 4*x_1*x_0 + 1*x_1*x_3 + 5*x_1*x_2 + 5*x_0*x_0 + 5*x_0*x_3 + 5*x_0*x_2 + 1*x_3*x_3 + 4*x_3*x_2 + 1*x_2*x_2 <= 11,2.0,quadratic_knapsack,penalty_cost_layer,complete,vcg,4,8,nisq,"{'CNOT': 174, 'RZ': 65}",239.0,8.0,0.0,0.0,8.0,65.0,174.0,0.0,,,,,
b_4_overlapping_01,4,4,overlapping,constraint_component,4*x_1*x_1 + 4*x_1*x_0 + 1*x_1*x_3 + 5*x_1*x_2 + 5*x_0*x_0 + 5*x_0*x_3 + 5*x_0*x_2 + 1*x_3*x_3 + 4*x_3*x_2 + 1*x_2*x_2 <= 11,2.0,quadratic_knapsack,penalty_cost_layer,complete,vcg,4,8,ftqc,"{'CNOT': 174, 'T': 2860}",3034.0,8.0,0.0,0.0,8.0,2860.0,174.0,2860.0,,,,,
b_4_overlapping_01,4,4,overlapping,feasible,,,,full_penalty_qaoa,complete,,10,14,nisq,"{'Hadamard': 14, 'CNOT': 300, 'RZ': 116, 'RX': 14}",444.0,14.0,0.0,0.0,14.0,144.0,300.0,0.0,25.0,1.0,14.0,430.0,2477.0
b_4_overlapping_01,4,4,overlapping,feasible,,,,full_penalty_qaoa,complete,,10,14,nisq,"{'Hadamard': 14, 'CNOT': 600, 'RZ': 232, 'RX': 28}",874.0,14.0,0.0,0.0,14.0,274.0,600.0,0.0,25.0,2.0,14.0,430.0,2477.0
b_4_overlapping_01,4,4,overlapping,feasible,,,,full_penalty_qaoa,complete,,10,14,nisq,"{'Hadamard': 14, 'CNOT': 900, 'RZ': 348, 'RX': 42}",1304.0,14.0,0.0,0.0,14.0,404.0,900.0,0.0,25.0,3.0,14.0,430.0,2477.0
b_4_overlapping_01,4,4,overlapping,feasible,,,,full_penalty_qaoa,complete,,10,14,nisq,"{'Hadamard': 14, 'CNOT': 1200, 'RZ': 464, 'RX': 56}",1734.0,14.0,0.0,0.0,14.0,534.0,1200.0,0.0,25.0,4.0,14.0,430.0,2477.0
b_4_overlapping_01,4,4,overlapping,feasible,,,,full_penalty_qaoa,complete,,10,14,nisq,"{'Hadamard': 14, 'CNOT': 1500, 'RZ': 580, 'RX': 70}",2164.0,14.0,0.0,0.0,14.0,664.0,1500.0,0.0,25.0,5.0,14.0,430.0,2477.0
b_4_overlapping_01,4,4,overlapping,feasible,,,,full_penalty_qaoa,complete,,10,14,ftqc,"{'Hadamard': 14, 'CNOT': 300, 'T': 5720}",6034.0,14.0,0.0,0.0,14.0,5734.0,300.0,5720.0,25.0,1.0,14.0,6020.0,51368.0
b_4_overlapping_01,4,4,overlapping,feasible,,,,full_penalty_qaoa,complete,,10,14,ftqc,"{'Hadamard': 14, 'CNOT': 600, 'T': 11440}",12054.0,14.0,0.0,0.0,14.0,11454.0,600.0,11440.0,25.0,2.0,14.0,6020.0,51368.0
b_4_overlapping_01,4,4,overlapping,feasible,,,,full_penalty_qaoa,complete,,10,14,ftqc,"{'Hadamard': 14, 'CNOT': 900, 'T': 17160}",18074.0,14.0,0.0,0.0,14.0,17174.0,900.0,17160.0,25.0,3.0,14.0,6020.0,51368.0
b_4_overlapping_01,4,4,overlapping,feasible,,,,full_penalty_qaoa,complete,,10,14,ftqc,"{'Hadamard': 14, 'CNOT': 1200, 'T': 22880}",24094.0,14.0,0.0,0.0,14.0,22894.0,1200.0,22880.0,25.0,4.0,14.0,6020.0,51368.0
b_4_overlapping_01,4,4,overlapping,feasible,,,,full_penalty_qaoa,complete,,10,14,ftqc,"{'Hadamard': 14, 'CNOT': 1500, 'T': 28600}",30114.0,14.0,0.0,0.0,14.0,28614.0,1500.0,28600.0,25.0,5.0,14.0,6020.0,51368.0
b_4_overlapping_01,4,4,overlapping,local,,,,full_penalty_qaoa,complete,,10,14,nisq,"{'Hadamard': 14, 'CNOT': 300, 'RZ': 116, 'RX': 14}",444.0,14.0,0.0,0.0,14.0,144.0,300.0,0.0,19.0,1.0,14.0,430.0,2477.0
b_4_overlapping_01,4,4,overlapping,local,,,,full_penalty_qaoa,complete,,10,14,nisq,"{'Hadamard': 14, 'CNOT': 600, 'RZ': 232, 'RX': 28}",874.0,14.0,0.0,0.0,14.0,274.0,600.0,0.0,19.0,2.0,14.0,430.0,2477.0
b_4_overlapping_01,4,4,overlapping,local,,,,full_penalty_qaoa,complete,,10,14,nisq,"{'Hadamard': 14, 'CNOT': 900, 'RZ': 348, 'RX': 42}",1304.0,14.0,0.0,0.0,14.0,404.0,900.0,0.0,19.0,3.0,14.0,430.0,2477.0
b_4_overlapping_01,4,4,overlapping,local,,,,full_penalty_qaoa,complete,,10,14,nisq,"{'Hadamard': 14, 'CNOT': 1200, 'RZ': 464, 'RX': 56}",1734.0,14.0,0.0,0.0,14.0,534.0,1200.0,0.0,19.0,4.0,14.0,430.0,2477.0
b_4_overlapping_01,4,4,overlapping,local,,,,full_penalty_qaoa,complete,,10,14,nisq,"{'Hadamard': 14, 'CNOT': 1500, 'RZ': 580, 'RX': 70}",2164.0,14.0,0.0,0.0,14.0,664.0,1500.0,0.0,19.0,5.0,14.0,430.0,2477.0
b_4_overlapping_01,4,4,overlapping,local,,,,full_penalty_qaoa,complete,,10,14,ftqc,"{'Hadamard': 14, 'CNOT': 300, 'T': 5720}",6034.0,14.0,0.0,0.0,14.0,5734.0,300.0,5720.0,19.0,1.0,14.0,6020.0,51368.0
b_4_overlapping_01,4,4,overlapping,local,,,,full_penalty_qaoa,complete,,10,14,ftqc,"{'Hadamard': 14, 'CNOT': 600, 'T': 11440}",12054.0,14.0,0.0,0.0,14.0,11454.0,600.0,11440.0,19.0,2.0,14.0,6020.0,51368.0
b_4_overlapping_01,4,4,overlapping,local,,,,full_penalty_qaoa,complete,,10,14,ftqc,"{'Hadamard': 14, 'CNOT': 900, 'T': 17160}",18074.0,14.0,0.0,0.0,14.0,17174.0,900.0,17160.0,19.0,3.0,14.0,6020.0,51368.0
b_4_overlapping_01,4,4,overlapping,local,,,,full_penalty_qaoa,complete,,10,14,ftqc,"{'Hadamard': 14, 'CNOT': 1200, 'T': 22880}",24094.0,14.0,0.0,0.0,14.0,22894.0,1200.0,22880.0,19.0,4.0,14.0,6020.0,51368.0
b_4_overlapping_01,4,4,overlapping,local,,,,full_penalty_qaoa,complete,,10,14,ftqc,"{'Hadamard': 14, 'CNOT': 1500, 'T': 28600}",30114.0,14.0,0.0,0.0,14.0,28614.0,1500.0,28600.0,19.0,5.0,14.0,6020.0,51368.0
b_4_overlapping_01,4,4,overlapping,maximum,,,,full_penalty_qaoa,complete,,10,14,nisq,"{'Hadamard': 14, 'CNOT': 300, 'RZ': 116, 'RX': 14}",444.0,14.0,0.0,0.0,14.0,144.0,300.0,0.0,6.0,1.0,14.0,430.0,2477.0
b_4_overlapping_01,4,4,overlapping,maximum,,,,full_penalty_qaoa,complete,,10,14,nisq,"{'Hadamard': 14, 'CNOT': 600, 'RZ': 232, 'RX': 28}",874.0,14.0,0.0,0.0,14.0,274.0,600.0,0.0,6.0,2.0,14.0,430.0,2477.0
b_4_overlapping_01,4,4,overlapping,maximum,,,,full_penalty_qaoa,complete,,10,14,nisq,"{'Hadamard': 14, 'CNOT': 900, 'RZ': 348, 'RX': 42}",1304.0,14.0,0.0,0.0,14.0,404.0,900.0,0.0,6.0,3.0,14.0,430.0,2477.0
b_4_overlapping_01,4,4,overlapping,maximum,,,,full_penalty_qaoa,complete,,10,14,nisq,"{'Hadamard': 14, 'CNOT': 1200, 'RZ': 464, 'RX': 56}",1734.0,14.0,0.0,0.0,14.0,534.0,1200.0,0.0,6.0,4.0,14.0,430.0,2477.0
b_4_overlapping_01,4,4,overlapping,maximum,,,,full_penalty_qaoa,complete,,10,14,nisq,"{'Hadamard': 14, 'CNOT': 1500, 'RZ': 580, 'RX': 70}",2164.0,14.0,0.0,0.0,14.0,664.0,1500.0,0.0,6.0,5.0,14.0,430.0,2477.0
b_4_overlapping_01,4,4,overlapping,maximum,,,,full_penalty_qaoa,complete,,10,14,ftqc,"{'Hadamard': 14, 'CNOT': 300, 'T': 5720}",6034.0,14.0,0.0,0.0,14.0,5734.0,300.0,5720.0,6.0,1.0,14.0,6020.0,51368.0
b_4_overlapping_01,4,4,overlapping,maximum,,,,full_penalty_qaoa,complete,,10,14,ftqc,"{'Hadamard': 14, 'CNOT': 600, 'T': 11440}",12054.0,14.0,0.0,0.0,14.0,11454.0,600.0,11440.0,6.0,2.0,14.0,6020.0,51368.0
b_4_overlapping_01,4,4,overlapping,maximum,,,,full_penalty_qaoa,complete,,10,14,ftqc,"{'Hadamard': 14, 'CNOT': 900, 'T': 17160}",18074.0,14.0,0.0,0.0,14.0,17174.0,900.0,17160.0,6.0,3.0,14.0,6020.0,51368.0
b_4_overlapping_01,4,4,overlapping,maximum,,,,full_penalty_qaoa,complete,,10,14,ftqc,"{'Hadamard': 14, 'CNOT': 1200, 'T': 22880}",24094.0,14.0,0.0,0.0,14.0,22894.0,1200.0,22880.0,6.0,4.0,14.0,6020.0,51368.0
b_4_overlapping_01,4,4,overlapping,maximum,,,,full_penalty_qaoa,complete,,10,14,ftqc,"{'Hadamard': 14, 'CNOT': 1500, 'T': 28600}",30114.0,14.0,0.0,0.0,14.0,28614.0,1500.0,28600.0,6.0,5.0,14.0,6020.0,51368.0
b_4_overlapping_01,4,4,overlapping,range,,,,full_penalty_qaoa,complete,,10,14,nisq,"{'Hadamard': 14, 'CNOT': 300, 'RZ': 116, 'RX': 14}",444.0,14.0,0.0,0.0,14.0,144.0,300.0,0.0,31.0,1.0,14.0,430.0,2477.0
b_4_overlapping_01,4,4,overlapping,range,,,,full_penalty_qaoa,complete,,10,14,nisq,"{'Hadamard': 14, 'CNOT': 600, 'RZ': 232, 'RX': 28}",874.0,14.0,0.0,0.0,14.0,274.0,600.0,0.0,31.0,2.0,14.0,430.0,2477.0
b_4_overlapping_01,4,4,overlapping,range,,,,full_penalty_qaoa,complete,,10,14,nisq,"{'Hadamard': 14, 'CNOT': 900, 'RZ': 348, 'RX': 42}",1304.0,14.0,0.0,0.0,14.0,404.0,900.0,0.0,31.0,3.0,14.0,430.0,2477.0
b_4_overlapping_01,4,4,overlapping,range,,,,full_penalty_qaoa,complete,,10,14,nisq,"{'Hadamard': 14, 'CNOT': 1200, 'RZ': 464, 'RX': 56}",1734.0,14.0,0.0,0.0,14.0,534.0,1200.0,0.0,31.0,4.0,14.0,430.0,2477.0
b_4_overlapping_01,4,4,overlapping,range,,,,full_penalty_qaoa,complete,,10,14,nisq,"{'Hadamard': 14, 'CNOT': 1500, 'RZ': 580, 'RX': 70}",2164.0,14.0,0.0,0.0,14.0,664.0,1500.0,0.0,31.0,5.0,14.0,430.0,2477.0
b_4_overlapping_01,4,4,overlapping,range,,,,full_penalty_qaoa,complete,,10,14,ftqc,"{'Hadamard': 14, 'CNOT': 300, 'T': 5720}",6034.0,14.0,0.0,0.0,14.0,5734.0,300.0,5720.0,31.0,1.0,14.0,6020.0,51368.0
b_4_overlapping_01,4,4,overlapping,range,,,,full_penalty_qaoa,complete,,10,14,ftqc,"{'Hadamard': 14, 'CNOT': 600, 'T': 11440}",12054.0,14.0,0.0,0.0,14.0,11454.0,600.0,11440.0,31.0,2.0,14.0,6020.0,51368.0
b_4_overlapping_01,4,4,overlapping,range,,,,full_penalty_qaoa,complete,,10,14,ftqc,"{'Hadamard': 14, 'CNOT': 900, 'T': 17160}",18074.0,14.0,0.0,0.0,14.0,17174.0,900.0,17160.0,31.0,3.0,14.0,6020.0,51368.0
b_4_overlapping_01,4,4,overlapping,range,,,,full_penalty_qaoa,complete,,10,14,ftqc,"{'Hadamard': 14, 'CNOT': 1200, 'T': 22880}",24094.0,14.0,0.0,0.0,14.0,22894.0,1200.0,22880.0,31.0,4.0,14.0,6020.0,51368.0
b_4_overlapping_01,4,4,overlapping,range,,,,full_penalty_qaoa,complete,,10,14,ftqc,"{'Hadamard': 14, 'CNOT': 1500, 'T': 28600}",30114.0,14.0,0.0,0.0,14.0,28614.0,1500.0,28600.0,31.0,5.0,14.0,6020.0,51368.0
b_4_overlapping_01,4,4,overlapping,verma_lewis,,,,full_penalty_qaoa,complete,,10,14,nisq,"{'Hadamard': 14, 'CNOT': 300, 'RZ': 116, 'RX': 14}",444.0,14.0,0.0,0.0,14.0,144.0,300.0,0.0,19.0,1.0,14.0,430.0,2477.0
b_4_overlapping_01,4,4,overlapping,verma_lewis,,,,full_penalty_qaoa,complete,,10,14,nisq,"{'Hadamard': 14, 'CNOT': 600, 'RZ': 232, 'RX': 28}",874.0,14.0,0.0,0.0,14.0,274.0,600.0,0.0,19.0,2.0,14.0,430.0,2477.0
b_4_overlapping_01,4,4,overlapping,verma_lewis,,,,full_penalty_qaoa,complete,,10,14,nisq,"{'Hadamard': 14, 'CNOT': 900, 'RZ': 348, 'RX': 42}",1304.0,14.0,0.0,0.0,14.0,404.0,900.0,0.0,19.0,3.0,14.0,430.0,2477.0
b_4_overlapping_01,4,4,overlapping,verma_lewis,,,,full_penalty_qaoa,complete,,10,14,nisq,"{'Hadamard': 14, 'CNOT': 1200, 'RZ': 464, 'RX': 56}",1734.0,14.0,0.0,0.0,14.0,534.0,1200.0,0.0,19.0,4.0,14.0,430.0,2477.0
b_4_overlapping_01,4,4,overlapping,verma_lewis,,,,full_penalty_qaoa,complete,,10,14,nisq,"{'Hadamard': 14, 'CNOT': 1500, 'RZ': 580, 'RX': 70}",2164.0,14.0,0.0,0.0,14.0,664.0,1500.0,0.0,19.0,5.0,14.0,430.0,2477.0
b_4_overlapping_01,4,4,overlapping,verma_lewis,,,,full_penalty_qaoa,complete,,10,14,ftqc,"{'Hadamard': 14, 'CNOT': 300, 'T': 5720}",6034.0,14.0,0.0,0.0,14.0,5734.0,300.0,5720.0,19.0,1.0,14.0,6020.0,51368.0
b_4_overlapping_01,4,4,overlapping,verma_lewis,,,,full_penalty_qaoa,complete,,10,14,ftqc,"{'Hadamard': 14, 'CNOT': 600, 'T': 11440}",12054.0,14.0,0.0,0.0,14.0,11454.0,600.0,11440.0,19.0,2.0,14.0,6020.0,51368.0
b_4_overlapping_01,4,4,overlapping,verma_lewis,,,,full_penalty_qaoa,complete,,10,14,ftqc,"{'Hadamard': 14, 'CNOT': 900, 'T': 17160}",18074.0,14.0,0.0,0.0,14.0,17174.0,900.0,17160.0,19.0,3.0,14.0,6020.0,51368.0
b_4_overlapping_01,4,4,overlapping,verma_lewis,,,,full_penalty_qaoa,complete,,10,14,ftqc,"{'Hadamard': 14, 'CNOT': 1200, 'T': 22880}",24094.0,14.0,0.0,0.0,14.0,22894.0,1200.0,22880.0,19.0,4.0,14.0,6020.0,51368.0
b_4_overlapping_01,4,4,overlapping,verma_lewis,,,,full_penalty_qaoa,complete,,10,14,ftqc,"{'Hadamard': 14, 'CNOT': 1500, 'T': 28600}",30114.0,14.0,0.0,0.0,14.0,28614.0,1500.0,28600.0,19.0,5.0,14.0,6020.0,51368.0
b_4_overlapping_02,4,4,overlapping,constraint_component,10*x_2 + 8*x_3 + 10*x_0 <= 9,0.0,knapsack,gadget,missing_vcg,vcg,0,3,nisq,,,,,,,,,,,,,,
b_4_overlapping_02,4,4,overlapping,constraint_component,10*x_2 + 8*x_3 + 10*x_0 <= 9,0.0,knapsack,gadget,missing_vcg,vcg,0,3,ftqc,,,,,,,,,,,,,,
b_4_overlapping_02,4,4,overlapping,constraint_component,10*x_2 + 8*x_3 + 10*x_0 <= 9,0.0,knapsack,penalty_cost_layer,complete,vcg,4,8,nisq,"{'CNOT': 42, 'RZ': 28}",70.0,7.0,0.0,0.0,7.0,28.0,42.0,0.0,,,,,
b_4_overlapping_02,4,4,overlapping,constraint_component,10*x_2 + 8*x_3 + 10*x_0 <= 9,0.0,knapsack,penalty_cost_layer,complete,vcg,4,8,ftqc,"{'CNOT': 42, 'T': 1232}",1274.0,7.0,0.0,0.0,7.0,1232.0,42.0,1232.0,,,,,
b_4_overlapping_02,4,4,overlapping,constraint_component,8*x_2 + 5*x_3 + 7*x_0 + 4*x_1 <= 11,1.0,knapsack,gadget,missing_vcg,vcg,0,4,nisq,,,,,,,,,,,,,,
b_4_overlapping_02,4,4,overlapping,constraint_component,8*x_2 + 5*x_3 + 7*x_0 + 4*x_1 <= 11,1.0,knapsack,gadget,missing_vcg,vcg,0,4,ftqc,,,,,,,,,,,,,,
b_4_overlapping_02,4,4,overlapping,constraint_component,8*x_2 + 5*x_3 + 7*x_0 + 4*x_1 <= 11,1.0,knapsack,penalty_cost_layer,complete,vcg,4,8,nisq,"{'CNOT': 56, 'RZ': 36}",92.0,8.0,0.0,0.0,8.0,36.0,56.0,0.0,,,,,
b_4_overlapping_02,4,4,overlapping,constraint_component,8*x_2 + 5*x_3 + 7*x_0 + 4*x_1 <= 11,1.0,knapsack,penalty_cost_layer,complete,vcg,4,8,ftqc,"{'CNOT': 56, 'T': 1584}",1640.0,8.0,0.0,0.0,8.0,1584.0,56.0,1584.0,,,,,
b_4_overlapping_02,4,4,overlapping,constraint_component,x_3 + x_1 - x_2 - x_0 == 0,2.0,flow,gadget,complete,flow,0,4,nisq,"{'RY': 7, 'CNOT': 18}",25.0,4.0,0.0,0.0,4.0,7.0,18.0,0.0,,,,,
b_4_overlapping_02,4,4,overlapping,constraint_component,x_3 + x_1 - x_2 - x_0 == 0,2.0,flow,gadget,complete,flow,0,4,ftqc,"{'T': 308, 'CNOT': 18}",326.0,4.0,0.0,0.0,4.0,308.0,18.0,308.0,,,,,
b_4_overlapping_02,4,4,overlapping,constraint_component,x_3 + x_1 - x_2 - x_0 == 0,2.0,flow,penalty_cost_layer,complete,flow,0,4,nisq,"{'CNOT': 12, 'RZ': 10}",22.0,4.0,0.0,0.0,4.0,10.0,12.0,0.0,,,,,
b_4_overlapping_02,4,4,overlapping,constraint_component,x_3 + x_1 - x_2 - x_0 == 0,2.0,flow,penalty_cost_layer,complete,flow,0,4,ftqc,"{'CNOT': 12, 'T': 440}",452.0,4.0,0.0,0.0,4.0,440.0,12.0,440.0,,,,,
b_4_overlapping_02,4,4,overlapping,feasible,,,,full_penalty_qaoa,complete,,8,12,nisq,"{'Hadamard': 12, 'CNOT': 92, 'RZ': 58, 'RX': 12}",174.0,12.0,0.0,0.0,12.0,82.0,92.0,0.0,15.0,1.0,12.0,162.0,343.0
b_4_overlapping_02,4,4,overlapping,feasible,,,,full_penalty_qaoa,complete,,8,12,nisq,"{'Hadamard': 12, 'CNOT': 184, 'RZ': 116, 'RX': 24}",336.0,12.0,0.0,0.0,12.0,152.0,184.0,0.0,15.0,2.0,12.0,162.0,343.0
b_4_overlapping_02,4,4,overlapping,feasible,,,,full_penalty_qaoa,complete,,8,12,nisq,"{'Hadamard': 12, 'CNOT': 276, 'RZ': 174, 'RX': 36}",498.0,12.0,0.0,0.0,12.0,222.0,276.0,0.0,15.0,3.0,12.0,162.0,343.0
b_4_overlapping_02,4,4,overlapping,feasible,,,,full_penalty_qaoa,complete,,8,12,nisq,"{'Hadamard': 12, 'CNOT': 368, 'RZ': 232, 'RX': 48}",660.0,12.0,0.0,0.0,12.0,292.0,368.0,0.0,15.0,4.0,12.0,162.0,343.0
b_4_overlapping_02,4,4,overlapping,feasible,,,,full_penalty_qaoa,complete,,8,12,nisq,"{'Hadamard': 12, 'CNOT': 460, 'RZ': 290, 'RX': 60}",822.0,12.0,0.0,0.0,12.0,362.0,460.0,0.0,15.0,5.0,12.0,162.0,343.0
b_4_overlapping_02,4,4,overlapping,feasible,,,,full_penalty_qaoa,complete,,8,12,ftqc,"{'Hadamard': 12, 'CNOT': 92, 'T': 3080}",3184.0,12.0,0.0,0.0,12.0,3092.0,92.0,3080.0,15.0,1.0,12.0,3172.0,9846.0
b_4_overlapping_02,4,4,overlapping,feasible,,,,full_penalty_qaoa,complete,,8,12,ftqc,"{'Hadamard': 12, 'CNOT': 184, 'T': 6160}",6356.0,12.0,0.0,0.0,12.0,6172.0,184.0,6160.0,15.0,2.0,12.0,3172.0,9846.0
b_4_overlapping_02,4,4,overlapping,feasible,,,,full_penalty_qaoa,complete,,8,12,ftqc,"{'Hadamard': 12, 'CNOT': 276, 'T': 9240}",9528.0,12.0,0.0,0.0,12.0,9252.0,276.0,9240.0,15.0,3.0,12.0,3172.0,9846.0
b_4_overlapping_02,4,4,overlapping,feasible,,,,full_penalty_qaoa,complete,,8,12,ftqc,"{'Hadamard': 12, 'CNOT': 368, 'T': 12320}",12700.0,12.0,0.0,0.0,12.0,12332.0,368.0,12320.0,15.0,4.0,12.0,3172.0,9846.0
b_4_overlapping_02,4,4,overlapping,feasible,,,,full_penalty_qaoa,complete,,8,12,ftqc,"{'Hadamard': 12, 'CNOT': 460, 'T': 15400}",15872.0,12.0,0.0,0.0,12.0,15412.0,460.0,15400.0,15.0,5.0,12.0,3172.0,9846.0
b_4_overlapping_02,4,4,overlapping,local,,,,full_penalty_qaoa,complete,,8,12,nisq,"{'Hadamard': 12, 'CNOT': 92, 'RZ': 58, 'RX': 12}",174.0,12.0,0.0,0.0,12.0,82.0,92.0,0.0,14.0,1.0,12.0,162.0,343.0
b_4_overlapping_02,4,4,overlapping,local,,,,full_penalty_qaoa,complete,,8,12,nisq,"{'Hadamard': 12, 'CNOT': 184, 'RZ': 116, 'RX': 24}",336.0,12.0,0.0,0.0,12.0,152.0,184.0,0.0,14.0,2.0,12.0,162.0,343.0
b_4_overlapping_02,4,4,overlapping,local,,,,full_penalty_qaoa,complete,,8,12,nisq,"{'Hadamard': 12, 'CNOT': 276, 'RZ': 174, 'RX': 36}",498.0,12.0,0.0,0.0,12.0,222.0,276.0,0.0,14.0,3.0,12.0,162.0,343.0
b_4_overlapping_02,4,4,overlapping,local,,,,full_penalty_qaoa,complete,,8,12,nisq,"{'Hadamard': 12, 'CNOT': 368, 'RZ': 232, 'RX': 48}",660.0,12.0,0.0,0.0,12.0,292.0,368.0,0.0,14.0,4.0,12.0,162.0,343.0
b_4_overlapping_02,4,4,overlapping,local,,,,full_penalty_qaoa,complete,,8,12,nisq,"{'Hadamard': 12, 'CNOT': 460, 'RZ': 290, 'RX': 60}",822.0,12.0,0.0,0.0,12.0,362.0,460.0,0.0,14.0,5.0,12.0,162.0,343.0
b_4_overlapping_02,4,4,overlapping,local,,,,full_penalty_qaoa,complete,,8,12,ftqc,"{'Hadamard': 12, 'CNOT': 92, 'T': 3080}",3184.0,12.0,0.0,0.0,12.0,3092.0,92.0,3080.0,14.0,1.0,12.0,3172.0,9846.0
b_4_overlapping_02,4,4,overlapping,local,,,,full_penalty_qaoa,complete,,8,12,ftqc,"{'Hadamard': 12, 'CNOT': 184, 'T': 6160}",6356.0,12.0,0.0,0.0,12.0,6172.0,184.0,6160.0,14.0,2.0,12.0,3172.0,9846.0
b_4_overlapping_02,4,4,overlapping,local,,,,full_penalty_qaoa,complete,,8,12,ftqc,"{'Hadamard': 12, 'CNOT': 276, 'T': 9240}",9528.0,12.0,0.0,0.0,12.0,9252.0,276.0,9240.0,14.0,3.0,12.0,3172.0,9846.0
b_4_overlapping_02,4,4,overlapping,local,,,,full_penalty_qaoa,complete,,8,12,ftqc,"{'Hadamard': 12, 'CNOT': 368, 'T': 12320}",12700.0,12.0,0.0,0.0,12.0,12332.0,368.0,12320.0,14.0,4.0,12.0,3172.0,9846.0
b_4_overlapping_02,4,4,overlapping,local,,,,full_penalty_qaoa,complete,,8,12,ftqc,"{'Hadamard': 12, 'CNOT': 460, 'T': 15400}",15872.0,12.0,0.0,0.0,12.0,15412.0,460.0,15400.0,14.0,5.0,12.0,3172.0,9846.0
b_4_overlapping_02,4,4,overlapping,maximum,,,,full_penalty_qaoa,complete,,8,12,nisq,"{'Hadamard': 12, 'CNOT': 92, 'RZ': 58, 'RX': 12}",174.0,12.0,0.0,0.0,12.0,82.0,92.0,0.0,6.0,1.0,12.0,162.0,343.0
b_4_overlapping_02,4,4,overlapping,maximum,,,,full_penalty_qaoa,complete,,8,12,nisq,"{'Hadamard': 12, 'CNOT': 184, 'RZ': 116, 'RX': 24}",336.0,12.0,0.0,0.0,12.0,152.0,184.0,0.0,6.0,2.0,12.0,162.0,343.0
b_4_overlapping_02,4,4,overlapping,maximum,,,,full_penalty_qaoa,complete,,8,12,nisq,"{'Hadamard': 12, 'CNOT': 276, 'RZ': 174, 'RX': 36}",498.0,12.0,0.0,0.0,12.0,222.0,276.0,0.0,6.0,3.0,12.0,162.0,343.0
b_4_overlapping_02,4,4,overlapping,maximum,,,,full_penalty_qaoa,complete,,8,12,nisq,"{'Hadamard': 12, 'CNOT': 368, 'RZ': 232, 'RX': 48}",660.0,12.0,0.0,0.0,12.0,292.0,368.0,0.0,6.0,4.0,12.0,162.0,343.0
b_4_overlapping_02,4,4,overlapping,maximum,,,,full_penalty_qaoa,complete,,8,12,nisq,"{'Hadamard': 12, 'CNOT': 460, 'RZ': 290, 'RX': 60}",822.0,12.0,0.0,0.0,12.0,362.0,460.0,0.0,6.0,5.0,12.0,162.0,343.0
b_4_overlapping_02,4,4,overlapping,maximum,,,,full_penalty_qaoa,complete,,8,12,ftqc,"{'Hadamard': 12, 'CNOT': 92, 'T': 3080}",3184.0,12.0,0.0,0.0,12.0,3092.0,92.0,3080.0,6.0,1.0,12.0,3172.0,9846.0
b_4_overlapping_02,4,4,overlapping,maximum,,,,full_penalty_qaoa,complete,,8,12,ftqc,"{'Hadamard': 12, 'CNOT': 184, 'T': 6160}",6356.0,12.0,0.0,0.0,12.0,6172.0,184.0,6160.0,6.0,2.0,12.0,3172.0,9846.0
b_4_overlapping_02,4,4,overlapping,maximum,,,,full_penalty_qaoa,complete,,8,12,ftqc,"{'Hadamard': 12, 'CNOT': 276, 'T': 9240}",9528.0,12.0,0.0,0.0,12.0,9252.0,276.0,9240.0,6.0,3.0,12.0,3172.0,9846.0
b_4_overlapping_02,4,4,overlapping,maximum,,,,full_penalty_qaoa,complete,,8,12,ftqc,"{'Hadamard': 12, 'CNOT': 368, 'T': 12320}",12700.0,12.0,0.0,0.0,12.0,12332.0,368.0,12320.0,6.0,4.0,12.0,3172.0,9846.0
b_4_overlapping_02,4,4,overlapping,maximum,,,,full_penalty_qaoa,complete,,8,12,ftqc,"{'Hadamard': 12, 'CNOT': 460, 'T': 15400}",15872.0,12.0,0.0,0.0,12.0,15412.0,460.0,15400.0,6.0,5.0,12.0,3172.0,9846.0
b_4_overlapping_02,4,4,overlapping,range,,,,full_penalty_qaoa,complete,,8,12,nisq,"{'Hadamard': 12, 'CNOT': 92, 'RZ': 58, 'RX': 12}",174.0,12.0,0.0,0.0,12.0,82.0,92.0,0.0,26.0,1.0,12.0,162.0,343.0
b_4_overlapping_02,4,4,overlapping,range,,,,full_penalty_qaoa,complete,,8,12,nisq,"{'Hadamard': 12, 'CNOT': 184, 'RZ': 116, 'RX': 24}",336.0,12.0,0.0,0.0,12.0,152.0,184.0,0.0,26.0,2.0,12.0,162.0,343.0
b_4_overlapping_02,4,4,overlapping,range,,,,full_penalty_qaoa,complete,,8,12,nisq,"{'Hadamard': 12, 'CNOT': 276, 'RZ': 174, 'RX': 36}",498.0,12.0,0.0,0.0,12.0,222.0,276.0,0.0,26.0,3.0,12.0,162.0,343.0
b_4_overlapping_02,4,4,overlapping,range,,,,full_penalty_qaoa,complete,,8,12,nisq,"{'Hadamard': 12, 'CNOT': 368, 'RZ': 232, 'RX': 48}",660.0,12.0,0.0,0.0,12.0,292.0,368.0,0.0,26.0,4.0,12.0,162.0,343.0
b_4_overlapping_02,4,4,overlapping,range,,,,full_penalty_qaoa,complete,,8,12,nisq,"{'Hadamard': 12, 'CNOT': 460, 'RZ': 290, 'RX': 60}",822.0,12.0,0.0,0.0,12.0,362.0,460.0,0.0,26.0,5.0,12.0,162.0,343.0
b_4_overlapping_02,4,4,overlapping,range,,,,full_penalty_qaoa,complete,,8,12,ftqc,"{'Hadamard': 12, 'CNOT': 92, 'T': 3080}",3184.0,12.0,0.0,0.0,12.0,3092.0,92.0,3080.0,26.0,1.0,12.0,3172.0,9846.0
b_4_overlapping_02,4,4,overlapping,range,,,,full_penalty_qaoa,complete,,8,12,ftqc,"{'Hadamard': 12, 'CNOT': 184, 'T': 6160}",6356.0,12.0,0.0,0.0,12.0,6172.0,184.0,6160.0,26.0,2.0,12.0,3172.0,9846.0
b_4_overlapping_02,4,4,overlapping,range,,,,full_penalty_qaoa,complete,,8,12,ftqc,"{'Hadamard': 12, 'CNOT': 276, 'T': 9240}",9528.0,12.0,0.0,0.0,12.0,9252.0,276.0,9240.0,26.0,3.0,12.0,3172.0,9846.0
b_4_overlapping_02,4,4,overlapping,range,,,,full_penalty_qaoa,complete,,8,12,ftqc,"{'Hadamard': 12, 'CNOT': 368, 'T': 12320}",12700.0,12.0,0.0,0.0,12.0,12332.0,368.0,12320.0,26.0,4.0,12.0,3172.0,9846.0
b_4_overlapping_02,4,4,overlapping,range,,,,full_penalty_qaoa,complete,,8,12,ftqc,"{'Hadamard': 12, 'CNOT': 460, 'T': 15400}",15872.0,12.0,0.0,0.0,12.0,15412.0,460.0,15400.0,26.0,5.0,12.0,3172.0,9846.0
b_4_overlapping_02,4,4,overlapping,verma_lewis,,,,full_penalty_qaoa,complete,,8,12,nisq,"{'Hadamard': 12, 'CNOT': 92, 'RZ': 58, 'RX': 12}",174.0,12.0,0.0,0.0,12.0,82.0,92.0,0.0,11.0,1.0,12.0,162.0,343.0
b_4_overlapping_02,4,4,overlapping,verma_lewis,,,,full_penalty_qaoa,complete,,8,12,nisq,"{'Hadamard': 12, 'CNOT': 184, 'RZ': 116, 'RX': 24}",336.0,12.0,0.0,0.0,12.0,152.0,184.0,0.0,11.0,2.0,12.0,162.0,343.0
b_4_overlapping_02,4,4,overlapping,verma_lewis,,,,full_penalty_qaoa,complete,,8,12,nisq,"{'Hadamard': 12, 'CNOT': 276, 'RZ': 174, 'RX': 36}",498.0,12.0,0.0,0.0,12.0,222.0,276.0,0.0,11.0,3.0,12.0,162.0,343.0
b_4_overlapping_02,4,4,overlapping,verma_lewis,,,,full_penalty_qaoa,complete,,8,12,nisq,"{'Hadamard': 12, 'CNOT': 368, 'RZ': 232, 'RX': 48}",660.0,12.0,0.0,0.0,12.0,292.0,368.0,0.0,11.0,4.0,12.0,162.0,343.0
b_4_overlapping_02,4,4,overlapping,verma_lewis,,,,full_penalty_qaoa,complete,,8,12,nisq,"{'Hadamard': 12, 'CNOT': 460, 'RZ': 290, 'RX': 60}",822.0,12.0,0.0,0.0,12.0,362.0,460.0,0.0,11.0,5.0,12.0,162.0,343.0
b_4_overlapping_02,4,4,overlapping,verma_lewis,,,,full_penalty_qaoa,complete,,8,12,ftqc,"{'Hadamard': 12, 'CNOT': 92, 'T': 3080}",3184.0,12.0,0.0,0.0,12.0,3092.0,92.0,3080.0,11.0,1.0,12.0,3172.0,9846.0
b_4_overlapping_02,4,4,overlapping,verma_lewis,,,,full_penalty_qaoa,complete,,8,12,ftqc,"{'Hadamard': 12, 'CNOT': 184, 'T': 6160}",6356.0,12.0,0.0,0.0,12.0,6172.0,184.0,6160.0,11.0,2.0,12.0,3172.0,9846.0
b_4_overlapping_02,4,4,overlapping,verma_lewis,,,,full_penalty_qaoa,complete,,8,12,ftqc,"{'Hadamard': 12, 'CNOT': 276, 'T': 9240}",9528.0,12.0,0.0,0.0,12.0,9252.0,276.0,9240.0,11.0,3.0,12.0,3172.0,9846.0
b_4_overlapping_02,4,4,overlapping,verma_lewis,,,,full_penalty_qaoa,complete,,8,12,ftqc,"{'Hadamard': 12, 'CNOT': 368, 'T': 12320}",12700.0,12.0,0.0,0.0,12.0,12332.0,368.0,12320.0,11.0,4.0,12.0,3172.0,9846.0
b_4_overlapping_02,4,4,overlapping,verma_lewis,,,,full_penalty_qaoa,complete,,8,12,ftqc,"{'Hadamard': 12, 'CNOT': 460, 'T': 15400}",15872.0,12.0,0.0,0.0,12.0,15412.0,460.0,15400.0,11.0,5.0,12.0,3172.0,9846.0
b_5_disjoint_01,5,5,disjoint,constraint_component,x_0 + x_1 >= 0,0.0,cardinality,gadget,missing_vcg,vcg,0,2,nisq,,,,,,,,,,,,,,
b_5_disjoint_01,5,5,disjoint,constraint_component,x_0 + x_1 >= 0,0.0,cardinality,gadget,missing_vcg,vcg,0,2,ftqc,,,,,,,,,,,,,,
b_5_disjoint_01,5,5,disjoint,constraint_component,x_0 + x_1 >= 0,0.0,cardinality,penalty_cost_layer,complete,vcg,2,7,nisq,"{'CNOT': 12, 'RZ': 10}",22.0,4.0,0.0,0.0,4.0,10.0,12.0,0.0,,,,,
b_5_disjoint_01,5,5,disjoint,constraint_component,x_0 + x_1 >= 0,0.0,cardinality,penalty_cost_layer,complete,vcg,2,7,ftqc,"{'CNOT': 12, 'T': 440}",452.0,4.0,0.0,0.0,4.0,440.0,12.0,440.0,,,,,
b_5_disjoint_01,5,5,disjoint,constraint_component,5*x_2*x_2 + 1*x_2*x_3 + 2*x_2*x_4 + 5*x_3*x_3 + 1*x_3*x_4 + 3*x_4*x_4 <= 6,1.0,quadratic_knapsack,gadget,missing_vcg,vcg,0,3,nisq,,,,,,,,,,,,,,
b_5_disjoint_01,5,5,disjoint,constraint_component,5*x_2*x_2 + 1*x_2*x_3 + 2*x_2*x_4 + 5*x_3*x_3 + 1*x_3*x_4 + 3*x_4*x_4 <= 6,1.0,quadratic_knapsack,gadget,missing_vcg,vcg,0,3,ftqc,,,,,,,,,,,,,,
b_5_disjoint_01,5,5,disjoint,constraint_component,5*x_2*x_2 + 1*x_2*x_3 + 2*x_2*x_4 + 5*x_3*x_3 + 1*x_3*x_4 + 3*x_4*x_4 <= 6,1.0,quadratic_knapsack,penalty_cost_layer,complete,vcg,3,8,nisq,"{'CNOT': 70, 'RZ': 31}",101.0,6.0,0.0,0.0,6.0,31.0,70.0,0.0,,,,,
b_5_disjoint_01,5,5,disjoint,constraint_component,5*x_2*x_2 + 1*x_2*x_3 + 2*x_2*x_4 + 5*x_3*x_3 + 1*x_3*x_4 + 3*x_4*x_4 <= 6,1.0,quadratic_knapsack,penalty_cost_layer,complete,vcg,3,8,ftqc,"{'CNOT': 70, 'T': 1364}",1434.0,6.0,0.0,0.0,6.0,1364.0,70.0,1364.0,,,,,
b_5_disjoint_01,5,5,disjoint,feasible,,,,full_penalty_qaoa,complete,,5,10,nisq,"{'Hadamard': 10, 'CNOT': 94, 'RZ': 47, 'RX': 10}",161.0,10.0,0.0,0.0,10.0,67.0,94.0,0.0,22.0,1.0,10.0,151.0,487.0
b_5_disjoint_01,5,5,disjoint,feasible,,,,full_penalty_qaoa,complete,,5,10,nisq,"{'Hadamard': 10, 'CNOT': 188, 'RZ': 94, 'RX': 20}",312.0,10.0,0.0,0.0,10.0,124.0,188.0,0.0,22.0,2.0,10.0,151.0,487.0
b_5_disjoint_01,5,5,disjoint,feasible,,,,full_penalty_qaoa,complete,,5,10,nisq,"{'Hadamard': 10, 'CNOT': 282, 'RZ': 141, 'RX': 30}",463.0,10.0,0.0,0.0,10.0,181.0,282.0,0.0,22.0,3.0,10.0,151.0,487.0
b_5_disjoint_01,5,5,disjoint,feasible,,,,full_penalty_qaoa,complete,,5,10,nisq,"{'Hadamard': 10, 'CNOT': 376, 'RZ': 188, 'RX': 40}",614.0,10.0,0.0,0.0,10.0,238.0,376.0,0.0,22.0,4.0,10.0,151.0,487.0
b_5_disjoint_01,5,5,disjoint,feasible,,,,full_penalty_qaoa,complete,,5,10,nisq,"{'Hadamard': 10, 'CNOT': 470, 'RZ': 235, 'RX': 50}",765.0,10.0,0.0,0.0,10.0,295.0,470.0,0.0,22.0,5.0,10.0,151.0,487.0
b_5_disjoint_01,5,5,disjoint,feasible,,,,full_penalty_qaoa,complete,,5,10,ftqc,"{'Hadamard': 10, 'CNOT': 94, 'T': 2508}",2612.0,10.0,0.0,0.0,10.0,2518.0,94.0,2508.0,22.0,1.0,10.0,2602.0,11280.0
b_5_disjoint_01,5,5,disjoint,feasible,,,,full_penalty_qaoa,complete,,5,10,ftqc,"{'Hadamard': 10, 'CNOT': 188, 'T': 5016}",5214.0,10.0,0.0,0.0,10.0,5026.0,188.0,5016.0,22.0,2.0,10.0,2602.0,11280.0
b_5_disjoint_01,5,5,disjoint,feasible,,,,full_penalty_qaoa,complete,,5,10,ftqc,"{'Hadamard': 10, 'CNOT': 282, 'T': 7524}",7816.0,10.0,0.0,0.0,10.0,7534.0,282.0,7524.0,22.0,3.0,10.0,2602.0,11280.0
b_5_disjoint_01,5,5,disjoint,feasible,,,,full_penalty_qaoa,complete,,5,10,ftqc,"{'Hadamard': 10, 'CNOT': 376, 'T': 10032}",10418.0,10.0,0.0,0.0,10.0,10042.0,376.0,10032.0,22.0,4.0,10.0,2602.0,11280.0
b_5_disjoint_01,5,5,disjoint,feasible,,,,full_penalty_qaoa,complete,,5,10,ftqc,"{'Hadamard': 10, 'CNOT': 470, 'T': 12540}",13020.0,10.0,0.0,0.0,10.0,12550.0,470.0,12540.0,22.0,5.0,10.0,2602.0,11280.0
b_5_disjoint_01,5,5,disjoint,local,,,,full_penalty_qaoa,complete,,5,10,nisq,"{'Hadamard': 10, 'CNOT': 94, 'RZ': 47, 'RX': 10}",161.0,10.0,0.0,0.0,10.0,67.0,94.0,0.0,16.0,1.0,10.0,151.0,487.0
b_5_disjoint_01,5,5,disjoint,local,,,,full_penalty_qaoa,complete,,5,10,nisq,"{'Hadamard': 10, 'CNOT': 188, 'RZ': 94, 'RX': 20}",312.0,10.0,0.0,0.0,10.0,124.0,188.0,0.0,16.0,2.0,10.0,151.0,487.0
b_5_disjoint_01,5,5,disjoint,local,,,,full_penalty_qaoa,complete,,5,10,nisq,"{'Hadamard': 10, 'CNOT': 282, 'RZ': 141, 'RX': 30}",463.0,10.0,0.0,0.0,10.0,181.0,282.0,0.0,16.0,3.0,10.0,151.0,487.0
b_5_disjoint_01,5,5,disjoint,local,,,,full_penalty_qaoa,complete,,5,10,nisq,"{'Hadamard': 10, 'CNOT': 376, 'RZ': 188, 'RX': 40}",614.0,10.0,0.0,0.0,10.0,238.0,376.0,0.0,16.0,4.0,10.0,151.0,487.0
b_5_disjoint_01,5,5,disjoint,local,,,,full_penalty_qaoa,complete,,5,10,nisq,"{'Hadamard': 10, 'CNOT': 470, 'RZ': 235, 'RX': 50}",765.0,10.0,0.0,0.0,10.0,295.0,470.0,0.0,16.0,5.0,10.0,151.0,487.0
b_5_disjoint_01,5,5,disjoint,local,,,,full_penalty_qaoa,complete,,5,10,ftqc,"{'Hadamard': 10, 'CNOT': 94, 'T': 2508}",2612.0,10.0,0.0,0.0,10.0,2518.0,94.0,2508.0,16.0,1.0,10.0,2602.0,11280.0
b_5_disjoint_01,5,5,disjoint,local,,,,full_penalty_qaoa,complete,,5,10,ftqc,"{'Hadamard': 10, 'CNOT': 188, 'T': 5016}",5214.0,10.0,0.0,0.0,10.0,5026.0,188.0,5016.0,16.0,2.0,10.0,2602.0,11280.0
b_5_disjoint_01,5,5,disjoint,local,,,,full_penalty_qaoa,complete,,5,10,ftqc,"{'Hadamard': 10, 'CNOT': 282, 'T': 7524}",7816.0,10.0,0.0,0.0,10.0,7534.0,282.0,7524.0,16.0,3.0,10.0,2602.0,11280.0
b_5_disjoint_01,5,5,disjoint,local,,,,full_penalty_qaoa,complete,,5,10,ftqc,"{'Hadamard': 10, 'CNOT': 376, 'T': 10032}",10418.0,10.0,0.0,0.0,10.0,10042.0,376.0,10032.0,16.0,4.0,10.0,2602.0,11280.0
b_5_disjoint_01,5,5,disjoint,local,,,,full_penalty_qaoa,complete,,5,10,ftqc,"{'Hadamard': 10, 'CNOT': 470, 'T': 12540}",13020.0,10.0,0.0,0.0,10.0,12550.0,470.0,12540.0,16.0,5.0,10.0,2602.0,11280.0
b_5_disjoint_01,5,5,disjoint,maximum,,,,full_penalty_qaoa,complete,,5,10,nisq,"{'Hadamard': 10, 'CNOT': 94, 'RZ': 47, 'RX': 10}",161.0,10.0,0.0,0.0,10.0,67.0,94.0,0.0,5.0,1.0,10.0,151.0,487.0
b_5_disjoint_01,5,5,disjoint,maximum,,,,full_penalty_qaoa,complete,,5,10,nisq,"{'Hadamard': 10, 'CNOT': 188, 'RZ': 94, 'RX': 20}",312.0,10.0,0.0,0.0,10.0,124.0,188.0,0.0,5.0,2.0,10.0,151.0,487.0
b_5_disjoint_01,5,5,disjoint,maximum,,,,full_penalty_qaoa,complete,,5,10,nisq,"{'Hadamard': 10, 'CNOT': 282, 'RZ': 141, 'RX': 30}",463.0,10.0,0.0,0.0,10.0,181.0,282.0,0.0,5.0,3.0,10.0,151.0,487.0
b_5_disjoint_01,5,5,disjoint,maximum,,,,full_penalty_qaoa,complete,,5,10,nisq,"{'Hadamard': 10, 'CNOT': 376, 'RZ': 188, 'RX': 40}",614.0,10.0,0.0,0.0,10.0,238.0,376.0,0.0,5.0,4.0,10.0,151.0,487.0
b_5_disjoint_01,5,5,disjoint,maximum,,,,full_penalty_qaoa,complete,,5,10,nisq,"{'Hadamard': 10, 'CNOT': 470, 'RZ': 235, 'RX': 50}",765.0,10.0,0.0,0.0,10.0,295.0,470.0,0.0,5.0,5.0,10.0,151.0,487.0
b_5_disjoint_01,5,5,disjoint,maximum,,,,full_penalty_qaoa,complete,,5,10,ftqc,"{'Hadamard': 10, 'CNOT': 94, 'T': 2508}",2612.0,10.0,0.0,0.0,10.0,2518.0,94.0,2508.0,5.0,1.0,10.0,2602.0,11280.0
b_5_disjoint_01,5,5,disjoint,maximum,,,,full_penalty_qaoa,complete,,5,10,ftqc,"{'Hadamard': 10, 'CNOT': 188, 'T': 5016}",5214.0,10.0,0.0,0.0,10.0,5026.0,188.0,5016.0,5.0,2.0,10.0,2602.0,11280.0
b_5_disjoint_01,5,5,disjoint,maximum,,,,full_penalty_qaoa,complete,,5,10,ftqc,"{'Hadamard': 10, 'CNOT': 282, 'T': 7524}",7816.0,10.0,0.0,0.0,10.0,7534.0,282.0,7524.0,5.0,3.0,10.0,2602.0,11280.0
b_5_disjoint_01,5,5,disjoint,maximum,,,,full_penalty_qaoa,complete,,5,10,ftqc,"{'Hadamard': 10, 'CNOT': 376, 'T': 10032}",10418.0,10.0,0.0,0.0,10.0,10042.0,376.0,10032.0,5.0,4.0,10.0,2602.0,11280.0
b_5_disjoint_01,5,5,disjoint,maximum,,,,full_penalty_qaoa,complete,,5,10,ftqc,"{'Hadamard': 10, 'CNOT': 470, 'T': 12540}",13020.0,10.0,0.0,0.0,10.0,12550.0,470.0,12540.0,5.0,5.0,10.0,2602.0,11280.0
b_5_disjoint_01,5,5,disjoint,range,,,,full_penalty_qaoa,complete,,5,10,nisq,"{'Hadamard': 10, 'CNOT': 94, 'RZ': 47, 'RX': 10}",161.0,10.0,0.0,0.0,10.0,67.0,94.0,0.0,38.0,1.0,10.0,151.0,487.0
b_5_disjoint_01,5,5,disjoint,range,,,,full_penalty_qaoa,complete,,5,10,nisq,"{'Hadamard': 10, 'CNOT': 188, 'RZ': 94, 'RX': 20}",312.0,10.0,0.0,0.0,10.0,124.0,188.0,0.0,38.0,2.0,10.0,151.0,487.0
b_5_disjoint_01,5,5,disjoint,range,,,,full_penalty_qaoa,complete,,5,10,nisq,"{'Hadamard': 10, 'CNOT': 282, 'RZ': 141, 'RX': 30}",463.0,10.0,0.0,0.0,10.0,181.0,282.0,0.0,38.0,3.0,10.0,151.0,487.0
b_5_disjoint_01,5,5,disjoint,range,,,,full_penalty_qaoa,complete,,5,10,nisq,"{'Hadamard': 10, 'CNOT': 376, 'RZ': 188, 'RX': 40}",614.0,10.0,0.0,0.0,10.0,238.0,376.0,0.0,38.0,4.0,10.0,151.0,487.0
b_5_disjoint_01,5,5,disjoint,range,,,,full_penalty_qaoa,complete,,5,10,nisq,"{'Hadamard': 10, 'CNOT': 470, 'RZ': 235, 'RX': 50}",765.0,10.0,0.0,0.0,10.0,295.0,470.0,0.0,38.0,5.0,10.0,151.0,487.0
b_5_disjoint_01,5,5,disjoint,range,,,,full_penalty_qaoa,complete,,5,10,ftqc,"{'Hadamard': 10, 'CNOT': 94, 'T': 2508}",2612.0,10.0,0.0,0.0,10.0,2518.0,94.0,2508.0,38.0,1.0,10.0,2602.0,11280.0
b_5_disjoint_01,5,5,disjoint,range,,,,full_penalty_qaoa,complete,,5,10,ftqc,"{'Hadamard': 10, 'CNOT': 188, 'T': 5016}",5214.0,10.0,0.0,0.0,10.0,5026.0,188.0,5016.0,38.0,2.0,10.0,2602.0,11280.0
b_5_disjoint_01,5,5,disjoint,range,,,,full_penalty_qaoa,complete,,5,10,ftqc,"{'Hadamard': 10, 'CNOT': 282, 'T': 7524}",7816.0,10.0,0.0,0.0,10.0,7534.0,282.0,7524.0,38.0,3.0,10.0,2602.0,11280.0
b_5_disjoint_01,5,5,disjoint,range,,,,full_penalty_qaoa,complete,,5,10,ftqc,"{'Hadamard': 10, 'CNOT': 376, 'T': 10032}",10418.0,10.0,0.0,0.0,10.0,10042.0,376.0,10032.0,38.0,4.0,10.0,2602.0,11280.0
b_5_disjoint_01,5,5,disjoint,range,,,,full_penalty_qaoa,complete,,5,10,ftqc,"{'Hadamard': 10, 'CNOT': 470, 'T': 12540}",13020.0,10.0,0.0,0.0,10.0,12550.0,470.0,12540.0,38.0,5.0,10.0,2602.0,11280.0
b_5_disjoint_01,5,5,disjoint,verma_lewis,,,,full_penalty_qaoa,complete,,5,10,nisq,"{'Hadamard': 10, 'CNOT': 94, 'RZ': 47, 'RX': 10}",161.0,10.0,0.0,0.0,10.0,67.0,94.0,0.0,11.0,1.0,10.0,151.0,487.0
b_5_disjoint_01,5,5,disjoint,verma_lewis,,,,full_penalty_qaoa,complete,,5,10,nisq,"{'Hadamard': 10, 'CNOT': 188, 'RZ': 94, 'RX': 20}",312.0,10.0,0.0,0.0,10.0,124.0,188.0,0.0,11.0,2.0,10.0,151.0,487.0
b_5_disjoint_01,5,5,disjoint,verma_lewis,,,,full_penalty_qaoa,complete,,5,10,nisq,"{'Hadamard': 10, 'CNOT': 282, 'RZ': 141, 'RX': 30}",463.0,10.0,0.0,0.0,10.0,181.0,282.0,0.0,11.0,3.0,10.0,151.0,487.0
b_5_disjoint_01,5,5,disjoint,verma_lewis,,,,full_penalty_qaoa,complete,,5,10,nisq,"{'Hadamard': 10, 'CNOT': 376, 'RZ': 188, 'RX': 40}",614.0,10.0,0.0,0.0,10.0,238.0,376.0,0.0,11.0,4.0,10.0,151.0,487.0
b_5_disjoint_01,5,5,disjoint,verma_lewis,,,,full_penalty_qaoa,complete,,5,10,nisq,"{'Hadamard': 10, 'CNOT': 470, 'RZ': 235, 'RX': 50}",765.0,10.0,0.0,0.0,10.0,295.0,470.0,0.0,11.0,5.0,10.0,151.0,487.0
b_5_disjoint_01,5,5,disjoint,verma_lewis,,,,full_penalty_qaoa,complete,,5,10,ftqc,"{'Hadamard': 10, 'CNOT': 94, 'T': 2508}",2612.0,10.0,0.0,0.0,10.0,2518.0,94.0,2508.0,11.0,1.0,10.0,2602.0,11280.0
b_5_disjoint_01,5,5,disjoint,verma_lewis,,,,full_penalty_qaoa,complete,,5,10,ftqc,"{'Hadamard': 10, 'CNOT': 188, 'T': 5016}",5214.0,10.0,0.0,0.0,10.0,5026.0,188.0,5016.0,11.0,2.0,10.0,2602.0,11280.0
b_5_disjoint_01,5,5,disjoint,verma_lewis,,,,full_penalty_qaoa,complete,,5,10,ftqc,"{'Hadamard': 10, 'CNOT': 282, 'T': 7524}",7816.0,10.0,0.0,0.0,10.0,7534.0,282.0,7524.0,11.0,3.0,10.0,2602.0,11280.0
b_5_disjoint_01,5,5,disjoint,verma_lewis,,,,full_penalty_qaoa,complete,,5,10,ftqc,"{'Hadamard': 10, 'CNOT': 376, 'T': 10032}",10418.0,10.0,0.0,0.0,10.0,10042.0,376.0,10032.0,11.0,4.0,10.0,2602.0,11280.0
b_5_disjoint_01,5,5,disjoint,verma_lewis,,,,full_penalty_qaoa,complete,,5,10,ftqc,"{'Hadamard': 10, 'CNOT': 470, 'T': 12540}",13020.0,10.0,0.0,0.0,10.0,12550.0,470.0,12540.0,11.0,5.0,10.0,2602.0,11280.0
b_5_disjoint_02,5,5,disjoint,constraint_component,x_0 - x_1 == 0,0.0,flow,gadget,complete,flow,0,2,nisq,"{'RY': 1, 'CNOT': 1}",2.0,2.0,0.0,0.0,2.0,1.0,1.0,0.0,,,,,
b_5_disjoint_02,5,5,disjoint,constraint_component,x_0 - x_1 == 0,0.0,flow,gadget,complete,flow,0,2,ftqc,"{'T': 44, 'CNOT': 1}",45.0,2.0,0.0,0.0,2.0,44.0,1.0,44.0,,,,,
b_5_disjoint_02,5,5,disjoint,constraint_component,x_0 - x_1 == 0,0.0,flow,penalty_cost_layer,complete,flow,0,5,nisq,"{'CNOT': 2, 'RZ': 3}",5.0,2.0,0.0,0.0,2.0,3.0,2.0,0.0,,,,,
b_5_disjoint_02,5,5,disjoint,constraint_component,x_0 - x_1 == 0,0.0,flow,penalty_cost_layer,complete,flow,0,5,ftqc,"{'CNOT': 2, 'T': 132}",134.0,2.0,0.0,0.0,2.0,132.0,2.0,132.0,,,,,
b_5_disjoint_02,5,5,disjoint,constraint_component,x_2 + x_3 + x_4 == 1,1.0,assignment,gadget,complete,dicke,0,3,nisq,"{'X': 1, 'CNOT': 6, 'RY': 4}",11.0,3.0,0.0,0.0,3.0,5.0,6.0,0.0,,,,,
b_5_disjoint_02,5,5,disjoint,constraint_component,x_2 + x_3 + x_4 == 1,1.0,assignment,gadget,complete,dicke,0,3,ftqc,"{'Hadamard': 2, 'S': 2, 'CNOT': 6, 'T': 176}",186.0,3.0,0.0,0.0,3.0,180.0,6.0,176.0,,,,,
b_5_disjoint_02,5,5,disjoint,constraint_component,x_2 + x_3 + x_4 == 1,1.0,assignment,penalty_cost_layer,complete,dicke,0,5,nisq,"{'CNOT': 6, 'RZ': 6}",12.0,3.0,0.0,0.0,3.0,6.0,6.0,0.0,,,,,
b_5_disjoint_02,5,5,disjoint,constraint_component,x_2 + x_3 + x_4 == 1,1.0,assignment,penalty_cost_layer,complete,dicke,0,5,ftqc,"{'CNOT': 6, 'T': 264}",270.0,3.0,0.0,0.0,3.0,264.0,6.0,264.0,,,,,
b_5_disjoint_02,5,5,disjoint,feasible,,,,full_penalty_qaoa,complete,,0,5,nisq,"{'Hadamard': 5, 'CNOT': 20, 'RZ': 15, 'RX': 5}",45.0,5.0,0.0,0.0,5.0,25.0,20.0,0.0,25.0,1.0,5.0,40.0,68.0
b_5_disjoint_02,5,5,disjoint,feasible,,,,full_penalty_qaoa,complete,,0,5,nisq,"{'Hadamard': 5, 'CNOT': 40, 'RZ': 30, 'RX': 10}",85.0,5.0,0.0,0.0,5.0,45.0,40.0,0.0,25.0,2.0,5.0,40.0,68.0
b_5_disjoint_02,5,5,disjoint,feasible,,,,full_penalty_qaoa,complete,,0,5,nisq,"{'Hadamard': 5, 'CNOT': 60, 'RZ': 45, 'RX': 15}",125.0,5.0,0.0,0.0,5.0,65.0,60.0,0.0,25.0,3.0,5.0,40.0,68.0
b_5_disjoint_02,5,5,disjoint,feasible,,,,full_penalty_qaoa,complete,,0,5,nisq,"{'Hadamard': 5, 'CNOT': 80, 'RZ': 60, 'RX': 20}",165.0,5.0,0.0,0.0,5.0,85.0,80.0,0.0,25.0,4.0,5.0,40.0,68.0
b_5_disjoint_02,5,5,disjoint,feasible,,,,full_penalty_qaoa,complete,,0,5,nisq,"{'Hadamard': 5, 'CNOT': 100, 'RZ': 75, 'RX': 25}",205.0,5.0,0.0,0.0,5.0,105.0,100.0,0.0,25.0,5.0,5.0,40.0,68.0
b_5_disjoint_02,5,5,disjoint,feasible,,,,full_penalty_qaoa,complete,,0,5,ftqc,"{'Hadamard': 5, 'CNOT': 20, 'T': 880}",905.0,5.0,0.0,0.0,5.0,885.0,20.0,880.0,25.0,1.0,5.0,900.0,1788.0
b_5_disjoint_02,5,5,disjoint,feasible,,,,full_penalty_qaoa,complete,,0,5,ftqc,"{'Hadamard': 5, 'CNOT': 40, 'T': 1760}",1805.0,5.0,0.0,0.0,5.0,1765.0,40.0,1760.0,25.0,2.0,5.0,900.0,1788.0
b_5_disjoint_02,5,5,disjoint,feasible,,,,full_penalty_qaoa,complete,,0,5,ftqc,"{'Hadamard': 5, 'CNOT': 60, 'T': 2640}",2705.0,5.0,0.0,0.0,5.0,2645.0,60.0,2640.0,25.0,3.0,5.0,900.0,1788.0
b_5_disjoint_02,5,5,disjoint,feasible,,,,full_penalty_qaoa,complete,,0,5,ftqc,"{'Hadamard': 5, 'CNOT': 80, 'T': 3520}",3605.0,5.0,0.0,0.0,5.0,3525.0,80.0,3520.0,25.0,4.0,5.0,900.0,1788.0
b_5_disjoint_02,5,5,disjoint,feasible,,,,full_penalty_qaoa,complete,,0,5,ftqc,"{'Hadamard': 5, 'CNOT': 100, 'T': 4400}",4505.0,5.0,0.0,0.0,5.0,4405.0,100.0,4400.0,25.0,5.0,5.0,900.0,1788.0
b_5_disjoint_02,5,5,disjoint,local,,,,full_penalty_qaoa,complete,,0,5,nisq,"{'Hadamard': 5, 'CNOT': 20, 'RZ': 15, 'RX': 5}",45.0,5.0,0.0,0.0,5.0,25.0,20.0,0.0,16.0,1.0,5.0,40.0,68.0
b_5_disjoint_02,5,5,disjoint,local,,,,full_penalty_qaoa,complete,,0,5,nisq,"{'Hadamard': 5, 'CNOT': 40, 'RZ': 30, 'RX': 10}",85.0,5.0,0.0,0.0,5.0,45.0,40.0,0.0,16.0,2.0,5.0,40.0,68.0
b_5_disjoint_02,5,5,disjoint,local,,,,full_penalty_qaoa,complete,,0,5,nisq,"{'Hadamard': 5, 'CNOT': 60, 'RZ': 45, 'RX': 15}",125.0,5.0,0.0,0.0,5.0,65.0,60.0,0.0,16.0,3.0,5.0,40.0,68.0
b_5_disjoint_02,5,5,disjoint,local,,,,full_penalty_qaoa,complete,,0,5,nisq,"{'Hadamard': 5, 'CNOT': 80, 'RZ': 60, 'RX': 20}",165.0,5.0,0.0,0.0,5.0,85.0,80.0,0.0,16.0,4.0,5.0,40.0,68.0
b_5_disjoint_02,5,5,disjoint,local,,,,full_penalty_qaoa,complete,,0,5,nisq,"{'Hadamard': 5, 'CNOT': 100, 'RZ': 75, 'RX': 25}",205.0,5.0,0.0,0.0,5.0,105.0,100.0,0.0,16.0,5.0,5.0,40.0,68.0
b_5_disjoint_02,5,5,disjoint,local,,,,full_penalty_qaoa,complete,,0,5,ftqc,"{'Hadamard': 5, 'CNOT': 20, 'T': 880}",905.0,5.0,0.0,0.0,5.0,885.0,20.0,880.0,16.0,1.0,5.0,900.0,1788.0
b_5_disjoint_02,5,5,disjoint,local,,,,full_penalty_qaoa,complete,,0,5,ftqc,"{'Hadamard': 5, 'CNOT': 40, 'T': 1760}",1805.0,5.0,0.0,0.0,5.0,1765.0,40.0,1760.0,16.0,2.0,5.0,900.0,1788.0
b_5_disjoint_02,5,5,disjoint,local,,,,full_penalty_qaoa,complete,,0,5,ftqc,"{'Hadamard': 5, 'CNOT': 60, 'T': 2640}",2705.0,5.0,0.0,0.0,5.0,2645.0,60.0,2640.0,16.0,3.0,5.0,900.0,1788.0
b_5_disjoint_02,5,5,disjoint,local,,,,full_penalty_qaoa,complete,,0,5,ftqc,"{'Hadamard': 5, 'CNOT': 80, 'T': 3520}",3605.0,5.0,0.0,0.0,5.0,3525.0,80.0,3520.0,16.0,4.0,5.0,900.0,1788.0
b_5_disjoint_02,5,5,disjoint,local,,,,full_penalty_qaoa,complete,,0,5,ftqc,"{'Hadamard': 5, 'CNOT': 100, 'T': 4400}",4505.0,5.0,0.0,0.0,5.0,4405.0,100.0,4400.0,16.0,5.0,5.0,900.0,1788.0
b_5_disjoint_02,5,5,disjoint,maximum,,,,full_penalty_qaoa,complete,,0,5,nisq,"{'Hadamard': 5, 'CNOT': 20, 'RZ': 15, 'RX': 5}",45.0,5.0,0.0,0.0,5.0,25.0,20.0,0.0,6.0,1.0,5.0,40.0,68.0
b_5_disjoint_02,5,5,disjoint,maximum,,,,full_penalty_qaoa,complete,,0,5,nisq,"{'Hadamard': 5, 'CNOT': 40, 'RZ': 30, 'RX': 10}",85.0,5.0,0.0,0.0,5.0,45.0,40.0,0.0,6.0,2.0,5.0,40.0,68.0
b_5_disjoint_02,5,5,disjoint,maximum,,,,full_penalty_qaoa,complete,,0,5,nisq,"{'Hadamard': 5, 'CNOT': 60, 'RZ': 45, 'RX': 15}",125.0,5.0,0.0,0.0,5.0,65.0,60.0,0.0,6.0,3.0,5.0,40.0,68.0
b_5_disjoint_02,5,5,disjoint,maximum,,,,full_penalty_qaoa,complete,,0,5,nisq,"{'Hadamard': 5, 'CNOT': 80, 'RZ': 60, 'RX': 20}",165.0,5.0,0.0,0.0,5.0,85.0,80.0,0.0,6.0,4.0,5.0,40.0,68.0
b_5_disjoint_02,5,5,disjoint,maximum,,,,full_penalty_qaoa,complete,,0,5,nisq,"{'Hadamard': 5, 'CNOT': 100, 'RZ': 75, 'RX': 25}",205.0,5.0,0.0,0.0,5.0,105.0,100.0,0.0,6.0,5.0,5.0,40.0,68.0
b_5_disjoint_02,5,5,disjoint,maximum,,,,full_penalty_qaoa,complete,,0,5,ftqc,"{'Hadamard': 5, 'CNOT': 20, 'T': 880}",905.0,5.0,0.0,0.0,5.0,885.0,20.0,880.0,6.0,1.0,5.0,900.0,1788.0
b_5_disjoint_02,5,5,disjoint,maximum,,,,full_penalty_qaoa,complete,,0,5,ftqc,"{'Hadamard': 5, 'CNOT': 40, 'T': 1760}",1805.0,5.0,0.0,0.0,5.0,1765.0,40.0,1760.0,6.0,2.0,5.0,900.0,1788.0
b_5_disjoint_02,5,5,disjoint,maximum,,,,full_penalty_qaoa,complete,,0,5,ftqc,"{'Hadamard': 5, 'CNOT': 60, 'T': 2640}",2705.0,5.0,0.0,0.0,5.0,2645.0,60.0,2640.0,6.0,3.0,5.0,900.0,1788.0
b_5_disjoint_02,5,5,disjoint,maximum,,,,full_penalty_qaoa,complete,,0,5,ftqc,"{'Hadamard': 5, 'CNOT': 80, 'T': 3520}",3605.0,5.0,0.0,0.0,5.0,3525.0,80.0,3520.0,6.0,4.0,5.0,900.0,1788.0
b_5_disjoint_02,5,5,disjoint,maximum,,,,full_penalty_qaoa,complete,,0,5,ftqc,"{'Hadamard': 5, 'CNOT': 100, 'T': 4400}",4505.0,5.0,0.0,0.0,5.0,4405.0,100.0,4400.0,6.0,5.0,5.0,900.0,1788.0
b_5_disjoint_02,5,5,disjoint,range,,,,full_penalty_qaoa,complete,,0,5,nisq,"{'Hadamard': 5, 'CNOT': 20, 'RZ': 15, 'RX': 5}",45.0,5.0,0.0,0.0,5.0,25.0,20.0,0.0,37.0,1.0,5.0,40.0,68.0
b_5_disjoint_02,5,5,disjoint,range,,,,full_penalty_qaoa,complete,,0,5,nisq,"{'Hadamard': 5, 'CNOT': 40, 'RZ': 30, 'RX': 10}",85.0,5.0,0.0,0.0,5.0,45.0,40.0,0.0,37.0,2.0,5.0,40.0,68.0
b_5_disjoint_02,5,5,disjoint,range,,,,full_penalty_qaoa,complete,,0,5,nisq,"{'Hadamard': 5, 'CNOT': 60, 'RZ': 45, 'RX': 15}",125.0,5.0,0.0,0.0,5.0,65.0,60.0,0.0,37.0,3.0,5.0,40.0,68.0
b_5_disjoint_02,5,5,disjoint,range,,,,full_penalty_qaoa,complete,,0,5,nisq,"{'Hadamard': 5, 'CNOT': 80, 'RZ': 60, 'RX': 20}",165.0,5.0,0.0,0.0,5.0,85.0,80.0,0.0,37.0,4.0,5.0,40.0,68.0
b_5_disjoint_02,5,5,disjoint,range,,,,full_penalty_qaoa,complete,,0,5,nisq,"{'Hadamard': 5, 'CNOT': 100, 'RZ': 75, 'RX': 25}",205.0,5.0,0.0,0.0,5.0,105.0,100.0,0.0,37.0,5.0,5.0,40.0,68.0
b_5_disjoint_02,5,5,disjoint,range,,,,full_penalty_qaoa,complete,,0,5,ftqc,"{'Hadamard': 5, 'CNOT': 20, 'T': 880}",905.0,5.0,0.0,0.0,5.0,885.0,20.0,880.0,37.0,1.0,5.0,900.0,1788.0
b_5_disjoint_02,5,5,disjoint,range,,,,full_penalty_qaoa,complete,,0,5,ftqc,"{'Hadamard': 5, 'CNOT': 40, 'T': 1760}",1805.0,5.0,0.0,0.0,5.0,1765.0,40.0,1760.0,37.0,2.0,5.0,900.0,1788.0
b_5_disjoint_02,5,5,disjoint,range,,,,full_penalty_qaoa,complete,,0,5,ftqc,"{'Hadamard': 5, 'CNOT': 60, 'T': 2640}",2705.0,5.0,0.0,0.0,5.0,2645.0,60.0,2640.0,37.0,3.0,5.0,900.0,1788.0
b_5_disjoint_02,5,5,disjoint,range,,,,full_penalty_qaoa,complete,,0,5,ftqc,"{'Hadamard': 5, 'CNOT': 80, 'T': 3520}",3605.0,5.0,0.0,0.0,5.0,3525.0,80.0,3520.0,37.0,4.0,5.0,900.0,1788.0
b_5_disjoint_02,5,5,disjoint,range,,,,full_penalty_qaoa,complete,,0,5,ftqc,"{'Hadamard': 5, 'CNOT': 100, 'T': 4400}",4505.0,5.0,0.0,0.0,5.0,4405.0,100.0,4400.0,37.0,5.0,5.0,900.0,1788.0
b_5_disjoint_02,5,5,disjoint,verma_lewis,,,,full_penalty_qaoa,complete,,0,5,nisq,"{'Hadamard': 5, 'CNOT': 20, 'RZ': 15, 'RX': 5}",45.0,5.0,0.0,0.0,5.0,25.0,20.0,0.0,16.0,1.0,5.0,40.0,68.0
b_5_disjoint_02,5,5,disjoint,verma_lewis,,,,full_penalty_qaoa,complete,,0,5,nisq,"{'Hadamard': 5, 'CNOT': 40, 'RZ': 30, 'RX': 10}",85.0,5.0,0.0,0.0,5.0,45.0,40.0,0.0,16.0,2.0,5.0,40.0,68.0
b_5_disjoint_02,5,5,disjoint,verma_lewis,,,,full_penalty_qaoa,complete,,0,5,nisq,"{'Hadamard': 5, 'CNOT': 60, 'RZ': 45, 'RX': 15}",125.0,5.0,0.0,0.0,5.0,65.0,60.0,0.0,16.0,3.0,5.0,40.0,68.0
b_5_disjoint_02,5,5,disjoint,verma_lewis,,,,full_penalty_qaoa,complete,,0,5,nisq,"{'Hadamard': 5, 'CNOT': 80, 'RZ': 60, 'RX': 20}",165.0,5.0,0.0,0.0,5.0,85.0,80.0,0.0,16.0,4.0,5.0,40.0,68.0
b_5_disjoint_02,5,5,disjoint,verma_lewis,,,,full_penalty_qaoa,complete,,0,5,nisq,"{'Hadamard': 5, 'CNOT': 100, 'RZ': 75, 'RX': 25}",205.0,5.0,0.0,0.0,5.0,105.0,100.0,0.0,16.0,5.0,5.0,40.0,68.0
b_5_disjoint_02,5,5,disjoint,verma_lewis,,,,full_penalty_qaoa,complete,,0,5,ftqc,"{'Hadamard': 5, 'CNOT': 20, 'T': 880}",905.0,5.0,0.0,0.0,5.0,885.0,20.0,880.0,16.0,1.0,5.0,900.0,1788.0
b_5_disjoint_02,5,5,disjoint,verma_lewis,,,,full_penalty_qaoa,complete,,0,5,ftqc,"{'Hadamard': 5, 'CNOT': 40, 'T': 1760}",1805.0,5.0,0.0,0.0,5.0,1765.0,40.0,1760.0,16.0,2.0,5.0,900.0,1788.0
b_5_disjoint_02,5,5,disjoint,verma_lewis,,,,full_penalty_qaoa,complete,,0,5,ftqc,"{'Hadamard': 5, 'CNOT': 60, 'T': 2640}",2705.0,5.0,0.0,0.0,5.0,2645.0,60.0,2640.0,16.0,3.0,5.0,900.0,1788.0
b_5_disjoint_02,5,5,disjoint,verma_lewis,,,,full_penalty_qaoa,complete,,0,5,ftqc,"{'Hadamard': 5, 'CNOT': 80, 'T': 3520}",3605.0,5.0,0.0,0.0,5.0,3525.0,80.0,3520.0,16.0,4.0,5.0,900.0,1788.0
b_5_disjoint_02,5,5,disjoint,verma_lewis,,,,full_penalty_qaoa,complete,,0,5,ftqc,"{'Hadamard': 5, 'CNOT': 100, 'T': 4400}",4505.0,5.0,0.0,0.0,5.0,4405.0,100.0,4400.0,16.0,5.0,5.0,900.0,1788.0
b_5_overlapping_01,5,5,overlapping,constraint_component,3*x_0*x_0 + 1*x_0*x_2 + 3*x_0*x_4 + 1*x_2*x_2 + 4*x_2*x_4 + 3*x_4*x_4 <= 5,0.0,quadratic_knapsack,gadget,missing_vcg,vcg,0,3,nisq,,,,,,,,,,,,,,
b_5_overlapping_01,5,5,overlapping,constraint_component,3*x_0*x_0 + 1*x_0*x_2 + 3*x_0*x_4 + 1*x_2*x_2 + 4*x_2*x_4 + 3*x_4*x_4 <= 5,0.0,quadratic_knapsack,gadget,missing_vcg,vcg,0,3,ftqc,,,,,,,,,,,,,,
b_5_overlapping_01,5,5,overlapping,constraint_component,3*x_0*x_0 + 1*x_0*x_2 + 3*x_0*x_4 + 1*x_2*x_2 + 4*x_2*x_4 + 3*x_4*x_4 <= 5,0.0,quadratic_knapsack,penalty_cost_layer,complete,vcg,3,8,nisq,"{'CNOT': 70, 'RZ': 31}",101.0,6.0,0.0,0.0,6.0,31.0,70.0,0.0,,,,,
b_5_overlapping_01,5,5,overlapping,constraint_component,3*x_0*x_0 + 1*x_0*x_2 + 3*x_0*x_4 + 1*x_2*x_2 + 4*x_2*x_4 + 3*x_4*x_4 <= 5,0.0,quadratic_knapsack,penalty_cost_layer,complete,vcg,3,8,ftqc,"{'CNOT': 70, 'T': 1364}",1434.0,6.0,0.0,0.0,6.0,1364.0,70.0,1364.0,,,,,
b_5_overlapping_01,5,5,overlapping,constraint_component,x_3 + x_1 >= 2,1.0,cardinality,gadget,complete,geq,0,2,nisq,{'X': 2},2.0,2.0,0.0,0.0,2.0,2.0,0.0,0.0,,,,,
b_5_overlapping_01,5,5,overlapping,constraint_component,x_3 + x_1 >= 2,1.0,cardinality,gadget,complete,geq,0,2,ftqc,"{'Hadamard': 4, 'S': 4}",8.0,2.0,0.0,0.0,2.0,8.0,0.0,0.0,,,,,
b_5_overlapping_01,5,5,overlapping,constraint_component,x_3 + x_1 >= 2,1.0,cardinality,penalty_cost_layer,complete,geq,0,5,nisq,"{'CNOT': 2, 'RZ': 3}",5.0,2.0,0.0,0.0,2.0,3.0,2.0,0.0,,,,,
b_5_overlapping_01,5,5,overlapping,constraint_component,x_3 + x_1 >= 2,1.0,cardinality,penalty_cost_layer,complete,geq,0,5,ftqc,"{'CNOT': 2, 'T': 132}",134.0,2.0,0.0,0.0,2.0,132.0,2.0,132.0,,,,,
b_5_overlapping_01,5,5,overlapping,constraint_component,x_4 + x_2 + x_1 >= 1,2.0,cardinality,gadget,missing_vcg,vcg,0,3,nisq,,,,,,,,,,,,,,
b_5_overlapping_01,5,5,overlapping,constraint_component,x_4 + x_2 + x_1 >= 1,2.0,cardinality,gadget,missing_vcg,vcg,0,3,ftqc,,,,,,,,,,,,,,
b_5_overlapping_01,5,5,overlapping,constraint_component,x_4 + x_2 + x_1 >= 1,2.0,cardinality,penalty_cost_layer,complete,vcg,2,7,nisq,"{'CNOT': 20, 'RZ': 15}",35.0,5.0,0.0,0.0,5.0,15.0,20.0,0.0,,,,,
b_5_overlapping_01,5,5,overlapping,constraint_component,x_4 + x_2 + x_1 >= 1,2.0,cardinality,penalty_cost_layer,complete,vcg,2,7,ftqc,"{'CNOT': 20, 'T': 660}",680.0,5.0,0.0,0.0,5.0,660.0,20.0,660.0,,,,,
b_5_overlapping_01,5,5,overlapping,feasible,,,,full_penalty_qaoa,complete,,5,10,nisq,"{'Hadamard': 10, 'CNOT': 96, 'RZ': 48, 'RX': 10}",164.0,10.0,0.0,0.0,10.0,68.0,96.0,0.0,26.0,1.0,10.0,154.0,516.0
b_5_overlapping_01,5,5,overlapping,feasible,,,,full_penalty_qaoa,complete,,5,10,nisq,"{'Hadamard': 10, 'CNOT': 192, 'RZ': 96, 'RX': 20}",318.0,10.0,0.0,0.0,10.0,126.0,192.0,0.0,26.0,2.0,10.0,154.0,516.0
b_5_overlapping_01,5,5,overlapping,feasible,,,,full_penalty_qaoa,complete,,5,10,nisq,"{'Hadamard': 10, 'CNOT': 288, 'RZ': 144, 'RX': 30}",472.0,10.0,0.0,0.0,10.0,184.0,288.0,0.0,26.0,3.0,10.0,154.0,516.0
b_5_overlapping_01,5,5,overlapping,feasible,,,,full_penalty_qaoa,complete,,5,10,nisq,"{'Hadamard': 10, 'CNOT': 384, 'RZ': 192, 'RX': 40}",626.0,10.0,0.0,0.0,10.0,242.0,384.0,0.0,26.0,4.0,10.0,154.0,516.0
b_5_overlapping_01,5,5,overlapping,feasible,,,,full_penalty_qaoa,complete,,5,10,nisq,"{'Hadamard': 10, 'CNOT': 480, 'RZ': 240, 'RX': 50}",780.0,10.0,0.0,0.0,10.0,300.0,480.0,0.0,26.0,5.0,10.0,154.0,516.0
b_5_overlapping_01,5,5,overlapping,feasible,,,,full_penalty_qaoa,complete,,5,10,ftqc,"{'Hadamard': 10, 'CNOT': 96, 'T': 2552}",2658.0,10.0,0.0,0.0,10.0,2562.0,96.0,2552.0,26.0,1.0,10.0,2648.0,12298.0
b_5_overlapping_01,5,5,overlapping,feasible,,,,full_penalty_qaoa,complete,,5,10,ftqc,"{'Hadamard': 10, 'CNOT': 192, 'T': 5104}",5306.0,10.0,0.0,0.0,10.0,5114.0,192.0,5104.0,26.0,2.0,10.0,2648.0,12298.0
b_5_overlapping_01,5,5,overlapping,feasible,,,,full_penalty_qaoa,complete,,5,10,ftqc,"{'Hadamard': 10, 'CNOT': 288, 'T': 7656}",7954.0,10.0,0.0,0.0,10.0,7666.0,288.0,7656.0,26.0,3.0,10.0,2648.0,12298.0
b_5_overlapping_01,5,5,overlapping,feasible,,,,full_penalty_qaoa,complete,,5,10,ftqc,"{'Hadamard': 10, 'CNOT': 384, 'T': 10208}",10602.0,10.0,0.0,0.0,10.0,10218.0,384.0,10208.0,26.0,4.0,10.0,2648.0,12298.0
b_5_overlapping_01,5,5,overlapping,feasible,,,,full_penalty_qaoa,complete,,5,10,ftqc,"{'Hadamard': 10, 'CNOT': 480, 'T': 12760}",13250.0,10.0,0.0,0.0,10.0,12770.0,480.0,12760.0,26.0,5.0,10.0,2648.0,12298.0
b_5_overlapping_01,5,5,overlapping,local,,,,full_penalty_qaoa,complete,,5,10,nisq,"{'Hadamard': 10, 'CNOT': 96, 'RZ': 48, 'RX': 10}",164.0,10.0,0.0,0.0,10.0,68.0,96.0,0.0,19.0,1.0,10.0,154.0,516.0
b_5_overlapping_01,5,5,overlapping,local,,,,full_penalty_qaoa,complete,,5,10,nisq,"{'Hadamard': 10, 'CNOT': 192, 'RZ': 96, 'RX': 20}",318.0,10.0,0.0,0.0,10.0,126.0,192.0,0.0,19.0,2.0,10.0,154.0,516.0
b_5_overlapping_01,5,5,overlapping,local,,,,full_penalty_qaoa,complete,,5,10,nisq,"{'Hadamard': 10, 'CNOT': 288, 'RZ': 144, 'RX': 30}",472.0,10.0,0.0,0.0,10.0,184.0,288.0,0.0,19.0,3.0,10.0,154.0,516.0
b_5_overlapping_01,5,5,overlapping,local,,,,full_penalty_qaoa,complete,,5,10,nisq,"{'Hadamard': 10, 'CNOT': 384, 'RZ': 192, 'RX': 40}",626.0,10.0,0.0,0.0,10.0,242.0,384.0,0.0,19.0,4.0,10.0,154.0,516.0
b_5_overlapping_01,5,5,overlapping,local,,,,full_penalty_qaoa,complete,,5,10,nisq,"{'Hadamard': 10, 'CNOT': 480, 'RZ': 240, 'RX': 50}",780.0,10.0,0.0,0.0,10.0,300.0,480.0,0.0,19.0,5.0,10.0,154.0,516.0
b_5_overlapping_01,5,5,overlapping,local,,,,full_penalty_qaoa,complete,,5,10,ftqc,"{'Hadamard': 10, 'CNOT': 96, 'T': 2552}",2658.0,10.0,0.0,0.0,10.0,2562.0,96.0,2552.0,19.0,1.0,10.0,2648.0,12298.0
b_5_overlapping_01,5,5,overlapping,local,,,,full_penalty_qaoa,complete,,5,10,ftqc,"{'Hadamard': 10, 'CNOT': 192, 'T': 5104}",5306.0,10.0,0.0,0.0,10.0,5114.0,192.0,5104.0,19.0,2.0,10.0,2648.0,12298.0
b_5_overlapping_01,5,5,overlapping,local,,,,full_penalty_qaoa,complete,,5,10,ftqc,"{'Hadamard': 10, 'CNOT': 288, 'T': 7656}",7954.0,10.0,0.0,0.0,10.0,7666.0,288.0,7656.0,19.0,3.0,10.0,2648.0,12298.0
b_5_overlapping_01,5,5,overlapping,local,,,,full_penalty_qaoa,complete,,5,10,ftqc,"{'Hadamard': 10, 'CNOT': 384, 'T': 10208}",10602.0,10.0,0.0,0.0,10.0,10218.0,384.0,10208.0,19.0,4.0,10.0,2648.0,12298.0
b_5_overlapping_01,5,5,overlapping,local,,,,full_penalty_qaoa,complete,,5,10,ftqc,"{'Hadamard': 10, 'CNOT': 480, 'T': 12760}",13250.0,10.0,0.0,0.0,10.0,12770.0,480.0,12760.0,19.0,5.0,10.0,2648.0,12298.0
b_5_overlapping_01,5,5,overlapping,maximum,,,,full_penalty_qaoa,complete,,5,10,nisq,"{'Hadamard': 10, 'CNOT': 96, 'RZ': 48, 'RX': 10}",164.0,10.0,0.0,0.0,10.0,68.0,96.0,0.0,6.0,1.0,10.0,154.0,516.0
b_5_overlapping_01,5,5,overlapping,maximum,,,,full_penalty_qaoa,complete,,5,10,nisq,"{'Hadamard': 10, 'CNOT': 192, 'RZ': 96, 'RX': 20}",318.0,10.0,0.0,0.0,10.0,126.0,192.0,0.0,6.0,2.0,10.0,154.0,516.0
b_5_overlapping_01,5,5,overlapping,maximum,,,,full_penalty_qaoa,complete,,5,10,nisq,"{'Hadamard': 10, 'CNOT': 288, 'RZ': 144, 'RX': 30}",472.0,10.0,0.0,0.0,10.0,184.0,288.0,0.0,6.0,3.0,10.0,154.0,516.0
b_5_overlapping_01,5,5,overlapping,maximum,,,,full_penalty_qaoa,complete,,5,10,nisq,"{'Hadamard': 10, 'CNOT': 384, 'RZ': 192, 'RX': 40}",626.0,10.0,0.0,0.0,10.0,242.0,384.0,0.0,6.0,4.0,10.0,154.0,516.0
b_5_overlapping_01,5,5,overlapping,maximum,,,,full_penalty_qaoa,complete,,5,10,nisq,"{'Hadamard': 10, 'CNOT': 480, 'RZ': 240, 'RX': 50}",780.0,10.0,0.0,0.0,10.0,300.0,480.0,0.0,6.0,5.0,10.0,154.0,516.0
b_5_overlapping_01,5,5,overlapping,maximum,,,,full_penalty_qaoa,complete,,5,10,ftqc,"{'Hadamard': 10, 'CNOT': 96, 'T': 2552}",2658.0,10.0,0.0,0.0,10.0,2562.0,96.0,2552.0,6.0,1.0,10.0,2648.0,12298.0
b_5_overlapping_01,5,5,overlapping,maximum,,,,full_penalty_qaoa,complete,,5,10,ftqc,"{'Hadamard': 10, 'CNOT': 192, 'T': 5104}",5306.0,10.0,0.0,0.0,10.0,5114.0,192.0,5104.0,6.0,2.0,10.0,2648.0,12298.0
b_5_overlapping_01,5,5,overlapping,maximum,,,,full_penalty_qaoa,complete,,5,10,ftqc,"{'Hadamard': 10, 'CNOT': 288, 'T': 7656}",7954.0,10.0,0.0,0.0,10.0,7666.0,288.0,7656.0,6.0,3.0,10.0,2648.0,12298.0
b_5_overlapping_01,5,5,overlapping,maximum,,,,full_penalty_qaoa,complete,,5,10,ftqc,"{'Hadamard': 10, 'CNOT': 384, 'T': 10208}",10602.0,10.0,0.0,0.0,10.0,10218.0,384.0,10208.0,6.0,4.0,10.0,2648.0,12298.0
b_5_overlapping_01,5,5,overlapping,maximum,,,,full_penalty_qaoa,complete,,5,10,ftqc,"{'Hadamard': 10, 'CNOT': 480, 'T': 12760}",13250.0,10.0,0.0,0.0,10.0,12770.0,480.0,12760.0,6.0,5.0,10.0,2648.0,12298.0
b_5_overlapping_01,5,5,overlapping,range,,,,full_penalty_qaoa,complete,,5,10,nisq,"{'Hadamard': 10, 'CNOT': 96, 'RZ': 48, 'RX': 10}",164.0,10.0,0.0,0.0,10.0,68.0,96.0,0.0,47.0,1.0,10.0,154.0,516.0
b_5_overlapping_01,5,5,overlapping,range,,,,full_penalty_qaoa,complete,,5,10,nisq,"{'Hadamard': 10, 'CNOT': 192, 'RZ': 96, 'RX': 20}",318.0,10.0,0.0,0.0,10.0,126.0,192.0,0.0,47.0,2.0,10.0,154.0,516.0
b_5_overlapping_01,5,5,overlapping,range,,,,full_penalty_qaoa,complete,,5,10,nisq,"{'Hadamard': 10, 'CNOT': 288, 'RZ': 144, 'RX': 30}",472.0,10.0,0.0,0.0,10.0,184.0,288.0,0.0,47.0,3.0,10.0,154.0,516.0
b_5_overlapping_01,5,5,overlapping,range,,,,full_penalty_qaoa,complete,,5,10,nisq,"{'Hadamard': 10, 'CNOT': 384, 'RZ': 192, 'RX': 40}",626.0,10.0,0.0,0.0,10.0,242.0,384.0,0.0,47.0,4.0,10.0,154.0,516.0
b_5_overlapping_01,5,5,overlapping,range,,,,full_penalty_qaoa,complete,,5,10,nisq,"{'Hadamard': 10, 'CNOT': 480, 'RZ': 240, 'RX': 50}",780.0,10.0,0.0,0.0,10.0,300.0,480.0,0.0,47.0,5.0,10.0,154.0,516.0
b_5_overlapping_01,5,5,overlapping,range,,,,full_penalty_qaoa,complete,,5,10,ftqc,"{'Hadamard': 10, 'CNOT': 96, 'T': 2552}",2658.0,10.0,0.0,0.0,10.0,2562.0,96.0,2552.0,47.0,1.0,10.0,2648.0,12298.0
b_5_overlapping_01,5,5,overlapping,range,,,,full_penalty_qaoa,complete,,5,10,ftqc,"{'Hadamard': 10, 'CNOT': 192, 'T': 5104}",5306.0,10.0,0.0,0.0,10.0,5114.0,192.0,5104.0,47.0,2.0,10.0,2648.0,12298.0
b_5_overlapping_01,5,5,overlapping,range,,,,full_penalty_qaoa,complete,,5,10,ftqc,"{'Hadamard': 10, 'CNOT': 288, 'T': 7656}",7954.0,10.0,0.0,0.0,10.0,7666.0,288.0,7656.0,47.0,3.0,10.0,2648.0,12298.0
b_5_overlapping_01,5,5,overlapping,range,,,,full_penalty_qaoa,complete,,5,10,ftqc,"{'Hadamard': 10, 'CNOT': 384, 'T': 10208}",10602.0,10.0,0.0,0.0,10.0,10218.0,384.0,10208.0,47.0,4.0,10.0,2648.0,12298.0
b_5_overlapping_01,5,5,overlapping,range,,,,full_penalty_qaoa,complete,,5,10,ftqc,"{'Hadamard': 10, 'CNOT': 480, 'T': 12760}",13250.0,10.0,0.0,0.0,10.0,12770.0,480.0,12760.0,47.0,5.0,10.0,2648.0,12298.0
b_5_overlapping_01,5,5,overlapping,verma_lewis,,,,full_penalty_qaoa,complete,,5,10,nisq,"{'Hadamard': 10, 'CNOT': 96, 'RZ': 48, 'RX': 10}",164.0,10.0,0.0,0.0,10.0,68.0,96.0,0.0,13.0,1.0,10.0,154.0,516.0
b_5_overlapping_01,5,5,overlapping,verma_lewis,,,,full_penalty_qaoa,complete,,5,10,nisq,"{'Hadamard': 10, 'CNOT': 192, 'RZ': 96, 'RX': 20}",318.0,10.0,0.0,0.0,10.0,126.0,192.0,0.0,13.0,2.0,10.0,154.0,516.0
b_5_overlapping_01,5,5,overlapping,verma_lewis,,,,full_penalty_qaoa,complete,,5,10,nisq,"{'Hadamard': 10, 'CNOT': 288, 'RZ': 144, 'RX': 30}",472.0,10.0,0.0,0.0,10.0,184.0,288.0,0.0,13.0,3.0,10.0,154.0,516.0
b_5_overlapping_01,5,5,overlapping,verma_lewis,,,,full_penalty_qaoa,complete,,5,10,nisq,"{'Hadamard': 10, 'CNOT': 384, 'RZ': 192, 'RX': 40}",626.0,10.0,0.0,0.0,10.0,242.0,384.0,0.0,13.0,4.0,10.0,154.0,516.0
b_5_overlapping_01,5,5,overlapping,verma_lewis,,,,full_penalty_qaoa,complete,,5,10,nisq,"{'Hadamard': 10, 'CNOT': 480, 'RZ': 240, 'RX': 50}",780.0,10.0,0.0,0.0,10.0,300.0,480.0,0.0,13.0,5.0,10.0,154.0,516.0
b_5_overlapping_01,5,5,overlapping,verma_lewis,,,,full_penalty_qaoa,complete,,5,10,ftqc,"{'Hadamard': 10, 'CNOT': 96, 'T': 2552}",2658.0,10.0,0.0,0.0,10.0,2562.0,96.0,2552.0,13.0,1.0,10.0,2648.0,12298.0
b_5_overlapping_01,5,5,overlapping,verma_lewis,,,,full_penalty_qaoa,complete,,5,10,ftqc,"{'Hadamard': 10, 'CNOT': 192, 'T': 5104}",5306.0,10.0,0.0,0.0,10.0,5114.0,192.0,5104.0,13.0,2.0,10.0,2648.0,12298.0
b_5_overlapping_01,5,5,overlapping,verma_lewis,,,,full_penalty_qaoa,complete,,5,10,ftqc,"{'Hadamard': 10, 'CNOT': 288, 'T': 7656}",7954.0,10.0,0.0,0.0,10.0,7666.0,288.0,7656.0,13.0,3.0,10.0,2648.0,12298.0
b_5_overlapping_01,5,5,overlapping,verma_lewis,,,,full_penalty_qaoa,complete,,5,10,ftqc,"{'Hadamard': 10, 'CNOT': 384, 'T': 10208}",10602.0,10.0,0.0,0.0,10.0,10218.0,384.0,10208.0,13.0,4.0,10.0,2648.0,12298.0
b_5_overlapping_01,5,5,overlapping,verma_lewis,,,,full_penalty_qaoa,complete,,5,10,ftqc,"{'Hadamard': 10, 'CNOT': 480, 'T': 12760}",13250.0,10.0,0.0,0.0,10.0,12770.0,480.0,12760.0,13.0,5.0,10.0,2648.0,12298.0
b_5_overlapping_02,5,5,overlapping,constraint_component,1*x_1 + 6*x_4 + 9*x_0 + 8*x_3 + 9*x_2 <= 18,0.0,knapsack,gadget,missing_vcg,vcg,0,5,nisq,,,,,,,,,,,,,,
b_5_overlapping_02,5,5,overlapping,constraint_component,1*x_1 + 6*x_4 + 9*x_0 + 8*x_3 + 9*x_2 <= 18,0.0,knapsack,gadget,missing_vcg,vcg,0,5,ftqc,,,,,,,,,,,,,,
b_5_overlapping_02,5,5,overlapping,constraint_component,1*x_1 + 6*x_4 + 9*x_0 + 8*x_3 + 9*x_2 <= 18,0.0,knapsack,penalty_cost_layer,complete,vcg,5,10,nisq,"{'CNOT': 90, 'RZ': 55}",145.0,10.0,0.0,0.0,10.0,55.0,90.0,0.0,,,,,
b_5_overlapping_02,5,5,overlapping,constraint_component,1*x_1 + 6*x_4 + 9*x_0 + 8*x_3 + 9*x_2 <= 18,0.0,knapsack,penalty_cost_layer,complete,vcg,5,10,ftqc,"{'CNOT': 90, 'T': 2420}",2510.0,10.0,0.0,0.0,10.0,2420.0,90.0,2420.0,,,,,
b_5_overlapping_02,5,5,overlapping,constraint_component,8*x_2 + 5*x_0 + 7*x_1 + 4*x_3 <= 11,1.0,knapsack,gadget,missing_vcg,vcg,0,4,nisq,,,,,,,,,,,,,,
b_5_overlapping_02,5,5,overlapping,constraint_component,8*x_2 + 5*x_0 + 7*x_1 + 4*x_3 <= 11,1.0,knapsack,gadget,missing_vcg,vcg,0,4,ftqc,,,,,,,,,,,,,,
b_5_overlapping_02,5,5,overlapping,constraint_component,8*x_2 + 5*x_0 + 7*x_1 + 4*x_3 <= 11,1.0,knapsack,penalty_cost_layer,complete,vcg,4,9,nisq,"{'CNOT': 56, 'RZ': 36}",92.0,8.0,0.0,0.0,8.0,36.0,56.0,0.0,,,,,
b_5_overlapping_02,5,5,overlapping,constraint_component,8*x_2 + 5*x_0 + 7*x_1 + 4*x_3 <= 11,1.0,knapsack,penalty_cost_layer,complete,vcg,4,9,ftqc,"{'CNOT': 56, 'T': 1584}",1640.0,8.0,0.0,0.0,8.0,1584.0,56.0,1584.0,,,,,
b_5_overlapping_02,5,5,overlapping,feasible,,,,full_penalty_qaoa,complete,,9,14,nisq,"{'Hadamard': 14, 'CNOT': 134, 'RZ': 81, 'RX': 14}",243.0,14.0,0.0,0.0,14.0,109.0,134.0,0.0,29.0,1.0,14.0,229.0,444.0
b_5_overlapping_02,5,5,overlapping,feasible,,,,full_penalty_qaoa,complete,,9,14,nisq,"{'Hadamard': 14, 'CNOT': 268, 'RZ': 162, 'RX': 28}",472.0,14.0,0.0,0.0,14.0,204.0,268.0,0.0,29.0,2.0,14.0,229.0,444.0
b_5_overlapping_02,5,5,overlapping,feasible,,,,full_penalty_qaoa,complete,,9,14,nisq,"{'Hadamard': 14, 'CNOT': 402, 'RZ': 243, 'RX': 42}",701.0,14.0,0.0,0.0,14.0,299.0,402.0,0.0,29.0,3.0,14.0,229.0,444.0
b_5_overlapping_02,5,5,overlapping,feasible,,,,full_penalty_qaoa,complete,,9,14,nisq,"{'Hadamard': 14, 'CNOT': 536, 'RZ': 324, 'RX': 56}",930.0,14.0,0.0,0.0,14.0,394.0,536.0,0.0,29.0,4.0,14.0,229.0,444.0
b_5_overlapping_02,5,5,overlapping,feasible,,,,full_penalty_qaoa,complete,,9,14,nisq,"{'Hadamard': 14, 'CNOT': 670, 'RZ': 405, 'RX': 70}",1159.0,14.0,0.0,0.0,14.0,489.0,670.0,0.0,29.0,5.0,14.0,229.0,444.0
b_5_overlapping_02,5,5,overlapping,feasible,,,,full_penalty_qaoa,complete,,9,14,ftqc,"{'Hadamard': 14, 'CNOT': 134, 'T': 4180}",4328.0,14.0,0.0,0.0,14.0,4194.0,134.0,4180.0,29.0,1.0,14.0,4314.0,12570.0
b_5_overlapping_02,5,5,overlapping,feasible,,,,full_penalty_qaoa,complete,,9,14,ftqc,"{'Hadamard': 14, 'CNOT': 268, 'T': 8360}",8642.0,14.0,0.0,0.0,14.0,8374.0,268.0,8360.0,29.0,2.0,14.0,4314.0,12570.0
b_5_overlapping_02,5,5,overlapping,feasible,,,,full_penalty_qaoa,complete,,9,14,ftqc,"{'Hadamard': 14, 'CNOT': 402, 'T': 12540}",12956.0,14.0,0.0,0.0,14.0,12554.0,402.0,12540.0,29.0,3.0,14.0,4314.0,12570.0
b_5_overlapping_02,5,5,overlapping,feasible,,,,full_penalty_qaoa,complete,,9,14,ftqc,"{'Hadamard': 14, 'CNOT': 536, 'T': 16720}",17270.0,14.0,0.0,0.0,14.0,16734.0,536.0,16720.0,29.0,4.0,14.0,4314.0,12570.0
b_5_overlapping_02,5,5,overlapping,feasible,,,,full_penalty_qaoa,complete,,9,14,ftqc,"{'Hadamard': 14, 'CNOT': 670, 'T': 20900}",21584.0,14.0,0.0,0.0,14.0,20914.0,670.0,20900.0,29.0,5.0,14.0,4314.0,12570.0
b_5_overlapping_02,5,5,overlapping,local,,,,full_penalty_qaoa,complete,,9,14,nisq,"{'Hadamard': 14, 'CNOT': 134, 'RZ': 81, 'RX': 14}",243.0,14.0,0.0,0.0,14.0,109.0,134.0,0.0,20.0,1.0,14.0,229.0,444.0
b_5_overlapping_02,5,5,overlapping,local,,,,full_penalty_qaoa,complete,,9,14,nisq,"{'Hadamard': 14, 'CNOT': 268, 'RZ': 162, 'RX': 28}",472.0,14.0,0.0,0.0,14.0,204.0,268.0,0.0,20.0,2.0,14.0,229.0,444.0
b_5_overlapping_02,5,5,overlapping,local,,,,full_penalty_qaoa,complete,,9,14,nisq,"{'Hadamard': 14, 'CNOT': 402, 'RZ': 243, 'RX': 42}",701.0,14.0,0.0,0.0,14.0,299.0,402.0,0.0,20.0,3.0,14.0,229.0,444.0
b_5_overlapping_02,5,5,overlapping,local,,,,full_penalty_qaoa,complete,,9,14,nisq,"{'Hadamard': 14, 'CNOT': 536, 'RZ': 324, 'RX': 56}",930.0,14.0,0.0,0.0,14.0,394.0,536.0,0.0,20.0,4.0,14.0,229.0,444.0
b_5_overlapping_02,5,5,overlapping,local,,,,full_penalty_qaoa,complete,,9,14,nisq,"{'Hadamard': 14, 'CNOT': 670, 'RZ': 405, 'RX': 70}",1159.0,14.0,0.0,0.0,14.0,489.0,670.0,0.0,20.0,5.0,14.0,229.0,444.0
b_5_overlapping_02,5,5,overlapping,local,,,,full_penalty_qaoa,complete,,9,14,ftqc,"{'Hadamard': 14, 'CNOT': 134, 'T': 4180}",4328.0,14.0,0.0,0.0,14.0,4194.0,134.0,4180.0,20.0,1.0,14.0,4314.0,12570.0
b_5_overlapping_02,5,5,overlapping,local,,,,full_penalty_qaoa,complete,,9,14,ftqc,"{'Hadamard': 14, 'CNOT': 268, 'T': 8360}",8642.0,14.0,0.0,0.0,14.0,8374.0,268.0,8360.0,20.0,2.0,14.0,4314.0,12570.0
b_5_overlapping_02,5,5,overlapping,local,,,,full_penalty_qaoa,complete,,9,14,ftqc,"{'Hadamard': 14, 'CNOT': 402, 'T': 12540}",12956.0,14.0,0.0,0.0,14.0,12554.0,402.0,12540.0,20.0,3.0,14.0,4314.0,12570.0
b_5_overlapping_02,5,5,overlapping,local,,,,full_penalty_qaoa,complete,,9,14,ftqc,"{'Hadamard': 14, 'CNOT': 536, 'T': 16720}",17270.0,14.0,0.0,0.0,14.0,16734.0,536.0,16720.0,20.0,4.0,14.0,4314.0,12570.0
b_5_overlapping_02,5,5,overlapping,local,,,,full_penalty_qaoa,complete,,9,14,ftqc,"{'Hadamard': 14, 'CNOT': 670, 'T': 20900}",21584.0,14.0,0.0,0.0,14.0,20914.0,670.0,20900.0,20.0,5.0,14.0,4314.0,12570.0
b_5_overlapping_02,5,5,overlapping,maximum,,,,full_penalty_qaoa,complete,,9,14,nisq,"{'Hadamard': 14, 'CNOT': 134, 'RZ': 81, 'RX': 14}",243.0,14.0,0.0,0.0,14.0,109.0,134.0,0.0,6.0,1.0,14.0,229.0,444.0
b_5_overlapping_02,5,5,overlapping,maximum,,,,full_penalty_qaoa,complete,,9,14,nisq,"{'Hadamard': 14, 'CNOT': 268, 'RZ': 162, 'RX': 28}",472.0,14.0,0.0,0.0,14.0,204.0,268.0,0.0,6.0,2.0,14.0,229.0,444.0
b_5_overlapping_02,5,5,overlapping,maximum,,,,full_penalty_qaoa,complete,,9,14,nisq,"{'Hadamard': 14, 'CNOT': 402, 'RZ': 243, 'RX': 42}",701.0,14.0,0.0,0.0,14.0,299.0,402.0,0.0,6.0,3.0,14.0,229.0,444.0
b_5_overlapping_02,5,5,overlapping,maximum,,,,full_penalty_qaoa,complete,,9,14,nisq,"{'Hadamard': 14, 'CNOT': 536, 'RZ': 324, 'RX': 56}",930.0,14.0,0.0,0.0,14.0,394.0,536.0,0.0,6.0,4.0,14.0,229.0,444.0
b_5_overlapping_02,5,5,overlapping,maximum,,,,full_penalty_qaoa,complete,,9,14,nisq,"{'Hadamard': 14, 'CNOT': 670, 'RZ': 405, 'RX': 70}",1159.0,14.0,0.0,0.0,14.0,489.0,670.0,0.0,6.0,5.0,14.0,229.0,444.0
b_5_overlapping_02,5,5,overlapping,maximum,,,,full_penalty_qaoa,complete,,9,14,ftqc,"{'Hadamard': 14, 'CNOT': 134, 'T': 4180}",4328.0,14.0,0.0,0.0,14.0,4194.0,134.0,4180.0,6.0,1.0,14.0,4314.0,12570.0
b_5_overlapping_02,5,5,overlapping,maximum,,,,full_penalty_qaoa,complete,,9,14,ftqc,"{'Hadamard': 14, 'CNOT': 268, 'T': 8360}",8642.0,14.0,0.0,0.0,14.0,8374.0,268.0,8360.0,6.0,2.0,14.0,4314.0,12570.0
b_5_overlapping_02,5,5,overlapping,maximum,,,,full_penalty_qaoa,complete,,9,14,ftqc,"{'Hadamard': 14, 'CNOT': 402, 'T': 12540}",12956.0,14.0,0.0,0.0,14.0,12554.0,402.0,12540.0,6.0,3.0,14.0,4314.0,12570.0
b_5_overlapping_02,5,5,overlapping,maximum,,,,full_penalty_qaoa,complete,,9,14,ftqc,"{'Hadamard': 14, 'CNOT': 536, 'T': 16720}",17270.0,14.0,0.0,0.0,14.0,16734.0,536.0,16720.0,6.0,4.0,14.0,4314.0,12570.0
b_5_overlapping_02,5,5,overlapping,maximum,,,,full_penalty_qaoa,complete,,9,14,ftqc,"{'Hadamard': 14, 'CNOT': 670, 'T': 20900}",21584.0,14.0,0.0,0.0,14.0,20914.0,670.0,20900.0,6.0,5.0,14.0,4314.0,12570.0
b_5_overlapping_02,5,5,overlapping,range,,,,full_penalty_qaoa,complete,,9,14,nisq,"{'Hadamard': 14, 'CNOT': 134, 'RZ': 81, 'RX': 14}",243.0,14.0,0.0,0.0,14.0,109.0,134.0,0.0,38.0,1.0,14.0,229.0,444.0
b_5_overlapping_02,5,5,overlapping,range,,,,full_penalty_qaoa,complete,,9,14,nisq,"{'Hadamard': 14, 'CNOT': 268, 'RZ': 162, 'RX': 28}",472.0,14.0,0.0,0.0,14.0,204.0,268.0,0.0,38.0,2.0,14.0,229.0,444.0
b_5_overlapping_02,5,5,overlapping,range,,,,full_penalty_qaoa,complete,,9,14,nisq,"{'Hadamard': 14, 'CNOT': 402, 'RZ': 243, 'RX': 42}",701.0,14.0,0.0,0.0,14.0,299.0,402.0,0.0,38.0,3.0,14.0,229.0,444.0
b_5_overlapping_02,5,5,overlapping,range,,,,full_penalty_qaoa,complete,,9,14,nisq,"{'Hadamard': 14, 'CNOT': 536, 'RZ': 324, 'RX': 56}",930.0,14.0,0.0,0.0,14.0,394.0,536.0,0.0,38.0,4.0,14.0,229.0,444.0
b_5_overlapping_02,5,5,overlapping,range,,,,full_penalty_qaoa,complete,,9,14,nisq,"{'Hadamard': 14, 'CNOT': 670, 'RZ': 405, 'RX': 70}",1159.0,14.0,0.0,0.0,14.0,489.0,670.0,0.0,38.0,5.0,14.0,229.0,444.0
b_5_overlapping_02,5,5,overlapping,range,,,,full_penalty_qaoa,complete,,9,14,ftqc,"{'Hadamard': 14, 'CNOT': 134, 'T': 4180}",4328.0,14.0,0.0,0.0,14.0,4194.0,134.0,4180.0,38.0,1.0,14.0,4314.0,12570.0
b_5_overlapping_02,5,5,overlapping,range,,,,full_penalty_qaoa,complete,,9,14,ftqc,"{'Hadamard': 14, 'CNOT': 268, 'T': 8360}",8642.0,14.0,0.0,0.0,14.0,8374.0,268.0,8360.0,38.0,2.0,14.0,4314.0,12570.0
b_5_overlapping_02,5,5,overlapping,range,,,,full_penalty_qaoa,complete,,9,14,ftqc,"{'Hadamard': 14, 'CNOT': 402, 'T': 12540}",12956.0,14.0,0.0,0.0,14.0,12554.0,402.0,12540.0,38.0,3.0,14.0,4314.0,12570.0
b_5_overlapping_02,5,5,overlapping,range,,,,full_penalty_qaoa,complete,,9,14,ftqc,"{'Hadamard': 14, 'CNOT': 536, 'T': 16720}",17270.0,14.0,0.0,0.0,14.0,16734.0,536.0,16720.0,38.0,4.0,14.0,4314.0,12570.0
b_5_overlapping_02,5,5,overlapping,range,,,,full_penalty_qaoa,complete,,9,14,ftqc,"{'Hadamard': 14, 'CNOT': 670, 'T': 20900}",21584.0,14.0,0.0,0.0,14.0,20914.0,670.0,20900.0,38.0,5.0,14.0,4314.0,12570.0
b_5_overlapping_02,5,5,overlapping,verma_lewis,,,,full_penalty_qaoa,complete,,9,14,nisq,"{'Hadamard': 14, 'CNOT': 134, 'RZ': 81, 'RX': 14}",243.0,14.0,0.0,0.0,14.0,109.0,134.0,0.0,14.0,1.0,14.0,229.0,444.0
b_5_overlapping_02,5,5,overlapping,verma_lewis,,,,full_penalty_qaoa,complete,,9,14,nisq,"{'Hadamard': 14, 'CNOT': 268, 'RZ': 162, 'RX': 28}",472.0,14.0,0.0,0.0,14.0,204.0,268.0,0.0,14.0,2.0,14.0,229.0,444.0
b_5_overlapping_02,5,5,overlapping,verma_lewis,,,,full_penalty_qaoa,complete,,9,14,nisq,"{'Hadamard': 14, 'CNOT': 402, 'RZ': 243, 'RX': 42}",701.0,14.0,0.0,0.0,14.0,299.0,402.0,0.0,14.0,3.0,14.0,229.0,444.0
b_5_overlapping_02,5,5,overlapping,verma_lewis,,,,full_penalty_qaoa,complete,,9,14,nisq,"{'Hadamard': 14, 'CNOT': 536, 'RZ': 324, 'RX': 56}",930.0,14.0,0.0,0.0,14.0,394.0,536.0,0.0,14.0,4.0,14.0,229.0,444.0
b_5_overlapping_02,5,5,overlapping,verma_lewis,,,,full_penalty_qaoa,complete,,9,14,nisq,"{'Hadamard': 14, 'CNOT': 670, 'RZ': 405, 'RX': 70}",1159.0,14.0,0.0,0.0,14.0,489.0,670.0,0.0,14.0,5.0,14.0,229.0,444.0
b_5_overlapping_02,5,5,overlapping,verma_lewis,,,,full_penalty_qaoa,complete,,9,14,ftqc,"{'Hadamard': 14, 'CNOT': 134, 'T': 4180}",4328.0,14.0,0.0,0.0,14.0,4194.0,134.0,4180.0,14.0,1.0,14.0,4314.0,12570.0
b_5_overlapping_02,5,5,overlapping,verma_lewis,,,,full_penalty_qaoa,complete,,9,14,ftqc,"{'Hadamard': 14, 'CNOT': 268, 'T': 8360}",8642.0,14.0,0.0,0.0,14.0,8374.0,268.0,8360.0,14.0,2.0,14.0,4314.0,12570.0
b_5_overlapping_02,5,5,overlapping,verma_lewis,,,,full_penalty_qaoa,complete,,9,14,ftqc,"{'Hadamard': 14, 'CNOT': 402, 'T': 12540}",12956.0,14.0,0.0,0.0,14.0,12554.0,402.0,12540.0,14.0,3.0,14.0,4314.0,12570.0
b_5_overlapping_02,5,5,overlapping,verma_lewis,,,,full_penalty_qaoa,complete,,9,14,ftqc,"{'Hadamard': 14, 'CNOT': 536, 'T': 16720}",17270.0,14.0,0.0,0.0,14.0,16734.0,536.0,16720.0,14.0,4.0,14.0,4314.0,12570.0
b_5_overlapping_02,5,5,overlapping,verma_lewis,,,,full_penalty_qaoa,complete,,9,14,ftqc,"{'Hadamard': 14, 'CNOT': 670, 'T': 20900}",21584.0,14.0,0.0,0.0,14.0,20914.0,670.0,20900.0,14.0,5.0,14.0,4314.0,12570.0
b_6_disjoint_01,6,6,disjoint,constraint_component,x_0 - x_1 - x_2 == 0,0.0,flow,gadget,complete,flow,0,3,nisq,"{'RY': 3, 'CNOT': 8}",11.0,3.0,0.0,0.0,3.0,3.0,8.0,0.0,,,,,
b_6_disjoint_01,6,6,disjoint,constraint_component,x_0 - x_1 - x_2 == 0,0.0,flow,gadget,complete,flow,0,3,ftqc,"{'T': 132, 'CNOT': 8}",140.0,3.0,0.0,0.0,3.0,132.0,8.0,132.0,,,,,
b_6_disjoint_01,6,6,disjoint,constraint_component,x_0 - x_1 - x_2 == 0,0.0,flow,penalty_cost_layer,complete,flow,0,6,nisq,"{'CNOT': 6, 'RZ': 6}",12.0,3.0,0.0,0.0,3.0,6.0,6.0,0.0,,,,,
b_6_disjoint_01,6,6,disjoint,constraint_component,x_0 - x_1 - x_2 == 0,0.0,flow,penalty_cost_layer,complete,flow,0,6,ftqc,"{'CNOT': 6, 'T': 264}",270.0,3.0,0.0,0.0,3.0,264.0,6.0,264.0,,,,,
b_6_disjoint_01,6,6,disjoint,constraint_component,x_3 + x_4 - x_5 == 0,1.0,flow,gadget,complete,flow,0,3,nisq,"{'RY': 3, 'CNOT': 8}",11.0,3.0,0.0,0.0,3.0,3.0,8.0,0.0,,,,,
b_6_disjoint_01,6,6,disjoint,constraint_component,x_3 + x_4 - x_5 == 0,1.0,flow,gadget,complete,flow,0,3,ftqc,"{'T': 132, 'CNOT': 8}",140.0,3.0,0.0,0.0,3.0,132.0,8.0,132.0,,,,,
b_6_disjoint_01,6,6,disjoint,constraint_component,x_3 + x_4 - x_5 == 0,1.0,flow,penalty_cost_layer,complete,flow,0,6,nisq,"{'CNOT': 6, 'RZ': 6}",12.0,3.0,0.0,0.0,3.0,6.0,6.0,0.0,,,,,
b_6_disjoint_01,6,6,disjoint,constraint_component,x_3 + x_4 - x_5 == 0,1.0,flow,penalty_cost_layer,complete,flow,0,6,ftqc,"{'CNOT': 6, 'T': 264}",270.0,3.0,0.0,0.0,3.0,264.0,6.0,264.0,,,,,
b_6_disjoint_01,6,6,disjoint,feasible,,,,full_penalty_qaoa,complete,,0,6,nisq,"{'Hadamard': 6, 'CNOT': 30, 'RZ': 21, 'RX': 6}",63.0,6.0,0.0,0.0,6.0,33.0,30.0,0.0,34.0,1.0,6.0,57.0,92.0
b_6_disjoint_01,6,6,disjoint,feasible,,,,full_penalty_qaoa,complete,,0,6,nisq,"{'Hadamard': 6, 'CNOT': 60, 'RZ': 42, 'RX': 12}",120.0,6.0,0.0,0.0,6.0,60.0,60.0,0.0,34.0,2.0,6.0,57.0,92.0
b_6_disjoint_01,6,6,disjoint,feasible,,,,full_penalty_qaoa,complete,,0,6,nisq,"{'Hadamard': 6, 'CNOT': 90, 'RZ': 63, 'RX': 18}",177.0,6.0,0.0,0.0,6.0,87.0,90.0,0.0,34.0,3.0,6.0,57.0,92.0
b_6_disjoint_01,6,6,disjoint,feasible,,,,full_penalty_qaoa,complete,,0,6,nisq,"{'Hadamard': 6, 'CNOT': 120, 'RZ': 84, 'RX': 24}",234.0,6.0,0.0,0.0,6.0,114.0,120.0,0.0,34.0,4.0,6.0,57.0,92.0
b_6_disjoint_01,6,6,disjoint,feasible,,,,full_penalty_qaoa,complete,,0,6,nisq,"{'Hadamard': 6, 'CNOT': 150, 'RZ': 105, 'RX': 30}",291.0,6.0,0.0,0.0,6.0,141.0,150.0,0.0,34.0,5.0,6.0,57.0,92.0
b_6_disjoint_01,6,6,disjoint,feasible,,,,full_penalty_qaoa,complete,,0,6,ftqc,"{'Hadamard': 6, 'CNOT': 30, 'T': 1188}",1224.0,6.0,0.0,0.0,6.0,1194.0,30.0,1188.0,34.0,1.0,6.0,1218.0,2242.0
b_6_disjoint_01,6,6,disjoint,feasible,,,,full_penalty_qaoa,complete,,0,6,ftqc,"{'Hadamard': 6, 'CNOT': 60, 'T': 2376}",2442.0,6.0,0.0,0.0,6.0,2382.0,60.0,2376.0,34.0,2.0,6.0,1218.0,2242.0
b_6_disjoint_01,6,6,disjoint,feasible,,,,full_penalty_qaoa,complete,,0,6,ftqc,"{'Hadamard': 6, 'CNOT': 90, 'T': 3564}",3660.0,6.0,0.0,0.0,6.0,3570.0,90.0,3564.0,34.0,3.0,6.0,1218.0,2242.0
b_6_disjoint_01,6,6,disjoint,feasible,,,,full_penalty_qaoa,complete,,0,6,ftqc,"{'Hadamard': 6, 'CNOT': 120, 'T': 4752}",4878.0,6.0,0.0,0.0,6.0,4758.0,120.0,4752.0,34.0,4.0,6.0,1218.0,2242.0
b_6_disjoint_01,6,6,disjoint,feasible,,,,full_penalty_qaoa,complete,,0,6,ftqc,"{'Hadamard': 6, 'CNOT': 150, 'T': 5940}",6096.0,6.0,0.0,0.0,6.0,5946.0,150.0,5940.0,34.0,5.0,6.0,1218.0,2242.0
b_6_disjoint_01,6,6,disjoint,local,,,,full_penalty_qaoa,complete,,0,6,nisq,"{'Hadamard': 6, 'CNOT': 30, 'RZ': 21, 'RX': 6}",63.0,6.0,0.0,0.0,6.0,33.0,30.0,0.0,18.0,1.0,6.0,57.0,92.0
b_6_disjoint_01,6,6,disjoint,local,,,,full_penalty_qaoa,complete,,0,6,nisq,"{'Hadamard': 6, 'CNOT': 60, 'RZ': 42, 'RX': 12}",120.0,6.0,0.0,0.0,6.0,60.0,60.0,0.0,18.0,2.0,6.0,57.0,92.0
b_6_disjoint_01,6,6,disjoint,local,,,,full_penalty_qaoa,complete,,0,6,nisq,"{'Hadamard': 6, 'CNOT': 90, 'RZ': 63, 'RX': 18}",177.0,6.0,0.0,0.0,6.0,87.0,90.0,0.0,18.0,3.0,6.0,57.0,92.0
b_6_disjoint_01,6,6,disjoint,local,,,,full_penalty_qaoa,complete,,0,6,nisq,"{'Hadamard': 6, 'CNOT': 120, 'RZ': 84, 'RX': 24}",234.0,6.0,0.0,0.0,6.0,114.0,120.0,0.0,18.0,4.0,6.0,57.0,92.0
b_6_disjoint_01,6,6,disjoint,local,,,,full_penalty_qaoa,complete,,0,6,nisq,"{'Hadamard': 6, 'CNOT': 150, 'RZ': 105, 'RX': 30}",291.0,6.0,0.0,0.0,6.0,141.0,150.0,0.0,18.0,5.0,6.0,57.0,92.0
b_6_disjoint_01,6,6,disjoint,local,,,,full_penalty_qaoa,complete,,0,6,ftqc,"{'Hadamard': 6, 'CNOT': 30, 'T': 1188}",1224.0,6.0,0.0,0.0,6.0,1194.0,30.0,1188.0,18.0,1.0,6.0,1218.0,2242.0
b_6_disjoint_01,6,6,disjoint,local,,,,full_penalty_qaoa,complete,,0,6,ftqc,"{'Hadamard': 6, 'CNOT': 60, 'T': 2376}",2442.0,6.0,0.0,0.0,6.0,2382.0,60.0,2376.0,18.0,2.0,6.0,1218.0,2242.0
b_6_disjoint_01,6,6,disjoint,local,,,,full_penalty_qaoa,complete,,0,6,ftqc,"{'Hadamard': 6, 'CNOT': 90, 'T': 3564}",3660.0,6.0,0.0,0.0,6.0,3570.0,90.0,3564.0,18.0,3.0,6.0,1218.0,2242.0
b_6_disjoint_01,6,6,disjoint,local,,,,full_penalty_qaoa,complete,,0,6,ftqc,"{'Hadamard': 6, 'CNOT': 120, 'T': 4752}",4878.0,6.0,0.0,0.0,6.0,4758.0,120.0,4752.0,18.0,4.0,6.0,1218.0,2242.0
b_6_disjoint_01,6,6,disjoint,local,,,,full_penalty_qaoa,complete,,0,6,ftqc,"{'Hadamard': 6, 'CNOT': 150, 'T': 5940}",6096.0,6.0,0.0,0.0,6.0,5946.0,150.0,5940.0,18.0,5.0,6.0,1218.0,2242.0
b_6_disjoint_01,6,6,disjoint,maximum,,,,full_penalty_qaoa,complete,,0,6,nisq,"{'Hadamard': 6, 'CNOT': 30, 'RZ': 21, 'RX': 6}",63.0,6.0,0.0,0.0,6.0,33.0,30.0,0.0,6.0,1.0,6.0,57.0,92.0
b_6_disjoint_01,6,6,disjoint,maximum,,,,full_penalty_qaoa,complete,,0,6,nisq,"{'Hadamard': 6, 'CNOT': 60, 'RZ': 42, 'RX': 12}",120.0,6.0,0.0,0.0,6.0,60.0,60.0,0.0,6.0,2.0,6.0,57.0,92.0
b_6_disjoint_01,6,6,disjoint,maximum,,,,full_penalty_qaoa,complete,,0,6,nisq,"{'Hadamard': 6, 'CNOT': 90, 'RZ': 63, 'RX': 18}",177.0,6.0,0.0,0.0,6.0,87.0,90.0,0.0,6.0,3.0,6.0,57.0,92.0
b_6_disjoint_01,6,6,disjoint,maximum,,,,full_penalty_qaoa,complete,,0,6,nisq,"{'Hadamard': 6, 'CNOT': 120, 'RZ': 84, 'RX': 24}",234.0,6.0,0.0,0.0,6.0,114.0,120.0,0.0,6.0,4.0,6.0,57.0,92.0
b_6_disjoint_01,6,6,disjoint,maximum,,,,full_penalty_qaoa,complete,,0,6,nisq,"{'Hadamard': 6, 'CNOT': 150, 'RZ': 105, 'RX': 30}",291.0,6.0,0.0,0.0,6.0,141.0,150.0,0.0,6.0,5.0,6.0,57.0,92.0
b_6_disjoint_01,6,6,disjoint,maximum,,,,full_penalty_qaoa,complete,,0,6,ftqc,"{'Hadamard': 6, 'CNOT': 30, 'T': 1188}",1224.0,6.0,0.0,0.0,6.0,1194.0,30.0,1188.0,6.0,1.0,6.0,1218.0,2242.0
b_6_disjoint_01,6,6,disjoint,maximum,,,,full_penalty_qaoa,complete,,0,6,ftqc,"{'Hadamard': 6, 'CNOT': 60, 'T': 2376}",2442.0,6.0,0.0,0.0,6.0,2382.0,60.0,2376.0,6.0,2.0,6.0,1218.0,2242.0
b_6_disjoint_01,6,6,disjoint,maximum,,,,full_penalty_qaoa,complete,,0,6,ftqc,"{'Hadamard': 6, 'CNOT': 90, 'T': 3564}",3660.0,6.0,0.0,0.0,6.0,3570.0,90.0,3564.0,6.0,3.0,6.0,1218.0,2242.0
b_6_disjoint_01,6,6,disjoint,maximum,,,,full_penalty_qaoa,complete,,0,6,ftqc,"{'Hadamard': 6, 'CNOT': 120, 'T': 4752}",4878.0,6.0,0.0,0.0,6.0,4758.0,120.0,4752.0,6.0,4.0,6.0,1218.0,2242.0
b_6_disjoint_01,6,6,disjoint,maximum,,,,full_penalty_qaoa,complete,,0,6,ftqc,"{'Hadamard': 6, 'CNOT': 150, 'T': 5940}",6096.0,6.0,0.0,0.0,6.0,5946.0,150.0,5940.0,6.0,5.0,6.0,1218.0,2242.0
b_6_disjoint_01,6,6,disjoint,range,,,,full_penalty_qaoa,complete,,0,6,nisq,"{'Hadamard': 6, 'CNOT': 30, 'RZ': 21, 'RX': 6}",63.0,6.0,0.0,0.0,6.0,33.0,30.0,0.0,54.0,1.0,6.0,57.0,92.0
b_6_disjoint_01,6,6,disjoint,range,,,,full_penalty_qaoa,complete,,0,6,nisq,"{'Hadamard': 6, 'CNOT': 60, 'RZ': 42, 'RX': 12}",120.0,6.0,0.0,0.0,6.0,60.0,60.0,0.0,54.0,2.0,6.0,57.0,92.0
b_6_disjoint_01,6,6,disjoint,range,,,,full_penalty_qaoa,complete,,0,6,nisq,"{'Hadamard': 6, 'CNOT': 90, 'RZ': 63, 'RX': 18}",177.0,6.0,0.0,0.0,6.0,87.0,90.0,0.0,54.0,3.0,6.0,57.0,92.0
b_6_disjoint_01,6,6,disjoint,range,,,,full_penalty_qaoa,complete,,0,6,nisq,"{'Hadamard': 6, 'CNOT': 120, 'RZ': 84, 'RX': 24}",234.0,6.0,0.0,0.0,6.0,114.0,120.0,0.0,54.0,4.0,6.0,57.0,92.0
b_6_disjoint_01,6,6,disjoint,range,,,,full_penalty_qaoa,complete,,0,6,nisq,"{'Hadamard': 6, 'CNOT': 150, 'RZ': 105, 'RX': 30}",291.0,6.0,0.0,0.0,6.0,141.0,150.0,0.0,54.0,5.0,6.0,57.0,92.0
b_6_disjoint_01,6,6,disjoint,range,,,,full_penalty_qaoa,complete,,0,6,ftqc,"{'Hadamard': 6, 'CNOT': 30, 'T': 1188}",1224.0,6.0,0.0,0.0,6.0,1194.0,30.0,1188.0,54.0,1.0,6.0,1218.0,2242.0
b_6_disjoint_01,6,6,disjoint,range,,,,full_penalty_qaoa,complete,,0,6,ftqc,"{'Hadamard': 6, 'CNOT': 60, 'T': 2376}",2442.0,6.0,0.0,0.0,6.0,2382.0,60.0,2376.0,54.0,2.0,6.0,1218.0,2242.0
b_6_disjoint_01,6,6,disjoint,range,,,,full_penalty_qaoa,complete,,0,6,ftqc,"{'Hadamard': 6, 'CNOT': 90, 'T': 3564}",3660.0,6.0,0.0,0.0,6.0,3570.0,90.0,3564.0,54.0,3.0,6.0,1218.0,2242.0
b_6_disjoint_01,6,6,disjoint,range,,,,full_penalty_qaoa,complete,,0,6,ftqc,"{'Hadamard': 6, 'CNOT': 120, 'T': 4752}",4878.0,6.0,0.0,0.0,6.0,4758.0,120.0,4752.0,54.0,4.0,6.0,1218.0,2242.0
b_6_disjoint_01,6,6,disjoint,range,,,,full_penalty_qaoa,complete,,0,6,ftqc,"{'Hadamard': 6, 'CNOT': 150, 'T': 5940}",6096.0,6.0,0.0,0.0,6.0,5946.0,150.0,5940.0,54.0,5.0,6.0,1218.0,2242.0
b_6_disjoint_01,6,6,disjoint,verma_lewis,,,,full_penalty_qaoa,complete,,0,6,nisq,"{'Hadamard': 6, 'CNOT': 30, 'RZ': 21, 'RX': 6}",63.0,6.0,0.0,0.0,6.0,33.0,30.0,0.0,14.0,1.0,6.0,57.0,92.0
b_6_disjoint_01,6,6,disjoint,verma_lewis,,,,full_penalty_qaoa,complete,,0,6,nisq,"{'Hadamard': 6, 'CNOT': 60, 'RZ': 42, 'RX': 12}",120.0,6.0,0.0,0.0,6.0,60.0,60.0,0.0,14.0,2.0,6.0,57.0,92.0
b_6_disjoint_01,6,6,disjoint,verma_lewis,,,,full_penalty_qaoa,complete,,0,6,nisq,"{'Hadamard': 6, 'CNOT': 90, 'RZ': 63, 'RX': 18}",177.0,6.0,0.0,0.0,6.0,87.0,90.0,0.0,14.0,3.0,6.0,57.0,92.0
b_6_disjoint_01,6,6,disjoint,verma_lewis,,,,full_penalty_qaoa,complete,,0,6,nisq,"{'Hadamard': 6, 'CNOT': 120, 'RZ': 84, 'RX': 24}",234.0,6.0,0.0,0.0,6.0,114.0,120.0,0.0,14.0,4.0,6.0,57.0,92.0
b_6_disjoint_01,6,6,disjoint,verma_lewis,,,,full_penalty_qaoa,complete,,0,6,nisq,"{'Hadamard': 6, 'CNOT': 150, 'RZ': 105, 'RX': 30}",291.0,6.0,0.0,0.0,6.0,141.0,150.0,0.0,14.0,5.0,6.0,57.0,92.0
b_6_disjoint_01,6,6,disjoint,verma_lewis,,,,full_penalty_qaoa,complete,,0,6,ftqc,"{'Hadamard': 6, 'CNOT': 30, 'T': 1188}",1224.0,6.0,0.0,0.0,6.0,1194.0,30.0,1188.0,14.0,1.0,6.0,1218.0,2242.0
b_6_disjoint_01,6,6,disjoint,verma_lewis,,,,full_penalty_qaoa,complete,,0,6,ftqc,"{'Hadamard': 6, 'CNOT': 60, 'T': 2376}",2442.0,6.0,0.0,0.0,6.0,2382.0,60.0,2376.0,14.0,2.0,6.0,1218.0,2242.0
b_6_disjoint_01,6,6,disjoint,verma_lewis,,,,full_penalty_qaoa,complete,,0,6,ftqc,"{'Hadamard': 6, 'CNOT': 90, 'T': 3564}",3660.0,6.0,0.0,0.0,6.0,3570.0,90.0,3564.0,14.0,3.0,6.0,1218.0,2242.0
b_6_disjoint_01,6,6,disjoint,verma_lewis,,,,full_penalty_qaoa,complete,,0,6,ftqc,"{'Hadamard': 6, 'CNOT': 120, 'T': 4752}",4878.0,6.0,0.0,0.0,6.0,4758.0,120.0,4752.0,14.0,4.0,6.0,1218.0,2242.0
b_6_disjoint_01,6,6,disjoint,verma_lewis,,,,full_penalty_qaoa,complete,,0,6,ftqc,"{'Hadamard': 6, 'CNOT': 150, 'T': 5940}",6096.0,6.0,0.0,0.0,6.0,5946.0,150.0,5940.0,14.0,5.0,6.0,1218.0,2242.0
b_6_disjoint_02,6,6,disjoint,constraint_component,x_0 + x_1 + x_2 + x_3 <= 4,0.0,cardinality,gadget,complete,leq,0,4,nisq,"{'RY': 19, 'CNOT': 90, 'Hadamard': 30, 'S': 18, 'T': 24, 'Z': 12}",193.0,4.0,2.0,0.0,6.0,103.0,90.0,24.0,,,,,
b_6_disjoint_02,6,6,disjoint,constraint_component,x_0 + x_1 + x_2 + x_3 <= 4,0.0,cardinality,gadget,complete,leq,0,4,ftqc,"{'T': 860, 'CNOT': 90, 'Hadamard': 30, 'S': 42}",1022.0,4.0,2.0,0.0,6.0,932.0,90.0,860.0,,,,,
b_6_disjoint_02,6,6,disjoint,constraint_component,x_0 + x_1 + x_2 + x_3 <= 4,0.0,cardinality,penalty_cost_layer,complete,leq,3,9,nisq,"{'CNOT': 42, 'RZ': 28}",70.0,7.0,0.0,0.0,7.0,28.0,42.0,0.0,,,,,
b_6_disjoint_02,6,6,disjoint,constraint_component,x_0 + x_1 + x_2 + x_3 <= 4,0.0,cardinality,penalty_cost_layer,complete,leq,3,9,ftqc,"{'CNOT': 42, 'T': 1232}",1274.0,7.0,0.0,0.0,7.0,1232.0,42.0,1232.0,,,,,
b_6_disjoint_02,6,6,disjoint,constraint_component,x_4*x_5 == 0,1.0,independent_set,gadget,complete,leq,0,2,nisq,"{'RY': 3, 'CNOT': 7}",10.0,2.0,0.0,0.0,2.0,3.0,7.0,0.0,,,,,
b_6_disjoint_02,6,6,disjoint,constraint_component,x_4*x_5 == 0,1.0,independent_set,gadget,complete,leq,0,2,ftqc,"{'T': 132, 'CNOT': 7}",139.0,2.0,0.0,0.0,2.0,132.0,7.0,132.0,,,,,
b_6_disjoint_02,6,6,disjoint,constraint_component,x_4*x_5 == 0,1.0,independent_set,penalty_cost_layer,complete,leq,0,6,nisq,"{'CNOT': 2, 'RZ': 3}",5.0,2.0,0.0,0.0,2.0,3.0,2.0,0.0,,,,,
b_6_disjoint_02,6,6,disjoint,constraint_component,x_4*x_5 == 0,1.0,independent_set,penalty_cost_layer,complete,leq,0,6,ftqc,"{'CNOT': 2, 'T': 132}",134.0,2.0,0.0,0.0,2.0,132.0,2.0,132.0,,,,,
b_6_disjoint_02,6,6,disjoint,feasible,,,,full_penalty_qaoa,complete,,3,9,nisq,"{'Hadamard': 9, 'CNOT': 56, 'RZ': 37, 'RX': 9}",111.0,9.0,0.0,0.0,9.0,55.0,56.0,0.0,39.0,1.0,9.0,102.0,178.0
b_6_disjoint_02,6,6,disjoint,feasible,,,,full_penalty_qaoa,complete,,3,9,nisq,"{'Hadamard': 9, 'CNOT': 112, 'RZ': 74, 'RX': 18}",213.0,9.0,0.0,0.0,9.0,101.0,112.0,0.0,39.0,2.0,9.0,102.0,178.0
b_6_disjoint_02,6,6,disjoint,feasible,,,,full_penalty_qaoa,complete,,3,9,nisq,"{'Hadamard': 9, 'CNOT': 168, 'RZ': 111, 'RX': 27}",315.0,9.0,0.0,0.0,9.0,147.0,168.0,0.0,39.0,3.0,9.0,102.0,178.0
b_6_disjoint_02,6,6,disjoint,feasible,,,,full_penalty_qaoa,complete,,3,9,nisq,"{'Hadamard': 9, 'CNOT': 224, 'RZ': 148, 'RX': 36}",417.0,9.0,0.0,0.0,9.0,193.0,224.0,0.0,39.0,4.0,9.0,102.0,178.0
b_6_disjoint_02,6,6,disjoint,feasible,,,,full_penalty_qaoa,complete,,3,9,nisq,"{'Hadamard': 9, 'CNOT': 280, 'RZ': 185, 'RX': 45}",519.0,9.0,0.0,0.0,9.0,239.0,280.0,0.0,39.0,5.0,9.0,102.0,178.0
b_6_disjoint_02,6,6,disjoint,feasible,,,,full_penalty_qaoa,complete,,3,9,ftqc,"{'Hadamard': 9, 'CNOT': 56, 'T': 2024}",2089.0,9.0,0.0,0.0,9.0,2033.0,56.0,2024.0,39.0,1.0,9.0,2080.0,4822.0
b_6_disjoint_02,6,6,disjoint,feasible,,,,full_penalty_qaoa,complete,,3,9,ftqc,"{'Hadamard': 9, 'CNOT': 112, 'T': 4048}",4169.0,9.0,0.0,0.0,9.0,4057.0,112.0,4048.0,39.0,2.0,9.0,2080.0,4822.0
b_6_disjoint_02,6,6,disjoint,feasible,,,,full_penalty_qaoa,complete,,3,9,ftqc,"{'Hadamard': 9, 'CNOT': 168, 'T': 6072}",6249.0,9.0,0.0,0.0,9.0,6081.0,168.0,6072.0,39.0,3.0,9.0,2080.0,4822.0
b_6_disjoint_02,6,6,disjoint,feasible,,,,full_penalty_qaoa,complete,,3,9,ftqc,"{'Hadamard': 9, 'CNOT': 224, 'T': 8096}",8329.0,9.0,0.0,0.0,9.0,8105.0,224.0,8096.0,39.0,4.0,9.0,2080.0,4822.0
b_6_disjoint_02,6,6,disjoint,feasible,,,,full_penalty_qaoa,complete,,3,9,ftqc,"{'Hadamard': 9, 'CNOT': 280, 'T': 10120}",10409.0,9.0,0.0,0.0,9.0,10129.0,280.0,10120.0,39.0,5.0,9.0,2080.0,4822.0
b_6_disjoint_02,6,6,disjoint,local,,,,full_penalty_qaoa,complete,,3,9,nisq,"{'Hadamard': 9, 'CNOT': 56, 'RZ': 37, 'RX': 9}",111.0,9.0,0.0,0.0,9.0,55.0,56.0,0.0,18.0,1.0,9.0,102.0,178.0
b_6_disjoint_02,6,6,disjoint,local,,,,full_penalty_qaoa,complete,,3,9,nisq,"{'Hadamard': 9, 'CNOT': 112, 'RZ': 74, 'RX': 18}",213.0,9.0,0.0,0.0,9.0,101.0,112.0,0.0,18.0,2.0,9.0,102.0,178.0
b_6_disjoint_02,6,6,disjoint,local,,,,full_penalty_qaoa,complete,,3,9,nisq,"{'Hadamard': 9, 'CNOT': 168, 'RZ': 111, 'RX': 27}",315.0,9.0,0.0,0.0,9.0,147.0,168.0,0.0,18.0,3.0,9.0,102.0,178.0
b_6_disjoint_02,6,6,disjoint,local,,,,full_penalty_qaoa,complete,,3,9,nisq,"{'Hadamard': 9, 'CNOT': 224, 'RZ': 148, 'RX': 36}",417.0,9.0,0.0,0.0,9.0,193.0,224.0,0.0,18.0,4.0,9.0,102.0,178.0
b_6_disjoint_02,6,6,disjoint,local,,,,full_penalty_qaoa,complete,,3,9,nisq,"{'Hadamard': 9, 'CNOT': 280, 'RZ': 185, 'RX': 45}",519.0,9.0,0.0,0.0,9.0,239.0,280.0,0.0,18.0,5.0,9.0,102.0,178.0
b_6_disjoint_02,6,6,disjoint,local,,,,full_penalty_qaoa,complete,,3,9,ftqc,"{'Hadamard': 9, 'CNOT': 56, 'T': 2024}",2089.0,9.0,0.0,0.0,9.0,2033.0,56.0,2024.0,18.0,1.0,9.0,2080.0,4822.0
b_6_disjoint_02,6,6,disjoint,local,,,,full_penalty_qaoa,complete,,3,9,ftqc,"{'Hadamard': 9, 'CNOT': 112, 'T': 4048}",4169.0,9.0,0.0,0.0,9.0,4057.0,112.0,4048.0,18.0,2.0,9.0,2080.0,4822.0
b_6_disjoint_02,6,6,disjoint,local,,,,full_penalty_qaoa,complete,,3,9,ftqc,"{'Hadamard': 9, 'CNOT': 168, 'T': 6072}",6249.0,9.0,0.0,0.0,9.0,6081.0,168.0,6072.0,18.0,3.0,9.0,2080.0,4822.0
b_6_disjoint_02,6,6,disjoint,local,,,,full_penalty_qaoa,complete,,3,9,ftqc,"{'Hadamard': 9, 'CNOT': 224, 'T': 8096}",8329.0,9.0,0.0,0.0,9.0,8105.0,224.0,8096.0,18.0,4.0,9.0,2080.0,4822.0
b_6_disjoint_02,6,6,disjoint,local,,,,full_penalty_qaoa,complete,,3,9,ftqc,"{'Hadamard': 9, 'CNOT': 280, 'T': 10120}",10409.0,9.0,0.0,0.0,9.0,10129.0,280.0,10120.0,18.0,5.0,9.0,2080.0,4822.0
b_6_disjoint_02,6,6,disjoint,maximum,,,,full_penalty_qaoa,complete,,3,9,nisq,"{'Hadamard': 9, 'CNOT': 56, 'RZ': 37, 'RX': 9}",111.0,9.0,0.0,0.0,9.0,55.0,56.0,0.0,6.0,1.0,9.0,102.0,178.0
b_6_disjoint_02,6,6,disjoint,maximum,,,,full_penalty_qaoa,complete,,3,9,nisq,"{'Hadamard': 9, 'CNOT': 112, 'RZ': 74, 'RX': 18}",213.0,9.0,0.0,0.0,9.0,101.0,112.0,0.0,6.0,2.0,9.0,102.0,178.0
b_6_disjoint_02,6,6,disjoint,maximum,,,,full_penalty_qaoa,complete,,3,9,nisq,"{'Hadamard': 9, 'CNOT': 168, 'RZ': 111, 'RX': 27}",315.0,9.0,0.0,0.0,9.0,147.0,168.0,0.0,6.0,3.0,9.0,102.0,178.0
b_6_disjoint_02,6,6,disjoint,maximum,,,,full_penalty_qaoa,complete,,3,9,nisq,"{'Hadamard': 9, 'CNOT': 224, 'RZ': 148, 'RX': 36}",417.0,9.0,0.0,0.0,9.0,193.0,224.0,0.0,6.0,4.0,9.0,102.0,178.0
b_6_disjoint_02,6,6,disjoint,maximum,,,,full_penalty_qaoa,complete,,3,9,nisq,"{'Hadamard': 9, 'CNOT': 280, 'RZ': 185, 'RX': 45}",519.0,9.0,0.0,0.0,9.0,239.0,280.0,0.0,6.0,5.0,9.0,102.0,178.0
b_6_disjoint_02,6,6,disjoint,maximum,,,,full_penalty_qaoa,complete,,3,9,ftqc,"{'Hadamard': 9, 'CNOT': 56, 'T': 2024}",2089.0,9.0,0.0,0.0,9.0,2033.0,56.0,2024.0,6.0,1.0,9.0,2080.0,4822.0
b_6_disjoint_02,6,6,disjoint,maximum,,,,full_penalty_qaoa,complete,,3,9,ftqc,"{'Hadamard': 9, 'CNOT': 112, 'T': 4048}",4169.0,9.0,0.0,0.0,9.0,4057.0,112.0,4048.0,6.0,2.0,9.0,2080.0,4822.0
b_6_disjoint_02,6,6,disjoint,maximum,,,,full_penalty_qaoa,complete,,3,9,ftqc,"{'Hadamard': 9, 'CNOT': 168, 'T': 6072}",6249.0,9.0,0.0,0.0,9.0,6081.0,168.0,6072.0,6.0,3.0,9.0,2080.0,4822.0
b_6_disjoint_02,6,6,disjoint,maximum,,,,full_penalty_qaoa,complete,,3,9,ftqc,"{'Hadamard': 9, 'CNOT': 224, 'T': 8096}",8329.0,9.0,0.0,0.0,9.0,8105.0,224.0,8096.0,6.0,4.0,9.0,2080.0,4822.0
b_6_disjoint_02,6,6,disjoint,maximum,,,,full_penalty_qaoa,complete,,3,9,ftqc,"{'Hadamard': 9, 'CNOT': 280, 'T': 10120}",10409.0,9.0,0.0,0.0,9.0,10129.0,280.0,10120.0,6.0,5.0,9.0,2080.0,4822.0
b_6_disjoint_02,6,6,disjoint,range,,,,full_penalty_qaoa,complete,,3,9,nisq,"{'Hadamard': 9, 'CNOT': 56, 'RZ': 37, 'RX': 9}",111.0,9.0,0.0,0.0,9.0,55.0,56.0,0.0,52.0,1.0,9.0,102.0,178.0
b_6_disjoint_02,6,6,disjoint,range,,,,full_penalty_qaoa,complete,,3,9,nisq,"{'Hadamard': 9, 'CNOT': 112, 'RZ': 74, 'RX': 18}",213.0,9.0,0.0,0.0,9.0,101.0,112.0,0.0,52.0,2.0,9.0,102.0,178.0
b_6_disjoint_02,6,6,disjoint,range,,,,full_penalty_qaoa,complete,,3,9,nisq,"{'Hadamard': 9, 'CNOT': 168, 'RZ': 111, 'RX': 27}",315.0,9.0,0.0,0.0,9.0,147.0,168.0,0.0,52.0,3.0,9.0,102.0,178.0
b_6_disjoint_02,6,6,disjoint,range,,,,full_penalty_qaoa,complete,,3,9,nisq,"{'Hadamard': 9, 'CNOT': 224, 'RZ': 148, 'RX': 36}",417.0,9.0,0.0,0.0,9.0,193.0,224.0,0.0,52.0,4.0,9.0,102.0,178.0
b_6_disjoint_02,6,6,disjoint,range,,,,full_penalty_qaoa,complete,,3,9,nisq,"{'Hadamard': 9, 'CNOT': 280, 'RZ': 185, 'RX': 45}",519.0,9.0,0.0,0.0,9.0,239.0,280.0,0.0,52.0,5.0,9.0,102.0,178.0
b_6_disjoint_02,6,6,disjoint,range,,,,full_penalty_qaoa,complete,,3,9,ftqc,"{'Hadamard': 9, 'CNOT': 56, 'T': 2024}",2089.0,9.0,0.0,0.0,9.0,2033.0,56.0,2024.0,52.0,1.0,9.0,2080.0,4822.0
b_6_disjoint_02,6,6,disjoint,range,,,,full_penalty_qaoa,complete,,3,9,ftqc,"{'Hadamard': 9, 'CNOT': 112, 'T': 4048}",4169.0,9.0,0.0,0.0,9.0,4057.0,112.0,4048.0,52.0,2.0,9.0,2080.0,4822.0
b_6_disjoint_02,6,6,disjoint,range,,,,full_penalty_qaoa,complete,,3,9,ftqc,"{'Hadamard': 9, 'CNOT': 168, 'T': 6072}",6249.0,9.0,0.0,0.0,9.0,6081.0,168.0,6072.0,52.0,3.0,9.0,2080.0,4822.0
b_6_disjoint_02,6,6,disjoint,range,,,,full_penalty_qaoa,complete,,3,9,ftqc,"{'Hadamard': 9, 'CNOT': 224, 'T': 8096}",8329.0,9.0,0.0,0.0,9.0,8105.0,224.0,8096.0,52.0,4.0,9.0,2080.0,4822.0
b_6_disjoint_02,6,6,disjoint,range,,,,full_penalty_qaoa,complete,,3,9,ftqc,"{'Hadamard': 9, 'CNOT': 280, 'T': 10120}",10409.0,9.0,0.0,0.0,9.0,10129.0,280.0,10120.0,52.0,5.0,9.0,2080.0,4822.0
b_6_disjoint_02,6,6,disjoint,verma_lewis,,,,full_penalty_qaoa,complete,,3,9,nisq,"{'Hadamard': 9, 'CNOT': 56, 'RZ': 37, 'RX': 9}",111.0,9.0,0.0,0.0,9.0,55.0,56.0,0.0,17.0,1.0,9.0,102.0,178.0
b_6_disjoint_02,6,6,disjoint,verma_lewis,,,,full_penalty_qaoa,complete,,3,9,nisq,"{'Hadamard': 9, 'CNOT': 112, 'RZ': 74, 'RX': 18}",213.0,9.0,0.0,0.0,9.0,101.0,112.0,0.0,17.0,2.0,9.0,102.0,178.0
b_6_disjoint_02,6,6,disjoint,verma_lewis,,,,full_penalty_qaoa,complete,,3,9,nisq,"{'Hadamard': 9, 'CNOT': 168, 'RZ': 111, 'RX': 27}",315.0,9.0,0.0,0.0,9.0,147.0,168.0,0.0,17.0,3.0,9.0,102.0,178.0
b_6_disjoint_02,6,6,disjoint,verma_lewis,,,,full_penalty_qaoa,complete,,3,9,nisq,"{'Hadamard': 9, 'CNOT': 224, 'RZ': 148, 'RX': 36}",417.0,9.0,0.0,0.0,9.0,193.0,224.0,0.0,17.0,4.0,9.0,102.0,178.0
b_6_disjoint_02,6,6,disjoint,verma_lewis,,,,full_penalty_qaoa,complete,,3,9,nisq,"{'Hadamard': 9, 'CNOT': 280, 'RZ': 185, 'RX': 45}",519.0,9.0,0.0,0.0,9.0,239.0,280.0,0.0,17.0,5.0,9.0,102.0,178.0
b_6_disjoint_02,6,6,disjoint,verma_lewis,,,,full_penalty_qaoa,complete,,3,9,ftqc,"{'Hadamard': 9, 'CNOT': 56, 'T': 2024}",2089.0,9.0,0.0,0.0,9.0,2033.0,56.0,2024.0,17.0,1.0,9.0,2080.0,4822.0
b_6_disjoint_02,6,6,disjoint,verma_lewis,,,,full_penalty_qaoa,complete,,3,9,ftqc,"{'Hadamard': 9, 'CNOT': 112, 'T': 4048}",4169.0,9.0,0.0,0.0,9.0,4057.0,112.0,4048.0,17.0,2.0,9.0,2080.0,4822.0
b_6_disjoint_02,6,6,disjoint,verma_lewis,,,,full_penalty_qaoa,complete,,3,9,ftqc,"{'Hadamard': 9, 'CNOT': 168, 'T': 6072}",6249.0,9.0,0.0,0.0,9.0,6081.0,168.0,6072.0,17.0,3.0,9.0,2080.0,4822.0
b_6_disjoint_02,6,6,disjoint,verma_lewis,,,,full_penalty_qaoa,complete,,3,9,ftqc,"{'Hadamard': 9, 'CNOT': 224, 'T': 8096}",8329.0,9.0,0.0,0.0,9.0,8105.0,224.0,8096.0,17.0,4.0,9.0,2080.0,4822.0
b_6_disjoint_02,6,6,disjoint,verma_lewis,,,,full_penalty_qaoa,complete,,3,9,ftqc,"{'Hadamard': 9, 'CNOT': 280, 'T': 10120}",10409.0,9.0,0.0,0.0,9.0,10129.0,280.0,10120.0,17.0,5.0,9.0,2080.0,4822.0
b_6_overlapping_01,6,6,overlapping,constraint_component,3*x_5 + 8*x_3 + 3*x_0 <= 5,0.0,knapsack,gadget,missing_vcg,vcg,0,3,nisq,,,,,,,,,,,,,,
b_6_overlapping_01,6,6,overlapping,constraint_component,3*x_5 + 8*x_3 + 3*x_0 <= 5,0.0,knapsack,gadget,missing_vcg,vcg,0,3,ftqc,,,,,,,,,,,,,,
b_6_overlapping_01,6,6,overlapping,constraint_component,3*x_5 + 8*x_3 + 3*x_0 <= 5,0.0,knapsack,penalty_cost_layer,complete,vcg,3,9,nisq,"{'CNOT': 30, 'RZ': 21}",51.0,6.0,0.0,0.0,6.0,21.0,30.0,0.0,,,,,
b_6_overlapping_01,6,6,overlapping,constraint_component,3*x_5 + 8*x_3 + 3*x_0 <= 5,0.0,knapsack,penalty_cost_layer,complete,vcg,3,9,ftqc,"{'CNOT': 30, 'T': 924}",954.0,6.0,0.0,0.0,6.0,924.0,30.0,924.0,,,,,
b_6_overlapping_01,6,6,overlapping,constraint_component,x_4 + x_2 == 1,1.0,assignment,gadget,complete,dicke,0,2,nisq,"{'X': 1, 'CNOT': 3, 'RY': 2}",6.0,2.0,0.0,0.0,2.0,3.0,3.0,0.0,,,,,
b_6_overlapping_01,6,6,overlapping,constraint_component,x_4 + x_2 == 1,1.0,assignment,gadget,complete,dicke,0,2,ftqc,"{'Hadamard': 2, 'S': 2, 'CNOT': 3, 'T': 88}",95.0,2.0,0.0,0.0,2.0,92.0,3.0,88.0,,,,,
b_6_overlapping_01,6,6,overlapping,constraint_component,x_4 + x_2 == 1,1.0,assignment,penalty_cost_layer,complete,dicke,0,6,nisq,"{'CNOT': 2, 'RZ': 3}",5.0,2.0,0.0,0.0,2.0,3.0,2.0,0.0,,,,,
b_6_overlapping_01,6,6,overlapping,constraint_component,x_4 + x_2 == 1,1.0,assignment,penalty_cost_layer,complete,dicke,0,6,ftqc,"{'CNOT': 2, 'T': 132}",134.0,2.0,0.0,0.0,2.0,132.0,2.0,132.0,,,,,
b_6_overlapping_01,6,6,overlapping,constraint_component,1*x_3 + 6*x_0 + 9*x_5 + 8*x_1 + 9*x_2 <= 18,2.0,knapsack,gadget,missing_vcg,vcg,0,5,nisq,,,,,,,,,,,,,,
b_6_overlapping_01,6,6,overlapping,constraint_component,1*x_3 + 6*x_0 + 9*x_5 + 8*x_1 + 9*x_2 <= 18,2.0,knapsack,gadget,missing_vcg,vcg,0,5,ftqc,,,,,,,,,,,,,,
b_6_overlapping_01,6,6,overlapping,constraint_component,1*x_3 + 6*x_0 + 9*x_5 + 8*x_1 + 9*x_2 <= 18,2.0,knapsack,penalty_cost_layer,complete,vcg,5,11,nisq,"{'CNOT': 90, 'RZ': 55}",145.0,10.0,0.0,0.0,10.0,55.0,90.0,0.0,,,,,
b_6_overlapping_01,6,6,overlapping,constraint_component,1*x_3 + 6*x_0 + 9*x_5 + 8*x_1 + 9*x_2 <= 18,2.0,knapsack,penalty_cost_layer,complete,vcg,5,11,ftqc,"{'CNOT': 90, 'T': 2420}",2510.0,10.0,0.0,0.0,10.0,2420.0,90.0,2420.0,,,,,
b_6_overlapping_01,6,6,overlapping,feasible,,,,full_penalty_qaoa,complete,,8,14,nisq,"{'Hadamard': 14, 'CNOT': 124, 'RZ': 76, 'RX': 14}",228.0,14.0,0.0,0.0,14.0,104.0,124.0,0.0,24.0,1.0,14.0,214.0,403.0
b_6_overlapping_01,6,6,overlapping,feasible,,,,full_penalty_qaoa,complete,,8,14,nisq,"{'Hadamard': 14, 'CNOT': 248, 'RZ': 152, 'RX': 28}",442.0,14.0,0.0,0.0,14.0,194.0,248.0,0.0,24.0,2.0,14.0,214.0,403.0
b_6_overlapping_01,6,6,overlapping,feasible,,,,full_penalty_qaoa,complete,,8,14,nisq,"{'Hadamard': 14, 'CNOT': 372, 'RZ': 228, 'RX': 42}",656.0,14.0,0.0,0.0,14.0,284.0,372.0,0.0,24.0,3.0,14.0,214.0,403.0
b_6_overlapping_01,6,6,overlapping,feasible,,,,full_penalty_qaoa,complete,,8,14,nisq,"{'Hadamard': 14, 'CNOT': 496, 'RZ': 304, 'RX': 56}",870.0,14.0,0.0,0.0,14.0,374.0,496.0,0.0,24.0,4.0,14.0,214.0,403.0
b_6_overlapping_01,6,6,overlapping,feasible,,,,full_penalty_qaoa,complete,,8,14,nisq,"{'Hadamard': 14, 'CNOT': 620, 'RZ': 380, 'RX': 70}",1084.0,14.0,0.0,0.0,14.0,464.0,620.0,0.0,24.0,5.0,14.0,214.0,403.0
b_6_overlapping_01,6,6,overlapping,feasible,,,,full_penalty_qaoa,complete,,8,14,ftqc,"{'Hadamard': 14, 'CNOT': 124, 'T': 3960}",4098.0,14.0,0.0,0.0,14.0,3974.0,124.0,3960.0,24.0,1.0,14.0,4084.0,11282.0
b_6_overlapping_01,6,6,overlapping,feasible,,,,full_penalty_qaoa,complete,,8,14,ftqc,"{'Hadamard': 14, 'CNOT': 248, 'T': 7920}",8182.0,14.0,0.0,0.0,14.0,7934.0,248.0,7920.0,24.0,2.0,14.0,4084.0,11282.0
b_6_overlapping_01,6,6,overlapping,feasible,,,,full_penalty_qaoa,complete,,8,14,ftqc,"{'Hadamard': 14, 'CNOT': 372, 'T': 11880}",12266.0,14.0,0.0,0.0,14.0,11894.0,372.0,11880.0,24.0,3.0,14.0,4084.0,11282.0
b_6_overlapping_01,6,6,overlapping,feasible,,,,full_penalty_qaoa,complete,,8,14,ftqc,"{'Hadamard': 14, 'CNOT': 496, 'T': 15840}",16350.0,14.0,0.0,0.0,14.0,15854.0,496.0,15840.0,24.0,4.0,14.0,4084.0,11282.0
b_6_overlapping_01,6,6,overlapping,feasible,,,,full_penalty_qaoa,complete,,8,14,ftqc,"{'Hadamard': 14, 'CNOT': 620, 'T': 19800}",20434.0,14.0,0.0,0.0,14.0,19814.0,620.0,19800.0,24.0,5.0,14.0,4084.0,11282.0
b_6_overlapping_01,6,6,overlapping,local,,,,full_penalty_qaoa,complete,,8,14,nisq,"{'Hadamard': 14, 'CNOT': 124, 'RZ': 76, 'RX': 14}",228.0,14.0,0.0,0.0,14.0,104.0,124.0,0.0,21.0,1.0,14.0,214.0,403.0
b_6_overlapping_01,6,6,overlapping,local,,,,full_penalty_qaoa,complete,,8,14,nisq,"{'Hadamard': 14, 'CNOT': 248, 'RZ': 152, 'RX': 28}",442.0,14.0,0.0,0.0,14.0,194.0,248.0,0.0,21.0,2.0,14.0,214.0,403.0
b_6_overlapping_01,6,6,overlapping,local,,,,full_penalty_qaoa,complete,,8,14,nisq,"{'Hadamard': 14, 'CNOT': 372, 'RZ': 228, 'RX': 42}",656.0,14.0,0.0,0.0,14.0,284.0,372.0,0.0,21.0,3.0,14.0,214.0,403.0
b_6_overlapping_01,6,6,overlapping,local,,,,full_penalty_qaoa,complete,,8,14,nisq,"{'Hadamard': 14, 'CNOT': 496, 'RZ': 304, 'RX': 56}",870.0,14.0,0.0,0.0,14.0,374.0,496.0,0.0,21.0,4.0,14.0,214.0,403.0
b_6_overlapping_01,6,6,overlapping,local,,,,full_penalty_qaoa,complete,,8,14,nisq,"{'Hadamard': 14, 'CNOT': 620, 'RZ': 380, 'RX': 70}",1084.0,14.0,0.0,0.0,14.0,464.0,620.0,0.0,21.0,5.0,14.0,214.0,403.0
b_6_overlapping_01,6,6,overlapping,local,,,,full_penalty_qaoa,complete,,8,14,ftqc,"{'Hadamard': 14, 'CNOT': 124, 'T': 3960}",4098.0,14.0,0.0,0.0,14.0,3974.0,124.0,3960.0,21.0,1.0,14.0,4084.0,11282.0
b_6_overlapping_01,6,6,overlapping,local,,,,full_penalty_qaoa,complete,,8,14,ftqc,"{'Hadamard': 14, 'CNOT': 248, 'T': 7920}",8182.0,14.0,0.0,0.0,14.0,7934.0,248.0,7920.0,21.0,2.0,14.0,4084.0,11282.0
b_6_overlapping_01,6,6,overlapping,local,,,,full_penalty_qaoa,complete,,8,14,ftqc,"{'Hadamard': 14, 'CNOT': 372, 'T': 11880}",12266.0,14.0,0.0,0.0,14.0,11894.0,372.0,11880.0,21.0,3.0,14.0,4084.0,11282.0
b_6_overlapping_01,6,6,overlapping,local,,,,full_penalty_qaoa,complete,,8,14,ftqc,"{'Hadamard': 14, 'CNOT': 496, 'T': 15840}",16350.0,14.0,0.0,0.0,14.0,15854.0,496.0,15840.0,21.0,4.0,14.0,4084.0,11282.0
b_6_overlapping_01,6,6,overlapping,local,,,,full_penalty_qaoa,complete,,8,14,ftqc,"{'Hadamard': 14, 'CNOT': 620, 'T': 19800}",20434.0,14.0,0.0,0.0,14.0,19814.0,620.0,19800.0,21.0,5.0,14.0,4084.0,11282.0
b_6_overlapping_01,6,6,overlapping,maximum,,,,full_penalty_qaoa,complete,,8,14,nisq,"{'Hadamard': 14, 'CNOT': 124, 'RZ': 76, 'RX': 14}",228.0,14.0,0.0,0.0,14.0,104.0,124.0,0.0,6.0,1.0,14.0,214.0,403.0
b_6_overlapping_01,6,6,overlapping,maximum,,,,full_penalty_qaoa,complete,,8,14,nisq,"{'Hadamard': 14, 'CNOT': 248, 'RZ': 152, 'RX': 28}",442.0,14.0,0.0,0.0,14.0,194.0,248.0,0.0,6.0,2.0,14.0,214.0,403.0
b_6_overlapping_01,6,6,overlapping,maximum,,,,full_penalty_qaoa,complete,,8,14,nisq,"{'Hadamard': 14, 'CNOT': 372, 'RZ': 228, 'RX': 42}",656.0,14.0,0.0,0.0,14.0,284.0,372.0,0.0,6.0,3.0,14.0,214.0,403.0
b_6_overlapping_01,6,6,overlapping,maximum,,,,full_penalty_qaoa,complete,,8,14,nisq,"{'Hadamard': 14, 'CNOT': 496, 'RZ': 304, 'RX': 56}",870.0,14.0,0.0,0.0,14.0,374.0,496.0,0.0,6.0,4.0,14.0,214.0,403.0
b_6_overlapping_01,6,6,overlapping,maximum,,,,full_penalty_qaoa,complete,,8,14,nisq,"{'Hadamard': 14, 'CNOT': 620, 'RZ': 380, 'RX': 70}",1084.0,14.0,0.0,0.0,14.0,464.0,620.0,0.0,6.0,5.0,14.0,214.0,403.0
b_6_overlapping_01,6,6,overlapping,maximum,,,,full_penalty_qaoa,complete,,8,14,ftqc,"{'Hadamard': 14, 'CNOT': 124, 'T': 3960}",4098.0,14.0,0.0,0.0,14.0,3974.0,124.0,3960.0,6.0,1.0,14.0,4084.0,11282.0
b_6_overlapping_01,6,6,overlapping,maximum,,,,full_penalty_qaoa,complete,,8,14,ftqc,"{'Hadamard': 14, 'CNOT': 248, 'T': 7920}",8182.0,14.0,0.0,0.0,14.0,7934.0,248.0,7920.0,6.0,2.0,14.0,4084.0,11282.0
b_6_overlapping_01,6,6,overlapping,maximum,,,,full_penalty_qaoa,complete,,8,14,ftqc,"{'Hadamard': 14, 'CNOT': 372, 'T': 11880}",12266.0,14.0,0.0,0.0,14.0,11894.0,372.0,11880.0,6.0,3.0,14.0,4084.0,11282.0
b_6_overlapping_01,6,6,overlapping,maximum,,,,full_penalty_qaoa,complete,,8,14,ftqc,"{'Hadamard': 14, 'CNOT': 496, 'T': 15840}",16350.0,14.0,0.0,0.0,14.0,15854.0,496.0,15840.0,6.0,4.0,14.0,4084.0,11282.0
b_6_overlapping_01,6,6,overlapping,maximum,,,,full_penalty_qaoa,complete,,8,14,ftqc,"{'Hadamard': 14, 'CNOT': 620, 'T': 19800}",20434.0,14.0,0.0,0.0,14.0,19814.0,620.0,19800.0,6.0,5.0,14.0,4084.0,11282.0
b_6_overlapping_01,6,6,overlapping,range,,,,full_penalty_qaoa,complete,,8,14,nisq,"{'Hadamard': 14, 'CNOT': 124, 'RZ': 76, 'RX': 14}",228.0,14.0,0.0,0.0,14.0,104.0,124.0,0.0,59.0,1.0,14.0,214.0,403.0
b_6_overlapping_01,6,6,overlapping,range,,,,full_penalty_qaoa,complete,,8,14,nisq,"{'Hadamard': 14, 'CNOT': 248, 'RZ': 152, 'RX': 28}",442.0,14.0,0.0,0.0,14.0,194.0,248.0,0.0,59.0,2.0,14.0,214.0,403.0
b_6_overlapping_01,6,6,overlapping,range,,,,full_penalty_qaoa,complete,,8,14,nisq,"{'Hadamard': 14, 'CNOT': 372, 'RZ': 228, 'RX': 42}",656.0,14.0,0.0,0.0,14.0,284.0,372.0,0.0,59.0,3.0,14.0,214.0,403.0
b_6_overlapping_01,6,6,overlapping,range,,,,full_penalty_qaoa,complete,,8,14,nisq,"{'Hadamard': 14, 'CNOT': 496, 'RZ': 304, 'RX': 56}",870.0,14.0,0.0,0.0,14.0,374.0,496.0,0.0,59.0,4.0,14.0,214.0,403.0
b_6_overlapping_01,6,6,overlapping,range,,,,full_penalty_qaoa,complete,,8,14,nisq,"{'Hadamard': 14, 'CNOT': 620, 'RZ': 380, 'RX': 70}",1084.0,14.0,0.0,0.0,14.0,464.0,620.0,0.0,59.0,5.0,14.0,214.0,403.0
b_6_overlapping_01,6,6,overlapping,range,,,,full_penalty_qaoa,complete,,8,14,ftqc,"{'Hadamard': 14, 'CNOT': 124, 'T': 3960}",4098.0,14.0,0.0,0.0,14.0,3974.0,124.0,3960.0,59.0,1.0,14.0,4084.0,11282.0
b_6_overlapping_01,6,6,overlapping,range,,,,full_penalty_qaoa,complete,,8,14,ftqc,"{'Hadamard': 14, 'CNOT': 248, 'T': 7920}",8182.0,14.0,0.0,0.0,14.0,7934.0,248.0,7920.0,59.0,2.0,14.0,4084.0,11282.0
b_6_overlapping_01,6,6,overlapping,range,,,,full_penalty_qaoa,complete,,8,14,ftqc,"{'Hadamard': 14, 'CNOT': 372, 'T': 11880}",12266.0,14.0,0.0,0.0,14.0,11894.0,372.0,11880.0,59.0,3.0,14.0,4084.0,11282.0
b_6_overlapping_01,6,6,overlapping,range,,,,full_penalty_qaoa,complete,,8,14,ftqc,"{'Hadamard': 14, 'CNOT': 496, 'T': 15840}",16350.0,14.0,0.0,0.0,14.0,15854.0,496.0,15840.0,59.0,4.0,14.0,4084.0,11282.0
b_6_overlapping_01,6,6,overlapping,range,,,,full_penalty_qaoa,complete,,8,14,ftqc,"{'Hadamard': 14, 'CNOT': 620, 'T': 19800}",20434.0,14.0,0.0,0.0,14.0,19814.0,620.0,19800.0,59.0,5.0,14.0,4084.0,11282.0
b_6_overlapping_01,6,6,overlapping,verma_lewis,,,,full_penalty_qaoa,complete,,8,14,nisq,"{'Hadamard': 14, 'CNOT': 124, 'RZ': 76, 'RX': 14}",228.0,14.0,0.0,0.0,14.0,104.0,124.0,0.0,19.0,1.0,14.0,214.0,403.0
b_6_overlapping_01,6,6,overlapping,verma_lewis,,,,full_penalty_qaoa,complete,,8,14,nisq,"{'Hadamard': 14, 'CNOT': 248, 'RZ': 152, 'RX': 28}",442.0,14.0,0.0,0.0,14.0,194.0,248.0,0.0,19.0,2.0,14.0,214.0,403.0
b_6_overlapping_01,6,6,overlapping,verma_lewis,,,,full_penalty_qaoa,complete,,8,14,nisq,"{'Hadamard': 14, 'CNOT': 372, 'RZ': 228, 'RX': 42}",656.0,14.0,0.0,0.0,14.0,284.0,372.0,0.0,19.0,3.0,14.0,214.0,403.0
b_6_overlapping_01,6,6,overlapping,verma_lewis,,,,full_penalty_qaoa,complete,,8,14,nisq,"{'Hadamard': 14, 'CNOT': 496, 'RZ': 304, 'RX': 56}",870.0,14.0,0.0,0.0,14.0,374.0,496.0,0.0,19.0,4.0,14.0,214.0,403.0
b_6_overlapping_01,6,6,overlapping,verma_lewis,,,,full_penalty_qaoa,complete,,8,14,nisq,"{'Hadamard': 14, 'CNOT': 620, 'RZ': 380, 'RX': 70}",1084.0,14.0,0.0,0.0,14.0,464.0,620.0,0.0,19.0,5.0,14.0,214.0,403.0
b_6_overlapping_01,6,6,overlapping,verma_lewis,,,,full_penalty_qaoa,complete,,8,14,ftqc,"{'Hadamard': 14, 'CNOT': 124, 'T': 3960}",4098.0,14.0,0.0,0.0,14.0,3974.0,124.0,3960.0,19.0,1.0,14.0,4084.0,11282.0
b_6_overlapping_01,6,6,overlapping,verma_lewis,,,,full_penalty_qaoa,complete,,8,14,ftqc,"{'Hadamard': 14, 'CNOT': 248, 'T': 7920}",8182.0,14.0,0.0,0.0,14.0,7934.0,248.0,7920.0,19.0,2.0,14.0,4084.0,11282.0
b_6_overlapping_01,6,6,overlapping,verma_lewis,,,,full_penalty_qaoa,complete,,8,14,ftqc,"{'Hadamard': 14, 'CNOT': 372, 'T': 11880}",12266.0,14.0,0.0,0.0,14.0,11894.0,372.0,11880.0,19.0,3.0,14.0,4084.0,11282.0
b_6_overlapping_01,6,6,overlapping,verma_lewis,,,,full_penalty_qaoa,complete,,8,14,ftqc,"{'Hadamard': 14, 'CNOT': 496, 'T': 15840}",16350.0,14.0,0.0,0.0,14.0,15854.0,496.0,15840.0,19.0,4.0,14.0,4084.0,11282.0
b_6_overlapping_01,6,6,overlapping,verma_lewis,,,,full_penalty_qaoa,complete,,8,14,ftqc,"{'Hadamard': 14, 'CNOT': 620, 'T': 19800}",20434.0,14.0,0.0,0.0,14.0,19814.0,620.0,19800.0,19.0,5.0,14.0,4084.0,11282.0
b_6_overlapping_02,6,6,overlapping,constraint_component,x_3*x_4 == 0,0.0,independent_set,gadget,complete,leq,0,2,nisq,"{'RY': 3, 'CNOT': 7}",10.0,2.0,0.0,0.0,2.0,3.0,7.0,0.0,,,,,
b_6_overlapping_02,6,6,overlapping,constraint_component,x_3*x_4 == 0,0.0,independent_set,gadget,complete,leq,0,2,ftqc,"{'T': 132, 'CNOT': 7}",139.0,2.0,0.0,0.0,2.0,132.0,7.0,132.0,,,,,
b_6_overlapping_02,6,6,overlapping,constraint_component,x_3*x_4 == 0,0.0,independent_set,penalty_cost_layer,complete,leq,0,6,nisq,"{'CNOT': 2, 'RZ': 3}",5.0,2.0,0.0,0.0,2.0,3.0,2.0,0.0,,,,,
b_6_overlapping_02,6,6,overlapping,constraint_component,x_3*x_4 == 0,0.0,independent_set,penalty_cost_layer,complete,leq,0,6,ftqc,"{'CNOT': 2, 'T': 132}",134.0,2.0,0.0,0.0,2.0,132.0,2.0,132.0,,,,,
b_6_overlapping_02,6,6,overlapping,constraint_component,x_4 + x_1 + x_3 <= 3,1.0,cardinality,gadget,complete,leq,0,3,nisq,"{'RY': 11, 'CNOT': 37, 'Hadamard': 10, 'S': 6, 'T': 8, 'Z': 4}",76.0,3.0,2.0,0.0,5.0,39.0,37.0,8.0,,,,,
b_6_overlapping_02,6,6,overlapping,constraint_component,x_4 + x_1 + x_3 <= 3,1.0,cardinality,gadget,complete,leq,0,3,ftqc,"{'T': 492, 'CNOT': 37, 'Hadamard': 10, 'S': 14}",553.0,3.0,2.0,0.0,5.0,516.0,37.0,492.0,,,,,
b_6_overlapping_02,6,6,overlapping,constraint_component,x_4 + x_1 + x_3 <= 3,1.0,cardinality,penalty_cost_layer,complete,leq,2,8,nisq,"{'CNOT': 20, 'RZ': 15}",35.0,5.0,0.0,0.0,5.0,15.0,20.0,0.0,,,,,
b_6_overlapping_02,6,6,overlapping,constraint_component,x_4 + x_1 + x_3 <= 3,1.0,cardinality,penalty_cost_layer,complete,leq,2,8,ftqc,"{'CNOT': 20, 'T': 660}",680.0,5.0,0.0,0.0,5.0,660.0,20.0,660.0,,,,,
b_6_overlapping_02,6,6,overlapping,constraint_component,x_0 + x_5 == 1,2.0,cardinality,gadget,complete,dicke,0,2,nisq,"{'X': 1, 'CNOT': 3, 'RY': 2}",6.0,2.0,0.0,0.0,2.0,3.0,3.0,0.0,,,,,
b_6_overlapping_02,6,6,overlapping,constraint_component,x_0 + x_5 == 1,2.0,cardinality,gadget,complete,dicke,0,2,ftqc,"{'Hadamard': 2, 'S': 2, 'CNOT': 3, 'T': 88}",95.0,2.0,0.0,0.0,2.0,92.0,3.0,88.0,,,,,
b_6_overlapping_02,6,6,overlapping,constraint_component,x_0 + x_5 == 1,2.0,cardinality,penalty_cost_layer,complete,dicke,0,6,nisq,"{'CNOT': 2, 'RZ': 3}",5.0,2.0,0.0,0.0,2.0,3.0,2.0,0.0,,,,,
b_6_overlapping_02,6,6,overlapping,constraint_component,x_0 + x_5 == 1,2.0,cardinality,penalty_cost_layer,complete,dicke,0,6,ftqc,"{'CNOT': 2, 'T': 132}",134.0,2.0,0.0,0.0,2.0,132.0,2.0,132.0,,,,,
b_6_overlapping_02,6,6,overlapping,feasible,,,,full_penalty_qaoa,complete,,2,8,nisq,"{'Hadamard': 8, 'CNOT': 44, 'RZ': 28, 'RX': 8}",88.0,8.0,0.0,0.0,8.0,44.0,44.0,0.0,25.0,1.0,8.0,80.0,130.0
b_6_overlapping_02,6,6,overlapping,feasible,,,,full_penalty_qaoa,complete,,2,8,nisq,"{'Hadamard': 8, 'CNOT': 88, 'RZ': 56, 'RX': 16}",168.0,8.0,0.0,0.0,8.0,80.0,88.0,0.0,25.0,2.0,8.0,80.0,130.0
b_6_overlapping_02,6,6,overlapping,feasible,,,,full_penalty_qaoa,complete,,2,8,nisq,"{'Hadamard': 8, 'CNOT': 132, 'RZ': 84, 'RX': 24}",248.0,8.0,0.0,0.0,8.0,116.0,132.0,0.0,25.0,3.0,8.0,80.0,130.0
b_6_overlapping_02,6,6,overlapping,feasible,,,,full_penalty_qaoa,complete,,2,8,nisq,"{'Hadamard': 8, 'CNOT': 176, 'RZ': 112, 'RX': 32}",328.0,8.0,0.0,0.0,8.0,152.0,176.0,0.0,25.0,4.0,8.0,80.0,130.0
b_6_overlapping_02,6,6,overlapping,feasible,,,,full_penalty_qaoa,complete,,2,8,nisq,"{'Hadamard': 8, 'CNOT': 220, 'RZ': 140, 'RX': 40}",408.0,8.0,0.0,0.0,8.0,188.0,220.0,0.0,25.0,5.0,8.0,80.0,130.0
b_6_overlapping_02,6,6,overlapping,feasible,,,,full_penalty_qaoa,complete,,2,8,ftqc,"{'Hadamard': 8, 'CNOT': 44, 'T': 1584}",1636.0,8.0,0.0,0.0,8.0,1592.0,44.0,1584.0,25.0,1.0,8.0,1628.0,3484.0
b_6_overlapping_02,6,6,overlapping,feasible,,,,full_penalty_qaoa,complete,,2,8,ftqc,"{'Hadamard': 8, 'CNOT': 88, 'T': 3168}",3264.0,8.0,0.0,0.0,8.0,3176.0,88.0,3168.0,25.0,2.0,8.0,1628.0,3484.0
b_6_overlapping_02,6,6,overlapping,feasible,,,,full_penalty_qaoa,complete,,2,8,ftqc,"{'Hadamard': 8, 'CNOT': 132, 'T': 4752}",4892.0,8.0,0.0,0.0,8.0,4760.0,132.0,4752.0,25.0,3.0,8.0,1628.0,3484.0
b_6_overlapping_02,6,6,overlapping,feasible,,,,full_penalty_qaoa,complete,,2,8,ftqc,"{'Hadamard': 8, 'CNOT': 176, 'T': 6336}",6520.0,8.0,0.0,0.0,8.0,6344.0,176.0,6336.0,25.0,4.0,8.0,1628.0,3484.0
b_6_overlapping_02,6,6,overlapping,feasible,,,,full_penalty_qaoa,complete,,2,8,ftqc,"{'Hadamard': 8, 'CNOT': 220, 'T': 7920}",8148.0,8.0,0.0,0.0,8.0,7928.0,220.0,7920.0,25.0,5.0,8.0,1628.0,3484.0
b_6_overlapping_02,6,6,overlapping,local,,,,full_penalty_qaoa,complete,,2,8,nisq,"{'Hadamard': 8, 'CNOT': 44, 'RZ': 28, 'RX': 8}",88.0,8.0,0.0,0.0,8.0,44.0,44.0,0.0,19.0,1.0,8.0,80.0,130.0
b_6_overlapping_02,6,6,overlapping,local,,,,full_penalty_qaoa,complete,,2,8,nisq,"{'Hadamard': 8, 'CNOT': 88, 'RZ': 56, 'RX': 16}",168.0,8.0,0.0,0.0,8.0,80.0,88.0,0.0,19.0,2.0,8.0,80.0,130.0
b_6_overlapping_02,6,6,overlapping,local,,,,full_penalty_qaoa,complete,,2,8,nisq,"{'Hadamard': 8, 'CNOT': 132, 'RZ': 84, 'RX': 24}",248.0,8.0,0.0,0.0,8.0,116.0,132.0,0.0,19.0,3.0,8.0,80.0,130.0
b_6_overlapping_02,6,6,overlapping,local,,,,full_penalty_qaoa,complete,,2,8,nisq,"{'Hadamard': 8, 'CNOT': 176, 'RZ': 112, 'RX': 32}",328.0,8.0,0.0,0.0,8.0,152.0,176.0,0.0,19.0,4.0,8.0,80.0,130.0
b_6_overlapping_02,6,6,overlapping,local,,,,full_penalty_qaoa,complete,,2,8,nisq,"{'Hadamard': 8, 'CNOT': 220, 'RZ': 140, 'RX': 40}",408.0,8.0,0.0,0.0,8.0,188.0,220.0,0.0,19.0,5.0,8.0,80.0,130.0
b_6_overlapping_02,6,6,overlapping,local,,,,full_penalty_qaoa,complete,,2,8,ftqc,"{'Hadamard': 8, 'CNOT': 44, 'T': 1584}",1636.0,8.0,0.0,0.0,8.0,1592.0,44.0,1584.0,19.0,1.0,8.0,1628.0,3484.0
b_6_overlapping_02,6,6,overlapping,local,,,,full_penalty_qaoa,complete,,2,8,ftqc,"{'Hadamard': 8, 'CNOT': 88, 'T': 3168}",3264.0,8.0,0.0,0.0,8.0,3176.0,88.0,3168.0,19.0,2.0,8.0,1628.0,3484.0
b_6_overlapping_02,6,6,overlapping,local,,,,full_penalty_qaoa,complete,,2,8,ftqc,"{'Hadamard': 8, 'CNOT': 132, 'T': 4752}",4892.0,8.0,0.0,0.0,8.0,4760.0,132.0,4752.0,19.0,3.0,8.0,1628.0,3484.0
b_6_overlapping_02,6,6,overlapping,local,,,,full_penalty_qaoa,complete,,2,8,ftqc,"{'Hadamard': 8, 'CNOT': 176, 'T': 6336}",6520.0,8.0,0.0,0.0,8.0,6344.0,176.0,6336.0,19.0,4.0,8.0,1628.0,3484.0
b_6_overlapping_02,6,6,overlapping,local,,,,full_penalty_qaoa,complete,,2,8,ftqc,"{'Hadamard': 8, 'CNOT': 220, 'T': 7920}",8148.0,8.0,0.0,0.0,8.0,7928.0,220.0,7920.0,19.0,5.0,8.0,1628.0,3484.0
b_6_overlapping_02,6,6,overlapping,maximum,,,,full_penalty_qaoa,complete,,2,8,nisq,"{'Hadamard': 8, 'CNOT': 44, 'RZ': 28, 'RX': 8}",88.0,8.0,0.0,0.0,8.0,44.0,44.0,0.0,6.0,1.0,8.0,80.0,130.0
b_6_overlapping_02,6,6,overlapping,maximum,,,,full_penalty_qaoa,complete,,2,8,nisq,"{'Hadamard': 8, 'CNOT': 88, 'RZ': 56, 'RX': 16}",168.0,8.0,0.0,0.0,8.0,80.0,88.0,0.0,6.0,2.0,8.0,80.0,130.0
b_6_overlapping_02,6,6,overlapping,maximum,,,,full_penalty_qaoa,complete,,2,8,nisq,"{'Hadamard': 8, 'CNOT': 132, 'RZ': 84, 'RX': 24}",248.0,8.0,0.0,0.0,8.0,116.0,132.0,0.0,6.0,3.0,8.0,80.0,130.0
b_6_overlapping_02,6,6,overlapping,maximum,,,,full_penalty_qaoa,complete,,2,8,nisq,"{'Hadamard': 8, 'CNOT': 176, 'RZ': 112, 'RX': 32}",328.0,8.0,0.0,0.0,8.0,152.0,176.0,0.0,6.0,4.0,8.0,80.0,130.0
b_6_overlapping_02,6,6,overlapping,maximum,,,,full_penalty_qaoa,complete,,2,8,nisq,"{'Hadamard': 8, 'CNOT': 220, 'RZ': 140, 'RX': 40}",408.0,8.0,0.0,0.0,8.0,188.0,220.0,0.0,6.0,5.0,8.0,80.0,130.0
b_6_overlapping_02,6,6,overlapping,maximum,,,,full_penalty_qaoa,complete,,2,8,ftqc,"{'Hadamard': 8, 'CNOT': 44, 'T': 1584}",1636.0,8.0,0.0,0.0,8.0,1592.0,44.0,1584.0,6.0,1.0,8.0,1628.0,3484.0
b_6_overlapping_02,6,6,overlapping,maximum,,,,full_penalty_qaoa,complete,,2,8,ftqc,"{'Hadamard': 8, 'CNOT': 88, 'T': 3168}",3264.0,8.0,0.0,0.0,8.0,3176.0,88.0,3168.0,6.0,2.0,8.0,1628.0,3484.0
b_6_overlapping_02,6,6,overlapping,maximum,,,,full_penalty_qaoa,complete,,2,8,ftqc,"{'Hadamard': 8, 'CNOT': 132, 'T': 4752}",4892.0,8.0,0.0,0.0,8.0,4760.0,132.0,4752.0,6.0,3.0,8.0,1628.0,3484.0
b_6_overlapping_02,6,6,overlapping,maximum,,,,full_penalty_qaoa,complete,,2,8,ftqc,"{'Hadamard': 8, 'CNOT': 176, 'T': 6336}",6520.0,8.0,0.0,0.0,8.0,6344.0,176.0,6336.0,6.0,4.0,8.0,1628.0,3484.0
b_6_overlapping_02,6,6,overlapping,maximum,,,,full_penalty_qaoa,complete,,2,8,ftqc,"{'Hadamard': 8, 'CNOT': 220, 'T': 7920}",8148.0,8.0,0.0,0.0,8.0,7928.0,220.0,7920.0,6.0,5.0,8.0,1628.0,3484.0
b_6_overlapping_02,6,6,overlapping,range,,,,full_penalty_qaoa,complete,,2,8,nisq,"{'Hadamard': 8, 'CNOT': 44, 'RZ': 28, 'RX': 8}",88.0,8.0,0.0,0.0,8.0,44.0,44.0,0.0,51.0,1.0,8.0,80.0,130.0
b_6_overlapping_02,6,6,overlapping,range,,,,full_penalty_qaoa,complete,,2,8,nisq,"{'Hadamard': 8, 'CNOT': 88, 'RZ': 56, 'RX': 16}",168.0,8.0,0.0,0.0,8.0,80.0,88.0,0.0,51.0,2.0,8.0,80.0,130.0
b_6_overlapping_02,6,6,overlapping,range,,,,full_penalty_qaoa,complete,,2,8,nisq,"{'Hadamard': 8, 'CNOT': 132, 'RZ': 84, 'RX': 24}",248.0,8.0,0.0,0.0,8.0,116.0,132.0,0.0,51.0,3.0,8.0,80.0,130.0
b_6_overlapping_02,6,6,overlapping,range,,,,full_penalty_qaoa,complete,,2,8,nisq,"{'Hadamard': 8, 'CNOT': 176, 'RZ': 112, 'RX': 32}",328.0,8.0,0.0,0.0,8.0,152.0,176.0,0.0,51.0,4.0,8.0,80.0,130.0
b_6_overlapping_02,6,6,overlapping,range,,,,full_penalty_qaoa,complete,,2,8,nisq,"{'Hadamard': 8, 'CNOT': 220, 'RZ': 140, 'RX': 40}",408.0,8.0,0.0,0.0,8.0,188.0,220.0,0.0,51.0,5.0,8.0,80.0,130.0
b_6_overlapping_02,6,6,overlapping,range,,,,full_penalty_qaoa,complete,,2,8,ftqc,"{'Hadamard': 8, 'CNOT': 44, 'T': 1584}",1636.0,8.0,0.0,0.0,8.0,1592.0,44.0,1584.0,51.0,1.0,8.0,1628.0,3484.0
b_6_overlapping_02,6,6,overlapping,range,,,,full_penalty_qaoa,complete,,2,8,ftqc,"{'Hadamard': 8, 'CNOT': 88, 'T': 3168}",3264.0,8.0,0.0,0.0,8.0,3176.0,88.0,3168.0,51.0,2.0,8.0,1628.0,3484.0
b_6_overlapping_02,6,6,overlapping,range,,,,full_penalty_qaoa,complete,,2,8,ftqc,"{'Hadamard': 8, 'CNOT': 132, 'T': 4752}",4892.0,8.0,0.0,0.0,8.0,4760.0,132.0,4752.0,51.0,3.0,8.0,1628.0,3484.0
b_6_overlapping_02,6,6,overlapping,range,,,,full_penalty_qaoa,complete,,2,8,ftqc,"{'Hadamard': 8, 'CNOT': 176, 'T': 6336}",6520.0,8.0,0.0,0.0,8.0,6344.0,176.0,6336.0,51.0,4.0,8.0,1628.0,3484.0
b_6_overlapping_02,6,6,overlapping,range,,,,full_penalty_qaoa,complete,,2,8,ftqc,"{'Hadamard': 8, 'CNOT': 220, 'T': 7920}",8148.0,8.0,0.0,0.0,8.0,7928.0,220.0,7920.0,51.0,5.0,8.0,1628.0,3484.0
b_6_overlapping_02,6,6,overlapping,verma_lewis,,,,full_penalty_qaoa,complete,,2,8,nisq,"{'Hadamard': 8, 'CNOT': 44, 'RZ': 28, 'RX': 8}",88.0,8.0,0.0,0.0,8.0,44.0,44.0,0.0,14.0,1.0,8.0,80.0,130.0
b_6_overlapping_02,6,6,overlapping,verma_lewis,,,,full_penalty_qaoa,complete,,2,8,nisq,"{'Hadamard': 8, 'CNOT': 88, 'RZ': 56, 'RX': 16}",168.0,8.0,0.0,0.0,8.0,80.0,88.0,0.0,14.0,2.0,8.0,80.0,130.0
b_6_overlapping_02,6,6,overlapping,verma_lewis,,,,full_penalty_qaoa,complete,,2,8,nisq,"{'Hadamard': 8, 'CNOT': 132, 'RZ': 84, 'RX': 24}",248.0,8.0,0.0,0.0,8.0,116.0,132.0,0.0,14.0,3.0,8.0,80.0,130.0
b_6_overlapping_02,6,6,overlapping,verma_lewis,,,,full_penalty_qaoa,complete,,2,8,nisq,"{'Hadamard': 8, 'CNOT': 176, 'RZ': 112, 'RX': 32}",328.0,8.0,0.0,0.0,8.0,152.0,176.0,0.0,14.0,4.0,8.0,80.0,130.0
b_6_overlapping_02,6,6,overlapping,verma_lewis,,,,full_penalty_qaoa,complete,,2,8,nisq,"{'Hadamard': 8, 'CNOT': 220, 'RZ': 140, 'RX': 40}",408.0,8.0,0.0,0.0,8.0,188.0,220.0,0.0,14.0,5.0,8.0,80.0,130.0
b_6_overlapping_02,6,6,overlapping,verma_lewis,,,,full_penalty_qaoa,complete,,2,8,ftqc,"{'Hadamard': 8, 'CNOT': 44, 'T': 1584}",1636.0,8.0,0.0,0.0,8.0,1592.0,44.0,1584.0,14.0,1.0,8.0,1628.0,3484.0
b_6_overlapping_02,6,6,overlapping,verma_lewis,,,,full_penalty_qaoa,complete,,2,8,ftqc,"{'Hadamard': 8, 'CNOT': 88, 'T': 3168}",3264.0,8.0,0.0,0.0,8.0,3176.0,88.0,3168.0,14.0,2.0,8.0,1628.0,3484.0
b_6_overlapping_02,6,6,overlapping,verma_lewis,,,,full_penalty_qaoa,complete,,2,8,ftqc,"{'Hadamard': 8, 'CNOT': 132, 'T': 4752}",4892.0,8.0,0.0,0.0,8.0,4760.0,132.0,4752.0,14.0,3.0,8.0,1628.0,3484.0
b_6_overlapping_02,6,6,overlapping,verma_lewis,,,,full_penalty_qaoa,complete,,2,8,ftqc,"{'Hadamard': 8, 'CNOT': 176, 'T': 6336}",6520.0,8.0,0.0,0.0,8.0,6344.0,176.0,6336.0,14.0,4.0,8.0,1628.0,3484.0
b_6_overlapping_02,6,6,overlapping,verma_lewis,,,,full_penalty_qaoa,complete,,2,8,ftqc,"{'Hadamard': 8, 'CNOT': 220, 'T': 7920}",8148.0,8.0,0.0,0.0,8.0,7928.0,220.0,7920.0,14.0,5.0,8.0,1628.0,3484.0
b_7_disjoint_01,7,7,disjoint,constraint_component,5*x_0*x_0 + 3*x_0*x_1 + 5*x_0*x_2 + 4*x_1*x_1 + 5*x_1*x_2 + 3*x_2*x_2 <= 14,0.0,quadratic_knapsack,gadget,missing_vcg,vcg,0,3,nisq,,,,,,,,,,,,,,
b_7_disjoint_01,7,7,disjoint,constraint_component,5*x_0*x_0 + 3*x_0*x_1 + 5*x_0*x_2 + 4*x_1*x_1 + 5*x_1*x_2 + 3*x_2*x_2 <= 14,0.0,quadratic_knapsack,gadget,missing_vcg,vcg,0,3,ftqc,,,,,,,,,,,,,,
b_7_disjoint_01,7,7,disjoint,constraint_component,5*x_0*x_0 + 3*x_0*x_1 + 5*x_0*x_2 + 4*x_1*x_1 + 5*x_1*x_2 + 3*x_2*x_2 <= 14,0.0,quadratic_knapsack,penalty_cost_layer,complete,vcg,4,11,nisq,"{'CNOT': 94, 'RZ': 41}",135.0,7.0,0.0,0.0,7.0,41.0,94.0,0.0,,,,,
b_7_disjoint_01,7,7,disjoint,constraint_component,5*x_0*x_0 + 3*x_0*x_1 + 5*x_0*x_2 + 4*x_1*x_1 + 5*x_1*x_2 + 3*x_2*x_2 <= 14,0.0,quadratic_knapsack,penalty_cost_layer,complete,vcg,4,11,ftqc,"{'CNOT': 94, 'T': 1804}",1898.0,7.0,0.0,0.0,7.0,1804.0,94.0,1804.0,,,,,
b_7_disjoint_01,7,7,disjoint,constraint_component,x_3 + x_4 >= 2,1.0,cardinality,gadget,complete,geq,0,2,nisq,{'X': 2},2.0,2.0,0.0,0.0,2.0,2.0,0.0,0.0,,,,,
b_7_disjoint_01,7,7,disjoint,constraint_component,x_3 + x_4 >= 2,1.0,cardinality,gadget,complete,geq,0,2,ftqc,"{'Hadamard': 4, 'S': 4}",8.0,2.0,0.0,0.0,2.0,8.0,0.0,0.0,,,,,
b_7_disjoint_01,7,7,disjoint,constraint_component,x_3 + x_4 >= 2,1.0,cardinality,penalty_cost_layer,complete,geq,0,7,nisq,"{'CNOT': 2, 'RZ': 3}",5.0,2.0,0.0,0.0,2.0,3.0,2.0,0.0,,,,,
b_7_disjoint_01,7,7,disjoint,constraint_component,x_3 + x_4 >= 2,1.0,cardinality,penalty_cost_layer,complete,geq,0,7,ftqc,"{'CNOT': 2, 'T': 132}",134.0,2.0,0.0,0.0,2.0,132.0,2.0,132.0,,,,,
b_7_disjoint_01,7,7,disjoint,constraint_component,x_5*x_6 == 0,2.0,independent_set,gadget,complete,leq,0,2,nisq,"{'RY': 3, 'CNOT': 7}",10.0,2.0,0.0,0.0,2.0,3.0,7.0,0.0,,,,,
b_7_disjoint_01,7,7,disjoint,constraint_component,x_5*x_6 == 0,2.0,independent_set,gadget,complete,leq,0,2,ftqc,"{'T': 132, 'CNOT': 7}",139.0,2.0,0.0,0.0,2.0,132.0,7.0,132.0,,,,,
b_7_disjoint_01,7,7,disjoint,constraint_component,x_5*x_6 == 0,2.0,independent_set,penalty_cost_layer,complete,leq,0,7,nisq,"{'CNOT': 2, 'RZ': 3}",5.0,2.0,0.0,0.0,2.0,3.0,2.0,0.0,,,,,
b_7_disjoint_01,7,7,disjoint,constraint_component,x_5*x_6 == 0,2.0,independent_set,penalty_cost_layer,complete,leq,0,7,ftqc,"{'CNOT': 2, 'T': 132}",134.0,2.0,0.0,0.0,2.0,132.0,2.0,132.0,,,,,
b_7_disjoint_01,7,7,disjoint,feasible,,,,full_penalty_qaoa,complete,,4,11,nisq,"{'Hadamard': 11, 'CNOT': 120, 'RZ': 58, 'RX': 11}",200.0,11.0,0.0,0.0,11.0,80.0,120.0,0.0,28.0,1.0,11.0,189.0,570.0
b_7_disjoint_01,7,7,disjoint,feasible,,,,full_penalty_qaoa,complete,,4,11,nisq,"{'Hadamard': 11, 'CNOT': 240, 'RZ': 116, 'RX': 22}",389.0,11.0,0.0,0.0,11.0,149.0,240.0,0.0,28.0,2.0,11.0,189.0,570.0
b_7_disjoint_01,7,7,disjoint,feasible,,,,full_penalty_qaoa,complete,,4,11,nisq,"{'Hadamard': 11, 'CNOT': 360, 'RZ': 174, 'RX': 33}",578.0,11.0,0.0,0.0,11.0,218.0,360.0,0.0,28.0,3.0,11.0,189.0,570.0
b_7_disjoint_01,7,7,disjoint,feasible,,,,full_penalty_qaoa,complete,,4,11,nisq,"{'Hadamard': 11, 'CNOT': 480, 'RZ': 232, 'RX': 44}",767.0,11.0,0.0,0.0,11.0,287.0,480.0,0.0,28.0,4.0,11.0,189.0,570.0
b_7_disjoint_01,7,7,disjoint,feasible,,,,full_penalty_qaoa,complete,,4,11,nisq,"{'Hadamard': 11, 'CNOT': 600, 'RZ': 290, 'RX': 55}",956.0,11.0,0.0,0.0,11.0,356.0,600.0,0.0,28.0,5.0,11.0,189.0,570.0
b_7_disjoint_01,7,7,disjoint,feasible,,,,full_penalty_qaoa,complete,,4,11,ftqc,"{'Hadamard': 11, 'CNOT': 120, 'T': 3036}",3167.0,11.0,0.0,0.0,11.0,3047.0,120.0,3036.0,28.0,1.0,11.0,3156.0,12954.0
b_7_disjoint_01,7,7,disjoint,feasible,,,,full_penalty_qaoa,complete,,4,11,ftqc,"{'Hadamard': 11, 'CNOT': 240, 'T': 6072}",6323.0,11.0,0.0,0.0,11.0,6083.0,240.0,6072.0,28.0,2.0,11.0,3156.0,12954.0
b_7_disjoint_01,7,7,disjoint,feasible,,,,full_penalty_qaoa,complete,,4,11,ftqc,"{'Hadamard': 11, 'CNOT': 360, 'T': 9108}",9479.0,11.0,0.0,0.0,11.0,9119.0,360.0,9108.0,28.0,3.0,11.0,3156.0,12954.0
b_7_disjoint_01,7,7,disjoint,feasible,,,,full_penalty_qaoa,complete,,4,11,ftqc,"{'Hadamard': 11, 'CNOT': 480, 'T': 12144}",12635.0,11.0,0.0,0.0,11.0,12155.0,480.0,12144.0,28.0,4.0,11.0,3156.0,12954.0
b_7_disjoint_01,7,7,disjoint,feasible,,,,full_penalty_qaoa,complete,,4,11,ftqc,"{'Hadamard': 11, 'CNOT': 600, 'T': 15180}",15791.0,11.0,0.0,0.0,11.0,15191.0,600.0,15180.0,28.0,5.0,11.0,3156.0,12954.0
b_7_disjoint_01,7,7,disjoint,local,,,,full_penalty_qaoa,complete,,4,11,nisq,"{'Hadamard': 11, 'CNOT': 120, 'RZ': 58, 'RX': 11}",200.0,11.0,0.0,0.0,11.0,80.0,120.0,0.0,19.0,1.0,11.0,189.0,570.0
b_7_disjoint_01,7,7,disjoint,local,,,,full_penalty_qaoa,complete,,4,11,nisq,"{'Hadamard': 11, 'CNOT': 240, 'RZ': 116, 'RX': 22}",389.0,11.0,0.0,0.0,11.0,149.0,240.0,0.0,19.0,2.0,11.0,189.0,570.0
b_7_disjoint_01,7,7,disjoint,local,,,,full_penalty_qaoa,complete,,4,11,nisq,"{'Hadamard': 11, 'CNOT': 360, 'RZ': 174, 'RX': 33}",578.0,11.0,0.0,0.0,11.0,218.0,360.0,0.0,19.0,3.0,11.0,189.0,570.0
b_7_disjoint_01,7,7,disjoint,local,,,,full_penalty_qaoa,complete,,4,11,nisq,"{'Hadamard': 11, 'CNOT': 480, 'RZ': 232, 'RX': 44}",767.0,11.0,0.0,0.0,11.0,287.0,480.0,0.0,19.0,4.0,11.0,189.0,570.0
b_7_disjoint_01,7,7,disjoint,local,,,,full_penalty_qaoa,complete,,4,11,nisq,"{'Hadamard': 11, 'CNOT': 600, 'RZ': 290, 'RX': 55}",956.0,11.0,0.0,0.0,11.0,356.0,600.0,0.0,19.0,5.0,11.0,189.0,570.0
b_7_disjoint_01,7,7,disjoint,local,,,,full_penalty_qaoa,complete,,4,11,ftqc,"{'Hadamard': 11, 'CNOT': 120, 'T': 3036}",3167.0,11.0,0.0,0.0,11.0,3047.0,120.0,3036.0,19.0,1.0,11.0,3156.0,12954.0
b_7_disjoint_01,7,7,disjoint,local,,,,full_penalty_qaoa,complete,,4,11,ftqc,"{'Hadamard': 11, 'CNOT': 240, 'T': 6072}",6323.0,11.0,0.0,0.0,11.0,6083.0,240.0,6072.0,19.0,2.0,11.0,3156.0,12954.0
b_7_disjoint_01,7,7,disjoint,local,,,,full_penalty_qaoa,complete,,4,11,ftqc,"{'Hadamard': 11, 'CNOT': 360, 'T': 9108}",9479.0,11.0,0.0,0.0,11.0,9119.0,360.0,9108.0,19.0,3.0,11.0,3156.0,12954.0
b_7_disjoint_01,7,7,disjoint,local,,,,full_penalty_qaoa,complete,,4,11,ftqc,"{'Hadamard': 11, 'CNOT': 480, 'T': 12144}",12635.0,11.0,0.0,0.0,11.0,12155.0,480.0,12144.0,19.0,4.0,11.0,3156.0,12954.0
b_7_disjoint_01,7,7,disjoint,local,,,,full_penalty_qaoa,complete,,4,11,ftqc,"{'Hadamard': 11, 'CNOT': 600, 'T': 15180}",15791.0,11.0,0.0,0.0,11.0,15191.0,600.0,15180.0,19.0,5.0,11.0,3156.0,12954.0
b_7_disjoint_01,7,7,disjoint,maximum,,,,full_penalty_qaoa,complete,,4,11,nisq,"{'Hadamard': 11, 'CNOT': 120, 'RZ': 58, 'RX': 11}",200.0,11.0,0.0,0.0,11.0,80.0,120.0,0.0,6.0,1.0,11.0,189.0,570.0
b_7_disjoint_01,7,7,disjoint,maximum,,,,full_penalty_qaoa,complete,,4,11,nisq,"{'Hadamard': 11, 'CNOT': 240, 'RZ': 116, 'RX': 22}",389.0,11.0,0.0,0.0,11.0,149.0,240.0,0.0,6.0,2.0,11.0,189.0,570.0
b_7_disjoint_01,7,7,disjoint,maximum,,,,full_penalty_qaoa,complete,,4,11,nisq,"{'Hadamard': 11, 'CNOT': 360, 'RZ': 174, 'RX': 33}",578.0,11.0,0.0,0.0,11.0,218.0,360.0,0.0,6.0,3.0,11.0,189.0,570.0
b_7_disjoint_01,7,7,disjoint,maximum,,,,full_penalty_qaoa,complete,,4,11,nisq,"{'Hadamard': 11, 'CNOT': 480, 'RZ': 232, 'RX': 44}",767.0,11.0,0.0,0.0,11.0,287.0,480.0,0.0,6.0,4.0,11.0,189.0,570.0
b_7_disjoint_01,7,7,disjoint,maximum,,,,full_penalty_qaoa,complete,,4,11,nisq,"{'Hadamard': 11, 'CNOT': 600, 'RZ': 290, 'RX': 55}",956.0,11.0,0.0,0.0,11.0,356.0,600.0,0.0,6.0,5.0,11.0,189.0,570.0
b_7_disjoint_01,7,7,disjoint,maximum,,,,full_penalty_qaoa,complete,,4,11,ftqc,"{'Hadamard': 11, 'CNOT': 120, 'T': 3036}",3167.0,11.0,0.0,0.0,11.0,3047.0,120.0,3036.0,6.0,1.0,11.0,3156.0,12954.0
b_7_disjoint_01,7,7,disjoint,maximum,,,,full_penalty_qaoa,complete,,4,11,ftqc,"{'Hadamard': 11, 'CNOT': 240, 'T': 6072}",6323.0,11.0,0.0,0.0,11.0,6083.0,240.0,6072.0,6.0,2.0,11.0,3156.0,12954.0
b_7_disjoint_01,7,7,disjoint,maximum,,,,full_penalty_qaoa,complete,,4,11,ftqc,"{'Hadamard': 11, 'CNOT': 360, 'T': 9108}",9479.0,11.0,0.0,0.0,11.0,9119.0,360.0,9108.0,6.0,3.0,11.0,3156.0,12954.0
b_7_disjoint_01,7,7,disjoint,maximum,,,,full_penalty_qaoa,complete,,4,11,ftqc,"{'Hadamard': 11, 'CNOT': 480, 'T': 12144}",12635.0,11.0,0.0,0.0,11.0,12155.0,480.0,12144.0,6.0,4.0,11.0,3156.0,12954.0
b_7_disjoint_01,7,7,disjoint,maximum,,,,full_penalty_qaoa,complete,,4,11,ftqc,"{'Hadamard': 11, 'CNOT': 600, 'T': 15180}",15791.0,11.0,0.0,0.0,11.0,15191.0,600.0,15180.0,6.0,5.0,11.0,3156.0,12954.0
b_7_disjoint_01,7,7,disjoint,range,,,,full_penalty_qaoa,complete,,4,11,nisq,"{'Hadamard': 11, 'CNOT': 120, 'RZ': 58, 'RX': 11}",200.0,11.0,0.0,0.0,11.0,80.0,120.0,0.0,68.0,1.0,11.0,189.0,570.0
b_7_disjoint_01,7,7,disjoint,range,,,,full_penalty_qaoa,complete,,4,11,nisq,"{'Hadamard': 11, 'CNOT': 240, 'RZ': 116, 'RX': 22}",389.0,11.0,0.0,0.0,11.0,149.0,240.0,0.0,68.0,2.0,11.0,189.0,570.0
b_7_disjoint_01,7,7,disjoint,range,,,,full_penalty_qaoa,complete,,4,11,nisq,"{'Hadamard': 11, 'CNOT': 360, 'RZ': 174, 'RX': 33}",578.0,11.0,0.0,0.0,11.0,218.0,360.0,0.0,68.0,3.0,11.0,189.0,570.0
b_7_disjoint_01,7,7,disjoint,range,,,,full_penalty_qaoa,complete,,4,11,nisq,"{'Hadamard': 11, 'CNOT': 480, 'RZ': 232, 'RX': 44}",767.0,11.0,0.0,0.0,11.0,287.0,480.0,0.0,68.0,4.0,11.0,189.0,570.0
b_7_disjoint_01,7,7,disjoint,range,,,,full_penalty_qaoa,complete,,4,11,nisq,"{'Hadamard': 11, 'CNOT': 600, 'RZ': 290, 'RX': 55}",956.0,11.0,0.0,0.0,11.0,356.0,600.0,0.0,68.0,5.0,11.0,189.0,570.0
b_7_disjoint_01,7,7,disjoint,range,,,,full_penalty_qaoa,complete,,4,11,ftqc,"{'Hadamard': 11, 'CNOT': 120, 'T': 3036}",3167.0,11.0,0.0,0.0,11.0,3047.0,120.0,3036.0,68.0,1.0,11.0,3156.0,12954.0
b_7_disjoint_01,7,7,disjoint,range,,,,full_penalty_qaoa,complete,,4,11,ftqc,"{'Hadamard': 11, 'CNOT': 240, 'T': 6072}",6323.0,11.0,0.0,0.0,11.0,6083.0,240.0,6072.0,68.0,2.0,11.0,3156.0,12954.0
b_7_disjoint_01,7,7,disjoint,range,,,,full_penalty_qaoa,complete,,4,11,ftqc,"{'Hadamard': 11, 'CNOT': 360, 'T': 9108}",9479.0,11.0,0.0,0.0,11.0,9119.0,360.0,9108.0,68.0,3.0,11.0,3156.0,12954.0
b_7_disjoint_01,7,7,disjoint,range,,,,full_penalty_qaoa,complete,,4,11,ftqc,"{'Hadamard': 11, 'CNOT': 480, 'T': 12144}",12635.0,11.0,0.0,0.0,11.0,12155.0,480.0,12144.0,68.0,4.0,11.0,3156.0,12954.0
b_7_disjoint_01,7,7,disjoint,range,,,,full_penalty_qaoa,complete,,4,11,ftqc,"{'Hadamard': 11, 'CNOT': 600, 'T': 15180}",15791.0,11.0,0.0,0.0,11.0,15191.0,600.0,15180.0,68.0,5.0,11.0,3156.0,12954.0
b_7_disjoint_01,7,7,disjoint,verma_lewis,,,,full_penalty_qaoa,complete,,4,11,nisq,"{'Hadamard': 11, 'CNOT': 120, 'RZ': 58, 'RX': 11}",200.0,11.0,0.0,0.0,11.0,80.0,120.0,0.0,15.0,1.0,11.0,189.0,570.0
b_7_disjoint_01,7,7,disjoint,verma_lewis,,,,full_penalty_qaoa,complete,,4,11,nisq,"{'Hadamard': 11, 'CNOT': 240, 'RZ': 116, 'RX': 22}",389.0,11.0,0.0,0.0,11.0,149.0,240.0,0.0,15.0,2.0,11.0,189.0,570.0
b_7_disjoint_01,7,7,disjoint,verma_lewis,,,,full_penalty_qaoa,complete,,4,11,nisq,"{'Hadamard': 11, 'CNOT': 360, 'RZ': 174, 'RX': 33}",578.0,11.0,0.0,0.0,11.0,218.0,360.0,0.0,15.0,3.0,11.0,189.0,570.0
b_7_disjoint_01,7,7,disjoint,verma_lewis,,,,full_penalty_qaoa,complete,,4,11,nisq,"{'Hadamard': 11, 'CNOT': 480, 'RZ': 232, 'RX': 44}",767.0,11.0,0.0,0.0,11.0,287.0,480.0,0.0,15.0,4.0,11.0,189.0,570.0
b_7_disjoint_01,7,7,disjoint,verma_lewis,,,,full_penalty_qaoa,complete,,4,11,nisq,"{'Hadamard': 11, 'CNOT': 600, 'RZ': 290, 'RX': 55}",956.0,11.0,0.0,0.0,11.0,356.0,600.0,0.0,15.0,5.0,11.0,189.0,570.0
b_7_disjoint_01,7,7,disjoint,verma_lewis,,,,full_penalty_qaoa,complete,,4,11,ftqc,"{'Hadamard': 11, 'CNOT': 120, 'T': 3036}",3167.0,11.0,0.0,0.0,11.0,3047.0,120.0,3036.0,15.0,1.0,11.0,3156.0,12954.0
b_7_disjoint_01,7,7,disjoint,verma_lewis,,,,full_penalty_qaoa,complete,,4,11,ftqc,"{'Hadamard': 11, 'CNOT': 240, 'T': 6072}",6323.0,11.0,0.0,0.0,11.0,6083.0,240.0,6072.0,15.0,2.0,11.0,3156.0,12954.0
b_7_disjoint_01,7,7,disjoint,verma_lewis,,,,full_penalty_qaoa,complete,,4,11,ftqc,"{'Hadamard': 11, 'CNOT': 360, 'T': 9108}",9479.0,11.0,0.0,0.0,11.0,9119.0,360.0,9108.0,15.0,3.0,11.0,3156.0,12954.0
b_7_disjoint_01,7,7,disjoint,verma_lewis,,,,full_penalty_qaoa,complete,,4,11,ftqc,"{'Hadamard': 11, 'CNOT': 480, 'T': 12144}",12635.0,11.0,0.0,0.0,11.0,12155.0,480.0,12144.0,15.0,4.0,11.0,3156.0,12954.0
b_7_disjoint_01,7,7,disjoint,verma_lewis,,,,full_penalty_qaoa,complete,,4,11,ftqc,"{'Hadamard': 11, 'CNOT': 600, 'T': 15180}",15791.0,11.0,0.0,0.0,11.0,15191.0,600.0,15180.0,15.0,5.0,11.0,3156.0,12954.0
b_7_disjoint_02,7,7,disjoint,constraint_component,x_0 + x_1 == 1,0.0,assignment,gadget,complete,dicke,0,2,nisq,"{'X': 1, 'CNOT': 3, 'RY': 2}",6.0,2.0,0.0,0.0,2.0,3.0,3.0,0.0,,,,,
b_7_disjoint_02,7,7,disjoint,constraint_component,x_0 + x_1 == 1,0.0,assignment,gadget,complete,dicke,0,2,ftqc,"{'Hadamard': 2, 'S': 2, 'CNOT': 3, 'T': 88}",95.0,2.0,0.0,0.0,2.0,92.0,3.0,88.0,,,,,
b_7_disjoint_02,7,7,disjoint,constraint_component,x_0 + x_1 == 1,0.0,assignment,penalty_cost_layer,complete,dicke,0,7,nisq,"{'CNOT': 2, 'RZ': 3}",5.0,2.0,0.0,0.0,2.0,3.0,2.0,0.0,,,,,
b_7_disjoint_02,7,7,disjoint,constraint_component,x_0 + x_1 == 1,0.0,assignment,penalty_cost_layer,complete,dicke,0,7,ftqc,"{'CNOT': 2, 'T': 132}",134.0,2.0,0.0,0.0,2.0,132.0,2.0,132.0,,,,,
b_7_disjoint_02,7,7,disjoint,constraint_component,2*x_2 + 5*x_3 + 2*x_4 <= 5,1.0,knapsack,gadget,missing_vcg,vcg,0,3,nisq,,,,,,,,,,,,,,
b_7_disjoint_02,7,7,disjoint,constraint_component,2*x_2 + 5*x_3 + 2*x_4 <= 5,1.0,knapsack,gadget,missing_vcg,vcg,0,3,ftqc,,,,,,,,,,,,,,
b_7_disjoint_02,7,7,disjoint,constraint_component,2*x_2 + 5*x_3 + 2*x_4 <= 5,1.0,knapsack,penalty_cost_layer,complete,vcg,3,10,nisq,"{'CNOT': 30, 'RZ': 21}",51.0,6.0,0.0,0.0,6.0,21.0,30.0,0.0,,,,,
b_7_disjoint_02,7,7,disjoint,constraint_component,2*x_2 + 5*x_3 + 2*x_4 <= 5,1.0,knapsack,penalty_cost_layer,complete,vcg,3,10,ftqc,"{'CNOT': 30, 'T': 924}",954.0,6.0,0.0,0.0,6.0,924.0,30.0,924.0,,,,,
b_7_disjoint_02,7,7,disjoint,constraint_component,x_5 + x_6 >= 1,2.0,cardinality,gadget,missing_vcg,vcg,0,2,nisq,,,,,,,,,,,,,,
b_7_disjoint_02,7,7,disjoint,constraint_component,x_5 + x_6 >= 1,2.0,cardinality,gadget,missing_vcg,vcg,0,2,ftqc,,,,,,,,,,,,,,
b_7_disjoint_02,7,7,disjoint,constraint_component,x_5 + x_6 >= 1,2.0,cardinality,penalty_cost_layer,complete,vcg,1,8,nisq,"{'CNOT': 6, 'RZ': 6}",12.0,3.0,0.0,0.0,3.0,6.0,6.0,0.0,,,,,
b_7_disjoint_02,7,7,disjoint,constraint_component,x_5 + x_6 >= 1,2.0,cardinality,penalty_cost_layer,complete,vcg,1,8,ftqc,"{'CNOT': 6, 'T': 264}",270.0,3.0,0.0,0.0,3.0,264.0,6.0,264.0,,,,,
b_7_disjoint_02,7,7,disjoint,feasible,,,,full_penalty_qaoa,complete,,4,11,nisq,"{'Hadamard': 11, 'CNOT': 68, 'RZ': 45, 'RX': 11}",135.0,11.0,0.0,0.0,11.0,67.0,68.0,0.0,44.0,1.0,11.0,124.0,195.0
b_7_disjoint_02,7,7,disjoint,feasible,,,,full_penalty_qaoa,complete,,4,11,nisq,"{'Hadamard': 11, 'CNOT': 136, 'RZ': 90, 'RX': 22}",259.0,11.0,0.0,0.0,11.0,123.0,136.0,0.0,44.0,2.0,11.0,124.0,195.0
b_7_disjoint_02,7,7,disjoint,feasible,,,,full_penalty_qaoa,complete,,4,11,nisq,"{'Hadamard': 11, 'CNOT': 204, 'RZ': 135, 'RX': 33}",383.0,11.0,0.0,0.0,11.0,179.0,204.0,0.0,44.0,3.0,11.0,124.0,195.0
b_7_disjoint_02,7,7,disjoint,feasible,,,,full_penalty_qaoa,complete,,4,11,nisq,"{'Hadamard': 11, 'CNOT': 272, 'RZ': 180, 'RX': 44}",507.0,11.0,0.0,0.0,11.0,235.0,272.0,0.0,44.0,4.0,11.0,124.0,195.0
b_7_disjoint_02,7,7,disjoint,feasible,,,,full_penalty_qaoa,complete,,4,11,nisq,"{'Hadamard': 11, 'CNOT': 340, 'RZ': 225, 'RX': 55}",631.0,11.0,0.0,0.0,11.0,291.0,340.0,0.0,44.0,5.0,11.0,124.0,195.0
b_7_disjoint_02,7,7,disjoint,feasible,,,,full_penalty_qaoa,complete,,4,11,ftqc,"{'Hadamard': 11, 'CNOT': 68, 'T': 2464}",2543.0,11.0,0.0,0.0,11.0,2475.0,68.0,2464.0,44.0,1.0,11.0,2532.0,5226.0
b_7_disjoint_02,7,7,disjoint,feasible,,,,full_penalty_qaoa,complete,,4,11,ftqc,"{'Hadamard': 11, 'CNOT': 136, 'T': 4928}",5075.0,11.0,0.0,0.0,11.0,4939.0,136.0,4928.0,44.0,2.0,11.0,2532.0,5226.0
b_7_disjoint_02,7,7,disjoint,feasible,,,,full_penalty_qaoa,complete,,4,11,ftqc,"{'Hadamard': 11, 'CNOT': 204, 'T': 7392}",7607.0,11.0,0.0,0.0,11.0,7403.0,204.0,7392.0,44.0,3.0,11.0,2532.0,5226.0
b_7_disjoint_02,7,7,disjoint,feasible,,,,full_penalty_qaoa,complete,,4,11,ftqc,"{'Hadamard': 11, 'CNOT': 272, 'T': 9856}",10139.0,11.0,0.0,0.0,11.0,9867.0,272.0,9856.0,44.0,4.0,11.0,2532.0,5226.0
b_7_disjoint_02,7,7,disjoint,feasible,,,,full_penalty_qaoa,complete,,4,11,ftqc,"{'Hadamard': 11, 'CNOT': 340, 'T': 12320}",12671.0,11.0,0.0,0.0,11.0,12331.0,340.0,12320.0,44.0,5.0,11.0,2532.0,5226.0
b_7_disjoint_02,7,7,disjoint,local,,,,full_penalty_qaoa,complete,,4,11,nisq,"{'Hadamard': 11, 'CNOT': 68, 'RZ': 45, 'RX': 11}",135.0,11.0,0.0,0.0,11.0,67.0,68.0,0.0,27.0,1.0,11.0,124.0,195.0
b_7_disjoint_02,7,7,disjoint,local,,,,full_penalty_qaoa,complete,,4,11,nisq,"{'Hadamard': 11, 'CNOT': 136, 'RZ': 90, 'RX': 22}",259.0,11.0,0.0,0.0,11.0,123.0,136.0,0.0,27.0,2.0,11.0,124.0,195.0
b_7_disjoint_02,7,7,disjoint,local,,,,full_penalty_qaoa,complete,,4,11,nisq,"{'Hadamard': 11, 'CNOT': 204, 'RZ': 135, 'RX': 33}",383.0,11.0,0.0,0.0,11.0,179.0,204.0,0.0,27.0,3.0,11.0,124.0,195.0
b_7_disjoint_02,7,7,disjoint,local,,,,full_penalty_qaoa,complete,,4,11,nisq,"{'Hadamard': 11, 'CNOT': 272, 'RZ': 180, 'RX': 44}",507.0,11.0,0.0,0.0,11.0,235.0,272.0,0.0,27.0,4.0,11.0,124.0,195.0
b_7_disjoint_02,7,7,disjoint,local,,,,full_penalty_qaoa,complete,,4,11,nisq,"{'Hadamard': 11, 'CNOT': 340, 'RZ': 225, 'RX': 55}",631.0,11.0,0.0,0.0,11.0,291.0,340.0,0.0,27.0,5.0,11.0,124.0,195.0
b_7_disjoint_02,7,7,disjoint,local,,,,full_penalty_qaoa,complete,,4,11,ftqc,"{'Hadamard': 11, 'CNOT': 68, 'T': 2464}",2543.0,11.0,0.0,0.0,11.0,2475.0,68.0,2464.0,27.0,1.0,11.0,2532.0,5226.0
b_7_disjoint_02,7,7,disjoint,local,,,,full_penalty_qaoa,complete,,4,11,ftqc,"{'Hadamard': 11, 'CNOT': 136, 'T': 4928}",5075.0,11.0,0.0,0.0,11.0,4939.0,136.0,4928.0,27.0,2.0,11.0,2532.0,5226.0
b_7_disjoint_02,7,7,disjoint,local,,,,full_penalty_qaoa,complete,,4,11,ftqc,"{'Hadamard': 11, 'CNOT': 204, 'T': 7392}",7607.0,11.0,0.0,0.0,11.0,7403.0,204.0,7392.0,27.0,3.0,11.0,2532.0,5226.0
b_7_disjoint_02,7,7,disjoint,local,,,,full_penalty_qaoa,complete,,4,11,ftqc,"{'Hadamard': 11, 'CNOT': 272, 'T': 9856}",10139.0,11.0,0.0,0.0,11.0,9867.0,272.0,9856.0,27.0,4.0,11.0,2532.0,5226.0
b_7_disjoint_02,7,7,disjoint,local,,,,full_penalty_qaoa,complete,,4,11,ftqc,"{'Hadamard': 11, 'CNOT': 340, 'T': 12320}",12671.0,11.0,0.0,0.0,11.0,12331.0,340.0,12320.0,27.0,5.0,11.0,2532.0,5226.0
b_7_disjoint_02,7,7,disjoint,maximum,,,,full_penalty_qaoa,complete,,4,11,nisq,"{'Hadamard': 11, 'CNOT': 68, 'RZ': 45, 'RX': 11}",135.0,11.0,0.0,0.0,11.0,67.0,68.0,0.0,6.0,1.0,11.0,124.0,195.0
b_7_disjoint_02,7,7,disjoint,maximum,,,,full_penalty_qaoa,complete,,4,11,nisq,"{'Hadamard': 11, 'CNOT': 136, 'RZ': 90, 'RX': 22}",259.0,11.0,0.0,0.0,11.0,123.0,136.0,0.0,6.0,2.0,11.0,124.0,195.0
b_7_disjoint_02,7,7,disjoint,maximum,,,,full_penalty_qaoa,complete,,4,11,nisq,"{'Hadamard': 11, 'CNOT': 204, 'RZ': 135, 'RX': 33}",383.0,11.0,0.0,0.0,11.0,179.0,204.0,0.0,6.0,3.0,11.0,124.0,195.0
b_7_disjoint_02,7,7,disjoint,maximum,,,,full_penalty_qaoa,complete,,4,11,nisq,"{'Hadamard': 11, 'CNOT': 272, 'RZ': 180, 'RX': 44}",507.0,11.0,0.0,0.0,11.0,235.0,272.0,0.0,6.0,4.0,11.0,124.0,195.0
b_7_disjoint_02,7,7,disjoint,maximum,,,,full_penalty_qaoa,complete,,4,11,nisq,"{'Hadamard': 11, 'CNOT': 340, 'RZ': 225, 'RX': 55}",631.0,11.0,0.0,0.0,11.0,291.0,340.0,0.0,6.0,5.0,11.0,124.0,195.0
b_7_disjoint_02,7,7,disjoint,maximum,,,,full_penalty_qaoa,complete,,4,11,ftqc,"{'Hadamard': 11, 'CNOT': 68, 'T': 2464}",2543.0,11.0,0.0,0.0,11.0,2475.0,68.0,2464.0,6.0,1.0,11.0,2532.0,5226.0
b_7_disjoint_02,7,7,disjoint,maximum,,,,full_penalty_qaoa,complete,,4,11,ftqc,"{'Hadamard': 11, 'CNOT': 136, 'T': 4928}",5075.0,11.0,0.0,0.0,11.0,4939.0,136.0,4928.0,6.0,2.0,11.0,2532.0,5226.0
b_7_disjoint_02,7,7,disjoint,maximum,,,,full_penalty_qaoa,complete,,4,11,ftqc,"{'Hadamard': 11, 'CNOT': 204, 'T': 7392}",7607.0,11.0,0.0,0.0,11.0,7403.0,204.0,7392.0,6.0,3.0,11.0,2532.0,5226.0
b_7_disjoint_02,7,7,disjoint,maximum,,,,full_penalty_qaoa,complete,,4,11,ftqc,"{'Hadamard': 11, 'CNOT': 272, 'T': 9856}",10139.0,11.0,0.0,0.0,11.0,9867.0,272.0,9856.0,6.0,4.0,11.0,2532.0,5226.0
b_7_disjoint_02,7,7,disjoint,maximum,,,,full_penalty_qaoa,complete,,4,11,ftqc,"{'Hadamard': 11, 'CNOT': 340, 'T': 12320}",12671.0,11.0,0.0,0.0,11.0,12331.0,340.0,12320.0,6.0,5.0,11.0,2532.0,5226.0
b_7_disjoint_02,7,7,disjoint,range,,,,full_penalty_qaoa,complete,,4,11,nisq,"{'Hadamard': 11, 'CNOT': 68, 'RZ': 45, 'RX': 11}",135.0,11.0,0.0,0.0,11.0,67.0,68.0,0.0,92.0,1.0,11.0,124.0,195.0
b_7_disjoint_02,7,7,disjoint,range,,,,full_penalty_qaoa,complete,,4,11,nisq,"{'Hadamard': 11, 'CNOT': 136, 'RZ': 90, 'RX': 22}",259.0,11.0,0.0,0.0,11.0,123.0,136.0,0.0,92.0,2.0,11.0,124.0,195.0
b_7_disjoint_02,7,7,disjoint,range,,,,full_penalty_qaoa,complete,,4,11,nisq,"{'Hadamard': 11, 'CNOT': 204, 'RZ': 135, 'RX': 33}",383.0,11.0,0.0,0.0,11.0,179.0,204.0,0.0,92.0,3.0,11.0,124.0,195.0
b_7_disjoint_02,7,7,disjoint,range,,,,full_penalty_qaoa,complete,,4,11,nisq,"{'Hadamard': 11, 'CNOT': 272, 'RZ': 180, 'RX': 44}",507.0,11.0,0.0,0.0,11.0,235.0,272.0,0.0,92.0,4.0,11.0,124.0,195.0
b_7_disjoint_02,7,7,disjoint,range,,,,full_penalty_qaoa,complete,,4,11,nisq,"{'Hadamard': 11, 'CNOT': 340, 'RZ': 225, 'RX': 55}",631.0,11.0,0.0,0.0,11.0,291.0,340.0,0.0,92.0,5.0,11.0,124.0,195.0
b_7_disjoint_02,7,7,disjoint,range,,,,full_penalty_qaoa,complete,,4,11,ftqc,"{'Hadamard': 11, 'CNOT': 68, 'T': 2464}",2543.0,11.0,0.0,0.0,11.0,2475.0,68.0,2464.0,92.0,1.0,11.0,2532.0,5226.0
b_7_disjoint_02,7,7,disjoint,range,,,,full_penalty_qaoa,complete,,4,11,ftqc,"{'Hadamard': 11, 'CNOT': 136, 'T': 4928}",5075.0,11.0,0.0,0.0,11.0,4939.0,136.0,4928.0,92.0,2.0,11.0,2532.0,5226.0
b_7_disjoint_02,7,7,disjoint,range,,,,full_penalty_qaoa,complete,,4,11,ftqc,"{'Hadamard': 11, 'CNOT': 204, 'T': 7392}",7607.0,11.0,0.0,0.0,11.0,7403.0,204.0,7392.0,92.0,3.0,11.0,2532.0,5226.0
b_7_disjoint_02,7,7,disjoint,range,,,,full_penalty_qaoa,complete,,4,11,ftqc,"{'Hadamard': 11, 'CNOT': 272, 'T': 9856}",10139.0,11.0,0.0,0.0,11.0,9867.0,272.0,9856.0,92.0,4.0,11.0,2532.0,5226.0
b_7_disjoint_02,7,7,disjoint,range,,,,full_penalty_qaoa,complete,,4,11,ftqc,"{'Hadamard': 11, 'CNOT': 340, 'T': 12320}",12671.0,11.0,0.0,0.0,11.0,12331.0,340.0,12320.0,92.0,5.0,11.0,2532.0,5226.0
b_7_disjoint_02,7,7,disjoint,verma_lewis,,,,full_penalty_qaoa,complete,,4,11,nisq,"{'Hadamard': 11, 'CNOT': 68, 'RZ': 45, 'RX': 11}",135.0,11.0,0.0,0.0,11.0,67.0,68.0,0.0,17.0,1.0,11.0,124.0,195.0
b_7_disjoint_02,7,7,disjoint,verma_lewis,,,,full_penalty_qaoa,complete,,4,11,nisq,"{'Hadamard': 11, 'CNOT': 136, 'RZ': 90, 'RX': 22}",259.0,11.0,0.0,0.0,11.0,123.0,136.0,0.0,17.0,2.0,11.0,124.0,195.0
b_7_disjoint_02,7,7,disjoint,verma_lewis,,,,full_penalty_qaoa,complete,,4,11,nisq,"{'Hadamard': 11, 'CNOT': 204, 'RZ': 135, 'RX': 33}",383.0,11.0,0.0,0.0,11.0,179.0,204.0,0.0,17.0,3.0,11.0,124.0,195.0
b_7_disjoint_02,7,7,disjoint,verma_lewis,,,,full_penalty_qaoa,complete,,4,11,nisq,"{'Hadamard': 11, 'CNOT': 272, 'RZ': 180, 'RX': 44}",507.0,11.0,0.0,0.0,11.0,235.0,272.0,0.0,17.0,4.0,11.0,124.0,195.0
b_7_disjoint_02,7,7,disjoint,verma_lewis,,,,full_penalty_qaoa,complete,,4,11,nisq,"{'Hadamard': 11, 'CNOT': 340, 'RZ': 225, 'RX': 55}",631.0,11.0,0.0,0.0,11.0,291.0,340.0,0.0,17.0,5.0,11.0,124.0,195.0
b_7_disjoint_02,7,7,disjoint,verma_lewis,,,,full_penalty_qaoa,complete,,4,11,ftqc,"{'Hadamard': 11, 'CNOT': 68, 'T': 2464}",2543.0,11.0,0.0,0.0,11.0,2475.0,68.0,2464.0,17.0,1.0,11.0,2532.0,5226.0
b_7_disjoint_02,7,7,disjoint,verma_lewis,,,,full_penalty_qaoa,complete,,4,11,ftqc,"{'Hadamard': 11, 'CNOT': 136, 'T': 4928}",5075.0,11.0,0.0,0.0,11.0,4939.0,136.0,4928.0,17.0,2.0,11.0,2532.0,5226.0
b_7_disjoint_02,7,7,disjoint,verma_lewis,,,,full_penalty_qaoa,complete,,4,11,ftqc,"{'Hadamard': 11, 'CNOT': 204, 'T': 7392}",7607.0,11.0,0.0,0.0,11.0,7403.0,204.0,7392.0,17.0,3.0,11.0,2532.0,5226.0
b_7_disjoint_02,7,7,disjoint,verma_lewis,,,,full_penalty_qaoa,complete,,4,11,ftqc,"{'Hadamard': 11, 'CNOT': 272, 'T': 9856}",10139.0,11.0,0.0,0.0,11.0,9867.0,272.0,9856.0,17.0,4.0,11.0,2532.0,5226.0
b_7_disjoint_02,7,7,disjoint,verma_lewis,,,,full_penalty_qaoa,complete,,4,11,ftqc,"{'Hadamard': 11, 'CNOT': 340, 'T': 12320}",12671.0,11.0,0.0,0.0,11.0,12331.0,340.0,12320.0,17.0,5.0,11.0,2532.0,5226.0
b_7_overlapping_01,7,7,overlapping,constraint_component,x_2 + x_0 - x_5 - x_3 == 0,0.0,flow,gadget,complete,flow,0,4,nisq,"{'RY': 7, 'CNOT': 18}",25.0,4.0,0.0,0.0,4.0,7.0,18.0,0.0,,,,,
b_7_overlapping_01,7,7,overlapping,constraint_component,x_2 + x_0 - x_5 - x_3 == 0,0.0,flow,gadget,complete,flow,0,4,ftqc,"{'T': 308, 'CNOT': 18}",326.0,4.0,0.0,0.0,4.0,308.0,18.0,308.0,,,,,
b_7_overlapping_01,7,7,overlapping,constraint_component,x_2 + x_0 - x_5 - x_3 == 0,0.0,flow,penalty_cost_layer,complete,flow,0,7,nisq,"{'CNOT': 12, 'RZ': 10}",22.0,4.0,0.0,0.0,4.0,10.0,12.0,0.0,,,,,
b_7_overlapping_01,7,7,overlapping,constraint_component,x_2 + x_0 - x_5 - x_3 == 0,0.0,flow,penalty_cost_layer,complete,flow,0,7,ftqc,"{'CNOT': 12, 'T': 440}",452.0,4.0,0.0,0.0,4.0,440.0,12.0,440.0,,,,,
b_7_overlapping_01,7,7,overlapping,constraint_component,x_4 + x_0 + x_2 - x_1 - x_5 - x_3 == 0,1.0,flow,gadget,complete,flow,0,6,nisq,"{'RY': 17, 'CNOT': 73, 'Hadamard': 20, 'S': 12, 'T': 16, 'Z': 8}",146.0,6.0,2.0,0.0,8.0,73.0,73.0,16.0,,,,,
b_7_overlapping_01,7,7,overlapping,constraint_component,x_4 + x_0 + x_2 - x_1 - x_5 - x_3 == 0,1.0,flow,gadget,complete,flow,0,6,ftqc,"{'T': 764, 'CNOT': 73, 'Hadamard': 20, 'S': 28}",885.0,6.0,2.0,0.0,8.0,812.0,73.0,764.0,,,,,
b_7_overlapping_01,7,7,overlapping,constraint_component,x_4 + x_0 + x_2 - x_1 - x_5 - x_3 == 0,1.0,flow,penalty_cost_layer,complete,flow,0,7,nisq,"{'CNOT': 30, 'RZ': 21}",51.0,6.0,0.0,0.0,6.0,21.0,30.0,0.0,,,,,
b_7_overlapping_01,7,7,overlapping,constraint_component,x_4 + x_0 + x_2 - x_1 - x_5 - x_3 == 0,1.0,flow,penalty_cost_layer,complete,flow,0,7,ftqc,"{'CNOT': 30, 'T': 924}",954.0,6.0,0.0,0.0,6.0,924.0,30.0,924.0,,,,,
b_7_overlapping_01,7,7,overlapping,feasible,,,,full_penalty_qaoa,complete,,0,7,nisq,"{'Hadamard': 7, 'CNOT': 40, 'RZ': 26, 'RX': 7}",80.0,7.0,0.0,0.0,7.0,40.0,40.0,0.0,49.0,1.0,7.0,73.0,185.0
b_7_overlapping_01,7,7,overlapping,feasible,,,,full_penalty_qaoa,complete,,0,7,nisq,"{'Hadamard': 7, 'CNOT': 80, 'RZ': 52, 'RX': 14}",153.0,7.0,0.0,0.0,7.0,73.0,80.0,0.0,49.0,2.0,7.0,73.0,185.0
b_7_overlapping_01,7,7,overlapping,feasible,,,,full_penalty_qaoa,complete,,0,7,nisq,"{'Hadamard': 7, 'CNOT': 120, 'RZ': 78, 'RX': 21}",226.0,7.0,0.0,0.0,7.0,106.0,120.0,0.0,49.0,3.0,7.0,73.0,185.0
b_7_overlapping_01,7,7,overlapping,feasible,,,,full_penalty_qaoa,complete,,0,7,nisq,"{'Hadamard': 7, 'CNOT': 160, 'RZ': 104, 'RX': 28}",299.0,7.0,0.0,0.0,7.0,139.0,160.0,0.0,49.0,4.0,7.0,73.0,185.0
b_7_overlapping_01,7,7,overlapping,feasible,,,,full_penalty_qaoa,complete,,0,7,nisq,"{'Hadamard': 7, 'CNOT': 200, 'RZ': 130, 'RX': 35}",372.0,7.0,0.0,0.0,7.0,172.0,200.0,0.0,49.0,5.0,7.0,73.0,185.0
b_7_overlapping_01,7,7,overlapping,feasible,,,,full_penalty_qaoa,complete,,0,7,ftqc,"{'Hadamard': 7, 'CNOT': 40, 'T': 1452}",1499.0,7.0,0.0,0.0,7.0,1459.0,40.0,1452.0,49.0,1.0,7.0,1492.0,4700.0
b_7_overlapping_01,7,7,overlapping,feasible,,,,full_penalty_qaoa,complete,,0,7,ftqc,"{'Hadamard': 7, 'CNOT': 80, 'T': 2904}",2991.0,7.0,0.0,0.0,7.0,2911.0,80.0,2904.0,49.0,2.0,7.0,1492.0,4700.0
b_7_overlapping_01,7,7,overlapping,feasible,,,,full_penalty_qaoa,complete,,0,7,ftqc,"{'Hadamard': 7, 'CNOT': 120, 'T': 4356}",4483.0,7.0,0.0,0.0,7.0,4363.0,120.0,4356.0,49.0,3.0,7.0,1492.0,4700.0
b_7_overlapping_01,7,7,overlapping,feasible,,,,full_penalty_qaoa,complete,,0,7,ftqc,"{'Hadamard': 7, 'CNOT': 160, 'T': 5808}",5975.0,7.0,0.0,0.0,7.0,5815.0,160.0,5808.0,49.0,4.0,7.0,1492.0,4700.0
b_7_overlapping_01,7,7,overlapping,feasible,,,,full_penalty_qaoa,complete,,0,7,ftqc,"{'Hadamard': 7, 'CNOT': 200, 'T': 7260}",7467.0,7.0,0.0,0.0,7.0,7267.0,200.0,7260.0,49.0,5.0,7.0,1492.0,4700.0
b_7_overlapping_01,7,7,overlapping,local,,,,full_penalty_qaoa,complete,,0,7,nisq,"{'Hadamard': 7, 'CNOT': 40, 'RZ': 26, 'RX': 7}",80.0,7.0,0.0,0.0,7.0,40.0,40.0,0.0,25.0,1.0,7.0,73.0,185.0
b_7_overlapping_01,7,7,overlapping,local,,,,full_penalty_qaoa,complete,,0,7,nisq,"{'Hadamard': 7, 'CNOT': 80, 'RZ': 52, 'RX': 14}",153.0,7.0,0.0,0.0,7.0,73.0,80.0,0.0,25.0,2.0,7.0,73.0,185.0
b_7_overlapping_01,7,7,overlapping,local,,,,full_penalty_qaoa,complete,,0,7,nisq,"{'Hadamard': 7, 'CNOT': 120, 'RZ': 78, 'RX': 21}",226.0,7.0,0.0,0.0,7.0,106.0,120.0,0.0,25.0,3.0,7.0,73.0,185.0
b_7_overlapping_01,7,7,overlapping,local,,,,full_penalty_qaoa,complete,,0,7,nisq,"{'Hadamard': 7, 'CNOT': 160, 'RZ': 104, 'RX': 28}",299.0,7.0,0.0,0.0,7.0,139.0,160.0,0.0,25.0,4.0,7.0,73.0,185.0
b_7_overlapping_01,7,7,overlapping,local,,,,full_penalty_qaoa,complete,,0,7,nisq,"{'Hadamard': 7, 'CNOT': 200, 'RZ': 130, 'RX': 35}",372.0,7.0,0.0,0.0,7.0,172.0,200.0,0.0,25.0,5.0,7.0,73.0,185.0
b_7_overlapping_01,7,7,overlapping,local,,,,full_penalty_qaoa,complete,,0,7,ftqc,"{'Hadamard': 7, 'CNOT': 40, 'T': 1452}",1499.0,7.0,0.0,0.0,7.0,1459.0,40.0,1452.0,25.0,1.0,7.0,1492.0,4700.0
b_7_overlapping_01,7,7,overlapping,local,,,,full_penalty_qaoa,complete,,0,7,ftqc,"{'Hadamard': 7, 'CNOT': 80, 'T': 2904}",2991.0,7.0,0.0,0.0,7.0,2911.0,80.0,2904.0,25.0,2.0,7.0,1492.0,4700.0
b_7_overlapping_01,7,7,overlapping,local,,,,full_penalty_qaoa,complete,,0,7,ftqc,"{'Hadamard': 7, 'CNOT': 120, 'T': 4356}",4483.0,7.0,0.0,0.0,7.0,4363.0,120.0,4356.0,25.0,3.0,7.0,1492.0,4700.0
b_7_overlapping_01,7,7,overlapping,local,,,,full_penalty_qaoa,complete,,0,7,ftqc,"{'Hadamard': 7, 'CNOT': 160, 'T': 5808}",5975.0,7.0,0.0,0.0,7.0,5815.0,160.0,5808.0,25.0,4.0,7.0,1492.0,4700.0
b_7_overlapping_01,7,7,overlapping,local,,,,full_penalty_qaoa,complete,,0,7,ftqc,"{'Hadamard': 7, 'CNOT': 200, 'T': 7260}",7467.0,7.0,0.0,0.0,7.0,7267.0,200.0,7260.0,25.0,5.0,7.0,1492.0,4700.0
b_7_overlapping_01,7,7,overlapping,maximum,,,,full_penalty_qaoa,complete,,0,7,nisq,"{'Hadamard': 7, 'CNOT': 40, 'RZ': 26, 'RX': 7}",80.0,7.0,0.0,0.0,7.0,40.0,40.0,0.0,6.0,1.0,7.0,73.0,185.0
b_7_overlapping_01,7,7,overlapping,maximum,,,,full_penalty_qaoa,complete,,0,7,nisq,"{'Hadamard': 7, 'CNOT': 80, 'RZ': 52, 'RX': 14}",153.0,7.0,0.0,0.0,7.0,73.0,80.0,0.0,6.0,2.0,7.0,73.0,185.0
b_7_overlapping_01,7,7,overlapping,maximum,,,,full_penalty_qaoa,complete,,0,7,nisq,"{'Hadamard': 7, 'CNOT': 120, 'RZ': 78, 'RX': 21}",226.0,7.0,0.0,0.0,7.0,106.0,120.0,0.0,6.0,3.0,7.0,73.0,185.0
b_7_overlapping_01,7,7,overlapping,maximum,,,,full_penalty_qaoa,complete,,0,7,nisq,"{'Hadamard': 7, 'CNOT': 160, 'RZ': 104, 'RX': 28}",299.0,7.0,0.0,0.0,7.0,139.0,160.0,0.0,6.0,4.0,7.0,73.0,185.0
b_7_overlapping_01,7,7,overlapping,maximum,,,,full_penalty_qaoa,complete,,0,7,nisq,"{'Hadamard': 7, 'CNOT': 200, 'RZ': 130, 'RX': 35}",372.0,7.0,0.0,0.0,7.0,172.0,200.0,0.0,6.0,5.0,7.0,73.0,185.0
b_7_overlapping_01,7,7,overlapping,maximum,,,,full_penalty_qaoa,complete,,0,7,ftqc,"{'Hadamard': 7, 'CNOT': 40, 'T': 1452}",1499.0,7.0,0.0,0.0,7.0,1459.0,40.0,1452.0,6.0,1.0,7.0,1492.0,4700.0
b_7_overlapping_01,7,7,overlapping,maximum,,,,full_penalty_qaoa,complete,,0,7,ftqc,"{'Hadamard': 7, 'CNOT': 80, 'T': 2904}",2991.0,7.0,0.0,0.0,7.0,2911.0,80.0,2904.0,6.0,2.0,7.0,1492.0,4700.0
b_7_overlapping_01,7,7,overlapping,maximum,,,,full_penalty_qaoa,complete,,0,7,ftqc,"{'Hadamard': 7, 'CNOT': 120, 'T': 4356}",4483.0,7.0,0.0,0.0,7.0,4363.0,120.0,4356.0,6.0,3.0,7.0,1492.0,4700.0
b_7_overlapping_01,7,7,overlapping,maximum,,,,full_penalty_qaoa,complete,,0,7,ftqc,"{'Hadamard': 7, 'CNOT': 160, 'T': 5808}",5975.0,7.0,0.0,0.0,7.0,5815.0,160.0,5808.0,6.0,4.0,7.0,1492.0,4700.0
b_7_overlapping_01,7,7,overlapping,maximum,,,,full_penalty_qaoa,complete,,0,7,ftqc,"{'Hadamard': 7, 'CNOT': 200, 'T': 7260}",7467.0,7.0,0.0,0.0,7.0,7267.0,200.0,7260.0,6.0,5.0,7.0,1492.0,4700.0
b_7_overlapping_01,7,7,overlapping,range,,,,full_penalty_qaoa,complete,,0,7,nisq,"{'Hadamard': 7, 'CNOT': 40, 'RZ': 26, 'RX': 7}",80.0,7.0,0.0,0.0,7.0,40.0,40.0,0.0,79.0,1.0,7.0,73.0,185.0
b_7_overlapping_01,7,7,overlapping,range,,,,full_penalty_qaoa,complete,,0,7,nisq,"{'Hadamard': 7, 'CNOT': 80, 'RZ': 52, 'RX': 14}",153.0,7.0,0.0,0.0,7.0,73.0,80.0,0.0,79.0,2.0,7.0,73.0,185.0
b_7_overlapping_01,7,7,overlapping,range,,,,full_penalty_qaoa,complete,,0,7,nisq,"{'Hadamard': 7, 'CNOT': 120, 'RZ': 78, 'RX': 21}",226.0,7.0,0.0,0.0,7.0,106.0,120.0,0.0,79.0,3.0,7.0,73.0,185.0
b_7_overlapping_01,7,7,overlapping,range,,,,full_penalty_qaoa,complete,,0,7,nisq,"{'Hadamard': 7, 'CNOT': 160, 'RZ': 104, 'RX': 28}",299.0,7.0,0.0,0.0,7.0,139.0,160.0,0.0,79.0,4.0,7.0,73.0,185.0
b_7_overlapping_01,7,7,overlapping,range,,,,full_penalty_qaoa,complete,,0,7,nisq,"{'Hadamard': 7, 'CNOT': 200, 'RZ': 130, 'RX': 35}",372.0,7.0,0.0,0.0,7.0,172.0,200.0,0.0,79.0,5.0,7.0,73.0,185.0
b_7_overlapping_01,7,7,overlapping,range,,,,full_penalty_qaoa,complete,,0,7,ftqc,"{'Hadamard': 7, 'CNOT': 40, 'T': 1452}",1499.0,7.0,0.0,0.0,7.0,1459.0,40.0,1452.0,79.0,1.0,7.0,1492.0,4700.0
b_7_overlapping_01,7,7,overlapping,range,,,,full_penalty_qaoa,complete,,0,7,ftqc,"{'Hadamard': 7, 'CNOT': 80, 'T': 2904}",2991.0,7.0,0.0,0.0,7.0,2911.0,80.0,2904.0,79.0,2.0,7.0,1492.0,4700.0
b_7_overlapping_01,7,7,overlapping,range,,,,full_penalty_qaoa,complete,,0,7,ftqc,"{'Hadamard': 7, 'CNOT': 120, 'T': 4356}",4483.0,7.0,0.0,0.0,7.0,4363.0,120.0,4356.0,79.0,3.0,7.0,1492.0,4700.0
b_7_overlapping_01,7,7,overlapping,range,,,,full_penalty_qaoa,complete,,0,7,ftqc,"{'Hadamard': 7, 'CNOT': 160, 'T': 5808}",5975.0,7.0,0.0,0.0,7.0,5815.0,160.0,5808.0,79.0,4.0,7.0,1492.0,4700.0
b_7_overlapping_01,7,7,overlapping,range,,,,full_penalty_qaoa,complete,,0,7,ftqc,"{'Hadamard': 7, 'CNOT': 200, 'T': 7260}",7467.0,7.0,0.0,0.0,7.0,7267.0,200.0,7260.0,79.0,5.0,7.0,1492.0,4700.0
b_7_overlapping_01,7,7,overlapping,verma_lewis,,,,full_penalty_qaoa,complete,,0,7,nisq,"{'Hadamard': 7, 'CNOT': 40, 'RZ': 26, 'RX': 7}",80.0,7.0,0.0,0.0,7.0,40.0,40.0,0.0,16.0,1.0,7.0,73.0,185.0
b_7_overlapping_01,7,7,overlapping,verma_lewis,,,,full_penalty_qaoa,complete,,0,7,nisq,"{'Hadamard': 7, 'CNOT': 80, 'RZ': 52, 'RX': 14}",153.0,7.0,0.0,0.0,7.0,73.0,80.0,0.0,16.0,2.0,7.0,73.0,185.0
b_7_overlapping_01,7,7,overlapping,verma_lewis,,,,full_penalty_qaoa,complete,,0,7,nisq,"{'Hadamard': 7, 'CNOT': 120, 'RZ': 78, 'RX': 21}",226.0,7.0,0.0,0.0,7.0,106.0,120.0,0.0,16.0,3.0,7.0,73.0,185.0
b_7_overlapping_01,7,7,overlapping,verma_lewis,,,,full_penalty_qaoa,complete,,0,7,nisq,"{'Hadamard': 7, 'CNOT': 160, 'RZ': 104, 'RX': 28}",299.0,7.0,0.0,0.0,7.0,139.0,160.0,0.0,16.0,4.0,7.0,73.0,185.0
b_7_overlapping_01,7,7,overlapping,verma_lewis,,,,full_penalty_qaoa,complete,,0,7,nisq,"{'Hadamard': 7, 'CNOT': 200, 'RZ': 130, 'RX': 35}",372.0,7.0,0.0,0.0,7.0,172.0,200.0,0.0,16.0,5.0,7.0,73.0,185.0
b_7_overlapping_01,7,7,overlapping,verma_lewis,,,,full_penalty_qaoa,complete,,0,7,ftqc,"{'Hadamard': 7, 'CNOT': 40, 'T': 1452}",1499.0,7.0,0.0,0.0,7.0,1459.0,40.0,1452.0,16.0,1.0,7.0,1492.0,4700.0
b_7_overlapping_01,7,7,overlapping,verma_lewis,,,,full_penalty_qaoa,complete,,0,7,ftqc,"{'Hadamard': 7, 'CNOT': 80, 'T': 2904}",2991.0,7.0,0.0,0.0,7.0,2911.0,80.0,2904.0,16.0,2.0,7.0,1492.0,4700.0
b_7_overlapping_01,7,7,overlapping,verma_lewis,,,,full_penalty_qaoa,complete,,0,7,ftqc,"{'Hadamard': 7, 'CNOT': 120, 'T': 4356}",4483.0,7.0,0.0,0.0,7.0,4363.0,120.0,4356.0,16.0,3.0,7.0,1492.0,4700.0
b_7_overlapping_01,7,7,overlapping,verma_lewis,,,,full_penalty_qaoa,complete,,0,7,ftqc,"{'Hadamard': 7, 'CNOT': 160, 'T': 5808}",5975.0,7.0,0.0,0.0,7.0,5815.0,160.0,5808.0,16.0,4.0,7.0,1492.0,4700.0
b_7_overlapping_01,7,7,overlapping,verma_lewis,,,,full_penalty_qaoa,complete,,0,7,ftqc,"{'Hadamard': 7, 'CNOT': 200, 'T': 7260}",7467.0,7.0,0.0,0.0,7.0,7267.0,200.0,7260.0,16.0,5.0,7.0,1492.0,4700.0
b_7_overlapping_02,7,7,overlapping,constraint_component,5*x_1*x_1 + 3*x_1*x_0 + 5*x_1*x_2 + 4*x_0*x_0 + 5*x_0*x_2 + 3*x_2*x_2 <= 14,0.0,quadratic_knapsack,gadget,missing_vcg,vcg,0,3,nisq,,,,,,,,,,,,,,
b_7_overlapping_02,7,7,overlapping,constraint_component,5*x_1*x_1 + 3*x_1*x_0 + 5*x_1*x_2 + 4*x_0*x_0 + 5*x_0*x_2 + 3*x_2*x_2 <= 14,0.0,quadratic_knapsack,gadget,missing_vcg,vcg,0,3,ftqc,,,,,,,,,,,,,,
b_7_overlapping_02,7,7,overlapping,constraint_component,5*x_1*x_1 + 3*x_1*x_0 + 5*x_1*x_2 + 4*x_0*x_0 + 5*x_0*x_2 + 3*x_2*x_2 <= 14,0.0,quadratic_knapsack,penalty_cost_layer,complete,vcg,4,11,nisq,"{'CNOT': 94, 'RZ': 41}",135.0,7.0,0.0,0.0,7.0,41.0,94.0,0.0,,,,,
b_7_overlapping_02,7,7,overlapping,constraint_component,5*x_1*x_1 + 3*x_1*x_0 + 5*x_1*x_2 + 4*x_0*x_0 + 5*x_0*x_2 + 3*x_2*x_2 <= 14,0.0,quadratic_knapsack,penalty_cost_layer,complete,vcg,4,11,ftqc,"{'CNOT': 94, 'T': 1804}",1898.0,7.0,0.0,0.0,7.0,1804.0,94.0,1804.0,,,,,
b_7_overlapping_02,7,7,overlapping,constraint_component,5*x_0*x_0 + 2*x_0*x_6 + 2*x_0*x_2 + 3*x_0*x_3 + 1*x_0*x_4 + 1*x_6*x_6 + 4*x_6*x_2 + 4*x_6*x_3 + 3*x_6*x_4 + 1*x_2*x_2 + 3*x_2*x_3 + 1*x_2*x_4 + 5*x_3*x_3 + 1*x_3*x_4 + 5*x_4*x_4 <= 23,1.0,quadratic_knapsack,gadget,missing_vcg,vcg,0,5,nisq,,,,,,,,,,,,,,
b_7_overlapping_02,7,7,overlapping,constraint_component,5*x_0*x_0 + 2*x_0*x_6 + 2*x_0*x_2 + 3*x_0*x_3 + 1*x_0*x_4 + 1*x_6*x_6 + 4*x_6*x_2 + 4*x_6*x_3 + 3*x_6*x_4 + 1*x_2*x_2 + 3*x_2*x_3 + 1*x_2*x_4 + 5*x_3*x_3 + 1*x_3*x_4 + 5*x_4*x_4 <= 23,1.0,quadratic_knapsack,gadget,missing_vcg,vcg,0,5,ftqc,,,,,,,,,,,,,,
b_7_overlapping_02,7,7,overlapping,constraint_component,5*x_0*x_0 + 2*x_0*x_6 + 2*x_0*x_2 + 3*x_0*x_3 + 1*x_0*x_4 + 1*x_6*x_6 + 4*x_6*x_2 + 4*x_6*x_3 + 3*x_6*x_4 + 1*x_2*x_2 + 3*x_2*x_3 + 1*x_2*x_4 + 5*x_3*x_3 + 1*x_3*x_4 + 5*x_4*x_4 <= 23,1.0,quadratic_knapsack,penalty_cost_layer,complete,vcg,5,12,nisq,"{'CNOT': 360, 'RZ': 120}",480.0,10.0,0.0,0.0,10.0,120.0,360.0,0.0,,,,,
b_7_overlapping_02,7,7,overlapping,constraint_component,5*x_0*x_0 + 2*x_0*x_6 + 2*x_0*x_2 + 3*x_0*x_3 + 1*x_0*x_4 + 1*x_6*x_6 + 4*x_6*x_2 + 4*x_6*x_3 + 3*x_6*x_4 + 1*x_2*x_2 + 3*x_2*x_3 + 1*x_2*x_4 + 5*x_3*x_3 + 1*x_3*x_4 + 5*x_4*x_4 <= 23,1.0,quadratic_knapsack,penalty_cost_layer,complete,vcg,5,12,ftqc,"{'CNOT': 360, 'T': 5280}",5640.0,10.0,0.0,0.0,10.0,5280.0,360.0,5280.0,,,,,
b_7_overlapping_02,7,7,overlapping,constraint_component,5*x_1*x_1 + 1*x_1*x_2 + 2*x_1*x_5 + 5*x_2*x_2 + 1*x_2*x_5 + 3*x_5*x_5 <= 6,2.0,quadratic_knapsack,gadget,missing_vcg,vcg,0,3,nisq,,,,,,,,,,,,,,
b_7_overlapping_02,7,7,overlapping,constraint_component,5*x_1*x_1 + 1*x_1*x_2 + 2*x_1*x_5 + 5*x_2*x_2 + 1*x_2*x_5 + 3*x_5*x_5 <= 6,2.0,quadratic_knapsack,gadget,missing_vcg,vcg,0,3,ftqc,,,,,,,,,,,,,,
b_7_overlapping_02,7,7,overlapping,constraint_component,5*x_1*x_1 + 1*x_1*x_2 + 2*x_1*x_5 + 5*x_2*x_2 + 1*x_2*x_5 + 3*x_5*x_5 <= 6,2.0,quadratic_knapsack,penalty_cost_layer,complete,vcg,3,10,nisq,"{'CNOT': 70, 'RZ': 31}",101.0,6.0,0.0,0.0,6.0,31.0,70.0,0.0,,,,,
b_7_overlapping_02,7,7,overlapping,constraint_component,5*x_1*x_1 + 1*x_1*x_2 + 2*x_1*x_5 + 5*x_2*x_2 + 1*x_2*x_5 + 3*x_5*x_5 <= 6,2.0,quadratic_knapsack,penalty_cost_layer,complete,vcg,3,10,ftqc,"{'CNOT': 70, 'T': 1364}",1434.0,6.0,0.0,0.0,6.0,1364.0,70.0,1364.0,,,,,
b_7_overlapping_02,7,7,overlapping,feasible,,,,full_penalty_qaoa,complete,,12,19,nisq,"{'Hadamard': 19, 'CNOT': 534, 'RZ': 193, 'RX': 19}",765.0,19.0,0.0,0.0,19.0,231.0,534.0,0.0,35.0,1.0,19.0,746.0,4048.0
b_7_overlapping_02,7,7,overlapping,feasible,,,,full_penalty_qaoa,complete,,12,19,nisq,"{'Hadamard': 19, 'CNOT': 1068, 'RZ': 386, 'RX': 38}",1511.0,19.0,0.0,0.0,19.0,443.0,1068.0,0.0,35.0,2.0,19.0,746.0,4048.0
b_7_overlapping_02,7,7,overlapping,feasible,,,,full_penalty_qaoa,complete,,12,19,nisq,"{'Hadamard': 19, 'CNOT': 1602, 'RZ': 579, 'RX': 57}",2257.0,19.0,0.0,0.0,19.0,655.0,1602.0,0.0,35.0,3.0,19.0,746.0,4048.0
b_7_overlapping_02,7,7,overlapping,feasible,,,,full_penalty_qaoa,complete,,12,19,nisq,"{'Hadamard': 19, 'CNOT': 2136, 'RZ': 772, 'RX': 76}",3003.0,19.0,0.0,0.0,19.0,867.0,2136.0,0.0,35.0,4.0,19.0,746.0,4048.0
b_7_overlapping_02,7,7,overlapping,feasible,,,,full_penalty_qaoa,complete,,12,19,nisq,"{'Hadamard': 19, 'CNOT': 2670, 'RZ': 965, 'RX': 95}",3749.0,19.0,0.0,0.0,19.0,1079.0,2670.0,0.0,35.0,5.0,19.0,746.0,4048.0
b_7_overlapping_02,7,7,overlapping,feasible,,,,full_penalty_qaoa,complete,,12,19,ftqc,"{'Hadamard': 19, 'CNOT': 534, 'T': 9328}",9881.0,19.0,0.0,0.0,19.0,9347.0,534.0,9328.0,35.0,1.0,19.0,9862.0,80416.0
b_7_overlapping_02,7,7,overlapping,feasible,,,,full_penalty_qaoa,complete,,12,19,ftqc,"{'Hadamard': 19, 'CNOT': 1068, 'T': 18656}",19743.0,19.0,0.0,0.0,19.0,18675.0,1068.0,18656.0,35.0,2.0,19.0,9862.0,80416.0
b_7_overlapping_02,7,7,overlapping,feasible,,,,full_penalty_qaoa,complete,,12,19,ftqc,"{'Hadamard': 19, 'CNOT': 1602, 'T': 27984}",29605.0,19.0,0.0,0.0,19.0,28003.0,1602.0,27984.0,35.0,3.0,19.0,9862.0,80416.0
b_7_overlapping_02,7,7,overlapping,feasible,,,,full_penalty_qaoa,complete,,12,19,ftqc,"{'Hadamard': 19, 'CNOT': 2136, 'T': 37312}",39467.0,19.0,0.0,0.0,19.0,37331.0,2136.0,37312.0,35.0,4.0,19.0,9862.0,80416.0
b_7_overlapping_02,7,7,overlapping,feasible,,,,full_penalty_qaoa,complete,,12,19,ftqc,"{'Hadamard': 19, 'CNOT': 2670, 'T': 46640}",49329.0,19.0,0.0,0.0,19.0,46659.0,2670.0,46640.0,35.0,5.0,19.0,9862.0,80416.0
b_7_overlapping_02,7,7,overlapping,local,,,,full_penalty_qaoa,complete,,12,19,nisq,"{'Hadamard': 19, 'CNOT': 534, 'RZ': 193, 'RX': 19}",765.0,19.0,0.0,0.0,19.0,231.0,534.0,0.0,24.0,1.0,19.0,746.0,4048.0
b_7_overlapping_02,7,7,overlapping,local,,,,full_penalty_qaoa,complete,,12,19,nisq,"{'Hadamard': 19, 'CNOT': 1068, 'RZ': 386, 'RX': 38}",1511.0,19.0,0.0,0.0,19.0,443.0,1068.0,0.0,24.0,2.0,19.0,746.0,4048.0
b_7_overlapping_02,7,7,overlapping,local,,,,full_penalty_qaoa,complete,,12,19,nisq,"{'Hadamard': 19, 'CNOT': 1602, 'RZ': 579, 'RX': 57}",2257.0,19.0,0.0,0.0,19.0,655.0,1602.0,0.0,24.0,3.0,19.0,746.0,4048.0
b_7_overlapping_02,7,7,overlapping,local,,,,full_penalty_qaoa,complete,,12,19,nisq,"{'Hadamard': 19, 'CNOT': 2136, 'RZ': 772, 'RX': 76}",3003.0,19.0,0.0,0.0,19.0,867.0,2136.0,0.0,24.0,4.0,19.0,746.0,4048.0
b_7_overlapping_02,7,7,overlapping,local,,,,full_penalty_qaoa,complete,,12,19,nisq,"{'Hadamard': 19, 'CNOT': 2670, 'RZ': 965, 'RX': 95}",3749.0,19.0,0.0,0.0,19.0,1079.0,2670.0,0.0,24.0,5.0,19.0,746.0,4048.0
b_7_overlapping_02,7,7,overlapping,local,,,,full_penalty_qaoa,complete,,12,19,ftqc,"{'Hadamard': 19, 'CNOT': 534, 'T': 9328}",9881.0,19.0,0.0,0.0,19.0,9347.0,534.0,9328.0,24.0,1.0,19.0,9862.0,80416.0
b_7_overlapping_02,7,7,overlapping,local,,,,full_penalty_qaoa,complete,,12,19,ftqc,"{'Hadamard': 19, 'CNOT': 1068, 'T': 18656}",19743.0,19.0,0.0,0.0,19.0,18675.0,1068.0,18656.0,24.0,2.0,19.0,9862.0,80416.0
b_7_overlapping_02,7,7,overlapping,local,,,,full_penalty_qaoa,complete,,12,19,ftqc,"{'Hadamard': 19, 'CNOT': 1602, 'T': 27984}",29605.0,19.0,0.0,0.0,19.0,28003.0,1602.0,27984.0,24.0,3.0,19.0,9862.0,80416.0
b_7_overlapping_02,7,7,overlapping,local,,,,full_penalty_qaoa,complete,,12,19,ftqc,"{'Hadamard': 19, 'CNOT': 2136, 'T': 37312}",39467.0,19.0,0.0,0.0,19.0,37331.0,2136.0,37312.0,24.0,4.0,19.0,9862.0,80416.0
b_7_overlapping_02,7,7,overlapping,local,,,,full_penalty_qaoa,complete,,12,19,ftqc,"{'Hadamard': 19, 'CNOT': 2670, 'T': 46640}",49329.0,19.0,0.0,0.0,19.0,46659.0,2670.0,46640.0,24.0,5.0,19.0,9862.0,80416.0
b_7_overlapping_02,7,7,overlapping,maximum,,,,full_penalty_qaoa,complete,,12,19,nisq,"{'Hadamard': 19, 'CNOT': 534, 'RZ': 193, 'RX': 19}",765.0,19.0,0.0,0.0,19.0,231.0,534.0,0.0,6.0,1.0,19.0,746.0,4048.0
b_7_overlapping_02,7,7,overlapping,maximum,,,,full_penalty_qaoa,complete,,12,19,nisq,"{'Hadamard': 19, 'CNOT': 1068, 'RZ': 386, 'RX': 38}",1511.0,19.0,0.0,0.0,19.0,443.0,1068.0,0.0,6.0,2.0,19.0,746.0,4048.0
b_7_overlapping_02,7,7,overlapping,maximum,,,,full_penalty_qaoa,complete,,12,19,nisq,"{'Hadamard': 19, 'CNOT': 1602, 'RZ': 579, 'RX': 57}",2257.0,19.0,0.0,0.0,19.0,655.0,1602.0,0.0,6.0,3.0,19.0,746.0,4048.0
b_7_overlapping_02,7,7,overlapping,maximum,,,,full_penalty_qaoa,complete,,12,19,nisq,"{'Hadamard': 19, 'CNOT': 2136, 'RZ': 772, 'RX': 76}",3003.0,19.0,0.0,0.0,19.0,867.0,2136.0,0.0,6.0,4.0,19.0,746.0,4048.0
b_7_overlapping_02,7,7,overlapping,maximum,,,,full_penalty_qaoa,complete,,12,19,nisq,"{'Hadamard': 19, 'CNOT': 2670, 'RZ': 965, 'RX': 95}",3749.0,19.0,0.0,0.0,19.0,1079.0,2670.0,0.0,6.0,5.0,19.0,746.0,4048.0
b_7_overlapping_02,7,7,overlapping,maximum,,,,full_penalty_qaoa,complete,,12,19,ftqc,"{'Hadamard': 19, 'CNOT': 534, 'T': 9328}",9881.0,19.0,0.0,0.0,19.0,9347.0,534.0,9328.0,6.0,1.0,19.0,9862.0,80416.0
b_7_overlapping_02,7,7,overlapping,maximum,,,,full_penalty_qaoa,complete,,12,19,ftqc,"{'Hadamard': 19, 'CNOT': 1068, 'T': 18656}",19743.0,19.0,0.0,0.0,19.0,18675.0,1068.0,18656.0,6.0,2.0,19.0,9862.0,80416.0
b_7_overlapping_02,7,7,overlapping,maximum,,,,full_penalty_qaoa,complete,,12,19,ftqc,"{'Hadamard': 19, 'CNOT': 1602, 'T': 27984}",29605.0,19.0,0.0,0.0,19.0,28003.0,1602.0,27984.0,6.0,3.0,19.0,9862.0,80416.0
b_7_overlapping_02,7,7,overlapping,maximum,,,,full_penalty_qaoa,complete,,12,19,ftqc,"{'Hadamard': 19, 'CNOT': 2136, 'T': 37312}",39467.0,19.0,0.0,0.0,19.0,37331.0,2136.0,37312.0,6.0,4.0,19.0,9862.0,80416.0
b_7_overlapping_02,7,7,overlapping,maximum,,,,full_penalty_qaoa,complete,,12,19,ftqc,"{'Hadamard': 19, 'CNOT': 2670, 'T': 46640}",49329.0,19.0,0.0,0.0,19.0,46659.0,2670.0,46640.0,6.0,5.0,19.0,9862.0,80416.0
b_7_overlapping_02,7,7,overlapping,range,,,,full_penalty_qaoa,complete,,12,19,nisq,"{'Hadamard': 19, 'CNOT': 534, 'RZ': 193, 'RX': 19}",765.0,19.0,0.0,0.0,19.0,231.0,534.0,0.0,79.0,1.0,19.0,746.0,4048.0
b_7_overlapping_02,7,7,overlapping,range,,,,full_penalty_qaoa,complete,,12,19,nisq,"{'Hadamard': 19, 'CNOT': 1068, 'RZ': 386, 'RX': 38}",1511.0,19.0,0.0,0.0,19.0,443.0,1068.0,0.0,79.0,2.0,19.0,746.0,4048.0
b_7_overlapping_02,7,7,overlapping,range,,,,full_penalty_qaoa,complete,,12,19,nisq,"{'Hadamard': 19, 'CNOT': 1602, 'RZ': 579, 'RX': 57}",2257.0,19.0,0.0,0.0,19.0,655.0,1602.0,0.0,79.0,3.0,19.0,746.0,4048.0
b_7_overlapping_02,7,7,overlapping,range,,,,full_penalty_qaoa,complete,,12,19,nisq,"{'Hadamard': 19, 'CNOT': 2136, 'RZ': 772, 'RX': 76}",3003.0,19.0,0.0,0.0,19.0,867.0,2136.0,0.0,79.0,4.0,19.0,746.0,4048.0
b_7_overlapping_02,7,7,overlapping,range,,,,full_penalty_qaoa,complete,,12,19,nisq,"{'Hadamard': 19, 'CNOT': 2670, 'RZ': 965, 'RX': 95}",3749.0,19.0,0.0,0.0,19.0,1079.0,2670.0,0.0,79.0,5.0,19.0,746.0,4048.0
b_7_overlapping_02,7,7,overlapping,range,,,,full_penalty_qaoa,complete,,12,19,ftqc,"{'Hadamard': 19, 'CNOT': 534, 'T': 9328}",9881.0,19.0,0.0,0.0,19.0,9347.0,534.0,9328.0,79.0,1.0,19.0,9862.0,80416.0
b_7_overlapping_02,7,7,overlapping,range,,,,full_penalty_qaoa,complete,,12,19,ftqc,"{'Hadamard': 19, 'CNOT': 1068, 'T': 18656}",19743.0,19.0,0.0,0.0,19.0,18675.0,1068.0,18656.0,79.0,2.0,19.0,9862.0,80416.0
b_7_overlapping_02,7,7,overlapping,range,,,,full_penalty_qaoa,complete,,12,19,ftqc,"{'Hadamard': 19, 'CNOT': 1602, 'T': 27984}",29605.0,19.0,0.0,0.0,19.0,28003.0,1602.0,27984.0,79.0,3.0,19.0,9862.0,80416.0
b_7_overlapping_02,7,7,overlapping,range,,,,full_penalty_qaoa,complete,,12,19,ftqc,"{'Hadamard': 19, 'CNOT': 2136, 'T': 37312}",39467.0,19.0,0.0,0.0,19.0,37331.0,2136.0,37312.0,79.0,4.0,19.0,9862.0,80416.0
b_7_overlapping_02,7,7,overlapping,range,,,,full_penalty_qaoa,complete,,12,19,ftqc,"{'Hadamard': 19, 'CNOT': 2670, 'T': 46640}",49329.0,19.0,0.0,0.0,19.0,46659.0,2670.0,46640.0,79.0,5.0,19.0,9862.0,80416.0
b_7_overlapping_02,7,7,overlapping,verma_lewis,,,,full_penalty_qaoa,complete,,12,19,nisq,"{'Hadamard': 19, 'CNOT': 534, 'RZ': 193, 'RX': 19}",765.0,19.0,0.0,0.0,19.0,231.0,534.0,0.0,19.0,1.0,19.0,746.0,4048.0
b_7_overlapping_02,7,7,overlapping,verma_lewis,,,,full_penalty_qaoa,complete,,12,19,nisq,"{'Hadamard': 19, 'CNOT': 1068, 'RZ': 386, 'RX': 38}",1511.0,19.0,0.0,0.0,19.0,443.0,1068.0,0.0,19.0,2.0,19.0,746.0,4048.0
b_7_overlapping_02,7,7,overlapping,verma_lewis,,,,full_penalty_qaoa,complete,,12,19,nisq,"{'Hadamard': 19, 'CNOT': 1602, 'RZ': 579, 'RX': 57}",2257.0,19.0,0.0,0.0,19.0,655.0,1602.0,0.0,19.0,3.0,19.0,746.0,4048.0
b_7_overlapping_02,7,7,overlapping,verma_lewis,,,,full_penalty_qaoa,complete,,12,19,nisq,"{'Hadamard': 19, 'CNOT': 2136, 'RZ': 772, 'RX': 76}",3003.0,19.0,0.0,0.0,19.0,867.0,2136.0,0.0,19.0,4.0,19.0,746.0,4048.0
b_7_overlapping_02,7,7,overlapping,verma_lewis,,,,full_penalty_qaoa,complete,,12,19,nisq,"{'Hadamard': 19, 'CNOT': 2670, 'RZ': 965, 'RX': 95}",3749.0,19.0,0.0,0.0,19.0,1079.0,2670.0,0.0,19.0,5.0,19.0,746.0,4048.0
b_7_overlapping_02,7,7,overlapping,verma_lewis,,,,full_penalty_qaoa,complete,,12,19,ftqc,"{'Hadamard': 19, 'CNOT': 534, 'T': 9328}",9881.0,19.0,0.0,0.0,19.0,9347.0,534.0,9328.0,19.0,1.0,19.0,9862.0,80416.0
b_7_overlapping_02,7,7,overlapping,verma_lewis,,,,full_penalty_qaoa,complete,,12,19,ftqc,"{'Hadamard': 19, 'CNOT': 1068, 'T': 18656}",19743.0,19.0,0.0,0.0,19.0,18675.0,1068.0,18656.0,19.0,2.0,19.0,9862.0,80416.0
b_7_overlapping_02,7,7,overlapping,verma_lewis,,,,full_penalty_qaoa,complete,,12,19,ftqc,"{'Hadamard': 19, 'CNOT': 1602, 'T': 27984}",29605.0,19.0,0.0,0.0,19.0,28003.0,1602.0,27984.0,19.0,3.0,19.0,9862.0,80416.0
b_7_overlapping_02,7,7,overlapping,verma_lewis,,,,full_penalty_qaoa,complete,,12,19,ftqc,"{'Hadamard': 19, 'CNOT': 2136, 'T': 37312}",39467.0,19.0,0.0,0.0,19.0,37331.0,2136.0,37312.0,19.0,4.0,19.0,9862.0,80416.0
b_7_overlapping_02,7,7,overlapping,verma_lewis,,,,full_penalty_qaoa,complete,,12,19,ftqc,"{'Hadamard': 19, 'CNOT': 2670, 'T': 46640}",49329.0,19.0,0.0,0.0,19.0,46659.0,2670.0,46640.0,19.0,5.0,19.0,9862.0,80416.0
b_8_disjoint_01,8,8,disjoint,constraint_component,x_0*x_1 == 0,0.0,independent_set,gadget,complete,leq,0,2,nisq,"{'RY': 3, 'CNOT': 7}",10.0,2.0,0.0,0.0,2.0,3.0,7.0,0.0,,,,,
b_8_disjoint_01,8,8,disjoint,constraint_component,x_0*x_1 == 0,0.0,independent_set,gadget,complete,leq,0,2,ftqc,"{'T': 132, 'CNOT': 7}",139.0,2.0,0.0,0.0,2.0,132.0,7.0,132.0,,,,,
b_8_disjoint_01,8,8,disjoint,constraint_component,x_0*x_1 == 0,0.0,independent_set,penalty_cost_layer,complete,leq,0,8,nisq,"{'CNOT': 2, 'RZ': 3}",5.0,2.0,0.0,0.0,2.0,3.0,2.0,0.0,,,,,
b_8_disjoint_01,8,8,disjoint,constraint_component,x_0*x_1 == 0,0.0,independent_set,penalty_cost_layer,complete,leq,0,8,ftqc,"{'CNOT': 2, 'T': 132}",134.0,2.0,0.0,0.0,2.0,132.0,2.0,132.0,,,,,
b_8_disjoint_01,8,8,disjoint,constraint_component,x_2 - x_3 == 0,1.0,flow,gadget,complete,flow,0,2,nisq,"{'RY': 1, 'CNOT': 1}",2.0,2.0,0.0,0.0,2.0,1.0,1.0,0.0,,,,,
b_8_disjoint_01,8,8,disjoint,constraint_component,x_2 - x_3 == 0,1.0,flow,gadget,complete,flow,0,2,ftqc,"{'T': 44, 'CNOT': 1}",45.0,2.0,0.0,0.0,2.0,44.0,1.0,44.0,,,,,
b_8_disjoint_01,8,8,disjoint,constraint_component,x_2 - x_3 == 0,1.0,flow,penalty_cost_layer,complete,flow,0,8,nisq,"{'CNOT': 2, 'RZ': 3}",5.0,2.0,0.0,0.0,2.0,3.0,2.0,0.0,,,,,
b_8_disjoint_01,8,8,disjoint,constraint_component,x_2 - x_3 == 0,1.0,flow,penalty_cost_layer,complete,flow,0,8,ftqc,"{'CNOT': 2, 'T': 132}",134.0,2.0,0.0,0.0,2.0,132.0,2.0,132.0,,,,,
b_8_disjoint_01,8,8,disjoint,constraint_component,x_4 + x_5 + x_6 + x_7 >= 1,2.0,cardinality,gadget,missing_vcg,vcg,0,4,nisq,,,,,,,,,,,,,,
b_8_disjoint_01,8,8,disjoint,constraint_component,x_4 + x_5 + x_6 + x_7 >= 1,2.0,cardinality,gadget,missing_vcg,vcg,0,4,ftqc,,,,,,,,,,,,,,
b_8_disjoint_01,8,8,disjoint,constraint_component,x_4 + x_5 + x_6 + x_7 >= 1,2.0,cardinality,penalty_cost_layer,complete,vcg,2,10,nisq,"{'CNOT': 30, 'RZ': 21}",51.0,6.0,0.0,0.0,6.0,21.0,30.0,0.0,,,,,
b_8_disjoint_01,8,8,disjoint,constraint_component,x_4 + x_5 + x_6 + x_7 >= 1,2.0,cardinality,penalty_cost_layer,complete,vcg,2,10,ftqc,"{'CNOT': 30, 'T': 924}",954.0,6.0,0.0,0.0,6.0,924.0,30.0,924.0,,,,,
b_8_disjoint_01,8,8,disjoint,feasible,,,,full_penalty_qaoa,complete,,2,10,nisq,"{'Hadamard': 10, 'CNOT': 70, 'RZ': 45, 'RX': 10}",135.0,10.0,0.0,0.0,10.0,65.0,70.0,0.0,57.0,1.0,10.0,125.0,191.0
b_8_disjoint_01,8,8,disjoint,feasible,,,,full_penalty_qaoa,complete,,2,10,nisq,"{'Hadamard': 10, 'CNOT': 140, 'RZ': 90, 'RX': 20}",260.0,10.0,0.0,0.0,10.0,120.0,140.0,0.0,57.0,2.0,10.0,125.0,191.0
b_8_disjoint_01,8,8,disjoint,feasible,,,,full_penalty_qaoa,complete,,2,10,nisq,"{'Hadamard': 10, 'CNOT': 210, 'RZ': 135, 'RX': 30}",385.0,10.0,0.0,0.0,10.0,175.0,210.0,0.0,57.0,3.0,10.0,125.0,191.0
b_8_disjoint_01,8,8,disjoint,feasible,,,,full_penalty_qaoa,complete,,2,10,nisq,"{'Hadamard': 10, 'CNOT': 280, 'RZ': 180, 'RX': 40}",510.0,10.0,0.0,0.0,10.0,230.0,280.0,0.0,57.0,4.0,10.0,125.0,191.0
b_8_disjoint_01,8,8,disjoint,feasible,,,,full_penalty_qaoa,complete,,2,10,nisq,"{'Hadamard': 10, 'CNOT': 350, 'RZ': 225, 'RX': 50}",635.0,10.0,0.0,0.0,10.0,285.0,350.0,0.0,57.0,5.0,10.0,125.0,191.0
b_8_disjoint_01,8,8,disjoint,feasible,,,,full_penalty_qaoa,complete,,2,10,ftqc,"{'Hadamard': 10, 'CNOT': 70, 'T': 2420}",2500.0,10.0,0.0,0.0,10.0,2430.0,70.0,2420.0,57.0,1.0,10.0,2490.0,4792.0
b_8_disjoint_01,8,8,disjoint,feasible,,,,full_penalty_qaoa,complete,,2,10,ftqc,"{'Hadamard': 10, 'CNOT': 140, 'T': 4840}",4990.0,10.0,0.0,0.0,10.0,4850.0,140.0,4840.0,57.0,2.0,10.0,2490.0,4792.0
b_8_disjoint_01,8,8,disjoint,feasible,,,,full_penalty_qaoa,complete,,2,10,ftqc,"{'Hadamard': 10, 'CNOT': 210, 'T': 7260}",7480.0,10.0,0.0,0.0,10.0,7270.0,210.0,7260.0,57.0,3.0,10.0,2490.0,4792.0
b_8_disjoint_01,8,8,disjoint,feasible,,,,full_penalty_qaoa,complete,,2,10,ftqc,"{'Hadamard': 10, 'CNOT': 280, 'T': 9680}",9970.0,10.0,0.0,0.0,10.0,9690.0,280.0,9680.0,57.0,4.0,10.0,2490.0,4792.0
b_8_disjoint_01,8,8,disjoint,feasible,,,,full_penalty_qaoa,complete,,2,10,ftqc,"{'Hadamard': 10, 'CNOT': 350, 'T': 12100}",12460.0,10.0,0.0,0.0,10.0,12110.0,350.0,12100.0,57.0,5.0,10.0,2490.0,4792.0
b_8_disjoint_01,8,8,disjoint,local,,,,full_penalty_qaoa,complete,,2,10,nisq,"{'Hadamard': 10, 'CNOT': 70, 'RZ': 45, 'RX': 10}",135.0,10.0,0.0,0.0,10.0,65.0,70.0,0.0,26.0,1.0,10.0,125.0,191.0
b_8_disjoint_01,8,8,disjoint,local,,,,full_penalty_qaoa,complete,,2,10,nisq,"{'Hadamard': 10, 'CNOT': 140, 'RZ': 90, 'RX': 20}",260.0,10.0,0.0,0.0,10.0,120.0,140.0,0.0,26.0,2.0,10.0,125.0,191.0
b_8_disjoint_01,8,8,disjoint,local,,,,full_penalty_qaoa,complete,,2,10,nisq,"{'Hadamard': 10, 'CNOT': 210, 'RZ': 135, 'RX': 30}",385.0,10.0,0.0,0.0,10.0,175.0,210.0,0.0,26.0,3.0,10.0,125.0,191.0
b_8_disjoint_01,8,8,disjoint,local,,,,full_penalty_qaoa,complete,,2,10,nisq,"{'Hadamard': 10, 'CNOT': 280, 'RZ': 180, 'RX': 40}",510.0,10.0,0.0,0.0,10.0,230.0,280.0,0.0,26.0,4.0,10.0,125.0,191.0
b_8_disjoint_01,8,8,disjoint,local,,,,full_penalty_qaoa,complete,,2,10,nisq,"{'Hadamard': 10, 'CNOT': 350, 'RZ': 225, 'RX': 50}",635.0,10.0,0.0,0.0,10.0,285.0,350.0,0.0,26.0,5.0,10.0,125.0,191.0
b_8_disjoint_01,8,8,disjoint,local,,,,full_penalty_qaoa,complete,,2,10,ftqc,"{'Hadamard': 10, 'CNOT': 70, 'T': 2420}",2500.0,10.0,0.0,0.0,10.0,2430.0,70.0,2420.0,26.0,1.0,10.0,2490.0,4792.0
b_8_disjoint_01,8,8,disjoint,local,,,,full_penalty_qaoa,complete,,2,10,ftqc,"{'Hadamard': 10, 'CNOT': 140, 'T': 4840}",4990.0,10.0,0.0,0.0,10.0,4850.0,140.0,4840.0,26.0,2.0,10.0,2490.0,4792.0
b_8_disjoint_01,8,8,disjoint,local,,,,full_penalty_qaoa,complete,,2,10,ftqc,"{'Hadamard': 10, 'CNOT': 210, 'T': 7260}",7480.0,10.0,0.0,0.0,10.0,7270.0,210.0,7260.0,26.0,3.0,10.0,2490.0,4792.0
b_8_disjoint_01,8,8,disjoint,local,,,,full_penalty_qaoa,complete,,2,10,ftqc,"{'Hadamard': 10, 'CNOT': 280, 'T': 9680}",9970.0,10.0,0.0,0.0,10.0,9690.0,280.0,9680.0,26.0,4.0,10.0,2490.0,4792.0
b_8_disjoint_01,8,8,disjoint,local,,,,full_penalty_qaoa,complete,,2,10,ftqc,"{'Hadamard': 10, 'CNOT': 350, 'T': 12100}",12460.0,10.0,0.0,0.0,10.0,12110.0,350.0,12100.0,26.0,5.0,10.0,2490.0,4792.0
b_8_disjoint_01,8,8,disjoint,maximum,,,,full_penalty_qaoa,complete,,2,10,nisq,"{'Hadamard': 10, 'CNOT': 70, 'RZ': 45, 'RX': 10}",135.0,10.0,0.0,0.0,10.0,65.0,70.0,0.0,6.0,1.0,10.0,125.0,191.0
b_8_disjoint_01,8,8,disjoint,maximum,,,,full_penalty_qaoa,complete,,2,10,nisq,"{'Hadamard': 10, 'CNOT': 140, 'RZ': 90, 'RX': 20}",260.0,10.0,0.0,0.0,10.0,120.0,140.0,0.0,6.0,2.0,10.0,125.0,191.0
b_8_disjoint_01,8,8,disjoint,maximum,,,,full_penalty_qaoa,complete,,2,10,nisq,"{'Hadamard': 10, 'CNOT': 210, 'RZ': 135, 'RX': 30}",385.0,10.0,0.0,0.0,10.0,175.0,210.0,0.0,6.0,3.0,10.0,125.0,191.0
b_8_disjoint_01,8,8,disjoint,maximum,,,,full_penalty_qaoa,complete,,2,10,nisq,"{'Hadamard': 10, 'CNOT': 280, 'RZ': 180, 'RX': 40}",510.0,10.0,0.0,0.0,10.0,230.0,280.0,0.0,6.0,4.0,10.0,125.0,191.0
b_8_disjoint_01,8,8,disjoint,maximum,,,,full_penalty_qaoa,complete,,2,10,nisq,"{'Hadamard': 10, 'CNOT': 350, 'RZ': 225, 'RX': 50}",635.0,10.0,0.0,0.0,10.0,285.0,350.0,0.0,6.0,5.0,10.0,125.0,191.0
b_8_disjoint_01,8,8,disjoint,maximum,,,,full_penalty_qaoa,complete,,2,10,ftqc,"{'Hadamard': 10, 'CNOT': 70, 'T': 2420}",2500.0,10.0,0.0,0.0,10.0,2430.0,70.0,2420.0,6.0,1.0,10.0,2490.0,4792.0
b_8_disjoint_01,8,8,disjoint,maximum,,,,full_penalty_qaoa,complete,,2,10,ftqc,"{'Hadamard': 10, 'CNOT': 140, 'T': 4840}",4990.0,10.0,0.0,0.0,10.0,4850.0,140.0,4840.0,6.0,2.0,10.0,2490.0,4792.0
b_8_disjoint_01,8,8,disjoint,maximum,,,,full_penalty_qaoa,complete,,2,10,ftqc,"{'Hadamard': 10, 'CNOT': 210, 'T': 7260}",7480.0,10.0,0.0,0.0,10.0,7270.0,210.0,7260.0,6.0,3.0,10.0,2490.0,4792.0
b_8_disjoint_01,8,8,disjoint,maximum,,,,full_penalty_qaoa,complete,,2,10,ftqc,"{'Hadamard': 10, 'CNOT': 280, 'T': 9680}",9970.0,10.0,0.0,0.0,10.0,9690.0,280.0,9680.0,6.0,4.0,10.0,2490.0,4792.0
b_8_disjoint_01,8,8,disjoint,maximum,,,,full_penalty_qaoa,complete,,2,10,ftqc,"{'Hadamard': 10, 'CNOT': 350, 'T': 12100}",12460.0,10.0,0.0,0.0,10.0,12110.0,350.0,12100.0,6.0,5.0,10.0,2490.0,4792.0
b_8_disjoint_01,8,8,disjoint,range,,,,full_penalty_qaoa,complete,,2,10,nisq,"{'Hadamard': 10, 'CNOT': 70, 'RZ': 45, 'RX': 10}",135.0,10.0,0.0,0.0,10.0,65.0,70.0,0.0,83.0,1.0,10.0,125.0,191.0
b_8_disjoint_01,8,8,disjoint,range,,,,full_penalty_qaoa,complete,,2,10,nisq,"{'Hadamard': 10, 'CNOT': 140, 'RZ': 90, 'RX': 20}",260.0,10.0,0.0,0.0,10.0,120.0,140.0,0.0,83.0,2.0,10.0,125.0,191.0
b_8_disjoint_01,8,8,disjoint,range,,,,full_penalty_qaoa,complete,,2,10,nisq,"{'Hadamard': 10, 'CNOT': 210, 'RZ': 135, 'RX': 30}",385.0,10.0,0.0,0.0,10.0,175.0,210.0,0.0,83.0,3.0,10.0,125.0,191.0
b_8_disjoint_01,8,8,disjoint,range,,,,full_penalty_qaoa,complete,,2,10,nisq,"{'Hadamard': 10, 'CNOT': 280, 'RZ': 180, 'RX': 40}",510.0,10.0,0.0,0.0,10.0,230.0,280.0,0.0,83.0,4.0,10.0,125.0,191.0
b_8_disjoint_01,8,8,disjoint,range,,,,full_penalty_qaoa,complete,,2,10,nisq,"{'Hadamard': 10, 'CNOT': 350, 'RZ': 225, 'RX': 50}",635.0,10.0,0.0,0.0,10.0,285.0,350.0,0.0,83.0,5.0,10.0,125.0,191.0
b_8_disjoint_01,8,8,disjoint,range,,,,full_penalty_qaoa,complete,,2,10,ftqc,"{'Hadamard': 10, 'CNOT': 70, 'T': 2420}",2500.0,10.0,0.0,0.0,10.0,2430.0,70.0,2420.0,83.0,1.0,10.0,2490.0,4792.0
b_8_disjoint_01,8,8,disjoint,range,,,,full_penalty_qaoa,complete,,2,10,ftqc,"{'Hadamard': 10, 'CNOT': 140, 'T': 4840}",4990.0,10.0,0.0,0.0,10.0,4850.0,140.0,4840.0,83.0,2.0,10.0,2490.0,4792.0
b_8_disjoint_01,8,8,disjoint,range,,,,full_penalty_qaoa,complete,,2,10,ftqc,"{'Hadamard': 10, 'CNOT': 210, 'T': 7260}",7480.0,10.0,0.0,0.0,10.0,7270.0,210.0,7260.0,83.0,3.0,10.0,2490.0,4792.0
b_8_disjoint_01,8,8,disjoint,range,,,,full_penalty_qaoa,complete,,2,10,ftqc,"{'Hadamard': 10, 'CNOT': 280, 'T': 9680}",9970.0,10.0,0.0,0.0,10.0,9690.0,280.0,9680.0,83.0,4.0,10.0,2490.0,4792.0
b_8_disjoint_01,8,8,disjoint,range,,,,full_penalty_qaoa,complete,,2,10,ftqc,"{'Hadamard': 10, 'CNOT': 350, 'T': 12100}",12460.0,10.0,0.0,0.0,10.0,12110.0,350.0,12100.0,83.0,5.0,10.0,2490.0,4792.0
b_8_disjoint_01,8,8,disjoint,verma_lewis,,,,full_penalty_qaoa,complete,,2,10,nisq,"{'Hadamard': 10, 'CNOT': 70, 'RZ': 45, 'RX': 10}",135.0,10.0,0.0,0.0,10.0,65.0,70.0,0.0,20.0,1.0,10.0,125.0,191.0
b_8_disjoint_01,8,8,disjoint,verma_lewis,,,,full_penalty_qaoa,complete,,2,10,nisq,"{'Hadamard': 10, 'CNOT': 140, 'RZ': 90, 'RX': 20}",260.0,10.0,0.0,0.0,10.0,120.0,140.0,0.0,20.0,2.0,10.0,125.0,191.0
b_8_disjoint_01,8,8,disjoint,verma_lewis,,,,full_penalty_qaoa,complete,,2,10,nisq,"{'Hadamard': 10, 'CNOT': 210, 'RZ': 135, 'RX': 30}",385.0,10.0,0.0,0.0,10.0,175.0,210.0,0.0,20.0,3.0,10.0,125.0,191.0
b_8_disjoint_01,8,8,disjoint,verma_lewis,,,,full_penalty_qaoa,complete,,2,10,nisq,"{'Hadamard': 10, 'CNOT': 280, 'RZ': 180, 'RX': 40}",510.0,10.0,0.0,0.0,10.0,230.0,280.0,0.0,20.0,4.0,10.0,125.0,191.0
b_8_disjoint_01,8,8,disjoint,verma_lewis,,,,full_penalty_qaoa,complete,,2,10,nisq,"{'Hadamard': 10, 'CNOT': 350, 'RZ': 225, 'RX': 50}",635.0,10.0,0.0,0.0,10.0,285.0,350.0,0.0,20.0,5.0,10.0,125.0,191.0
b_8_disjoint_01,8,8,disjoint,verma_lewis,,,,full_penalty_qaoa,complete,,2,10,ftqc,"{'Hadamard': 10, 'CNOT': 70, 'T': 2420}",2500.0,10.0,0.0,0.0,10.0,2430.0,70.0,2420.0,20.0,1.0,10.0,2490.0,4792.0
b_8_disjoint_01,8,8,disjoint,verma_lewis,,,,full_penalty_qaoa,complete,,2,10,ftqc,"{'Hadamard': 10, 'CNOT': 140, 'T': 4840}",4990.0,10.0,0.0,0.0,10.0,4850.0,140.0,4840.0,20.0,2.0,10.0,2490.0,4792.0
b_8_disjoint_01,8,8,disjoint,verma_lewis,,,,full_penalty_qaoa,complete,,2,10,ftqc,"{'Hadamard': 10, 'CNOT': 210, 'T': 7260}",7480.0,10.0,0.0,0.0,10.0,7270.0,210.0,7260.0,20.0,3.0,10.0,2490.0,4792.0
b_8_disjoint_01,8,8,disjoint,verma_lewis,,,,full_penalty_qaoa,complete,,2,10,ftqc,"{'Hadamard': 10, 'CNOT': 280, 'T': 9680}",9970.0,10.0,0.0,0.0,10.0,9690.0,280.0,9680.0,20.0,4.0,10.0,2490.0,4792.0
b_8_disjoint_01,8,8,disjoint,verma_lewis,,,,full_penalty_qaoa,complete,,2,10,ftqc,"{'Hadamard': 10, 'CNOT': 350, 'T': 12100}",12460.0,10.0,0.0,0.0,10.0,12110.0,350.0,12100.0,20.0,5.0,10.0,2490.0,4792.0
b_8_disjoint_02,8,8,disjoint,constraint_component,x_0 + x_1 == 1,0.0,assignment,gadget,complete,dicke,0,2,nisq,"{'X': 1, 'CNOT': 3, 'RY': 2}",6.0,2.0,0.0,0.0,2.0,3.0,3.0,0.0,,,,,
b_8_disjoint_02,8,8,disjoint,constraint_component,x_0 + x_1 == 1,0.0,assignment,gadget,complete,dicke,0,2,ftqc,"{'Hadamard': 2, 'S': 2, 'CNOT': 3, 'T': 88}",95.0,2.0,0.0,0.0,2.0,92.0,3.0,88.0,,,,,
b_8_disjoint_02,8,8,disjoint,constraint_component,x_0 + x_1 == 1,0.0,assignment,penalty_cost_layer,complete,dicke,0,8,nisq,"{'CNOT': 2, 'RZ': 3}",5.0,2.0,0.0,0.0,2.0,3.0,2.0,0.0,,,,,
b_8_disjoint_02,8,8,disjoint,constraint_component,x_0 + x_1 == 1,0.0,assignment,penalty_cost_layer,complete,dicke,0,8,ftqc,"{'CNOT': 2, 'T': 132}",134.0,2.0,0.0,0.0,2.0,132.0,2.0,132.0,,,,,
b_8_disjoint_02,8,8,disjoint,constraint_component,x_2*x_3 == 0,1.0,independent_set,gadget,complete,leq,0,2,nisq,"{'RY': 3, 'CNOT': 7}",10.0,2.0,0.0,0.0,2.0,3.0,7.0,0.0,,,,,
b_8_disjoint_02,8,8,disjoint,constraint_component,x_2*x_3 == 0,1.0,independent_set,gadget,complete,leq,0,2,ftqc,"{'T': 132, 'CNOT': 7}",139.0,2.0,0.0,0.0,2.0,132.0,7.0,132.0,,,,,
b_8_disjoint_02,8,8,disjoint,constraint_component,x_2*x_3 == 0,1.0,independent_set,penalty_cost_layer,complete,leq,0,8,nisq,"{'CNOT': 2, 'RZ': 3}",5.0,2.0,0.0,0.0,2.0,3.0,2.0,0.0,,,,,
b_8_disjoint_02,8,8,disjoint,constraint_component,x_2*x_3 == 0,1.0,independent_set,penalty_cost_layer,complete,leq,0,8,ftqc,"{'CNOT': 2, 'T': 132}",134.0,2.0,0.0,0.0,2.0,132.0,2.0,132.0,,,,,
b_8_disjoint_02,8,8,disjoint,constraint_component,x_4 + x_5 + x_6 + x_7 <= 4,2.0,cardinality,gadget,complete,leq,0,4,nisq,"{'RY': 19, 'CNOT': 90, 'Hadamard': 30, 'S': 18, 'T': 24, 'Z': 12}",193.0,4.0,2.0,0.0,6.0,103.0,90.0,24.0,,,,,
b_8_disjoint_02,8,8,disjoint,constraint_component,x_4 + x_5 + x_6 + x_7 <= 4,2.0,cardinality,gadget,complete,leq,0,4,ftqc,"{'T': 860, 'CNOT': 90, 'Hadamard': 30, 'S': 42}",1022.0,4.0,2.0,0.0,6.0,932.0,90.0,860.0,,,,,
b_8_disjoint_02,8,8,disjoint,constraint_component,x_4 + x_5 + x_6 + x_7 <= 4,2.0,cardinality,penalty_cost_layer,complete,leq,3,11,nisq,"{'CNOT': 42, 'RZ': 28}",70.0,7.0,0.0,0.0,7.0,28.0,42.0,0.0,,,,,
b_8_disjoint_02,8,8,disjoint,constraint_component,x_4 + x_5 + x_6 + x_7 <= 4,2.0,cardinality,penalty_cost_layer,complete,leq,3,11,ftqc,"{'CNOT': 42, 'T': 1232}",1274.0,7.0,0.0,0.0,7.0,1232.0,42.0,1232.0,,,,,
b_8_disjoint_02,8,8,disjoint,feasible,,,,full_penalty_qaoa,complete,,3,11,nisq,"{'Hadamard': 11, 'CNOT': 80, 'RZ': 51, 'RX': 11}",153.0,11.0,0.0,0.0,11.0,73.0,80.0,0.0,44.0,1.0,11.0,142.0,227.0
b_8_disjoint_02,8,8,disjoint,feasible,,,,full_penalty_qaoa,complete,,3,11,nisq,"{'Hadamard': 11, 'CNOT': 160, 'RZ': 102, 'RX': 22}",295.0,11.0,0.0,0.0,11.0,135.0,160.0,0.0,44.0,2.0,11.0,142.0,227.0
b_8_disjoint_02,8,8,disjoint,feasible,,,,full_penalty_qaoa,complete,,3,11,nisq,"{'Hadamard': 11, 'CNOT': 240, 'RZ': 153, 'RX': 33}",437.0,11.0,0.0,0.0,11.0,197.0,240.0,0.0,44.0,3.0,11.0,142.0,227.0
b_8_disjoint_02,8,8,disjoint,feasible,,,,full_penalty_qaoa,complete,,3,11,nisq,"{'Hadamard': 11, 'CNOT': 320, 'RZ': 204, 'RX': 44}",579.0,11.0,0.0,0.0,11.0,259.0,320.0,0.0,44.0,4.0,11.0,142.0,227.0
b_8_disjoint_02,8,8,disjoint,feasible,,,,full_penalty_qaoa,complete,,3,11,nisq,"{'Hadamard': 11, 'CNOT': 400, 'RZ': 255, 'RX': 55}",721.0,11.0,0.0,0.0,11.0,321.0,400.0,0.0,44.0,5.0,11.0,142.0,227.0
b_8_disjoint_02,8,8,disjoint,feasible,,,,full_penalty_qaoa,complete,,3,11,ftqc,"{'Hadamard': 11, 'CNOT': 80, 'T': 2728}",2819.0,11.0,0.0,0.0,11.0,2739.0,80.0,2728.0,44.0,1.0,11.0,2808.0,5860.0
b_8_disjoint_02,8,8,disjoint,feasible,,,,full_penalty_qaoa,complete,,3,11,ftqc,"{'Hadamard': 11, 'CNOT': 160, 'T': 5456}",5627.0,11.0,0.0,0.0,11.0,5467.0,160.0,5456.0,44.0,2.0,11.0,2808.0,5860.0
b_8_disjoint_02,8,8,disjoint,feasible,,,,full_penalty_qaoa,complete,,3,11,ftqc,"{'Hadamard': 11, 'CNOT': 240, 'T': 8184}",8435.0,11.0,0.0,0.0,11.0,8195.0,240.0,8184.0,44.0,3.0,11.0,2808.0,5860.0
b_8_disjoint_02,8,8,disjoint,feasible,,,,full_penalty_qaoa,complete,,3,11,ftqc,"{'Hadamard': 11, 'CNOT': 320, 'T': 10912}",11243.0,11.0,0.0,0.0,11.0,10923.0,320.0,10912.0,44.0,4.0,11.0,2808.0,5860.0
b_8_disjoint_02,8,8,disjoint,feasible,,,,full_penalty_qaoa,complete,,3,11,ftqc,"{'Hadamard': 11, 'CNOT': 400, 'T': 13640}",14051.0,11.0,0.0,0.0,11.0,13651.0,400.0,13640.0,44.0,5.0,11.0,2808.0,5860.0
b_8_disjoint_02,8,8,disjoint,local,,,,full_penalty_qaoa,complete,,3,11,nisq,"{'Hadamard': 11, 'CNOT': 80, 'RZ': 51, 'RX': 11}",153.0,11.0,0.0,0.0,11.0,73.0,80.0,0.0,23.0,1.0,11.0,142.0,227.0
b_8_disjoint_02,8,8,disjoint,local,,,,full_penalty_qaoa,complete,,3,11,nisq,"{'Hadamard': 11, 'CNOT': 160, 'RZ': 102, 'RX': 22}",295.0,11.0,0.0,0.0,11.0,135.0,160.0,0.0,23.0,2.0,11.0,142.0,227.0
b_8_disjoint_02,8,8,disjoint,local,,,,full_penalty_qaoa,complete,,3,11,nisq,"{'Hadamard': 11, 'CNOT': 240, 'RZ': 153, 'RX': 33}",437.0,11.0,0.0,0.0,11.0,197.0,240.0,0.0,23.0,3.0,11.0,142.0,227.0
b_8_disjoint_02,8,8,disjoint,local,,,,full_penalty_qaoa,complete,,3,11,nisq,"{'Hadamard': 11, 'CNOT': 320, 'RZ': 204, 'RX': 44}",579.0,11.0,0.0,0.0,11.0,259.0,320.0,0.0,23.0,4.0,11.0,142.0,227.0
b_8_disjoint_02,8,8,disjoint,local,,,,full_penalty_qaoa,complete,,3,11,nisq,"{'Hadamard': 11, 'CNOT': 400, 'RZ': 255, 'RX': 55}",721.0,11.0,0.0,0.0,11.0,321.0,400.0,0.0,23.0,5.0,11.0,142.0,227.0
b_8_disjoint_02,8,8,disjoint,local,,,,full_penalty_qaoa,complete,,3,11,ftqc,"{'Hadamard': 11, 'CNOT': 80, 'T': 2728}",2819.0,11.0,0.0,0.0,11.0,2739.0,80.0,2728.0,23.0,1.0,11.0,2808.0,5860.0
b_8_disjoint_02,8,8,disjoint,local,,,,full_penalty_qaoa,complete,,3,11,ftqc,"{'Hadamard': 11, 'CNOT': 160, 'T': 5456}",5627.0,11.0,0.0,0.0,11.0,5467.0,160.0,5456.0,23.0,2.0,11.0,2808.0,5860.0
b_8_disjoint_02,8,8,disjoint,local,,,,full_penalty_qaoa,complete,,3,11,ftqc,"{'Hadamard': 11, 'CNOT': 240, 'T': 8184}",8435.0,11.0,0.0,0.0,11.0,8195.0,240.0,8184.0,23.0,3.0,11.0,2808.0,5860.0
b_8_disjoint_02,8,8,disjoint,local,,,,full_penalty_qaoa,complete,,3,11,ftqc,"{'Hadamard': 11, 'CNOT': 320, 'T': 10912}",11243.0,11.0,0.0,0.0,11.0,10923.0,320.0,10912.0,23.0,4.0,11.0,2808.0,5860.0
b_8_disjoint_02,8,8,disjoint,local,,,,full_penalty_qaoa,complete,,3,11,ftqc,"{'Hadamard': 11, 'CNOT': 400, 'T': 13640}",14051.0,11.0,0.0,0.0,11.0,13651.0,400.0,13640.0,23.0,5.0,11.0,2808.0,5860.0
b_8_disjoint_02,8,8,disjoint,maximum,,,,full_penalty_qaoa,complete,,3,11,nisq,"{'Hadamard': 11, 'CNOT': 80, 'RZ': 51, 'RX': 11}",153.0,11.0,0.0,0.0,11.0,73.0,80.0,0.0,6.0,1.0,11.0,142.0,227.0
b_8_disjoint_02,8,8,disjoint,maximum,,,,full_penalty_qaoa,complete,,3,11,nisq,"{'Hadamard': 11, 'CNOT': 160, 'RZ': 102, 'RX': 22}",295.0,11.0,0.0,0.0,11.0,135.0,160.0,0.0,6.0,2.0,11.0,142.0,227.0
b_8_disjoint_02,8,8,disjoint,maximum,,,,full_penalty_qaoa,complete,,3,11,nisq,"{'Hadamard': 11, 'CNOT': 240, 'RZ': 153, 'RX': 33}",437.0,11.0,0.0,0.0,11.0,197.0,240.0,0.0,6.0,3.0,11.0,142.0,227.0
b_8_disjoint_02,8,8,disjoint,maximum,,,,full_penalty_qaoa,complete,,3,11,nisq,"{'Hadamard': 11, 'CNOT': 320, 'RZ': 204, 'RX': 44}",579.0,11.0,0.0,0.0,11.0,259.0,320.0,0.0,6.0,4.0,11.0,142.0,227.0
b_8_disjoint_02,8,8,disjoint,maximum,,,,full_penalty_qaoa,complete,,3,11,nisq,"{'Hadamard': 11, 'CNOT': 400, 'RZ': 255, 'RX': 55}",721.0,11.0,0.0,0.0,11.0,321.0,400.0,0.0,6.0,5.0,11.0,142.0,227.0
b_8_disjoint_02,8,8,disjoint,maximum,,,,full_penalty_qaoa,complete,,3,11,ftqc,"{'Hadamard': 11, 'CNOT': 80, 'T': 2728}",2819.0,11.0,0.0,0.0,11.0,2739.0,80.0,2728.0,6.0,1.0,11.0,2808.0,5860.0
b_8_disjoint_02,8,8,disjoint,maximum,,,,full_penalty_qaoa,complete,,3,11,ftqc,"{'Hadamard': 11, 'CNOT': 160, 'T': 5456}",5627.0,11.0,0.0,0.0,11.0,5467.0,160.0,5456.0,6.0,2.0,11.0,2808.0,5860.0
b_8_disjoint_02,8,8,disjoint,maximum,,,,full_penalty_qaoa,complete,,3,11,ftqc,"{'Hadamard': 11, 'CNOT': 240, 'T': 8184}",8435.0,11.0,0.0,0.0,11.0,8195.0,240.0,8184.0,6.0,3.0,11.0,2808.0,5860.0
b_8_disjoint_02,8,8,disjoint,maximum,,,,full_penalty_qaoa,complete,,3,11,ftqc,"{'Hadamard': 11, 'CNOT': 320, 'T': 10912}",11243.0,11.0,0.0,0.0,11.0,10923.0,320.0,10912.0,6.0,4.0,11.0,2808.0,5860.0
b_8_disjoint_02,8,8,disjoint,maximum,,,,full_penalty_qaoa,complete,,3,11,ftqc,"{'Hadamard': 11, 'CNOT': 400, 'T': 13640}",14051.0,11.0,0.0,0.0,11.0,13651.0,400.0,13640.0,6.0,5.0,11.0,2808.0,5860.0
b_8_disjoint_02,8,8,disjoint,range,,,,full_penalty_qaoa,complete,,3,11,nisq,"{'Hadamard': 11, 'CNOT': 80, 'RZ': 51, 'RX': 11}",153.0,11.0,0.0,0.0,11.0,73.0,80.0,0.0,75.0,1.0,11.0,142.0,227.0
b_8_disjoint_02,8,8,disjoint,range,,,,full_penalty_qaoa,complete,,3,11,nisq,"{'Hadamard': 11, 'CNOT': 160, 'RZ': 102, 'RX': 22}",295.0,11.0,0.0,0.0,11.0,135.0,160.0,0.0,75.0,2.0,11.0,142.0,227.0
b_8_disjoint_02,8,8,disjoint,range,,,,full_penalty_qaoa,complete,,3,11,nisq,"{'Hadamard': 11, 'CNOT': 240, 'RZ': 153, 'RX': 33}",437.0,11.0,0.0,0.0,11.0,197.0,240.0,0.0,75.0,3.0,11.0,142.0,227.0
b_8_disjoint_02,8,8,disjoint,range,,,,full_penalty_qaoa,complete,,3,11,nisq,"{'Hadamard': 11, 'CNOT': 320, 'RZ': 204, 'RX': 44}",579.0,11.0,0.0,0.0,11.0,259.0,320.0,0.0,75.0,4.0,11.0,142.0,227.0
b_8_disjoint_02,8,8,disjoint,range,,,,full_penalty_qaoa,complete,,3,11,nisq,"{'Hadamard': 11, 'CNOT': 400, 'RZ': 255, 'RX': 55}",721.0,11.0,0.0,0.0,11.0,321.0,400.0,0.0,75.0,5.0,11.0,142.0,227.0
b_8_disjoint_02,8,8,disjoint,range,,,,full_penalty_qaoa,complete,,3,11,ftqc,"{'Hadamard': 11, 'CNOT': 80, 'T': 2728}",2819.0,11.0,0.0,0.0,11.0,2739.0,80.0,2728.0,75.0,1.0,11.0,2808.0,5860.0
b_8_disjoint_02,8,8,disjoint,range,,,,full_penalty_qaoa,complete,,3,11,ftqc,"{'Hadamard': 11, 'CNOT': 160, 'T': 5456}",5627.0,11.0,0.0,0.0,11.0,5467.0,160.0,5456.0,75.0,2.0,11.0,2808.0,5860.0
b_8_disjoint_02,8,8,disjoint,range,,,,full_penalty_qaoa,complete,,3,11,ftqc,"{'Hadamard': 11, 'CNOT': 240, 'T': 8184}",8435.0,11.0,0.0,0.0,11.0,8195.0,240.0,8184.0,75.0,3.0,11.0,2808.0,5860.0
b_8_disjoint_02,8,8,disjoint,range,,,,full_penalty_qaoa,complete,,3,11,ftqc,"{'Hadamard': 11, 'CNOT': 320, 'T': 10912}",11243.0,11.0,0.0,0.0,11.0,10923.0,320.0,10912.0,75.0,4.0,11.0,2808.0,5860.0
b_8_disjoint_02,8,8,disjoint,range,,,,full_penalty_qaoa,complete,,3,11,ftqc,"{'Hadamard': 11, 'CNOT': 400, 'T': 13640}",14051.0,11.0,0.0,0.0,11.0,13651.0,400.0,13640.0,75.0,5.0,11.0,2808.0,5860.0
b_8_disjoint_02,8,8,disjoint,verma_lewis,,,,full_penalty_qaoa,complete,,3,11,nisq,"{'Hadamard': 11, 'CNOT': 80, 'RZ': 51, 'RX': 11}",153.0,11.0,0.0,0.0,11.0,73.0,80.0,0.0,17.0,1.0,11.0,142.0,227.0
b_8_disjoint_02,8,8,disjoint,verma_lewis,,,,full_penalty_qaoa,complete,,3,11,nisq,"{'Hadamard': 11, 'CNOT': 160, 'RZ': 102, 'RX': 22}",295.0,11.0,0.0,0.0,11.0,135.0,160.0,0.0,17.0,2.0,11.0,142.0,227.0
b_8_disjoint_02,8,8,disjoint,verma_lewis,,,,full_penalty_qaoa,complete,,3,11,nisq,"{'Hadamard': 11, 'CNOT': 240, 'RZ': 153, 'RX': 33}",437.0,11.0,0.0,0.0,11.0,197.0,240.0,0.0,17.0,3.0,11.0,142.0,227.0
b_8_disjoint_02,8,8,disjoint,verma_lewis,,,,full_penalty_qaoa,complete,,3,11,nisq,"{'Hadamard': 11, 'CNOT': 320, 'RZ': 204, 'RX': 44}",579.0,11.0,0.0,0.0,11.0,259.0,320.0,0.0,17.0,4.0,11.0,142.0,227.0
b_8_disjoint_02,8,8,disjoint,verma_lewis,,,,full_penalty_qaoa,complete,,3,11,nisq,"{'Hadamard': 11, 'CNOT': 400, 'RZ': 255, 'RX': 55}",721.0,11.0,0.0,0.0,11.0,321.0,400.0,0.0,17.0,5.0,11.0,142.0,227.0
b_8_disjoint_02,8,8,disjoint,verma_lewis,,,,full_penalty_qaoa,complete,,3,11,ftqc,"{'Hadamard': 11, 'CNOT': 80, 'T': 2728}",2819.0,11.0,0.0,0.0,11.0,2739.0,80.0,2728.0,17.0,1.0,11.0,2808.0,5860.0
b_8_disjoint_02,8,8,disjoint,verma_lewis,,,,full_penalty_qaoa,complete,,3,11,ftqc,"{'Hadamard': 11, 'CNOT': 160, 'T': 5456}",5627.0,11.0,0.0,0.0,11.0,5467.0,160.0,5456.0,17.0,2.0,11.0,2808.0,5860.0
b_8_disjoint_02,8,8,disjoint,verma_lewis,,,,full_penalty_qaoa,complete,,3,11,ftqc,"{'Hadamard': 11, 'CNOT': 240, 'T': 8184}",8435.0,11.0,0.0,0.0,11.0,8195.0,240.0,8184.0,17.0,3.0,11.0,2808.0,5860.0
b_8_disjoint_02,8,8,disjoint,verma_lewis,,,,full_penalty_qaoa,complete,,3,11,ftqc,"{'Hadamard': 11, 'CNOT': 320, 'T': 10912}",11243.0,11.0,0.0,0.0,11.0,10923.0,320.0,10912.0,17.0,4.0,11.0,2808.0,5860.0
b_8_disjoint_02,8,8,disjoint,verma_lewis,,,,full_penalty_qaoa,complete,,3,11,ftqc,"{'Hadamard': 11, 'CNOT': 400, 'T': 13640}",14051.0,11.0,0.0,0.0,11.0,13651.0,400.0,13640.0,17.0,5.0,11.0,2808.0,5860.0
b_8_overlapping_01,8,8,overlapping,constraint_component,2*x_7*x_7 + 5*x_7*x_5 + 4*x_7*x_6 + 4*x_7*x_2 + 3*x_7*x_3 + 4*x_5*x_5 + 4*x_5*x_6 + 1*x_5*x_2 + 2*x_5*x_3 + 3*x_6*x_6 + 1*x_6*x_2 + 4*x_6*x_3 + 3*x_2*x_2 + 4*x_2*x_3 + 3*x_3*x_3 <= 16,0.0,quadratic_knapsack,gadget,missing_vcg,vcg,0,5,nisq,,,,,,,,,,,,,,
b_8_overlapping_01,8,8,overlapping,constraint_component,2*x_7*x_7 + 5*x_7*x_5 + 4*x_7*x_6 + 4*x_7*x_2 + 3*x_7*x_3 + 4*x_5*x_5 + 4*x_5*x_6 + 1*x_5*x_2 + 2*x_5*x_3 + 3*x_6*x_6 + 1*x_6*x_2 + 4*x_6*x_3 + 3*x_2*x_2 + 4*x_2*x_3 + 3*x_3*x_3 <= 16,0.0,quadratic_knapsack,gadget,missing_vcg,vcg,0,5,ftqc,,,,,,,,,,,,,,
b_8_overlapping_01,8,8,overlapping,constraint_component,2*x_7*x_7 + 5*x_7*x_5 + 4*x_7*x_6 + 4*x_7*x_2 + 3*x_7*x_3 + 4*x_5*x_5 + 4*x_5*x_6 + 1*x_5*x_2 + 2*x_5*x_3 + 3*x_6*x_6 + 1*x_6*x_2 + 4*x_6*x_3 + 3*x_2*x_2 + 4*x_2*x_3 + 3*x_3*x_3 <= 16,0.0,quadratic_knapsack,penalty_cost_layer,complete,vcg,5,13,nisq,"{'CNOT': 360, 'RZ': 120}",480.0,10.0,0.0,0.0,10.0,120.0,360.0,0.0,,,,,
b_8_overlapping_01,8,8,overlapping,constraint_component,2*x_7*x_7 + 5*x_7*x_5 + 4*x_7*x_6 + 4*x_7*x_2 + 3*x_7*x_3 + 4*x_5*x_5 + 4*x_5*x_6 + 1*x_5*x_2 + 2*x_5*x_3 + 3*x_6*x_6 + 1*x_6*x_2 + 4*x_6*x_3 + 3*x_2*x_2 + 4*x_2*x_3 + 3*x_3*x_3 <= 16,0.0,quadratic_knapsack,penalty_cost_layer,complete,vcg,5,13,ftqc,"{'CNOT': 360, 'T': 5280}",5640.0,10.0,0.0,0.0,10.0,5280.0,360.0,5280.0,,,,,
b_8_overlapping_01,8,8,overlapping,constraint_component,3*x_0 + 1*x_4 + 4*x_6 + 8*x_2 <= 7,1.0,knapsack,gadget,missing_vcg,vcg,0,4,nisq,,,,,,,,,,,,,,
b_8_overlapping_01,8,8,overlapping,constraint_component,3*x_0 + 1*x_4 + 4*x_6 + 8*x_2 <= 7,1.0,knapsack,gadget,missing_vcg,vcg,0,4,ftqc,,,,,,,,,,,,,,
b_8_overlapping_01,8,8,overlapping,constraint_component,3*x_0 + 1*x_4 + 4*x_6 + 8*x_2 <= 7,1.0,knapsack,penalty_cost_layer,complete,vcg,3,11,nisq,"{'CNOT': 42, 'RZ': 28}",70.0,7.0,0.0,0.0,7.0,28.0,42.0,0.0,,,,,
b_8_overlapping_01,8,8,overlapping,constraint_component,3*x_0 + 1*x_4 + 4*x_6 + 8*x_2 <= 7,1.0,knapsack,penalty_cost_layer,complete,vcg,3,11,ftqc,"{'CNOT': 42, 'T': 1232}",1274.0,7.0,0.0,0.0,7.0,1232.0,42.0,1232.0,,,,,
b_8_overlapping_01,8,8,overlapping,feasible,,,,full_penalty_qaoa,complete,,8,16,nisq,"{'Hadamard': 16, 'CNOT': 424, 'RZ': 158, 'RX': 16}",614.0,16.0,0.0,0.0,16.0,190.0,424.0,0.0,72.0,1.0,16.0,598.0,3278.0
b_8_overlapping_01,8,8,overlapping,feasible,,,,full_penalty_qaoa,complete,,8,16,nisq,"{'Hadamard': 16, 'CNOT': 848, 'RZ': 316, 'RX': 32}",1212.0,16.0,0.0,0.0,16.0,364.0,848.0,0.0,72.0,2.0,16.0,598.0,3278.0
b_8_overlapping_01,8,8,overlapping,feasible,,,,full_penalty_qaoa,complete,,8,16,nisq,"{'Hadamard': 16, 'CNOT': 1272, 'RZ': 474, 'RX': 48}",1810.0,16.0,0.0,0.0,16.0,538.0,1272.0,0.0,72.0,3.0,16.0,598.0,3278.0
b_8_overlapping_01,8,8,overlapping,feasible,,,,full_penalty_qaoa,complete,,8,16,nisq,"{'Hadamard': 16, 'CNOT': 1696, 'RZ': 632, 'RX': 64}",2408.0,16.0,0.0,0.0,16.0,712.0,1696.0,0.0,72.0,4.0,16.0,598.0,3278.0
b_8_overlapping_01,8,8,overlapping,feasible,,,,full_penalty_qaoa,complete,,8,16,nisq,"{'Hadamard': 16, 'CNOT': 2120, 'RZ': 790, 'RX': 80}",3006.0,16.0,0.0,0.0,16.0,886.0,2120.0,0.0,72.0,5.0,16.0,598.0,3278.0
b_8_overlapping_01,8,8,overlapping,feasible,,,,full_penalty_qaoa,complete,,8,16,ftqc,"{'Hadamard': 16, 'CNOT': 424, 'T': 7656}",8096.0,16.0,0.0,0.0,16.0,7672.0,424.0,7656.0,72.0,1.0,16.0,8080.0,63736.0
b_8_overlapping_01,8,8,overlapping,feasible,,,,full_penalty_qaoa,complete,,8,16,ftqc,"{'Hadamard': 16, 'CNOT': 848, 'T': 15312}",16176.0,16.0,0.0,0.0,16.0,15328.0,848.0,15312.0,72.0,2.0,16.0,8080.0,63736.0
b_8_overlapping_01,8,8,overlapping,feasible,,,,full_penalty_qaoa,complete,,8,16,ftqc,"{'Hadamard': 16, 'CNOT': 1272, 'T': 22968}",24256.0,16.0,0.0,0.0,16.0,22984.0,1272.0,22968.0,72.0,3.0,16.0,8080.0,63736.0
b_8_overlapping_01,8,8,overlapping,feasible,,,,full_penalty_qaoa,complete,,8,16,ftqc,"{'Hadamard': 16, 'CNOT': 1696, 'T': 30624}",32336.0,16.0,0.0,0.0,16.0,30640.0,1696.0,30624.0,72.0,4.0,16.0,8080.0,63736.0
b_8_overlapping_01,8,8,overlapping,feasible,,,,full_penalty_qaoa,complete,,8,16,ftqc,"{'Hadamard': 16, 'CNOT': 2120, 'T': 38280}",40416.0,16.0,0.0,0.0,16.0,38296.0,2120.0,38280.0,72.0,5.0,16.0,8080.0,63736.0
b_8_overlapping_01,8,8,overlapping,local,,,,full_penalty_qaoa,complete,,8,16,nisq,"{'Hadamard': 16, 'CNOT': 424, 'RZ': 158, 'RX': 16}",614.0,16.0,0.0,0.0,16.0,190.0,424.0,0.0,28.0,1.0,16.0,598.0,3278.0
b_8_overlapping_01,8,8,overlapping,local,,,,full_penalty_qaoa,complete,,8,16,nisq,"{'Hadamard': 16, 'CNOT': 848, 'RZ': 316, 'RX': 32}",1212.0,16.0,0.0,0.0,16.0,364.0,848.0,0.0,28.0,2.0,16.0,598.0,3278.0
b_8_overlapping_01,8,8,overlapping,local,,,,full_penalty_qaoa,complete,,8,16,nisq,"{'Hadamard': 16, 'CNOT': 1272, 'RZ': 474, 'RX': 48}",1810.0,16.0,0.0,0.0,16.0,538.0,1272.0,0.0,28.0,3.0,16.0,598.0,3278.0
b_8_overlapping_01,8,8,overlapping,local,,,,full_penalty_qaoa,complete,,8,16,nisq,"{'Hadamard': 16, 'CNOT': 1696, 'RZ': 632, 'RX': 64}",2408.0,16.0,0.0,0.0,16.0,712.0,1696.0,0.0,28.0,4.0,16.0,598.0,3278.0
b_8_overlapping_01,8,8,overlapping,local,,,,full_penalty_qaoa,complete,,8,16,nisq,"{'Hadamard': 16, 'CNOT': 2120, 'RZ': 790, 'RX': 80}",3006.0,16.0,0.0,0.0,16.0,886.0,2120.0,0.0,28.0,5.0,16.0,598.0,3278.0
b_8_overlapping_01,8,8,overlapping,local,,,,full_penalty_qaoa,complete,,8,16,ftqc,"{'Hadamard': 16, 'CNOT': 424, 'T': 7656}",8096.0,16.0,0.0,0.0,16.0,7672.0,424.0,7656.0,28.0,1.0,16.0,8080.0,63736.0
b_8_overlapping_01,8,8,overlapping,local,,,,full_penalty_qaoa,complete,,8,16,ftqc,"{'Hadamard': 16, 'CNOT': 848, 'T': 15312}",16176.0,16.0,0.0,0.0,16.0,15328.0,848.0,15312.0,28.0,2.0,16.0,8080.0,63736.0
b_8_overlapping_01,8,8,overlapping,local,,,,full_penalty_qaoa,complete,,8,16,ftqc,"{'Hadamard': 16, 'CNOT': 1272, 'T': 22968}",24256.0,16.0,0.0,0.0,16.0,22984.0,1272.0,22968.0,28.0,3.0,16.0,8080.0,63736.0
b_8_overlapping_01,8,8,overlapping,local,,,,full_penalty_qaoa,complete,,8,16,ftqc,"{'Hadamard': 16, 'CNOT': 1696, 'T': 30624}",32336.0,16.0,0.0,0.0,16.0,30640.0,1696.0,30624.0,28.0,4.0,16.0,8080.0,63736.0
b_8_overlapping_01,8,8,overlapping,local,,,,full_penalty_qaoa,complete,,8,16,ftqc,"{'Hadamard': 16, 'CNOT': 2120, 'T': 38280}",40416.0,16.0,0.0,0.0,16.0,38296.0,2120.0,38280.0,28.0,5.0,16.0,8080.0,63736.0
b_8_overlapping_01,8,8,overlapping,maximum,,,,full_penalty_qaoa,complete,,8,16,nisq,"{'Hadamard': 16, 'CNOT': 424, 'RZ': 158, 'RX': 16}",614.0,16.0,0.0,0.0,16.0,190.0,424.0,0.0,6.0,1.0,16.0,598.0,3278.0
b_8_overlapping_01,8,8,overlapping,maximum,,,,full_penalty_qaoa,complete,,8,16,nisq,"{'Hadamard': 16, 'CNOT': 848, 'RZ': 316, 'RX': 32}",1212.0,16.0,0.0,0.0,16.0,364.0,848.0,0.0,6.0,2.0,16.0,598.0,3278.0
b_8_overlapping_01,8,8,overlapping,maximum,,,,full_penalty_qaoa,complete,,8,16,nisq,"{'Hadamard': 16, 'CNOT': 1272, 'RZ': 474, 'RX': 48}",1810.0,16.0,0.0,0.0,16.0,538.0,1272.0,0.0,6.0,3.0,16.0,598.0,3278.0
b_8_overlapping_01,8,8,overlapping,maximum,,,,full_penalty_qaoa,complete,,8,16,nisq,"{'Hadamard': 16, 'CNOT': 1696, 'RZ': 632, 'RX': 64}",2408.0,16.0,0.0,0.0,16.0,712.0,1696.0,0.0,6.0,4.0,16.0,598.0,3278.0
b_8_overlapping_01,8,8,overlapping,maximum,,,,full_penalty_qaoa,complete,,8,16,nisq,"{'Hadamard': 16, 'CNOT': 2120, 'RZ': 790, 'RX': 80}",3006.0,16.0,0.0,0.0,16.0,886.0,2120.0,0.0,6.0,5.0,16.0,598.0,3278.0
b_8_overlapping_01,8,8,overlapping,maximum,,,,full_penalty_qaoa,complete,,8,16,ftqc,"{'Hadamard': 16, 'CNOT': 424, 'T': 7656}",8096.0,16.0,0.0,0.0,16.0,7672.0,424.0,7656.0,6.0,1.0,16.0,8080.0,63736.0
b_8_overlapping_01,8,8,overlapping,maximum,,,,full_penalty_qaoa,complete,,8,16,ftqc,"{'Hadamard': 16, 'CNOT': 848, 'T': 15312}",16176.0,16.0,0.0,0.0,16.0,15328.0,848.0,15312.0,6.0,2.0,16.0,8080.0,63736.0
b_8_overlapping_01,8,8,overlapping,maximum,,,,full_penalty_qaoa,complete,,8,16,ftqc,"{'Hadamard': 16, 'CNOT': 1272, 'T': 22968}",24256.0,16.0,0.0,0.0,16.0,22984.0,1272.0,22968.0,6.0,3.0,16.0,8080.0,63736.0
b_8_overlapping_01,8,8,overlapping,maximum,,,,full_penalty_qaoa,complete,,8,16,ftqc,"{'Hadamard': 16, 'CNOT': 1696, 'T': 30624}",32336.0,16.0,0.0,0.0,16.0,30640.0,1696.0,30624.0,6.0,4.0,16.0,8080.0,63736.0
b_8_overlapping_01,8,8,overlapping,maximum,,,,full_penalty_qaoa,complete,,8,16,ftqc,"{'Hadamard': 16, 'CNOT': 2120, 'T': 38280}",40416.0,16.0,0.0,0.0,16.0,38296.0,2120.0,38280.0,6.0,5.0,16.0,8080.0,63736.0
b_8_overlapping_01,8,8,overlapping,range,,,,full_penalty_qaoa,complete,,8,16,nisq,"{'Hadamard': 16, 'CNOT': 424, 'RZ': 158, 'RX': 16}",614.0,16.0,0.0,0.0,16.0,190.0,424.0,0.0,100.0,1.0,16.0,598.0,3278.0
b_8_overlapping_01,8,8,overlapping,range,,,,full_penalty_qaoa,complete,,8,16,nisq,"{'Hadamard': 16, 'CNOT': 848, 'RZ': 316, 'RX': 32}",1212.0,16.0,0.0,0.0,16.0,364.0,848.0,0.0,100.0,2.0,16.0,598.0,3278.0
b_8_overlapping_01,8,8,overlapping,range,,,,full_penalty_qaoa,complete,,8,16,nisq,"{'Hadamard': 16, 'CNOT': 1272, 'RZ': 474, 'RX': 48}",1810.0,16.0,0.0,0.0,16.0,538.0,1272.0,0.0,100.0,3.0,16.0,598.0,3278.0
b_8_overlapping_01,8,8,overlapping,range,,,,full_penalty_qaoa,complete,,8,16,nisq,"{'Hadamard': 16, 'CNOT': 1696, 'RZ': 632, 'RX': 64}",2408.0,16.0,0.0,0.0,16.0,712.0,1696.0,0.0,100.0,4.0,16.0,598.0,3278.0
b_8_overlapping_01,8,8,overlapping,range,,,,full_penalty_qaoa,complete,,8,16,nisq,"{'Hadamard': 16, 'CNOT': 2120, 'RZ': 790, 'RX': 80}",3006.0,16.0,0.0,0.0,16.0,886.0,2120.0,0.0,100.0,5.0,16.0,598.0,3278.0
b_8_overlapping_01,8,8,overlapping,range,,,,full_penalty_qaoa,complete,,8,16,ftqc,"{'Hadamard': 16, 'CNOT': 424, 'T': 7656}",8096.0,16.0,0.0,0.0,16.0,7672.0,424.0,7656.0,100.0,1.0,16.0,8080.0,63736.0
b_8_overlapping_01,8,8,overlapping,range,,,,full_penalty_qaoa,complete,,8,16,ftqc,"{'Hadamard': 16, 'CNOT': 848, 'T': 15312}",16176.0,16.0,0.0,0.0,16.0,15328.0,848.0,15312.0,100.0,2.0,16.0,8080.0,63736.0
b_8_overlapping_01,8,8,overlapping,range,,,,full_penalty_qaoa,complete,,8,16,ftqc,"{'Hadamard': 16, 'CNOT': 1272, 'T': 22968}",24256.0,16.0,0.0,0.0,16.0,22984.0,1272.0,22968.0,100.0,3.0,16.0,8080.0,63736.0
b_8_overlapping_01,8,8,overlapping,range,,,,full_penalty_qaoa,complete,,8,16,ftqc,"{'Hadamard': 16, 'CNOT': 1696, 'T': 30624}",32336.0,16.0,0.0,0.0,16.0,30640.0,1696.0,30624.0,100.0,4.0,16.0,8080.0,63736.0
b_8_overlapping_01,8,8,overlapping,range,,,,full_penalty_qaoa,complete,,8,16,ftqc,"{'Hadamard': 16, 'CNOT': 2120, 'T': 38280}",40416.0,16.0,0.0,0.0,16.0,38296.0,2120.0,38280.0,100.0,5.0,16.0,8080.0,63736.0
b_8_overlapping_01,8,8,overlapping,verma_lewis,,,,full_penalty_qaoa,complete,,8,16,nisq,"{'Hadamard': 16, 'CNOT': 424, 'RZ': 158, 'RX': 16}",614.0,16.0,0.0,0.0,16.0,190.0,424.0,0.0,23.0,1.0,16.0,598.0,3278.0
b_8_overlapping_01,8,8,overlapping,verma_lewis,,,,full_penalty_qaoa,complete,,8,16,nisq,"{'Hadamard': 16, 'CNOT': 848, 'RZ': 316, 'RX': 32}",1212.0,16.0,0.0,0.0,16.0,364.0,848.0,0.0,23.0,2.0,16.0,598.0,3278.0
b_8_overlapping_01,8,8,overlapping,verma_lewis,,,,full_penalty_qaoa,complete,,8,16,nisq,"{'Hadamard': 16, 'CNOT': 1272, 'RZ': 474, 'RX': 48}",1810.0,16.0,0.0,0.0,16.0,538.0,1272.0,0.0,23.0,3.0,16.0,598.0,3278.0
b_8_overlapping_01,8,8,overlapping,verma_lewis,,,,full_penalty_qaoa,complete,,8,16,nisq,"{'Hadamard': 16, 'CNOT': 1696, 'RZ': 632, 'RX': 64}",2408.0,16.0,0.0,0.0,16.0,712.0,1696.0,0.0,23.0,4.0,16.0,598.0,3278.0
b_8_overlapping_01,8,8,overlapping,verma_lewis,,,,full_penalty_qaoa,complete,,8,16,nisq,"{'Hadamard': 16, 'CNOT': 2120, 'RZ': 790, 'RX': 80}",3006.0,16.0,0.0,0.0,16.0,886.0,2120.0,0.0,23.0,5.0,16.0,598.0,3278.0
b_8_overlapping_01,8,8,overlapping,verma_lewis,,,,full_penalty_qaoa,complete,,8,16,ftqc,"{'Hadamard': 16, 'CNOT': 424, 'T': 7656}",8096.0,16.0,0.0,0.0,16.0,7672.0,424.0,7656.0,23.0,1.0,16.0,8080.0,63736.0
b_8_overlapping_01,8,8,overlapping,verma_lewis,,,,full_penalty_qaoa,complete,,8,16,ftqc,"{'Hadamard': 16, 'CNOT': 848, 'T': 15312}",16176.0,16.0,0.0,0.0,16.0,15328.0,848.0,15312.0,23.0,2.0,16.0,8080.0,63736.0
b_8_overlapping_01,8,8,overlapping,verma_lewis,,,,full_penalty_qaoa,complete,,8,16,ftqc,"{'Hadamard': 16, 'CNOT': 1272, 'T': 22968}",24256.0,16.0,0.0,0.0,16.0,22984.0,1272.0,22968.0,23.0,3.0,16.0,8080.0,63736.0
b_8_overlapping_01,8,8,overlapping,verma_lewis,,,,full_penalty_qaoa,complete,,8,16,ftqc,"{'Hadamard': 16, 'CNOT': 1696, 'T': 30624}",32336.0,16.0,0.0,0.0,16.0,30640.0,1696.0,30624.0,23.0,4.0,16.0,8080.0,63736.0
b_8_overlapping_01,8,8,overlapping,verma_lewis,,,,full_penalty_qaoa,complete,,8,16,ftqc,"{'Hadamard': 16, 'CNOT': 2120, 'T': 38280}",40416.0,16.0,0.0,0.0,16.0,38296.0,2120.0,38280.0,23.0,5.0,16.0,8080.0,63736.0
b_8_overlapping_02,8,8,overlapping,constraint_component,x_7 + x_3 - x_0 - x_1 - x_4 == 0,0.0,flow,gadget,complete,flow,0,5,nisq,"{'RY': 11, 'CNOT': 44, 'Hadamard': 10, 'S': 6, 'T': 8, 'Z': 4}",83.0,5.0,2.0,0.0,7.0,39.0,44.0,8.0,,,,,
b_8_overlapping_02,8,8,overlapping,constraint_component,x_7 + x_3 - x_0 - x_1 - x_4 == 0,0.0,flow,gadget,complete,flow,0,5,ftqc,"{'T': 492, 'CNOT': 44, 'Hadamard': 10, 'S': 14}",560.0,5.0,2.0,0.0,7.0,516.0,44.0,492.0,,,,,
b_8_overlapping_02,8,8,overlapping,constraint_component,x_7 + x_3 - x_0 - x_1 - x_4 == 0,0.0,flow,penalty_cost_layer,complete,flow,0,8,nisq,"{'CNOT': 20, 'RZ': 15}",35.0,5.0,0.0,0.0,5.0,15.0,20.0,0.0,,,,,
b_8_overlapping_02,8,8,overlapping,constraint_component,x_7 + x_3 - x_0 - x_1 - x_4 == 0,0.0,flow,penalty_cost_layer,complete,flow,0,8,ftqc,"{'CNOT': 20, 'T': 660}",680.0,5.0,0.0,0.0,5.0,660.0,20.0,660.0,,,,,
b_8_overlapping_02,8,8,overlapping,constraint_component,8*x_3 + 10*x_1 + 1*x_4 + 2*x_0 <= 12,1.0,knapsack,gadget,missing_vcg,vcg,0,4,nisq,,,,,,,,,,,,,,
b_8_overlapping_02,8,8,overlapping,constraint_component,8*x_3 + 10*x_1 + 1*x_4 + 2*x_0 <= 12,1.0,knapsack,gadget,missing_vcg,vcg,0,4,ftqc,,,,,,,,,,,,,,
b_8_overlapping_02,8,8,overlapping,constraint_component,8*x_3 + 10*x_1 + 1*x_4 + 2*x_0 <= 12,1.0,knapsack,penalty_cost_layer,complete,vcg,4,12,nisq,"{'CNOT': 56, 'RZ': 36}",92.0,8.0,0.0,0.0,8.0,36.0,56.0,0.0,,,,,
b_8_overlapping_02,8,8,overlapping,constraint_component,8*x_3 + 10*x_1 + 1*x_4 + 2*x_0 <= 12,1.0,knapsack,penalty_cost_layer,complete,vcg,4,12,ftqc,"{'CNOT': 56, 'T': 1584}",1640.0,8.0,0.0,0.0,8.0,1584.0,56.0,1584.0,,,,,
b_8_overlapping_02,8,8,overlapping,feasible,,,,full_penalty_qaoa,complete,,4,12,nisq,"{'Hadamard': 12, 'CNOT': 98, 'RZ': 60, 'RX': 12}",182.0,12.0,0.0,0.0,12.0,84.0,98.0,0.0,70.0,1.0,12.0,170.0,310.0
b_8_overlapping_02,8,8,overlapping,feasible,,,,full_penalty_qaoa,complete,,4,12,nisq,"{'Hadamard': 12, 'CNOT': 196, 'RZ': 120, 'RX': 24}",352.0,12.0,0.0,0.0,12.0,156.0,196.0,0.0,70.0,2.0,12.0,170.0,310.0
b_8_overlapping_02,8,8,overlapping,feasible,,,,full_penalty_qaoa,complete,,4,12,nisq,"{'Hadamard': 12, 'CNOT': 294, 'RZ': 180, 'RX': 36}",522.0,12.0,0.0,0.0,12.0,228.0,294.0,0.0,70.0,3.0,12.0,170.0,310.0
b_8_overlapping_02,8,8,overlapping,feasible,,,,full_penalty_qaoa,complete,,4,12,nisq,"{'Hadamard': 12, 'CNOT': 392, 'RZ': 240, 'RX': 48}",692.0,12.0,0.0,0.0,12.0,300.0,392.0,0.0,70.0,4.0,12.0,170.0,310.0
b_8_overlapping_02,8,8,overlapping,feasible,,,,full_penalty_qaoa,complete,,4,12,nisq,"{'Hadamard': 12, 'CNOT': 490, 'RZ': 300, 'RX': 60}",862.0,12.0,0.0,0.0,12.0,372.0,490.0,0.0,70.0,5.0,12.0,170.0,310.0
b_8_overlapping_02,8,8,overlapping,feasible,,,,full_penalty_qaoa,complete,,4,12,ftqc,"{'Hadamard': 12, 'CNOT': 98, 'T': 3168}",3278.0,12.0,0.0,0.0,12.0,3180.0,98.0,3168.0,70.0,1.0,12.0,3266.0,8050.0
b_8_overlapping_02,8,8,overlapping,feasible,,,,full_penalty_qaoa,complete,,4,12,ftqc,"{'Hadamard': 12, 'CNOT': 196, 'T': 6336}",6544.0,12.0,0.0,0.0,12.0,6348.0,196.0,6336.0,70.0,2.0,12.0,3266.0,8050.0
b_8_overlapping_02,8,8,overlapping,feasible,,,,full_penalty_qaoa,complete,,4,12,ftqc,"{'Hadamard': 12, 'CNOT': 294, 'T': 9504}",9810.0,12.0,0.0,0.0,12.0,9516.0,294.0,9504.0,70.0,3.0,12.0,3266.0,8050.0
b_8_overlapping_02,8,8,overlapping,feasible,,,,full_penalty_qaoa,complete,,4,12,ftqc,"{'Hadamard': 12, 'CNOT': 392, 'T': 12672}",13076.0,12.0,0.0,0.0,12.0,12684.0,392.0,12672.0,70.0,4.0,12.0,3266.0,8050.0
b_8_overlapping_02,8,8,overlapping,feasible,,,,full_penalty_qaoa,complete,,4,12,ftqc,"{'Hadamard': 12, 'CNOT': 490, 'T': 15840}",16342.0,12.0,0.0,0.0,12.0,15852.0,490.0,15840.0,70.0,5.0,12.0,3266.0,8050.0
b_8_overlapping_02,8,8,overlapping,local,,,,full_penalty_qaoa,complete,,4,12,nisq,"{'Hadamard': 12, 'CNOT': 98, 'RZ': 60, 'RX': 12}",182.0,12.0,0.0,0.0,12.0,84.0,98.0,0.0,31.0,1.0,12.0,170.0,310.0
b_8_overlapping_02,8,8,overlapping,local,,,,full_penalty_qaoa,complete,,4,12,nisq,"{'Hadamard': 12, 'CNOT': 196, 'RZ': 120, 'RX': 24}",352.0,12.0,0.0,0.0,12.0,156.0,196.0,0.0,31.0,2.0,12.0,170.0,310.0
b_8_overlapping_02,8,8,overlapping,local,,,,full_penalty_qaoa,complete,,4,12,nisq,"{'Hadamard': 12, 'CNOT': 294, 'RZ': 180, 'RX': 36}",522.0,12.0,0.0,0.0,12.0,228.0,294.0,0.0,31.0,3.0,12.0,170.0,310.0
b_8_overlapping_02,8,8,overlapping,local,,,,full_penalty_qaoa,complete,,4,12,nisq,"{'Hadamard': 12, 'CNOT': 392, 'RZ': 240, 'RX': 48}",692.0,12.0,0.0,0.0,12.0,300.0,392.0,0.0,31.0,4.0,12.0,170.0,310.0
b_8_overlapping_02,8,8,overlapping,local,,,,full_penalty_qaoa,complete,,4,12,nisq,"{'Hadamard': 12, 'CNOT': 490, 'RZ': 300, 'RX': 60}",862.0,12.0,0.0,0.0,12.0,372.0,490.0,0.0,31.0,5.0,12.0,170.0,310.0
b_8_overlapping_02,8,8,overlapping,local,,,,full_penalty_qaoa,complete,,4,12,ftqc,"{'Hadamard': 12, 'CNOT': 98, 'T': 3168}",3278.0,12.0,0.0,0.0,12.0,3180.0,98.0,3168.0,31.0,1.0,12.0,3266.0,8050.0
b_8_overlapping_02,8,8,overlapping,local,,,,full_penalty_qaoa,complete,,4,12,ftqc,"{'Hadamard': 12, 'CNOT': 196, 'T': 6336}",6544.0,12.0,0.0,0.0,12.0,6348.0,196.0,6336.0,31.0,2.0,12.0,3266.0,8050.0
b_8_overlapping_02,8,8,overlapping,local,,,,full_penalty_qaoa,complete,,4,12,ftqc,"{'Hadamard': 12, 'CNOT': 294, 'T': 9504}",9810.0,12.0,0.0,0.0,12.0,9516.0,294.0,9504.0,31.0,3.0,12.0,3266.0,8050.0
b_8_overlapping_02,8,8,overlapping,local,,,,full_penalty_qaoa,complete,,4,12,ftqc,"{'Hadamard': 12, 'CNOT': 392, 'T': 12672}",13076.0,12.0,0.0,0.0,12.0,12684.0,392.0,12672.0,31.0,4.0,12.0,3266.0,8050.0
b_8_overlapping_02,8,8,overlapping,local,,,,full_penalty_qaoa,complete,,4,12,ftqc,"{'Hadamard': 12, 'CNOT': 490, 'T': 15840}",16342.0,12.0,0.0,0.0,12.0,15852.0,490.0,15840.0,31.0,5.0,12.0,3266.0,8050.0
b_8_overlapping_02,8,8,overlapping,maximum,,,,full_penalty_qaoa,complete,,4,12,nisq,"{'Hadamard': 12, 'CNOT': 98, 'RZ': 60, 'RX': 12}",182.0,12.0,0.0,0.0,12.0,84.0,98.0,0.0,6.0,1.0,12.0,170.0,310.0
b_8_overlapping_02,8,8,overlapping,maximum,,,,full_penalty_qaoa,complete,,4,12,nisq,"{'Hadamard': 12, 'CNOT': 196, 'RZ': 120, 'RX': 24}",352.0,12.0,0.0,0.0,12.0,156.0,196.0,0.0,6.0,2.0,12.0,170.0,310.0
b_8_overlapping_02,8,8,overlapping,maximum,,,,full_penalty_qaoa,complete,,4,12,nisq,"{'Hadamard': 12, 'CNOT': 294, 'RZ': 180, 'RX': 36}",522.0,12.0,0.0,0.0,12.0,228.0,294.0,0.0,6.0,3.0,12.0,170.0,310.0
b_8_overlapping_02,8,8,overlapping,maximum,,,,full_penalty_qaoa,complete,,4,12,nisq,"{'Hadamard': 12, 'CNOT': 392, 'RZ': 240, 'RX': 48}",692.0,12.0,0.0,0.0,12.0,300.0,392.0,0.0,6.0,4.0,12.0,170.0,310.0
b_8_overlapping_02,8,8,overlapping,maximum,,,,full_penalty_qaoa,complete,,4,12,nisq,"{'Hadamard': 12, 'CNOT': 490, 'RZ': 300, 'RX': 60}",862.0,12.0,0.0,0.0,12.0,372.0,490.0,0.0,6.0,5.0,12.0,170.0,310.0
b_8_overlapping_02,8,8,overlapping,maximum,,,,full_penalty_qaoa,complete,,4,12,ftqc,"{'Hadamard': 12, 'CNOT': 98, 'T': 3168}",3278.0,12.0,0.0,0.0,12.0,3180.0,98.0,3168.0,6.0,1.0,12.0,3266.0,8050.0
b_8_overlapping_02,8,8,overlapping,maximum,,,,full_penalty_qaoa,complete,,4,12,ftqc,"{'Hadamard': 12, 'CNOT': 196, 'T': 6336}",6544.0,12.0,0.0,0.0,12.0,6348.0,196.0,6336.0,6.0,2.0,12.0,3266.0,8050.0
b_8_overlapping_02,8,8,overlapping,maximum,,,,full_penalty_qaoa,complete,,4,12,ftqc,"{'Hadamard': 12, 'CNOT': 294, 'T': 9504}",9810.0,12.0,0.0,0.0,12.0,9516.0,294.0,9504.0,6.0,3.0,12.0,3266.0,8050.0
b_8_overlapping_02,8,8,overlapping,maximum,,,,full_penalty_qaoa,complete,,4,12,ftqc,"{'Hadamard': 12, 'CNOT': 392, 'T': 12672}",13076.0,12.0,0.0,0.0,12.0,12684.0,392.0,12672.0,6.0,4.0,12.0,3266.0,8050.0
b_8_overlapping_02,8,8,overlapping,maximum,,,,full_penalty_qaoa,complete,,4,12,ftqc,"{'Hadamard': 12, 'CNOT': 490, 'T': 15840}",16342.0,12.0,0.0,0.0,12.0,15852.0,490.0,15840.0,6.0,5.0,12.0,3266.0,8050.0
b_8_overlapping_02,8,8,overlapping,range,,,,full_penalty_qaoa,complete,,4,12,nisq,"{'Hadamard': 12, 'CNOT': 98, 'RZ': 60, 'RX': 12}",182.0,12.0,0.0,0.0,12.0,84.0,98.0,0.0,104.0,1.0,12.0,170.0,310.0
b_8_overlapping_02,8,8,overlapping,range,,,,full_penalty_qaoa,complete,,4,12,nisq,"{'Hadamard': 12, 'CNOT': 196, 'RZ': 120, 'RX': 24}",352.0,12.0,0.0,0.0,12.0,156.0,196.0,0.0,104.0,2.0,12.0,170.0,310.0
b_8_overlapping_02,8,8,overlapping,range,,,,full_penalty_qaoa,complete,,4,12,nisq,"{'Hadamard': 12, 'CNOT': 294, 'RZ': 180, 'RX': 36}",522.0,12.0,0.0,0.0,12.0,228.0,294.0,0.0,104.0,3.0,12.0,170.0,310.0
b_8_overlapping_02,8,8,overlapping,range,,,,full_penalty_qaoa,complete,,4,12,nisq,"{'Hadamard': 12, 'CNOT': 392, 'RZ': 240, 'RX': 48}",692.0,12.0,0.0,0.0,12.0,300.0,392.0,0.0,104.0,4.0,12.0,170.0,310.0
b_8_overlapping_02,8,8,overlapping,range,,,,full_penalty_qaoa,complete,,4,12,nisq,"{'Hadamard': 12, 'CNOT': 490, 'RZ': 300, 'RX': 60}",862.0,12.0,0.0,0.0,12.0,372.0,490.0,0.0,104.0,5.0,12.0,170.0,310.0
b_8_overlapping_02,8,8,overlapping,range,,,,full_penalty_qaoa,complete,,4,12,ftqc,"{'Hadamard': 12, 'CNOT': 98, 'T': 3168}",3278.0,12.0,0.0,0.0,12.0,3180.0,98.0,3168.0,104.0,1.0,12.0,3266.0,8050.0
b_8_overlapping_02,8,8,overlapping,range,,,,full_penalty_qaoa,complete,,4,12,ftqc,"{'Hadamard': 12, 'CNOT': 196, 'T': 6336}",6544.0,12.0,0.0,0.0,12.0,6348.0,196.0,6336.0,104.0,2.0,12.0,3266.0,8050.0
b_8_overlapping_02,8,8,overlapping,range,,,,full_penalty_qaoa,complete,,4,12,ftqc,"{'Hadamard': 12, 'CNOT': 294, 'T': 9504}",9810.0,12.0,0.0,0.0,12.0,9516.0,294.0,9504.0,104.0,3.0,12.0,3266.0,8050.0
b_8_overlapping_02,8,8,overlapping,range,,,,full_penalty_qaoa,complete,,4,12,ftqc,"{'Hadamard': 12, 'CNOT': 392, 'T': 12672}",13076.0,12.0,0.0,0.0,12.0,12684.0,392.0,12672.0,104.0,4.0,12.0,3266.0,8050.0
b_8_overlapping_02,8,8,overlapping,range,,,,full_penalty_qaoa,complete,,4,12,ftqc,"{'Hadamard': 12, 'CNOT': 490, 'T': 15840}",16342.0,12.0,0.0,0.0,12.0,15852.0,490.0,15840.0,104.0,5.0,12.0,3266.0,8050.0
b_8_overlapping_02,8,8,overlapping,verma_lewis,,,,full_penalty_qaoa,complete,,4,12,nisq,"{'Hadamard': 12, 'CNOT': 98, 'RZ': 60, 'RX': 12}",182.0,12.0,0.0,0.0,12.0,84.0,98.0,0.0,27.0,1.0,12.0,170.0,310.0
b_8_overlapping_02,8,8,overlapping,verma_lewis,,,,full_penalty_qaoa,complete,,4,12,nisq,"{'Hadamard': 12, 'CNOT': 196, 'RZ': 120, 'RX': 24}",352.0,12.0,0.0,0.0,12.0,156.0,196.0,0.0,27.0,2.0,12.0,170.0,310.0
b_8_overlapping_02,8,8,overlapping,verma_lewis,,,,full_penalty_qaoa,complete,,4,12,nisq,"{'Hadamard': 12, 'CNOT': 294, 'RZ': 180, 'RX': 36}",522.0,12.0,0.0,0.0,12.0,228.0,294.0,0.0,27.0,3.0,12.0,170.0,310.0
b_8_overlapping_02,8,8,overlapping,verma_lewis,,,,full_penalty_qaoa,complete,,4,12,nisq,"{'Hadamard': 12, 'CNOT': 392, 'RZ': 240, 'RX': 48}",692.0,12.0,0.0,0.0,12.0,300.0,392.0,0.0,27.0,4.0,12.0,170.0,310.0
b_8_overlapping_02,8,8,overlapping,verma_lewis,,,,full_penalty_qaoa,complete,,4,12,nisq,"{'Hadamard': 12, 'CNOT': 490, 'RZ': 300, 'RX': 60}",862.0,12.0,0.0,0.0,12.0,372.0,490.0,0.0,27.0,5.0,12.0,170.0,310.0
b_8_overlapping_02,8,8,overlapping,verma_lewis,,,,full_penalty_qaoa,complete,,4,12,ftqc,"{'Hadamard': 12, 'CNOT': 98, 'T': 3168}",3278.0,12.0,0.0,0.0,12.0,3180.0,98.0,3168.0,27.0,1.0,12.0,3266.0,8050.0
b_8_overlapping_02,8,8,overlapping,verma_lewis,,,,full_penalty_qaoa,complete,,4,12,ftqc,"{'Hadamard': 12, 'CNOT': 196, 'T': 6336}",6544.0,12.0,0.0,0.0,12.0,6348.0,196.0,6336.0,27.0,2.0,12.0,3266.0,8050.0
b_8_overlapping_02,8,8,overlapping,verma_lewis,,,,full_penalty_qaoa,complete,,4,12,ftqc,"{'Hadamard': 12, 'CNOT': 294, 'T': 9504}",9810.0,12.0,0.0,0.0,12.0,9516.0,294.0,9504.0,27.0,3.0,12.0,3266.0,8050.0
b_8_overlapping_02,8,8,overlapping,verma_lewis,,,,full_penalty_qaoa,complete,,4,12,ftqc,"{'Hadamard': 12, 'CNOT': 392, 'T': 12672}",13076.0,12.0,0.0,0.0,12.0,12684.0,392.0,12672.0,27.0,4.0,12.0,3266.0,8050.0
b_8_overlapping_02,8,8,overlapping,verma_lewis,,,,full_penalty_qaoa,complete,,4,12,ftqc,"{'Hadamard': 12, 'CNOT': 490, 'T': 15840}",16342.0,12.0,0.0,0.0,12.0,15852.0,490.0,15840.0,27.0,5.0,12.0,3266.0,8050.0
