instance_id,constraint,family,support,status,gate_set,representation,condition,selected_depth,fidelity,n_decision,n_slack,n_allocated,gate_counts,total_gates,algo_wires,zeroed_wires,any_state_wires,total_wires,one_qubit_gates,two_qubit_gates,t_gates
a_4_equality_01,1*x_0 + 5*x_1 + 5*x_2 + 2*x_3 == 7,equality,4,complete,nisq,gadget,feasibility,1.0,0.9999999980832435,4,0,4,"{'Hadamard': 4, 'CNOT': 18, 'RZ': 7, 'RX': 4}",33,4,0,0,4,15,18,0
a_4_equality_01,1*x_0 + 5*x_1 + 5*x_2 + 2*x_3 == 7,equality,4,complete,ftqc,gadget,feasibility,1.0,0.9999999980832435,4,0,4,"{'Hadamard': 4, 'CNOT': 18, 'T': 484}",506,4,0,0,4,488,18,484
a_4_equality_01,1*x_0 + 5*x_1 + 5*x_2 + 2*x_3 == 7,equality,4,complete,nisq,gadget,fidelity,1.0,0.9999999980832335,4,0,4,"{'Hadamard': 4, 'CNOT': 18, 'RZ': 7, 'RX': 4}",33,4,0,0,4,15,18,0
a_4_equality_01,1*x_0 + 5*x_1 + 5*x_2 + 2*x_3 == 7,equality,4,complete,ftqc,gadget,fidelity,1.0,0.9999999980832335,4,0,4,"{'Hadamard': 4, 'CNOT': 18, 'T': 484}",506,4,0,0,4,488,18,484
a_4_equality_01,1*x_0 + 5*x_1 + 5*x_2 + 2*x_3 == 7,equality,4,complete,nisq,gadget,lambda_0.5,1.0,0.9999999980832331,4,0,4,"{'Hadamard': 4, 'CNOT': 18, 'RZ': 7, 'RX': 4}",33,4,0,0,4,15,18,0
a_4_equality_01,1*x_0 + 5*x_1 + 5*x_2 + 2*x_3 == 7,equality,4,complete,ftqc,gadget,lambda_0.5,1.0,0.9999999980832331,4,0,4,"{'Hadamard': 4, 'CNOT': 18, 'T': 484}",506,4,0,0,4,488,18,484
a_4_equality_01,1*x_0 + 5*x_1 + 5*x_2 + 2*x_3 == 7,equality,4,complete,nisq,gadget,lambda_1,1.0,0.9999999980832331,4,0,4,"{'Hadamard': 4, 'CNOT': 18, 'RZ': 7, 'RX': 4}",33,4,0,0,4,15,18,0
a_4_equality_01,1*x_0 + 5*x_1 + 5*x_2 + 2*x_3 == 7,equality,4,complete,ftqc,gadget,lambda_1,1.0,0.9999999980832331,4,0,4,"{'Hadamard': 4, 'CNOT': 18, 'T': 484}",506,4,0,0,4,488,18,484
a_4_equality_01,1*x_0 + 5*x_1 + 5*x_2 + 2*x_3 == 7,equality,4,complete,nisq,gadget,lambda_2,1.0,0.9999999980832335,4,0,4,"{'Hadamard': 4, 'CNOT': 18, 'RZ': 7, 'RX': 4}",33,4,0,0,4,15,18,0
a_4_equality_01,1*x_0 + 5*x_1 + 5*x_2 + 2*x_3 == 7,equality,4,complete,ftqc,gadget,lambda_2,1.0,0.9999999980832335,4,0,4,"{'Hadamard': 4, 'CNOT': 18, 'T': 484}",506,4,0,0,4,488,18,484
a_4_equality_01,1*x_0 + 5*x_1 + 5*x_2 + 2*x_3 == 7,equality,4,complete,nisq,penalty_cost_layer,unit_penalty,,,4,0,4,"{'CNOT': 12, 'RZ': 10}",22,4,0,0,4,10,12,0
a_4_equality_01,1*x_0 + 5*x_1 + 5*x_2 + 2*x_3 == 7,equality,4,complete,ftqc,penalty_cost_layer,unit_penalty,,,4,0,4,"{'CNOT': 12, 'T': 440}",452,4,0,0,4,440,12,440
a_4_equality_02,5*x_0 + 3*x_1 + 5*x_2 + 4*x_3 == 9,equality,4,complete,nisq,gadget,feasibility,1.0,0.9999999980843874,4,0,4,"{'Hadamard': 4, 'CNOT': 18, 'RZ': 7, 'RX': 4}",33,4,0,0,4,15,18,0
a_4_equality_02,5*x_0 + 3*x_1 + 5*x_2 + 4*x_3 == 9,equality,4,complete,ftqc,gadget,feasibility,1.0,0.9999999980843874,4,0,4,"{'Hadamard': 4, 'CNOT': 18, 'T': 484}",506,4,0,0,4,488,18,484
a_4_equality_02,5*x_0 + 3*x_1 + 5*x_2 + 4*x_3 == 9,equality,4,complete,nisq,gadget,fidelity,1.0,0.9999999980843771,4,0,4,"{'Hadamard': 4, 'CNOT': 18, 'RZ': 7, 'RX': 4}",33,4,0,0,4,15,18,0
a_4_equality_02,5*x_0 + 3*x_1 + 5*x_2 + 4*x_3 == 9,equality,4,complete,ftqc,gadget,fidelity,1.0,0.9999999980843771,4,0,4,"{'Hadamard': 4, 'CNOT': 18, 'T': 484}",506,4,0,0,4,488,18,484
a_4_equality_02,5*x_0 + 3*x_1 + 5*x_2 + 4*x_3 == 9,equality,4,complete,nisq,gadget,lambda_0.5,1.0,0.9999999980843771,4,0,4,"{'Hadamard': 4, 'CNOT': 18, 'RZ': 7, 'RX': 4}",33,4,0,0,4,15,18,0
a_4_equality_02,5*x_0 + 3*x_1 + 5*x_2 + 4*x_3 == 9,equality,4,complete,ftqc,gadget,lambda_0.5,1.0,0.9999999980843771,4,0,4,"{'Hadamard': 4, 'CNOT': 18, 'T': 484}",506,4,0,0,4,488,18,484
a_4_equality_02,5*x_0 + 3*x_1 + 5*x_2 + 4*x_3 == 9,equality,4,complete,nisq,gadget,lambda_1,1.0,0.9999999980843771,4,0,4,"{'Hadamard': 4, 'CNOT': 18, 'RZ': 7, 'RX': 4}",33,4,0,0,4,15,18,0
a_4_equality_02,5*x_0 + 3*x_1 + 5*x_2 + 4*x_3 == 9,equality,4,complete,ftqc,gadget,lambda_1,1.0,0.9999999980843771,4,0,4,"{'Hadamard': 4, 'CNOT': 18, 'T': 484}",506,4,0,0,4,488,18,484
a_4_equality_02,5*x_0 + 3*x_1 + 5*x_2 + 4*x_3 == 9,equality,4,complete,nisq,gadget,lambda_2,1.0,0.9999999980843771,4,0,4,"{'Hadamard': 4, 'CNOT': 18, 'RZ': 7, 'RX': 4}",33,4,0,0,4,15,18,0
a_4_equality_02,5*x_0 + 3*x_1 + 5*x_2 + 4*x_3 == 9,equality,4,complete,ftqc,gadget,lambda_2,1.0,0.9999999980843771,4,0,4,"{'Hadamard': 4, 'CNOT': 18, 'T': 484}",506,4,0,0,4,488,18,484
a_4_equality_02,5*x_0 + 3*x_1 + 5*x_2 + 4*x_3 == 9,equality,4,complete,nisq,penalty_cost_layer,unit_penalty,,,4,0,4,"{'CNOT': 12, 'RZ': 10}",22,4,0,0,4,10,12,0
a_4_equality_02,5*x_0 + 3*x_1 + 5*x_2 + 4*x_3 == 9,equality,4,complete,ftqc,penalty_cost_layer,unit_penalty,,,4,0,4,"{'CNOT': 12, 'T': 440}",452,4,0,0,4,440,12,440
a_4_mixed_01,-1*x_0 + 4*x_1 - 4*x_2 + 3*x_3 <= 0,mixed,4,complete,nisq,gadget,feasibility,1.0,0.49880545497755463,4,0,4,"{'Hadamard': 4, 'CNOT': 4, 'RZ': 4, 'RX': 4}",16,4,0,0,4,12,4,0
a_4_mixed_01,-1*x_0 + 4*x_1 - 4*x_2 + 3*x_3 <= 0,mixed,4,complete,ftqc,gadget,feasibility,1.0,0.49880545497755463,4,0,4,"{'Hadamard': 4, 'CNOT': 4, 'T': 352}",360,4,0,0,4,356,4,352
a_4_mixed_01,-1*x_0 + 4*x_1 - 4*x_2 + 3*x_3 <= 0,mixed,4,complete,nisq,gadget,fidelity,2.0,0.9999999979870675,4,0,4,"{'Hadamard': 4, 'CNOT': 8, 'RZ': 8, 'RX': 8}",28,4,0,0,4,20,8,0
a_4_mixed_01,-1*x_0 + 4*x_1 - 4*x_2 + 3*x_3 <= 0,mixed,4,complete,ftqc,gadget,fidelity,2.0,0.9999999979870675,4,0,4,"{'Hadamard': 4, 'CNOT': 8, 'T': 704}",716,4,0,0,4,708,8,704
a_4_mixed_01,-1*x_0 + 4*x_1 - 4*x_2 + 3*x_3 <= 0,mixed,4,complete,nisq,gadget,lambda_0.5,2.0,0.9999999961783803,4,0,4,"{'Hadamard': 4, 'CNOT': 8, 'RZ': 8, 'RX': 8}",28,4,0,0,4,20,8,0
a_4_mixed_01,-1*x_0 + 4*x_1 - 4*x_2 + 3*x_3 <= 0,mixed,4,complete,ftqc,gadget,lambda_0.5,2.0,0.9999999961783803,4,0,4,"{'Hadamard': 4, 'CNOT': 8, 'T': 704}",716,4,0,0,4,708,8,704
a_4_mixed_01,-1*x_0 + 4*x_1 - 4*x_2 + 3*x_3 <= 0,mixed,4,complete,nisq,gadget,lambda_1,2.0,0.9999999848952372,4,0,4,"{'Hadamard': 4, 'CNOT': 8, 'RZ': 8, 'RX': 8}",28,4,0,0,4,20,8,0
a_4_mixed_01,-1*x_0 + 4*x_1 - 4*x_2 + 3*x_3 <= 0,mixed,4,complete,ftqc,gadget,lambda_1,2.0,0.9999999848952372,4,0,4,"{'Hadamard': 4, 'CNOT': 8, 'T': 704}",716,4,0,0,4,708,8,704
a_4_mixed_01,-1*x_0 + 4*x_1 - 4*x_2 + 3*x_3 <= 0,mixed,4,complete,nisq,gadget,lambda_2,2.0,0.9999999864949825,4,0,4,"{'Hadamard': 4, 'CNOT': 8, 'RZ': 8, 'RX': 8}",28,4,0,0,4,20,8,0
a_4_mixed_01,-1*x_0 + 4*x_1 - 4*x_2 + 3*x_3 <= 0,mixed,4,complete,ftqc,gadget,lambda_2,2.0,0.9999999864949825,4,0,4,"{'Hadamard': 4, 'CNOT': 8, 'T': 704}",716,4,0,0,4,708,8,704
a_4_mixed_01,-1*x_0 + 4*x_1 - 4*x_2 + 3*x_3 <= 0,mixed,4,complete,nisq,penalty_cost_layer,unit_penalty,,,4,3,7,"{'CNOT': 42, 'RZ': 28}",70,7,0,0,7,28,42,0
a_4_mixed_01,-1*x_0 + 4*x_1 - 4*x_2 + 3*x_3 <= 0,mixed,4,complete,ftqc,penalty_cost_layer,unit_penalty,,,4,3,7,"{'CNOT': 42, 'T': 1232}",1274,7,0,0,7,1232,42,1232
a_4_mixed_02,-1*x_0 - 5*x_1 + 3*x_2 + 3*x_3 <= 1,mixed,4,complete,nisq,gadget,feasibility,1.0,0.7476501354642149,4,0,4,"{'Hadamard': 4, 'CNOT': 10, 'RZ': 7, 'RX': 4}",25,4,0,0,4,15,10,0
a_4_mixed_02,-1*x_0 - 5*x_1 + 3*x_2 + 3*x_3 <= 1,mixed,4,complete,ftqc,gadget,feasibility,1.0,0.7476501354642149,4,0,4,"{'Hadamard': 4, 'CNOT': 10, 'T': 484}",498,4,0,0,4,488,10,484
a_4_mixed_02,-1*x_0 - 5*x_1 + 3*x_2 + 3*x_3 <= 1,mixed,4,complete,nisq,gadget,fidelity,2.0,0.9999999998901995,4,0,4,"{'Hadamard': 4, 'CNOT': 20, 'RZ': 14, 'RX': 8}",46,4,0,0,4,26,20,0
a_4_mixed_02,-1*x_0 - 5*x_1 + 3*x_2 + 3*x_3 <= 1,mixed,4,complete,ftqc,gadget,fidelity,2.0,0.9999999998901995,4,0,4,"{'Hadamard': 4, 'CNOT': 20, 'T': 968}",992,4,0,0,4,972,20,968
a_4_mixed_02,-1*x_0 - 5*x_1 + 3*x_2 + 3*x_3 <= 1,mixed,4,complete,nisq,gadget,lambda_0.5,2.0,0.9999999995715074,4,0,4,"{'Hadamard': 4, 'CNOT': 20, 'RZ': 14, 'RX': 8}",46,4,0,0,4,26,20,0
a_4_mixed_02,-1*x_0 - 5*x_1 + 3*x_2 + 3*x_3 <= 1,mixed,4,complete,ftqc,gadget,lambda_0.5,2.0,0.9999999995715074,4,0,4,"{'Hadamard': 4, 'CNOT': 20, 'T': 968}",992,4,0,0,4,972,20,968
a_4_mixed_02,-1*x_0 - 5*x_1 + 3*x_2 + 3*x_3 <= 1,mixed,4,complete,nisq,gadget,lambda_1,2.0,0.9999999996464431,4,0,4,"{'Hadamard': 4, 'CNOT': 20, 'RZ': 14, 'RX': 8}",46,4,0,0,4,26,20,0
a_4_mixed_02,-1*x_0 - 5*x_1 + 3*x_2 + 3*x_3 <= 1,mixed,4,complete,ftqc,gadget,lambda_1,2.0,0.9999999996464431,4,0,4,"{'Hadamard': 4, 'CNOT': 20, 'T': 968}",992,4,0,0,4,972,20,968
a_4_mixed_02,-1*x_0 - 5*x_1 + 3*x_2 + 3*x_3 <= 1,mixed,4,complete,nisq,gadget,lambda_2,2.0,0.999999999620773,4,0,4,"{'Hadamard': 4, 'CNOT': 20, 'RZ': 14, 'RX': 8}",46,4,0,0,4,26,20,0
a_4_mixed_02,-1*x_0 - 5*x_1 + 3*x_2 + 3*x_3 <= 1,mixed,4,complete,ftqc,gadget,lambda_2,2.0,0.999999999620773,4,0,4,"{'Hadamard': 4, 'CNOT': 20, 'T': 968}",992,4,0,0,4,972,20,968
a_4_mixed_02,-1*x_0 - 5*x_1 + 3*x_2 + 3*x_3 <= 1,mixed,4,complete,nisq,penalty_cost_layer,unit_penalty,,,4,3,7,"{'CNOT': 42, 'RZ': 28}",70,7,0,0,7,28,42,0
a_4_mixed_02,-1*x_0 - 5*x_1 + 3*x_2 + 3*x_3 <= 1,mixed,4,complete,ftqc,penalty_cost_layer,unit_penalty,,,4,3,7,"{'CNOT': 42, 'T': 1232}",1274,7,0,0,7,1232,42,1232
a_4_mixed_03,-3*x_0 - 5*x_1 - 3*x_2 + 3*x_3 <= -2,mixed,4,complete,nisq,gadget,feasibility,2.0,0.2772474867112162,4,0,4,"{'Hadamard': 4, 'CNOT': 32, 'RZ': 18, 'RX': 8}",62,4,0,0,4,30,32,0
a_4_mixed_03,-3*x_0 - 5*x_1 - 3*x_2 + 3*x_3 <= -2,mixed,4,complete,ftqc,gadget,feasibility,2.0,0.2772474867112162,4,0,4,"{'Hadamard': 4, 'CNOT': 32, 'T': 1144}",1180,4,0,0,4,1148,32,1144
a_4_mixed_03,-3*x_0 - 5*x_1 - 3*x_2 + 3*x_3 <= -2,mixed,4,complete,nisq,gadget,fidelity,2.0,0.9997397619245084,4,0,4,"{'Hadamard': 4, 'CNOT': 32, 'RZ': 18, 'RX': 8}",62,4,0,0,4,30,32,0
a_4_mixed_03,-3*x_0 - 5*x_1 - 3*x_2 + 3*x_3 <= -2,mixed,4,complete,ftqc,gadget,fidelity,2.0,0.9997397619245084,4,0,4,"{'Hadamard': 4, 'CNOT': 32, 'T': 1144}",1180,4,0,0,4,1148,32,1144
a_4_mixed_03,-3*x_0 - 5*x_1 - 3*x_2 + 3*x_3 <= -2,mixed,4,complete,nisq,gadget,lambda_0.5,2.0,0.9990991035658302,4,0,4,"{'Hadamard': 4, 'CNOT': 32, 'RZ': 18, 'RX': 8}",62,4,0,0,4,30,32,0
a_4_mixed_03,-3*x_0 - 5*x_1 - 3*x_2 + 3*x_3 <= -2,mixed,4,complete,ftqc,gadget,lambda_0.5,2.0,0.9990991035658302,4,0,4,"{'Hadamard': 4, 'CNOT': 32, 'T': 1144}",1180,4,0,0,4,1148,32,1144
a_4_mixed_03,-3*x_0 - 5*x_1 - 3*x_2 + 3*x_3 <= -2,mixed,4,complete,nisq,gadget,lambda_1,2.0,0.9991455760359961,4,0,4,"{'Hadamard': 4, 'CNOT': 32, 'RZ': 18, 'RX': 8}",62,4,0,0,4,30,32,0
a_4_mixed_03,-3*x_0 - 5*x_1 - 3*x_2 + 3*x_3 <= -2,mixed,4,complete,ftqc,gadget,lambda_1,2.0,0.9991455760359961,4,0,4,"{'Hadamard': 4, 'CNOT': 32, 'T': 1144}",1180,4,0,0,4,1148,32,1144
a_4_mixed_03,-3*x_0 - 5*x_1 - 3*x_2 + 3*x_3 <= -2,mixed,4,complete,nisq,gadget,lambda_2,2.0,0.9991752179666665,4,0,4,"{'Hadamard': 4, 'CNOT': 32, 'RZ': 18, 'RX': 8}",62,4,0,0,4,30,32,0
a_4_mixed_03,-3*x_0 - 5*x_1 - 3*x_2 + 3*x_3 <= -2,mixed,4,complete,ftqc,gadget,lambda_2,2.0,0.9991752179666665,4,0,4,"{'Hadamard': 4, 'CNOT': 32, 'T': 1144}",1180,4,0,0,4,1148,32,1144
a_4_mixed_03,-3*x_0 - 5*x_1 - 3*x_2 + 3*x_3 <= -2,mixed,4,complete,nisq,penalty_cost_layer,unit_penalty,,,4,4,8,"{'CNOT': 56, 'RZ': 36}",92,8,0,0,8,36,56,0
a_4_mixed_03,-3*x_0 - 5*x_1 - 3*x_2 + 3*x_3 <= -2,mixed,4,complete,ftqc,penalty_cost_layer,unit_penalty,,,4,4,8,"{'CNOT': 56, 'T': 1584}",1640,8,0,0,8,1584,56,1584
a_4_positive_01,5*x_0 + 4*x_1 + 2*x_2 + 3*x_3 <= 4,positive,4,complete,nisq,gadget,feasibility,1.0,0.4999546399575998,4,0,4,"{'Hadamard': 4, 'CNOT': 16, 'RZ': 9, 'RX': 4}",33,4,0,0,4,17,16,0
a_4_positive_01,5*x_0 + 4*x_1 + 2*x_2 + 3*x_3 <= 4,positive,4,complete,ftqc,gadget,feasibility,1.0,0.4999546399575998,4,0,4,"{'Hadamard': 4, 'CNOT': 16, 'T': 572}",592,4,0,0,4,576,16,572
a_4_positive_01,5*x_0 + 4*x_1 + 2*x_2 + 3*x_3 <= 4,positive,4,complete,nisq,gadget,fidelity,2.0,0.9999999939156938,4,0,4,"{'Hadamard': 4, 'CNOT': 32, 'RZ': 18, 'RX': 8}",62,4,0,0,4,30,32,0
a_4_positive_01,5*x_0 + 4*x_1 + 2*x_2 + 3*x_3 <= 4,positive,4,complete,ftqc,gadget,fidelity,2.0,0.9999999939156938,4,0,4,"{'Hadamard': 4, 'CNOT': 32, 'T': 1144}",1180,4,0,0,4,1148,32,1144
a_4_positive_01,5*x_0 + 4*x_1 + 2*x_2 + 3*x_3 <= 4,positive,4,complete,nisq,gadget,lambda_0.5,2.0,0.9999958462961714,4,0,4,"{'Hadamard': 4, 'CNOT': 32, 'RZ': 18, 'RX': 8}",62,4,0,0,4,30,32,0
a_4_positive_01,5*x_0 + 4*x_1 + 2*x_2 + 3*x_3 <= 4,positive,4,complete,ftqc,gadget,lambda_0.5,2.0,0.9999958462961714,4,0,4,"{'Hadamard': 4, 'CNOT': 32, 'T': 1144}",1180,4,0,0,4,1148,32,1144
a_4_positive_01,5*x_0 + 4*x_1 + 2*x_2 + 3*x_3 <= 4,positive,4,complete,nisq,gadget,lambda_1,2.0,0.9999998279592942,4,0,4,"{'Hadamard': 4, 'CNOT': 32, 'RZ': 18, 'RX': 8}",62,4,0,0,4,30,32,0
a_4_positive_01,5*x_0 + 4*x_1 + 2*x_2 + 3*x_3 <= 4,positive,4,complete,ftqc,gadget,lambda_1,2.0,0.9999998279592942,4,0,4,"{'Hadamard': 4, 'CNOT': 32, 'T': 1144}",1180,4,0,0,4,1148,32,1144
a_4_positive_01,5*x_0 + 4*x_1 + 2*x_2 + 3*x_3 <= 4,positive,4,complete,nisq,gadget,lambda_2,2.0,0.999976282078392,4,0,4,"{'Hadamard': 4, 'CNOT': 32, 'RZ': 18, 'RX': 8}",62,4,0,0,4,30,32,0
a_4_positive_01,5*x_0 + 4*x_1 + 2*x_2 + 3*x_3 <= 4,positive,4,complete,ftqc,gadget,lambda_2,2.0,0.999976282078392,4,0,4,"{'Hadamard': 4, 'CNOT': 32, 'T': 1144}",1180,4,0,0,4,1148,32,1144
a_4_positive_01,5*x_0 + 4*x_1 + 2*x_2 + 3*x_3 <= 4,positive,4,complete,nisq,penalty_cost_layer,unit_penalty,,,4,3,7,"{'CNOT': 42, 'RZ': 28}",70,7,0,0,7,28,42,0
a_4_positive_01,5*x_0 + 4*x_1 + 2*x_2 + 3*x_3 <= 4,positive,4,complete,ftqc,penalty_cost_layer,unit_penalty,,,4,3,7,"{'CNOT': 42, 'T': 1232}",1274,7,0,0,7,1232,42,1232
a_4_positive_02,1*x_0 + 4*x_1 + 3*x_2 + 5*x_3 <= 6,positive,4,complete,nisq,gadget,feasibility,4.0,0.48253685068209495,4,0,4,"{'Hadamard': 4, 'CNOT': 16, 'RZ': 16, 'RX': 16}",52,4,0,0,4,36,16,0
a_4_positive_02,1*x_0 + 4*x_1 + 3*x_2 + 5*x_3 <= 6,positive,4,complete,ftqc,gadget,feasibility,4.0,0.48253685068209495,4,0,4,"{'Hadamard': 4, 'CNOT': 16, 'T': 1408}",1428,4,0,0,4,1412,16,1408
a_4_positive_02,1*x_0 + 4*x_1 + 3*x_2 + 5*x_3 <= 6,positive,4,complete,nisq,gadget,fidelity,2.0,0.9999999988043285,4,0,4,"{'Hadamard': 4, 'CNOT': 8, 'RZ': 8, 'RX': 8}",28,4,0,0,4,20,8,0
a_4_positive_02,1*x_0 + 4*x_1 + 3*x_2 + 5*x_3 <= 6,positive,4,complete,ftqc,gadget,fidelity,2.0,0.9999999988043285,4,0,4,"{'Hadamard': 4, 'CNOT': 8, 'T': 704}",716,4,0,0,4,708,8,704
a_4_positive_02,1*x_0 + 4*x_1 + 3*x_2 + 5*x_3 <= 6,positive,4,complete,nisq,gadget,lambda_0.5,2.0,0.999999997256799,4,0,4,"{'Hadamard': 4, 'CNOT': 8, 'RZ': 8, 'RX': 8}",28,4,0,0,4,20,8,0
a_4_positive_02,1*x_0 + 4*x_1 + 3*x_2 + 5*x_3 <= 6,positive,4,complete,ftqc,gadget,lambda_0.5,2.0,0.999999997256799,4,0,4,"{'Hadamard': 4, 'CNOT': 8, 'T': 704}",716,4,0,0,4,708,8,704
a_4_positive_02,1*x_0 + 4*x_1 + 3*x_2 + 5*x_3 <= 6,positive,4,complete,nisq,gadget,lambda_1,2.0,0.9999999979339252,4,0,4,"{'Hadamard': 4, 'CNOT': 8, 'RZ': 8, 'RX': 8}",28,4,0,0,4,20,8,0
a_4_positive_02,1*x_0 + 4*x_1 + 3*x_2 + 5*x_3 <= 6,positive,4,complete,ftqc,gadget,lambda_1,2.0,0.9999999979339252,4,0,4,"{'Hadamard': 4, 'CNOT': 8, 'T': 704}",716,4,0,0,4,708,8,704
a_4_positive_02,1*x_0 + 4*x_1 + 3*x_2 + 5*x_3 <= 6,positive,4,complete,nisq,gadget,lambda_2,2.0,0.9999999983779517,4,0,4,"{'Hadamard': 4, 'CNOT': 8, 'RZ': 8, 'RX': 8}",28,4,0,0,4,20,8,0
a_4_positive_02,1*x_0 + 4*x_1 + 3*x_2 + 5*x_3 <= 6,positive,4,complete,ftqc,gadget,lambda_2,2.0,0.9999999983779517,4,0,4,"{'Hadamard': 4, 'CNOT': 8, 'T': 704}",716,4,0,0,4,708,8,704
a_4_positive_02,1*x_0 + 4*x_1 + 3*x_2 + 5*x_3 <= 6,positive,4,complete,nisq,penalty_cost_layer,unit_penalty,,,4,3,7,"{'CNOT': 42, 'RZ': 28}",70,7,0,0,7,28,42,0
a_4_positive_02,1*x_0 + 4*x_1 + 3*x_2 + 5*x_3 <= 6,positive,4,complete,ftqc,penalty_cost_layer,unit_penalty,,,4,3,7,"{'CNOT': 42, 'T': 1232}",1274,7,0,0,7,1232,42,1232
a_4_positive_03,4*x_0 + 4*x_1 + 3*x_2 + 4*x_3 <= 7,positive,4,complete,nisq,gadget,feasibility,2.0,0.3950525533266871,4,0,4,"{'Hadamard': 4, 'CNOT': 8, 'RZ': 8, 'RX': 8}",28,4,0,0,4,20,8,0
a_4_positive_03,4*x_0 + 4*x_1 + 3*x_2 + 4*x_3 <= 7,positive,4,complete,ftqc,gadget,feasibility,2.0,0.3950525533266871,4,0,4,"{'Hadamard': 4, 'CNOT': 8, 'T': 704}",716,4,0,0,4,708,8,704
a_4_positive_03,4*x_0 + 4*x_1 + 3*x_2 + 4*x_3 <= 7,positive,4,complete,nisq,gadget,fidelity,2.0,0.9999999982785149,4,0,4,"{'Hadamard': 4, 'CNOT': 8, 'RZ': 8, 'RX': 8}",28,4,0,0,4,20,8,0
a_4_positive_03,4*x_0 + 4*x_1 + 3*x_2 + 4*x_3 <= 7,positive,4,complete,ftqc,gadget,fidelity,2.0,0.9999999982785149,4,0,4,"{'Hadamard': 4, 'CNOT': 8, 'T': 704}",716,4,0,0,4,708,8,704
a_4_positive_03,4*x_0 + 4*x_1 + 3*x_2 + 4*x_3 <= 7,positive,4,complete,nisq,gadget,lambda_0.5,2.0,0.9999999980609752,4,0,4,"{'Hadamard': 4, 'CNOT': 8, 'RZ': 8, 'RX': 8}",28,4,0,0,4,20,8,0
a_4_positive_03,4*x_0 + 4*x_1 + 3*x_2 + 4*x_3 <= 7,positive,4,complete,ftqc,gadget,lambda_0.5,2.0,0.9999999980609752,4,0,4,"{'Hadamard': 4, 'CNOT': 8, 'T': 704}",716,4,0,0,4,708,8,704
a_4_positive_03,4*x_0 + 4*x_1 + 3*x_2 + 4*x_3 <= 7,positive,4,complete,nisq,gadget,lambda_1,2.0,0.9999999994543685,4,0,4,"{'Hadamard': 4, 'CNOT': 8, 'RZ': 8, 'RX': 8}",28,4,0,0,4,20,8,0
a_4_positive_03,4*x_0 + 4*x_1 + 3*x_2 + 4*x_3 <= 7,positive,4,complete,ftqc,gadget,lambda_1,2.0,0.9999999994543685,4,0,4,"{'Hadamard': 4, 'CNOT': 8, 'T': 704}",716,4,0,0,4,708,8,704
a_4_positive_03,4*x_0 + 4*x_1 + 3*x_2 + 4*x_3 <= 7,positive,4,complete,nisq,gadget,lambda_2,2.0,0.9999999994055415,4,0,4,"{'Hadamard': 4, 'CNOT': 8, 'RZ': 8, 'RX': 8}",28,4,0,0,4,20,8,0
a_4_positive_03,4*x_0 + 4*x_1 + 3*x_2 + 4*x_3 <= 7,positive,4,complete,ftqc,gadget,lambda_2,2.0,0.9999999994055415,4,0,4,"{'Hadamard': 4, 'CNOT': 8, 'T': 704}",716,4,0,0,4,708,8,704
a_4_positive_03,4*x_0 + 4*x_1 + 3*x_2 + 4*x_3 <= 7,positive,4,complete,nisq,penalty_cost_layer,unit_penalty,,,4,3,7,"{'CNOT': 42, 'RZ': 28}",70,7,0,0,7,28,42,0
a_4_positive_03,4*x_0 + 4*x_1 + 3*x_2 + 4*x_3 <= 7,positive,4,complete,ftqc,penalty_cost_layer,unit_penalty,,,4,3,7,"{'CNOT': 42, 'T': 1232}",1274,7,0,0,7,1232,42,1232
a_4_quadratic_01,1*x_0*x_0 + 1*x_0*x_1 + 3*x_0*x_2 + 1*x_0*x_3 + 2*x_1*x_1 + 2*x_1*x_2 + 1*x_1*x_3 + 3*x_2*x_2 + 1*x_2*x_3 + 1*x_3*x_3 <= 7,quadratic,4,complete,nisq,gadget,feasibility,3.0,0.25186700820805347,4,0,4,"{'Hadamard': 4, 'CNOT': 48, 'RZ': 27, 'RX': 12}",91,4,0,0,4,43,48,0
a_4_quadratic_01,1*x_0*x_0 + 1*x_0*x_1 + 3*x_0*x_2 + 1*x_0*x_3 + 2*x_1*x_1 + 2*x_1*x_2 + 1*x_1*x_3 + 3*x_2*x_2 + 1*x_2*x_3 + 1*x_3*x_3 <= 7,quadratic,4,complete,ftqc,gadget,feasibility,3.0,0.25186700820805347,4,0,4,"{'Hadamard': 4, 'CNOT': 48, 'T': 1716}",1768,4,0,0,4,1720,48,1716
a_4_quadratic_01,1*x_0*x_0 + 1*x_0*x_1 + 3*x_0*x_2 + 1*x_0*x_3 + 2*x_1*x_1 + 2*x_1*x_2 + 1*x_1*x_3 + 3*x_2*x_2 + 1*x_2*x_3 + 1*x_3*x_3 <= 7,quadratic,4,complete,nisq,gadget,fidelity,2.0,0.9990737858304023,4,0,4,"{'Hadamard': 4, 'CNOT': 32, 'RZ': 18, 'RX': 8}",62,4,0,0,4,30,32,0
a_4_quadratic_01,1*x_0*x_0 + 1*x_0*x_1 + 3*x_0*x_2 + 1*x_0*x_3 + 2*x_1*x_1 + 2*x_1*x_2 + 1*x_1*x_3 + 3*x_2*x_2 + 1*x_2*x_3 + 1*x_3*x_3 <= 7,quadratic,4,complete,ftqc,gadget,fidelity,2.0,0.9990737858304023,4,0,4,"{'Hadamard': 4, 'CNOT': 32, 'T': 1144}",1180,4,0,0,4,1148,32,1144
a_4_quadratic_01,1*x_0*x_0 + 1*x_0*x_1 + 3*x_0*x_2 + 1*x_0*x_3 + 2*x_1*x_1 + 2*x_1*x_2 + 1*x_1*x_3 + 3*x_2*x_2 + 1*x_2*x_3 + 1*x_3*x_3 <= 7,quadratic,4,complete,nisq,gadget,lambda_0.5,3.0,0.9998253455050411,4,0,4,"{'Hadamard': 4, 'CNOT': 48, 'RZ': 27, 'RX': 12}",91,4,0,0,4,43,48,0
a_4_quadratic_01,1*x_0*x_0 + 1*x_0*x_1 + 3*x_0*x_2 + 1*x_0*x_3 + 2*x_1*x_1 + 2*x_1*x_2 + 1*x_1*x_3 + 3*x_2*x_2 + 1*x_2*x_3 + 1*x_3*x_3 <= 7,quadratic,4,complete,ftqc,gadget,lambda_0.5,3.0,0.9998253455050411,4,0,4,"{'Hadamard': 4, 'CNOT': 48, 'T': 1716}",1768,4,0,0,4,1720,48,1716
a_4_quadratic_01,1*x_0*x_0 + 1*x_0*x_1 + 3*x_0*x_2 + 1*x_0*x_3 + 2*x_1*x_1 + 2*x_1*x_2 + 1*x_1*x_3 + 3*x_2*x_2 + 1*x_2*x_3 + 1*x_3*x_3 <= 7,quadratic,4,complete,nisq,gadget,lambda_1,3.0,0.9997213001762922,4,0,4,"{'Hadamard': 4, 'CNOT': 48, 'RZ': 27, 'RX': 12}",91,4,0,0,4,43,48,0
a_4_quadratic_01,1*x_0*x_0 + 1*x_0*x_1 + 3*x_0*x_2 + 1*x_0*x_3 + 2*x_1*x_1 + 2*x_1*x_2 + 1*x_1*x_3 + 3*x_2*x_2 + 1*x_2*x_3 + 1*x_3*x_3 <= 7,quadratic,4,complete,ftqc,gadget,lambda_1,3.0,0.9997213001762922,4,0,4,"{'Hadamard': 4, 'CNOT': 48, 'T': 1716}",1768,4,0,0,4,1720,48,1716
a_4_quadratic_01,1*x_0*x_0 + 1*x_0*x_1 + 3*x_0*x_2 + 1*x_0*x_3 + 2*x_1*x_1 + 2*x_1*x_2 + 1*x_1*x_3 + 3*x_2*x_2 + 1*x_2*x_3 + 1*x_3*x_3 <= 7,quadratic,4,complete,nisq,gadget,lambda_2,3.0,0.999721501019339,4,0,4,"{'Hadamard': 4, 'CNOT': 48, 'RZ': 27, 'RX': 12}",91,4,0,0,4,43,48,0
a_4_quadratic_01,1*x_0*x_0 + 1*x_0*x_1 + 3*x_0*x_2 + 1*x_0*x_3 + 2*x_1*x_1 + 2*x_1*x_2 + 1*x_1*x_3 + 3*x_2*x_2 + 1*x_2*x_3 + 1*x_3*x_3 <= 7,quadratic,4,complete,ftqc,gadget,lambda_2,3.0,0.999721501019339,4,0,4,"{'Hadamard': 4, 'CNOT': 48, 'T': 1716}",1768,4,0,0,4,1720,48,1716
a_4_quadratic_01,1*x_0*x_0 + 1*x_0*x_1 + 3*x_0*x_2 + 1*x_0*x_3 + 2*x_1*x_1 + 2*x_1*x_2 + 1*x_1*x_3 + 3*x_2*x_2 + 1*x_2*x_3 + 1*x_3*x_3 <= 7,quadratic,4,complete,nisq,penalty_cost_layer,unit_penalty,,,4,3,7,"{'CNOT': 136, 'RZ': 51}",187,7,0,0,7,51,136,0
a_4_quadratic_01,1*x_0*x_0 + 1*x_0*x_1 + 3*x_0*x_2 + 1*x_0*x_3 + 2*x_1*x_1 + 2*x_1*x_2 + 1*x_1*x_3 + 3*x_2*x_2 + 1*x_2*x_3 + 1*x_3*x_3 <= 7,quadratic,4,complete,ftqc,penalty_cost_layer,unit_penalty,,,4,3,7,"{'CNOT': 136, 'T': 2244}",2380,7,0,0,7,2244,136,2244
a_4_quadratic_02,1*x_0*x_0 + 1*x_0*x_1 + 1*x_0*x_2 + 1*x_0*x_3 + 2*x_1*x_1 + 1*x_1*x_2 + 2*x_1*x_3 + 1*x_2*x_2 + 3*x_2*x_3 + 2*x_3*x_3 <= 7,quadratic,4,complete,nisq,gadget,feasibility,2.0,0.2954609984254451,4,0,4,"{'Hadamard': 4, 'CNOT': 32, 'RZ': 18, 'RX': 8}",62,4,0,0,4,30,32,0
a_4_quadratic_02,1*x_0*x_0 + 1*x_0*x_1 + 1*x_0*x_2 + 1*x_0*x_3 + 2*x_1*x_1 + 1*x_1*x_2 + 2*x_1*x_3 + 1*x_2*x_2 + 3*x_2*x_3 + 2*x_3*x_3 <= 7,quadratic,4,complete,ftqc,gadget,feasibility,2.0,0.2954609984254451,4,0,4,"{'Hadamard': 4, 'CNOT': 32, 'T': 1144}",1180,4,0,0,4,1148,32,1144
a_4_quadratic_02,1*x_0*x_0 + 1*x_0*x_1 + 1*x_0*x_2 + 1*x_0*x_3 + 2*x_1*x_1 + 1*x_1*x_2 + 2*x_1*x_3 + 1*x_2*x_2 + 3*x_2*x_3 + 2*x_3*x_3 <= 7,quadratic,4,complete,nisq,gadget,fidelity,2.0,0.9991887372352664,4,0,4,"{'Hadamard': 4, 'CNOT': 32, 'RZ': 18, 'RX': 8}",62,4,0,0,4,30,32,0
a_4_quadratic_02,1*x_0*x_0 + 1*x_0*x_1 + 1*x_0*x_2 + 1*x_0*x_3 + 2*x_1*x_1 + 1*x_1*x_2 + 2*x_1*x_3 + 1*x_2*x_2 + 3*x_2*x_3 + 2*x_3*x_3 <= 7,quadratic,4,complete,ftqc,gadget,fidelity,2.0,0.9991887372352664,4,0,4,"{'Hadamard': 4, 'CNOT': 32, 'T': 1144}",1180,4,0,0,4,1148,32,1144
a_4_quadratic_02,1*x_0*x_0 + 1*x_0*x_1 + 1*x_0*x_2 + 1*x_0*x_3 + 2*x_1*x_1 + 1*x_1*x_2 + 2*x_1*x_3 + 1*x_2*x_2 + 3*x_2*x_3 + 2*x_3*x_3 <= 7,quadratic,4,complete,nisq,gadget,lambda_0.5,3.0,0.999831120077565,4,0,4,"{'Hadamard': 4, 'CNOT': 48, 'RZ': 27, 'RX': 12}",91,4,0,0,4,43,48,0
a_4_quadratic_02,1*x_0*x_0 + 1*x_0*x_1 + 1*x_0*x_2 + 1*x_0*x_3 + 2*x_1*x_1 + 1*x_1*x_2 + 2*x_1*x_3 + 1*x_2*x_2 + 3*x_2*x_3 + 2*x_3*x_3 <= 7,quadratic,4,complete,ftqc,gadget,lambda_0.5,3.0,0.999831120077565,4,0,4,"{'Hadamard': 4, 'CNOT': 48, 'T': 1716}",1768,4,0,0,4,1720,48,1716
a_4_quadratic_02,1*x_0*x_0 + 1*x_0*x_1 + 1*x_0*x_2 + 1*x_0*x_3 + 2*x_1*x_1 + 1*x_1*x_2 + 2*x_1*x_3 + 1*x_2*x_2 + 3*x_2*x_3 + 2*x_3*x_3 <= 7,quadratic,4,complete,nisq,gadget,lambda_1,2.0,0.999247168322798,4,0,4,"{'Hadamard': 4, 'CNOT': 32, 'RZ': 18, 'RX': 8}",62,4,0,0,4,30,32,0
a_4_quadratic_02,1*x_0*x_0 + 1*x_0*x_1 + 1*x_0*x_2 + 1*x_0*x_3 + 2*x_1*x_1 + 1*x_1*x_2 + 2*x_1*x_3 + 1*x_2*x_2 + 3*x_2*x_3 + 2*x_3*x_3 <= 7,quadratic,4,complete,ftqc,gadget,lambda_1,2.0,0.999247168322798,4,0,4,"{'Hadamard': 4, 'CNOT': 32, 'T': 1144}",1180,4,0,0,4,1148,32,1144
a_4_quadratic_02,1*x_0*x_0 + 1*x_0*x_1 + 1*x_0*x_2 + 1*x_0*x_3 + 2*x_1*x_1 + 1*x_1*x_2 + 2*x_1*x_3 + 1*x_2*x_2 + 3*x_2*x_3 + 2*x_3*x_3 <= 7,quadratic,4,complete,nisq,gadget,lambda_2,3.0,0.9999570894400932,4,0,4,"{'Hadamard': 4, 'CNOT': 48, 'RZ': 27, 'RX': 12}",91,4,0,0,4,43,48,0
a_4_quadratic_02,1*x_0*x_0 + 1*x_0*x_1 + 1*x_0*x_2 + 1*x_0*x_3 + 2*x_1*x_1 + 1*x_1*x_2 + 2*x_1*x_3 + 1*x_2*x_2 + 3*x_2*x_3 + 2*x_3*x_3 <= 7,quadratic,4,complete,ftqc,gadget,lambda_2,3.0,0.9999570894400932,4,0,4,"{'Hadamard': 4, 'CNOT': 48, 'T': 1716}",1768,4,0,0,4,1720,48,1716
a_4_quadratic_02,1*x_0*x_0 + 1*x_0*x_1 + 1*x_0*x_2 + 1*x_0*x_3 + 2*x_1*x_1 + 1*x_1*x_2 + 2*x_1*x_3 + 1*x_2*x_2 + 3*x_2*x_3 + 2*x_3*x_3 <= 7,quadratic,4,complete,nisq,penalty_cost_layer,unit_penalty,,,4,3,7,"{'CNOT': 136, 'RZ': 51}",187,7,0,0,7,51,136,0
a_4_quadratic_02,1*x_0*x_0 + 1*x_0*x_1 + 1*x_0*x_2 + 1*x_0*x_3 + 2*x_1*x_1 + 1*x_1*x_2 + 2*x_1*x_3 + 1*x_2*x_2 + 3*x_2*x_3 + 2*x_3*x_3 <= 7,quadratic,4,complete,ftqc,penalty_cost_layer,unit_penalty,,,4,3,7,"{'CNOT': 136, 'T': 2244}",2380,7,0,0,7,2244,136,2244
a_5_equality_01,3*x_0 + 1*x_1 + 4*x_2 + 3*x_3 + 2*x_4 == 5,equality,5,complete,nisq,gadget,feasibility,1.0,0.6628331128644765,5,0,5,"{'Hadamard': 5, 'CNOT': 98, 'RZ': 31, 'RX': 5}",139,5,0,0,5,41,98,0
a_5_equality_01,3*x_0 + 1*x_1 + 4*x_2 + 3*x_3 + 2*x_4 == 5,equality,5,complete,ftqc,gadget,feasibility,1.0,0.6628331128644765,5,0,5,"{'Hadamard': 5, 'CNOT': 98, 'T': 1584}",1687,5,0,0,5,1589,98,1584
a_5_equality_01,3*x_0 + 1*x_1 + 4*x_2 + 3*x_3 + 2*x_4 == 5,equality,5,complete,nisq,gadget,fidelity,3.0,0.9999918595259193,5,0,5,"{'Hadamard': 5, 'CNOT': 294, 'RZ': 93, 'RX': 15}",407,5,0,0,5,113,294,0
a_5_equality_01,3*x_0 + 1*x_1 + 4*x_2 + 3*x_3 + 2*x_4 == 5,equality,5,complete,ftqc,gadget,fidelity,3.0,0.9999918595259193,5,0,5,"{'Hadamard': 5, 'CNOT': 294, 'T': 4752}",5051,5,0,0,5,4757,294,4752
a_5_equality_01,3*x_0 + 1*x_1 + 4*x_2 + 3*x_3 + 2*x_4 == 5,equality,5,complete,nisq,gadget,lambda_0.5,3.0,0.9998424855225427,5,0,5,"{'Hadamard': 5, 'CNOT': 294, 'RZ': 93, 'RX': 15}",407,5,0,0,5,113,294,0
a_5_equality_01,3*x_0 + 1*x_1 + 4*x_2 + 3*x_3 + 2*x_4 == 5,equality,5,complete,ftqc,gadget,lambda_0.5,3.0,0.9998424855225427,5,0,5,"{'Hadamard': 5, 'CNOT': 294, 'T': 4752}",5051,5,0,0,5,4757,294,4752
a_5_equality_01,3*x_0 + 1*x_1 + 4*x_2 + 3*x_3 + 2*x_4 == 5,equality,5,complete,nisq,gadget,lambda_1,3.0,0.9998179659558919,5,0,5,"{'Hadamard': 5, 'CNOT': 294, 'RZ': 93, 'RX': 15}",407,5,0,0,5,113,294,0
a_5_equality_01,3*x_0 + 1*x_1 + 4*x_2 + 3*x_3 + 2*x_4 == 5,equality,5,complete,ftqc,gadget,lambda_1,3.0,0.9998179659558919,5,0,5,"{'Hadamard': 5, 'CNOT': 294, 'T': 4752}",5051,5,0,0,5,4757,294,4752
a_5_equality_01,3*x_0 + 1*x_1 + 4*x_2 + 3*x_3 + 2*x_4 == 5,equality,5,complete,nisq,gadget,lambda_2,3.0,0.9997501557595297,5,0,5,"{'Hadamard': 5, 'CNOT': 294, 'RZ': 93, 'RX': 15}",407,5,0,0,5,113,294,0
a_5_equality_01,3*x_0 + 1*x_1 + 4*x_2 + 3*x_3 + 2*x_4 == 5,equality,5,complete,ftqc,gadget,lambda_2,3.0,0.9997501557595297,5,0,5,"{'Hadamard': 5, 'CNOT': 294, 'T': 4752}",5051,5,0,0,5,4757,294,4752
a_5_equality_01,3*x_0 + 1*x_1 + 4*x_2 + 3*x_3 + 2*x_4 == 5,equality,5,complete,nisq,penalty_cost_layer,unit_penalty,,,5,0,5,"{'CNOT': 20, 'RZ': 15}",35,5,0,0,5,15,20,0
a_5_equality_01,3*x_0 + 1*x_1 + 4*x_2 + 3*x_3 + 2*x_4 == 5,equality,5,complete,ftqc,penalty_cost_layer,unit_penalty,,,5,0,5,"{'CNOT': 20, 'T': 660}",680,5,0,0,5,660,20,660
a_5_equality_02,3*x_0 + 4*x_1 + 5*x_2 + 3*x_3 + 1*x_4 == 9,equality,5,complete,nisq,gadget,feasibility,2.0,0.9642789289479318,5,0,5,"{'Hadamard': 5, 'CNOT': 196, 'RZ': 62, 'RX': 10}",273,5,0,0,5,77,196,0
a_5_equality_02,3*x_0 + 4*x_1 + 5*x_2 + 3*x_3 + 1*x_4 == 9,equality,5,complete,ftqc,gadget,feasibility,2.0,0.9642789289479318,5,0,5,"{'Hadamard': 5, 'CNOT': 196, 'T': 3168}",3369,5,0,0,5,3173,196,3168
a_5_equality_02,3*x_0 + 4*x_1 + 5*x_2 + 3*x_3 + 1*x_4 == 9,equality,5,complete,nisq,gadget,fidelity,2.0,0.9999248356975006,5,0,5,"{'Hadamard': 5, 'CNOT': 196, 'RZ': 62, 'RX': 10}",273,5,0,0,5,77,196,0
a_5_equality_02,3*x_0 + 4*x_1 + 5*x_2 + 3*x_3 + 1*x_4 == 9,equality,5,complete,ftqc,gadget,fidelity,2.0,0.9999248356975006,5,0,5,"{'Hadamard': 5, 'CNOT': 196, 'T': 3168}",3369,5,0,0,5,3173,196,3168
a_5_equality_02,3*x_0 + 4*x_1 + 5*x_2 + 3*x_3 + 1*x_4 == 9,equality,5,complete,nisq,gadget,lambda_0.5,2.0,0.9998156436678994,5,0,5,"{'Hadamard': 5, 'CNOT': 196, 'RZ': 62, 'RX': 10}",273,5,0,0,5,77,196,0
a_5_equality_02,3*x_0 + 4*x_1 + 5*x_2 + 3*x_3 + 1*x_4 == 9,equality,5,complete,ftqc,gadget,lambda_0.5,2.0,0.9998156436678994,5,0,5,"{'Hadamard': 5, 'CNOT': 196, 'T': 3168}",3369,5,0,0,5,3173,196,3168
a_5_equality_02,3*x_0 + 4*x_1 + 5*x_2 + 3*x_3 + 1*x_4 == 9,equality,5,complete,nisq,gadget,lambda_1,2.0,0.9998164649356994,5,0,5,"{'Hadamard': 5, 'CNOT': 196, 'RZ': 62, 'RX': 10}",273,5,0,0,5,77,196,0
a_5_equality_02,3*x_0 + 4*x_1 + 5*x_2 + 3*x_3 + 1*x_4 == 9,equality,5,complete,ftqc,gadget,lambda_1,2.0,0.9998164649356994,5,0,5,"{'Hadamard': 5, 'CNOT': 196, 'T': 3168}",3369,5,0,0,5,3173,196,3168
a_5_equality_02,3*x_0 + 4*x_1 + 5*x_2 + 3*x_3 + 1*x_4 == 9,equality,5,complete,nisq,gadget,lambda_2,2.0,0.9994597394854811,5,0,5,"{'Hadamard': 5, 'CNOT': 196, 'RZ': 62, 'RX': 10}",273,5,0,0,5,77,196,0
a_5_equality_02,3*x_0 + 4*x_1 + 5*x_2 + 3*x_3 + 1*x_4 == 9,equality,5,complete,ftqc,gadget,lambda_2,2.0,0.9994597394854811,5,0,5,"{'Hadamard': 5, 'CNOT': 196, 'T': 3168}",3369,5,0,0,5,3173,196,3168
a_5_equality_02,3*x_0 + 4*x_1 + 5*x_2 + 3*x_3 + 1*x_4 == 9,equality,5,complete,nisq,penalty_cost_layer,unit_penalty,,,5,0,5,"{'CNOT': 20, 'RZ': 15}",35,5,0,0,5,15,20,0
a_5_equality_02,3*x_0 + 4*x_1 + 5*x_2 + 3*x_3 + 1*x_4 == 9,equality,5,complete,ftqc,penalty_cost_layer,unit_penalty,,,5,0,5,"{'CNOT': 20, 'T': 660}",680,5,0,0,5,660,20,660
a_5_equality_03,4*x_0 + 4*x_1 + 1*x_2 + 2*x_3 + 4*x_4 == 9,equality,5,complete,nisq,gadget,feasibility,1.0,0.6686257903527406,5,0,5,"{'Hadamard': 5, 'CNOT': 98, 'RZ': 31, 'RX': 5}",139,5,0,0,5,41,98,0
a_5_equality_03,4*x_0 + 4*x_1 + 1*x_2 + 2*x_3 + 4*x_4 == 9,equality,5,complete,ftqc,gadget,feasibility,1.0,0.6686257903527406,5,0,5,"{'Hadamard': 5, 'CNOT': 98, 'T': 1584}",1687,5,0,0,5,1589,98,1584
a_5_equality_03,4*x_0 + 4*x_1 + 1*x_2 + 2*x_3 + 4*x_4 == 9,equality,5,complete,nisq,gadget,fidelity,2.0,0.9999500422407267,5,0,5,"{'Hadamard': 5, 'CNOT': 196, 'RZ': 62, 'RX': 10}",273,5,0,0,5,77,196,0
a_5_equality_03,4*x_0 + 4*x_1 + 1*x_2 + 2*x_3 + 4*x_4 == 9,equality,5,complete,ftqc,gadget,fidelity,2.0,0.9999500422407267,5,0,5,"{'Hadamard': 5, 'CNOT': 196, 'T': 3168}",3369,5,0,0,5,3173,196,3168
a_5_equality_03,4*x_0 + 4*x_1 + 1*x_2 + 2*x_3 + 4*x_4 == 9,equality,5,complete,nisq,gadget,lambda_0.5,2.0,0.9997989621489213,5,0,5,"{'Hadamard': 5, 'CNOT': 196, 'RZ': 62, 'RX': 10}",273,5,0,0,5,77,196,0
a_5_equality_03,4*x_0 + 4*x_1 + 1*x_2 + 2*x_3 + 4*x_4 == 9,equality,5,complete,ftqc,gadget,lambda_0.5,2.0,0.9997989621489213,5,0,5,"{'Hadamard': 5, 'CNOT': 196, 'T': 3168}",3369,5,0,0,5,3173,196,3168
a_5_equality_03,4*x_0 + 4*x_1 + 1*x_2 + 2*x_3 + 4*x_4 == 9,equality,5,complete,nisq,gadget,lambda_1,2.0,0.9997735943772047,5,0,5,"{'Hadamard': 5, 'CNOT': 196, 'RZ': 62, 'RX': 10}",273,5,0,0,5,77,196,0
a_5_equality_03,4*x_0 + 4*x_1 + 1*x_2 + 2*x_3 + 4*x_4 == 9,equality,5,complete,ftqc,gadget,lambda_1,2.0,0.9997735943772047,5,0,5,"{'Hadamard': 5, 'CNOT': 196, 'T': 3168}",3369,5,0,0,5,3173,196,3168
a_5_equality_03,4*x_0 + 4*x_1 + 1*x_2 + 2*x_3 + 4*x_4 == 9,equality,5,complete,nisq,gadget,lambda_2,2.0,0.9995360151841745,5,0,5,"{'Hadamard': 5, 'CNOT': 196, 'RZ': 62, 'RX': 10}",273,5,0,0,5,77,196,0
a_5_equality_03,4*x_0 + 4*x_1 + 1*x_2 + 2*x_3 + 4*x_4 == 9,equality,5,complete,ftqc,gadget,lambda_2,2.0,0.9995360151841745,5,0,5,"{'Hadamard': 5, 'CNOT': 196, 'T': 3168}",3369,5,0,0,5,3173,196,3168
a_5_equality_03,4*x_0 + 4*x_1 + 1*x_2 + 2*x_3 + 4*x_4 == 9,equality,5,complete,nisq,penalty_cost_layer,unit_penalty,,,5,0,5,"{'CNOT': 20, 'RZ': 15}",35,5,0,0,5,15,20,0
a_5_equality_03,4*x_0 + 4*x_1 + 1*x_2 + 2*x_3 + 4*x_4 == 9,equality,5,complete,ftqc,penalty_cost_layer,unit_penalty,,,5,0,5,"{'CNOT': 20, 'T': 660}",680,5,0,0,5,660,20,660
a_5_mixed_01,-4*x_0 + 1*x_1 - 2*x_2 + 3*x_3 + 3*x_4 <= 2,mixed,5,complete,nisq,gadget,feasibility,4.0,0.14056606728597948,5,0,5,"{'Hadamard': 5, 'CNOT': 392, 'RZ': 124, 'RX': 20}",541,5,0,0,5,149,392,0
a_5_mixed_01,-4*x_0 + 1*x_1 - 2*x_2 + 3*x_3 + 3*x_4 <= 2,mixed,5,complete,ftqc,gadget,feasibility,4.0,0.14056606728597948,5,0,5,"{'Hadamard': 5, 'CNOT': 392, 'T': 6336}",6733,5,0,0,5,6341,392,6336
a_5_mixed_01,-4*x_0 + 1*x_1 - 2*x_2 + 3*x_3 + 3*x_4 <= 2,mixed,5,complete,nisq,gadget,fidelity,2.0,0.9995938450444682,5,0,5,"{'Hadamard': 5, 'CNOT': 196, 'RZ': 62, 'RX': 10}",273,5,0,0,5,77,196,0
a_5_mixed_01,-4*x_0 + 1*x_1 - 2*x_2 + 3*x_3 + 3*x_4 <= 2,mixed,5,complete,ftqc,gadget,fidelity,2.0,0.9995938450444682,5,0,5,"{'Hadamard': 5, 'CNOT': 196, 'T': 3168}",3369,5,0,0,5,3173,196,3168
a_5_mixed_01,-4*x_0 + 1*x_1 - 2*x_2 + 3*x_3 + 3*x_4 <= 2,mixed,5,complete,nisq,gadget,lambda_0.5,3.0,0.9999935706634383,5,0,5,"{'Hadamard': 5, 'CNOT': 294, 'RZ': 93, 'RX': 15}",407,5,0,0,5,113,294,0
a_5_mixed_01,-4*x_0 + 1*x_1 - 2*x_2 + 3*x_3 + 3*x_4 <= 2,mixed,5,complete,ftqc,gadget,lambda_0.5,3.0,0.9999935706634383,5,0,5,"{'Hadamard': 5, 'CNOT': 294, 'T': 4752}",5051,5,0,0,5,4757,294,4752
a_5_mixed_01,-4*x_0 + 1*x_1 - 2*x_2 + 3*x_3 + 3*x_4 <= 2,mixed,5,complete,nisq,gadget,lambda_1,3.0,0.9999978669313454,5,0,5,"{'Hadamard': 5, 'CNOT': 294, 'RZ': 93, 'RX': 15}",407,5,0,0,5,113,294,0
a_5_mixed_01,-4*x_0 + 1*x_1 - 2*x_2 + 3*x_3 + 3*x_4 <= 2,mixed,5,complete,ftqc,gadget,lambda_1,3.0,0.9999978669313454,5,0,5,"{'Hadamard': 5, 'CNOT': 294, 'T': 4752}",5051,5,0,0,5,4757,294,4752
a_5_mixed_01,-4*x_0 + 1*x_1 - 2*x_2 + 3*x_3 + 3*x_4 <= 2,mixed,5,complete,nisq,gadget,lambda_2,3.0,0.9999896058334137,5,0,5,"{'Hadamard': 5, 'CNOT': 294, 'RZ': 93, 'RX': 15}",407,5,0,0,5,113,294,0
a_5_mixed_01,-4*x_0 + 1*x_1 - 2*x_2 + 3*x_3 + 3*x_4 <= 2,mixed,5,complete,ftqc,gadget,lambda_2,3.0,0.9999896058334137,5,0,5,"{'Hadamard': 5, 'CNOT': 294, 'T': 4752}",5051,5,0,0,5,4757,294,4752
a_5_mixed_01,-4*x_0 + 1*x_1 - 2*x_2 + 3*x_3 + 3*x_4 <= 2,mixed,5,complete,nisq,penalty_cost_layer,unit_penalty,,,5,4,9,"{'CNOT': 72, 'RZ': 45}",117,9,0,0,9,45,72,0
a_5_mixed_01,-4*x_0 + 1*x_1 - 2*x_2 + 3*x_3 + 3*x_4 <= 2,mixed,5,complete,ftqc,penalty_cost_layer,unit_penalty,,,5,4,9,"{'CNOT': 72, 'T': 1980}",2052,9,0,0,9,1980,72,1980
a_5_mixed_02,4*x_0 - 2*x_1 - 5*x_2 - 3*x_3 + 2*x_4 <= -4,mixed,5,complete,nisq,gadget,feasibility,1.0,0.4373082642968379,5,0,5,"{'Hadamard': 5, 'CNOT': 98, 'RZ': 31, 'RX': 5}",139,5,0,0,5,41,98,0
a_5_mixed_02,4*x_0 - 2*x_1 - 5*x_2 - 3*x_3 + 2*x_4 <= -4,mixed,5,complete,ftqc,gadget,feasibility,1.0,0.4373082642968379,5,0,5,"{'Hadamard': 5, 'CNOT': 98, 'T': 1584}",1687,5,0,0,5,1589,98,1584
a_5_mixed_02,4*x_0 - 2*x_1 - 5*x_2 - 3*x_3 + 2*x_4 <= -4,mixed,5,complete,nisq,gadget,fidelity,3.0,0.9999926793648634,5,0,5,"{'Hadamard': 5, 'CNOT': 294, 'RZ': 93, 'RX': 15}",407,5,0,0,5,113,294,0
a_5_mixed_02,4*x_0 - 2*x_1 - 5*x_2 - 3*x_3 + 2*x_4 <= -4,mixed,5,complete,ftqc,gadget,fidelity,3.0,0.9999926793648634,5,0,5,"{'Hadamard': 5, 'CNOT': 294, 'T': 4752}",5051,5,0,0,5,4757,294,4752
a_5_mixed_02,4*x_0 - 2*x_1 - 5*x_2 - 3*x_3 + 2*x_4 <= -4,mixed,5,complete,nisq,gadget,lambda_0.5,3.0,0.9999793151711684,5,0,5,"{'Hadamard': 5, 'CNOT': 294, 'RZ': 93, 'RX': 15}",407,5,0,0,5,113,294,0
a_5_mixed_02,4*x_0 - 2*x_1 - 5*x_2 - 3*x_3 + 2*x_4 <= -4,mixed,5,complete,ftqc,gadget,lambda_0.5,3.0,0.9999793151711684,5,0,5,"{'Hadamard': 5, 'CNOT': 294, 'T': 4752}",5051,5,0,0,5,4757,294,4752
a_5_mixed_02,4*x_0 - 2*x_1 - 5*x_2 - 3*x_3 + 2*x_4 <= -4,mixed,5,complete,nisq,gadget,lambda_1,3.0,0.9999646936815005,5,0,5,"{'Hadamard': 5, 'CNOT': 294, 'RZ': 93, 'RX': 15}",407,5,0,0,5,113,294,0
a_5_mixed_02,4*x_0 - 2*x_1 - 5*x_2 - 3*x_3 + 2*x_4 <= -4,mixed,5,complete,ftqc,gadget,lambda_1,3.0,0.9999646936815005,5,0,5,"{'Hadamard': 5, 'CNOT': 294, 'T': 4752}",5051,5,0,0,5,4757,294,4752
a_5_mixed_02,4*x_0 - 2*x_1 - 5*x_2 - 3*x_3 + 2*x_4 <= -4,mixed,5,complete,nisq,gadget,lambda_2,3.0,0.9998608471541377,5,0,5,"{'Hadamard': 5, 'CNOT': 294, 'RZ': 93, 'RX': 15}",407,5,0,0,5,113,294,0
a_5_mixed_02,4*x_0 - 2*x_1 - 5*x_2 - 3*x_3 + 2*x_4 <= -4,mixed,5,complete,ftqc,gadget,lambda_2,3.0,0.9998608471541377,5,0,5,"{'Hadamard': 5, 'CNOT': 294, 'T': 4752}",5051,5,0,0,5,4757,294,4752
a_5_mixed_02,4*x_0 - 2*x_1 - 5*x_2 - 3*x_3 + 2*x_4 <= -4,mixed,5,complete,nisq,penalty_cost_layer,unit_penalty,,,5,3,8,"{'CNOT': 56, 'RZ': 36}",92,8,0,0,8,36,56,0
a_5_mixed_02,4*x_0 - 2*x_1 - 5*x_2 - 3*x_3 + 2*x_4 <= -4,mixed,5,complete,ftqc,penalty_cost_layer,unit_penalty,,,5,3,8,"{'CNOT': 56, 'T': 1584}",1640,8,0,0,8,1584,56,1584
a_5_positive_01,4*x_0 + 2*x_1 + 2*x_2 + 3*x_3 + 1*x_4 <= 5,positive,5,complete,nisq,gadget,feasibility,1.0,0.42137353002322075,5,0,5,"{'Hadamard': 5, 'CNOT': 58, 'RZ': 19, 'RX': 5}",87,5,0,0,5,29,58,0
a_5_positive_01,4*x_0 + 2*x_1 + 2*x_2 + 3*x_3 + 1*x_4 <= 5,positive,5,complete,ftqc,gadget,feasibility,1.0,0.42137353002322075,5,0,5,"{'Hadamard': 5, 'CNOT': 58, 'T': 1056}",1119,5,0,0,5,1061,58,1056
a_5_positive_01,4*x_0 + 2*x_1 + 2*x_2 + 3*x_3 + 1*x_4 <= 5,positive,5,complete,nisq,gadget,fidelity,3.0,0.9998714074969717,5,0,5,"{'Hadamard': 5, 'CNOT': 174, 'RZ': 57, 'RX': 15}",251,5,0,0,5,77,174,0
a_5_positive_01,4*x_0 + 2*x_1 + 2*x_2 + 3*x_3 + 1*x_4 <= 5,positive,5,complete,ftqc,gadget,fidelity,3.0,0.9998714074969717,5,0,5,"{'Hadamard': 5, 'CNOT': 174, 'T': 3168}",3347,5,0,0,5,3173,174,3168
a_5_positive_01,4*x_0 + 2*x_1 + 2*x_2 + 3*x_3 + 1*x_4 <= 5,positive,5,complete,nisq,gadget,lambda_0.5,3.0,0.9992816727282315,5,0,5,"{'Hadamard': 5, 'CNOT': 174, 'RZ': 57, 'RX': 15}",251,5,0,0,5,77,174,0
a_5_positive_01,4*x_0 + 2*x_1 + 2*x_2 + 3*x_3 + 1*x_4 <= 5,positive,5,complete,ftqc,gadget,lambda_0.5,3.0,0.9992816727282315,5,0,5,"{'Hadamard': 5, 'CNOT': 174, 'T': 3168}",3347,5,0,0,5,3173,174,3168
a_5_positive_01,4*x_0 + 2*x_1 + 2*x_2 + 3*x_3 + 1*x_4 <= 5,positive,5,complete,nisq,gadget,lambda_1,3.0,0.9998340110147879,5,0,5,"{'Hadamard': 5, 'CNOT': 174, 'RZ': 57, 'RX': 15}",251,5,0,0,5,77,174,0
a_5_positive_01,4*x_0 + 2*x_1 + 2*x_2 + 3*x_3 + 1*x_4 <= 5,positive,5,complete,ftqc,gadget,lambda_1,3.0,0.9998340110147879,5,0,5,"{'Hadamard': 5, 'CNOT': 174, 'T': 3168}",3347,5,0,0,5,3173,174,3168
a_5_positive_01,4*x_0 + 2*x_1 + 2*x_2 + 3*x_3 + 1*x_4 <= 5,positive,5,complete,nisq,gadget,lambda_2,3.0,0.9995591102528378,5,0,5,"{'Hadamard': 5, 'CNOT': 174, 'RZ': 57, 'RX': 15}",251,5,0,0,5,77,174,0
a_5_positive_01,4*x_0 + 2*x_1 + 2*x_2 + 3*x_3 + 1*x_4 <= 5,positive,5,complete,ftqc,gadget,lambda_2,3.0,0.9995591102528378,5,0,5,"{'Hadamard': 5, 'CNOT': 174, 'T': 3168}",3347,5,0,0,5,3173,174,3168
a_5_positive_01,4*x_0 + 2*x_1 + 2*x_2 + 3*x_3 + 1*x_4 <= 5,positive,5,complete,nisq,penalty_cost_layer,unit_penalty,,,5,3,8,"{'CNOT': 56, 'RZ': 36}",92,8,0,0,8,36,56,0
a_5_positive_01,4*x_0 + 2*x_1 + 2*x_2 + 3*x_3 + 1*x_4 <= 5,positive,5,complete,ftqc,penalty_cost_layer,unit_penalty,,,5,3,8,"{'CNOT': 56, 'T': 1584}",1640,8,0,0,8,1584,56,1584
a_5_positive_02,5*x_0 + 2*x_1 + 2*x_2 + 1*x_3 + 4*x_4 <= 5,positive,5,complete,nisq,gadget,feasibility,1.0,0.632743805594163,5,0,5,"{'Hadamard': 5, 'CNOT': 98, 'RZ': 31, 'RX': 5}",139,5,0,0,5,41,98,0
a_5_positive_02,5*x_0 + 2*x_1 + 2*x_2 + 1*x_3 + 4*x_4 <= 5,positive,5,complete,ftqc,gadget,feasibility,1.0,0.632743805594163,5,0,5,"{'Hadamard': 5, 'CNOT': 98, 'T': 1584}",1687,5,0,0,5,1589,98,1584
a_5_positive_02,5*x_0 + 2*x_1 + 2*x_2 + 1*x_3 + 4*x_4 <= 5,positive,5,complete,nisq,gadget,fidelity,3.0,0.9999980096173563,5,0,5,"{'Hadamard': 5, 'CNOT': 294, 'RZ': 93, 'RX': 15}",407,5,0,0,5,113,294,0
a_5_positive_02,5*x_0 + 2*x_1 + 2*x_2 + 1*x_3 + 4*x_4 <= 5,positive,5,complete,ftqc,gadget,fidelity,3.0,0.9999980096173563,5,0,5,"{'Hadamard': 5, 'CNOT': 294, 'T': 4752}",5051,5,0,0,5,4757,294,4752
a_5_positive_02,5*x_0 + 2*x_1 + 2*x_2 + 1*x_3 + 4*x_4 <= 5,positive,5,complete,nisq,gadget,lambda_0.5,3.0,0.9998574231674067,5,0,5,"{'Hadamard': 5, 'CNOT': 294, 'RZ': 93, 'RX': 15}",407,5,0,0,5,113,294,0
a_5_positive_02,5*x_0 + 2*x_1 + 2*x_2 + 1*x_3 + 4*x_4 <= 5,positive,5,complete,ftqc,gadget,lambda_0.5,3.0,0.9998574231674067,5,0,5,"{'Hadamard': 5, 'CNOT': 294, 'T': 4752}",5051,5,0,0,5,4757,294,4752
a_5_positive_02,5*x_0 + 2*x_1 + 2*x_2 + 1*x_3 + 4*x_4 <= 5,positive,5,complete,nisq,gadget,lambda_1,3.0,0.9999878688947444,5,0,5,"{'Hadamard': 5, 'CNOT': 294, 'RZ': 93, 'RX': 15}",407,5,0,0,5,113,294,0
a_5_positive_02,5*x_0 + 2*x_1 + 2*x_2 + 1*x_3 + 4*x_4 <= 5,positive,5,complete,ftqc,gadget,lambda_1,3.0,0.9999878688947444,5,0,5,"{'Hadamard': 5, 'CNOT': 294, 'T': 4752}",5051,5,0,0,5,4757,294,4752
a_5_positive_02,5*x_0 + 2*x_1 + 2*x_2 + 1*x_3 + 4*x_4 <= 5,positive,5,complete,nisq,gadget,lambda_2,3.0,0.9992660983445489,5,0,5,"{'Hadamard': 5, 'CNOT': 294, 'RZ': 93, 'RX': 15}",407,5,0,0,5,113,294,0
a_5_positive_02,5*x_0 + 2*x_1 + 2*x_2 + 1*x_3 + 4*x_4 <= 5,positive,5,complete,ftqc,gadget,lambda_2,3.0,0.9992660983445489,5,0,5,"{'Hadamard': 5, 'CNOT': 294, 'T': 4752}",5051,5,0,0,5,4757,294,4752
a_5_positive_02,5*x_0 + 2*x_1 + 2*x_2 + 1*x_3 + 4*x_4 <= 5,positive,5,complete,nisq,penalty_cost_layer,unit_penalty,,,5,3,8,"{'CNOT': 56, 'RZ': 36}",92,8,0,0,8,36,56,0
a_5_positive_02,5*x_0 + 2*x_1 + 2*x_2 + 1*x_3 + 4*x_4 <= 5,positive,5,complete,ftqc,penalty_cost_layer,unit_penalty,,,5,3,8,"{'CNOT': 56, 'T': 1584}",1640,8,0,0,8,1584,56,1584
a_5_quadratic_01,1*x_0*x_0 + 3*x_0*x_1 + 1*x_0*x_2 + 3*x_0*x_3 + 3*x_0*x_4 + 2*x_1*x_1 + 2*x_1*x_2 + 2*x_1*x_3 + 3*x_1*x_4 + 2*x_2*x_2 + 1*x_2*x_3 + 1*x_2*x_4 + 3*x_3*x_3 + 3*x_3*x_4 + 2*x_4*x_4 <= 12,quadratic,5,complete,nisq,gadget,feasibility,1.0,0.17966193781377512,5,0,5,"{'Hadamard': 5, 'CNOT': 34, 'RZ': 15, 'RX': 5}",59,5,0,0,5,25,34,0
a_5_quadratic_01,1*x_0*x_0 + 3*x_0*x_1 + 1*x_0*x_2 + 3*x_0*x_3 + 3*x_0*x_4 + 2*x_1*x_1 + 2*x_1*x_2 + 2*x_1*x_3 + 3*x_1*x_4 + 2*x_2*x_2 + 1*x_2*x_3 + 1*x_2*x_4 + 3*x_3*x_3 + 3*x_3*x_4 + 2*x_4*x_4 <= 12,quadratic,5,complete,ftqc,gadget,feasibility,1.0,0.17966193781377512,5,0,5,"{'Hadamard': 5, 'CNOT': 34, 'T': 880}",919,5,0,0,5,885,34,880
a_5_quadratic_01,1*x_0*x_0 + 3*x_0*x_1 + 1*x_0*x_2 + 3*x_0*x_3 + 3*x_0*x_4 + 2*x_1*x_1 + 2*x_1*x_2 + 2*x_1*x_3 + 3*x_1*x_4 + 2*x_2*x_2 + 1*x_2*x_3 + 1*x_2*x_4 + 3*x_3*x_3 + 3*x_3*x_4 + 2*x_4*x_4 <= 12,quadratic,5,complete,nisq,gadget,fidelity,2.0,0.9999613749660504,5,0,5,"{'Hadamard': 5, 'CNOT': 68, 'RZ': 30, 'RX': 10}",113,5,0,0,5,45,68,0
a_5_quadratic_01,1*x_0*x_0 + 3*x_0*x_1 + 1*x_0*x_2 + 3*x_0*x_3 + 3*x_0*x_4 + 2*x_1*x_1 + 2*x_1*x_2 + 2*x_1*x_3 + 3*x_1*x_4 + 2*x_2*x_2 + 1*x_2*x_3 + 1*x_2*x_4 + 3*x_3*x_3 + 3*x_3*x_4 + 2*x_4*x_4 <= 12,quadratic,5,complete,ftqc,gadget,fidelity,2.0,0.9999613749660504,5,0,5,"{'Hadamard': 5, 'CNOT': 68, 'T': 1760}",1833,5,0,0,5,1765,68,1760
a_5_quadratic_01,1*x_0*x_0 + 3*x_0*x_1 + 1*x_0*x_2 + 3*x_0*x_3 + 3*x_0*x_4 + 2*x_1*x_1 + 2*x_1*x_2 + 2*x_1*x_3 + 3*x_1*x_4 + 2*x_2*x_2 + 1*x_2*x_3 + 1*x_2*x_4 + 3*x_3*x_3 + 3*x_3*x_4 + 2*x_4*x_4 <= 12,quadratic,5,complete,nisq,gadget,lambda_0.5,2.0,0.9999357219839897,5,0,5,"{'Hadamard': 5, 'CNOT': 68, 'RZ': 30, 'RX': 10}",113,5,0,0,5,45,68,0
a_5_quadratic_01,1*x_0*x_0 + 3*x_0*x_1 + 1*x_0*x_2 + 3*x_0*x_3 + 3*x_0*x_4 + 2*x_1*x_1 + 2*x_1*x_2 + 2*x_1*x_3 + 3*x_1*x_4 + 2*x_2*x_2 + 1*x_2*x_3 + 1*x_2*x_4 + 3*x_3*x_3 + 3*x_3*x_4 + 2*x_4*x_4 <= 12,quadratic,5,complete,ftqc,gadget,lambda_0.5,2.0,0.9999357219839897,5,0,5,"{'Hadamard': 5, 'CNOT': 68, 'T': 1760}",1833,5,0,0,5,1765,68,1760
a_5_quadratic_01,1*x_0*x_0 + 3*x_0*x_1 + 1*x_0*x_2 + 3*x_0*x_3 + 3*x_0*x_4 + 2*x_1*x_1 + 2*x_1*x_2 + 2*x_1*x_3 + 3*x_1*x_4 + 2*x_2*x_2 + 1*x_2*x_3 + 1*x_2*x_4 + 3*x_3*x_3 + 3*x_3*x_4 + 2*x_4*x_4 <= 12,quadratic,5,complete,nisq,gadget,lambda_1,2.0,0.999933459268038,5,0,5,"{'Hadamard': 5, 'CNOT': 68, 'RZ': 30, 'RX': 10}",113,5,0,0,5,45,68,0
a_5_quadratic_01,1*x_0*x_0 + 3*x_0*x_1 + 1*x_0*x_2 + 3*x_0*x_3 + 3*x_0*x_4 + 2*x_1*x_1 + 2*x_1*x_2 + 2*x_1*x_3 + 3*x_1*x_4 + 2*x_2*x_2 + 1*x_2*x_3 + 1*x_2*x_4 + 3*x_3*x_3 + 3*x_3*x_4 + 2*x_4*x_4 <= 12,quadratic,5,complete,ftqc,gadget,lambda_1,2.0,0.999933459268038,5,0,5,"{'Hadamard': 5, 'CNOT': 68, 'T': 1760}",1833,5,0,0,5,1765,68,1760
a_5_quadratic_01,1*x_0*x_0 + 3*x_0*x_1 + 1*x_0*x_2 + 3*x_0*x_3 + 3*x_0*x_4 + 2*x_1*x_1 + 2*x_1*x_2 + 2*x_1*x_3 + 3*x_1*x_4 + 2*x_2*x_2 + 1*x_2*x_3 + 1*x_2*x_4 + 3*x_3*x_3 + 3*x_3*x_4 + 2*x_4*x_4 <= 12,quadratic,5,complete,nisq,gadget,lambda_2,2.0,0.9996183181213909,5,0,5,"{'Hadamard': 5, 'CNOT': 68, 'RZ': 30, 'RX': 10}",113,5,0,0,5,45,68,0
a_5_quadratic_01,1*x_0*x_0 + 3*x_0*x_1 + 1*x_0*x_2 + 3*x_0*x_3 + 3*x_0*x_4 + 2*x_1*x_1 + 2*x_1*x_2 + 2*x_1*x_3 + 3*x_1*x_4 + 2*x_2*x_2 + 1*x_2*x_3 + 1*x_2*x_4 + 3*x_3*x_3 + 3*x_3*x_4 + 2*x_4*x_4 <= 12,quadratic,5,complete,ftqc,gadget,lambda_2,2.0,0.9996183181213909,5,0,5,"{'Hadamard': 5, 'CNOT': 68, 'T': 1760}",1833,5,0,0,5,1765,68,1760
a_5_quadratic_01,1*x_0*x_0 + 3*x_0*x_1 + 1*x_0*x_2 + 3*x_0*x_3 + 3*x_0*x_4 + 2*x_1*x_1 + 2*x_1*x_2 + 2*x_1*x_3 + 3*x_1*x_4 + 2*x_2*x_2 + 1*x_2*x_3 + 1*x_2*x_4 + 3*x_3*x_3 + 3*x_3*x_4 + 2*x_4*x_4 <= 12,quadratic,5,complete,nisq,penalty_cost_layer,unit_penalty,,,5,4,9,"{'CNOT': 302, 'RZ': 100}",402,9,0,0,9,100,302,0
a_5_quadratic_01,1*x_0*x_0 + 3*x_0*x_1 + 1*x_0*x_2 + 3*x_0*x_3 + 3*x_0*x_4 + 2*x_1*x_1 + 2*x_1*x_2 + 2*x_1*x_3 + 3*x_1*x_4 + 2*x_2*x_2 + 1*x_2*x_3 + 1*x_2*x_4 + 3*x_3*x_3 + 3*x_3*x_4 + 2*x_4*x_4 <= 12,quadratic,5,complete,ftqc,penalty_cost_layer,unit_penalty,,,5,4,9,"{'CNOT': 302, 'T': 4400}",4702,9,0,0,9,4400,302,4400
a_5_quadratic_02,3*x_0*x_0 + 1*x_0*x_1 + 1*x_0*x_2 + 2*x_0*x_3 + 3*x_0*x_4 + 3*x_1*x_1 + 1*x_1*x_2 + 3*x_1*x_3 + 1*x_1*x_4 + 2*x_2*x_2 + 1*x_2*x_3 + 3*x_2*x_4 + 2*x_3*x_3 + 1*x_3*x_4 + 1*x_4*x_4 <= 12,quadratic,5,complete,nisq,gadget,feasibility,5.0,0.15609635586322781,5,0,5,"{'Hadamard': 5, 'CNOT': 340, 'RZ': 110, 'RX': 25}",480,5,0,0,5,140,340,0
a_5_quadratic_02,3*x_0*x_0 + 1*x_0*x_1 + 1*x_0*x_2 + 2*x_0*x_3 + 3*x_0*x_4 + 3*x_1*x_1 + 1*x_1*x_2 + 3*x_1*x_3 + 1*x_1*x_4 + 2*x_2*x_2 + 1*x_2*x_3 + 3*x_2*x_4 + 2*x_3*x_3 + 1*x_3*x_4 + 1*x_4*x_4 <= 12,quadratic,5,complete,ftqc,gadget,feasibility,5.0,0.15609635586322781,5,0,5,"{'Hadamard': 5, 'CNOT': 340, 'T': 5940}",6285,5,0,0,5,5945,340,5940
a_5_quadratic_02,3*x_0*x_0 + 1*x_0*x_1 + 1*x_0*x_2 + 2*x_0*x_3 + 3*x_0*x_4 + 3*x_1*x_1 + 1*x_1*x_2 + 3*x_1*x_3 + 1*x_1*x_4 + 2*x_2*x_2 + 1*x_2*x_3 + 3*x_2*x_4 + 2*x_3*x_3 + 1*x_3*x_4 + 1*x_4*x_4 <= 12,quadratic,5,complete,nisq,gadget,fidelity,3.0,0.9999534344146941,5,0,5,"{'Hadamard': 5, 'CNOT': 204, 'RZ': 66, 'RX': 15}",290,5,0,0,5,86,204,0
a_5_quadratic_02,3*x_0*x_0 + 1*x_0*x_1 + 1*x_0*x_2 + 2*x_0*x_3 + 3*x_0*x_4 + 3*x_1*x_1 + 1*x_1*x_2 + 3*x_1*x_3 + 1*x_1*x_4 + 2*x_2*x_2 + 1*x_2*x_3 + 3*x_2*x_4 + 2*x_3*x_3 + 1*x_3*x_4 + 1*x_4*x_4 <= 12,quadratic,5,complete,ftqc,gadget,fidelity,3.0,0.9999534344146941,5,0,5,"{'Hadamard': 5, 'CNOT': 204, 'T': 3564}",3773,5,0,0,5,3569,204,3564
a_5_quadratic_02,3*x_0*x_0 + 1*x_0*x_1 + 1*x_0*x_2 + 2*x_0*x_3 + 3*x_0*x_4 + 3*x_1*x_1 + 1*x_1*x_2 + 3*x_1*x_3 + 1*x_1*x_4 + 2*x_2*x_2 + 1*x_2*x_3 + 3*x_2*x_4 + 2*x_3*x_3 + 1*x_3*x_4 + 1*x_4*x_4 <= 12,quadratic,5,complete,nisq,gadget,lambda_0.5,3.0,0.9996080556284603,5,0,5,"{'Hadamard': 5, 'CNOT': 204, 'RZ': 66, 'RX': 15}",290,5,0,0,5,86,204,0
a_5_quadratic_02,3*x_0*x_0 + 1*x_0*x_1 + 1*x_0*x_2 + 2*x_0*x_3 + 3*x_0*x_4 + 3*x_1*x_1 + 1*x_1*x_2 + 3*x_1*x_3 + 1*x_1*x_4 + 2*x_2*x_2 + 1*x_2*x_3 + 3*x_2*x_4 + 2*x_3*x_3 + 1*x_3*x_4 + 1*x_4*x_4 <= 12,quadratic,5,complete,ftqc,gadget,lambda_0.5,3.0,0.9996080556284603,5,0,5,"{'Hadamard': 5, 'CNOT': 204, 'T': 3564}",3773,5,0,0,5,3569,204,3564
a_5_quadratic_02,3*x_0*x_0 + 1*x_0*x_1 + 1*x_0*x_2 + 2*x_0*x_3 + 3*x_0*x_4 + 3*x_1*x_1 + 1*x_1*x_2 + 3*x_1*x_3 + 1*x_1*x_4 + 2*x_2*x_2 + 1*x_2*x_3 + 3*x_2*x_4 + 2*x_3*x_3 + 1*x_3*x_4 + 1*x_4*x_4 <= 12,quadratic,5,complete,nisq,gadget,lambda_1,3.0,0.999531499619946,5,0,5,"{'Hadamard': 5, 'CNOT': 204, 'RZ': 66, 'RX': 15}",290,5,0,0,5,86,204,0
a_5_quadratic_02,3*x_0*x_0 + 1*x_0*x_1 + 1*x_0*x_2 + 2*x_0*x_3 + 3*x_0*x_4 + 3*x_1*x_1 + 1*x_1*x_2 + 3*x_1*x_3 + 1*x_1*x_4 + 2*x_2*x_2 + 1*x_2*x_3 + 3*x_2*x_4 + 2*x_3*x_3 + 1*x_3*x_4 + 1*x_4*x_4 <= 12,quadratic,5,complete,ftqc,gadget,lambda_1,3.0,0.999531499619946,5,0,5,"{'Hadamard': 5, 'CNOT': 204, 'T': 3564}",3773,5,0,0,5,3569,204,3564
a_5_quadratic_02,3*x_0*x_0 + 1*x_0*x_1 + 1*x_0*x_2 + 2*x_0*x_3 + 3*x_0*x_4 + 3*x_1*x_1 + 1*x_1*x_2 + 3*x_1*x_3 + 1*x_1*x_4 + 2*x_2*x_2 + 1*x_2*x_3 + 3*x_2*x_4 + 2*x_3*x_3 + 1*x_3*x_4 + 1*x_4*x_4 <= 12,quadratic,5,complete,nisq,gadget,lambda_2,3.0,0.9997320898926546,5,0,5,"{'Hadamard': 5, 'CNOT': 204, 'RZ': 66, 'RX': 15}",290,5,0,0,5,86,204,0
a_5_quadratic_02,3*x_0*x_0 + 1*x_0*x_1 + 1*x_0*x_2 + 2*x_0*x_3 + 3*x_0*x_4 + 3*x_1*x_1 + 1*x_1*x_2 + 3*x_1*x_3 + 1*x_1*x_4 + 2*x_2*x_2 + 1*x_2*x_3 + 3*x_2*x_4 + 2*x_3*x_3 + 1*x_3*x_4 + 1*x_4*x_4 <= 12,quadratic,5,complete,ftqc,gadget,lambda_2,3.0,0.9997320898926546,5,0,5,"{'Hadamard': 5, 'CNOT': 204, 'T': 3564}",3773,5,0,0,5,3569,204,3564
a_5_quadratic_02,3*x_0*x_0 + 1*x_0*x_1 + 1*x_0*x_2 + 2*x_0*x_3 + 3*x_0*x_4 + 3*x_1*x_1 + 1*x_1*x_2 + 3*x_1*x_3 + 1*x_1*x_4 + 2*x_2*x_2 + 1*x_2*x_3 + 3*x_2*x_4 + 2*x_3*x_3 + 1*x_3*x_4 + 1*x_4*x_4 <= 12,quadratic,5,complete,nisq,penalty_cost_layer,unit_penalty,,,5,4,9,"{'CNOT': 302, 'RZ': 100}",402,9,0,0,9,100,302,0
a_5_quadratic_02,3*x_0*x_0 + 1*x_0*x_1 + 1*x_0*x_2 + 2*x_0*x_3 + 3*x_0*x_4 + 3*x_1*x_1 + 1*x_1*x_2 + 3*x_1*x_3 + 1*x_1*x_4 + 2*x_2*x_2 + 1*x_2*x_3 + 3*x_2*x_4 + 2*x_3*x_3 + 1*x_3*x_4 + 1*x_4*x_4 <= 12,quadratic,5,complete,ftqc,penalty_cost_layer,unit_penalty,,,5,4,9,"{'CNOT': 302, 'T': 4400}",4702,9,0,0,9,4400,302,4400
a_5_quadratic_03,2*x_0*x_0 + 2*x_0*x_1 + 1*x_0*x_2 + 3*x_0*x_3 + 1*x_0*x_4 + 2*x_1*x_1 + 1*x_1*x_2 + 2*x_1*x_3 + 2*x_1*x_4 + 3*x_2*x_2 + 2*x_2*x_3 + 2*x_2*x_4 + 3*x_3*x_3 + 2*x_3*x_4 + 3*x_4*x_4 <= 12,quadratic,5,complete,nisq,gadget,feasibility,1.0,0.5656859193327202,5,0,5,"{'Hadamard': 5, 'CNOT': 98, 'RZ': 31, 'RX': 5}",139,5,0,0,5,41,98,0
a_5_quadratic_03,2*x_0*x_0 + 2*x_0*x_1 + 1*x_0*x_2 + 3*x_0*x_3 + 1*x_0*x_4 + 2*x_1*x_1 + 1*x_1*x_2 + 2*x_1*x_3 + 2*x_1*x_4 + 3*x_2*x_2 + 2*x_2*x_3 + 2*x_2*x_4 + 3*x_3*x_3 + 2*x_3*x_4 + 3*x_4*x_4 <= 12,quadratic,5,complete,ftqc,gadget,feasibility,1.0,0.5656859193327202,5,0,5,"{'Hadamard': 5, 'CNOT': 98, 'T': 1584}",1687,5,0,0,5,1589,98,1584
a_5_quadratic_03,2*x_0*x_0 + 2*x_0*x_1 + 1*x_0*x_2 + 3*x_0*x_3 + 1*x_0*x_4 + 2*x_1*x_1 + 1*x_1*x_2 + 2*x_1*x_3 + 2*x_1*x_4 + 3*x_2*x_2 + 2*x_2*x_3 + 2*x_2*x_4 + 3*x_3*x_3 + 2*x_3*x_4 + 3*x_4*x_4 <= 12,quadratic,5,complete,nisq,gadget,fidelity,2.0,0.999471745316588,5,0,5,"{'Hadamard': 5, 'CNOT': 196, 'RZ': 62, 'RX': 10}",273,5,0,0,5,77,196,0
a_5_quadratic_03,2*x_0*x_0 + 2*x_0*x_1 + 1*x_0*x_2 + 3*x_0*x_3 + 1*x_0*x_4 + 2*x_1*x_1 + 1*x_1*x_2 + 2*x_1*x_3 + 2*x_1*x_4 + 3*x_2*x_2 + 2*x_2*x_3 + 2*x_2*x_4 + 3*x_3*x_3 + 2*x_3*x_4 + 3*x_4*x_4 <= 12,quadratic,5,complete,ftqc,gadget,fidelity,2.0,0.999471745316588,5,0,5,"{'Hadamard': 5, 'CNOT': 196, 'T': 3168}",3369,5,0,0,5,3173,196,3168
a_5_quadratic_03,2*x_0*x_0 + 2*x_0*x_1 + 1*x_0*x_2 + 3*x_0*x_3 + 1*x_0*x_4 + 2*x_1*x_1 + 1*x_1*x_2 + 2*x_1*x_3 + 2*x_1*x_4 + 3*x_2*x_2 + 2*x_2*x_3 + 2*x_2*x_4 + 3*x_3*x_3 + 2*x_3*x_4 + 3*x_4*x_4 <= 12,quadratic,5,complete,nisq,gadget,lambda_0.5,3.0,0.9999945224883081,5,0,5,"{'Hadamard': 5, 'CNOT': 294, 'RZ': 93, 'RX': 15}",407,5,0,0,5,113,294,0
a_5_quadratic_03,2*x_0*x_0 + 2*x_0*x_1 + 1*x_0*x_2 + 3*x_0*x_3 + 1*x_0*x_4 + 2*x_1*x_1 + 1*x_1*x_2 + 2*x_1*x_3 + 2*x_1*x_4 + 3*x_2*x_2 + 2*x_2*x_3 + 2*x_2*x_4 + 3*x_3*x_3 + 2*x_3*x_4 + 3*x_4*x_4 <= 12,quadratic,5,complete,ftqc,gadget,lambda_0.5,3.0,0.9999945224883081,5,0,5,"{'Hadamard': 5, 'CNOT': 294, 'T': 4752}",5051,5,0,0,5,4757,294,4752
a_5_quadratic_03,2*x_0*x_0 + 2*x_0*x_1 + 1*x_0*x_2 + 3*x_0*x_3 + 1*x_0*x_4 + 2*x_1*x_1 + 1*x_1*x_2 + 2*x_1*x_3 + 2*x_1*x_4 + 3*x_2*x_2 + 2*x_2*x_3 + 2*x_2*x_4 + 3*x_3*x_3 + 2*x_3*x_4 + 3*x_4*x_4 <= 12,quadratic,5,complete,nisq,gadget,lambda_1,3.0,0.9999919154355695,5,0,5,"{'Hadamard': 5, 'CNOT': 294, 'RZ': 93, 'RX': 15}",407,5,0,0,5,113,294,0
a_5_quadratic_03,2*x_0*x_0 + 2*x_0*x_1 + 1*x_0*x_2 + 3*x_0*x_3 + 1*x_0*x_4 + 2*x_1*x_1 + 1*x_1*x_2 + 2*x_1*x_3 + 2*x_1*x_4 + 3*x_2*x_2 + 2*x_2*x_3 + 2*x_2*x_4 + 3*x_3*x_3 + 2*x_3*x_4 + 3*x_4*x_4 <= 12,quadratic,5,complete,ftqc,gadget,lambda_1,3.0,0.9999919154355695,5,0,5,"{'Hadamard': 5, 'CNOT': 294, 'T': 4752}",5051,5,0,0,5,4757,294,4752
a_5_quadratic_03,2*x_0*x_0 + 2*x_0*x_1 + 1*x_0*x_2 + 3*x_0*x_3 + 1*x_0*x_4 + 2*x_1*x_1 + 1*x_1*x_2 + 2*x_1*x_3 + 2*x_1*x_4 + 3*x_2*x_2 + 2*x_2*x_3 + 2*x_2*x_4 + 3*x_3*x_3 + 2*x_3*x_4 + 3*x_4*x_4 <= 12,quadratic,5,complete,nisq,gadget,lambda_2,3.0,0.9999825912439296,5,0,5,"{'Hadamard': 5, 'CNOT': 294, 'RZ': 93, 'RX': 15}",407,5,0,0,5,113,294,0
a_5_quadratic_03,2*x_0*x_0 + 2*x_0*x_1 + 1*x_0*x_2 + 3*x_0*x_3 + 1*x_0*x_4 + 2*x_1*x_1 + 1*x_1*x_2 + 2*x_1*x_3 + 2*x_1*x_4 + 3*x_2*x_2 + 2*x_2*x_3 + 2*x_2*x_4 + 3*x_3*x_3 + 2*x_3*x_4 + 3*x_4*x_4 <= 12,quadratic,5,complete,ftqc,gadget,lambda_2,3.0,0.9999825912439296,5,0,5,"{'Hadamard': 5, 'CNOT': 294, 'T': 4752}",5051,5,0,0,5,4757,294,4752
a_5_quadratic_03,2*x_0*x_0 + 2*x_0*x_1 + 1*x_0*x_2 + 3*x_0*x_3 + 1*x_0*x_4 + 2*x_1*x_1 + 1*x_1*x_2 + 2*x_1*x_3 + 2*x_1*x_4 + 3*x_2*x_2 + 2*x_2*x_3 + 2*x_2*x_4 + 3*x_3*x_3 + 2*x_3*x_4 + 3*x_4*x_4 <= 12,quadratic,5,complete,nisq,penalty_cost_layer,unit_penalty,,,5,4,9,"{'CNOT': 302, 'RZ': 100}",402,9,0,0,9,100,302,0
a_5_quadratic_03,2*x_0*x_0 + 2*x_0*x_1 + 1*x_0*x_2 + 3*x_0*x_3 + 1*x_0*x_4 + 2*x_1*x_1 + 1*x_1*x_2 + 2*x_1*x_3 + 2*x_1*x_4 + 3*x_2*x_2 + 2*x_2*x_3 + 2*x_2*x_4 + 3*x_3*x_3 + 2*x_3*x_4 + 3*x_4*x_4 <= 12,quadratic,5,complete,ftqc,penalty_cost_layer,unit_penalty,,,5,4,9,"{'CNOT': 302, 'T': 4400}",4702,9,0,0,9,4400,302,4400
a_6_equality_01,4*x_0 + 3*x_1 + 3*x_2 + 1*x_3 + 3*x_4 + 4*x_5 == 8,equality,6,complete,nisq,gadget,feasibility,3.0,0.46667585482748103,6,0,6,"{'Hadamard': 6, 'CNOT': 774, 'RZ': 189, 'RX': 18}",987,6,0,0,6,213,774,0
a_6_equality_01,4*x_0 + 3*x_1 + 3*x_2 + 1*x_3 + 3*x_4 + 4*x_5 == 8,equality,6,complete,ftqc,gadget,feasibility,3.0,0.46667585482748103,6,0,6,"{'Hadamard': 6, 'CNOT': 774, 'T': 9108}",9888,6,0,0,6,9114,774,9108
a_6_equality_01,4*x_0 + 3*x_1 + 3*x_2 + 1*x_3 + 3*x_4 + 4*x_5 == 8,equality,6,complete,nisq,gadget,fidelity,3.0,0.9993321419011288,6,0,6,"{'Hadamard': 6, 'CNOT': 774, 'RZ': 189, 'RX': 18}",987,6,0,0,6,213,774,0
a_6_equality_01,4*x_0 + 3*x_1 + 3*x_2 + 1*x_3 + 3*x_4 + 4*x_5 == 8,equality,6,complete,ftqc,gadget,fidelity,3.0,0.9993321419011288,6,0,6,"{'Hadamard': 6, 'CNOT': 774, 'T': 9108}",9888,6,0,0,6,9114,774,9108
a_6_equality_01,4*x_0 + 3*x_1 + 3*x_2 + 1*x_3 + 3*x_4 + 4*x_5 == 8,equality,6,complete,nisq,gadget,lambda_0.5,4.0,0.9999634413252131,6,0,6,"{'Hadamard': 6, 'CNOT': 1032, 'RZ': 252, 'RX': 24}",1314,6,0,0,6,282,1032,0
a_6_equality_01,4*x_0 + 3*x_1 + 3*x_2 + 1*x_3 + 3*x_4 + 4*x_5 == 8,equality,6,complete,ftqc,gadget,lambda_0.5,4.0,0.9999634413252131,6,0,6,"{'Hadamard': 6, 'CNOT': 1032, 'T': 12144}",13182,6,0,0,6,12150,1032,12144
a_6_equality_01,4*x_0 + 3*x_1 + 3*x_2 + 1*x_3 + 3*x_4 + 4*x_5 == 8,equality,6,complete,nisq,gadget,lambda_1,4.0,0.9998394571868678,6,0,6,"{'Hadamard': 6, 'CNOT': 1032, 'RZ': 252, 'RX': 24}",1314,6,0,0,6,282,1032,0
a_6_equality_01,4*x_0 + 3*x_1 + 3*x_2 + 1*x_3 + 3*x_4 + 4*x_5 == 8,equality,6,complete,ftqc,gadget,lambda_1,4.0,0.9998394571868678,6,0,6,"{'Hadamard': 6, 'CNOT': 1032, 'T': 12144}",13182,6,0,0,6,12150,1032,12144
a_6_equality_01,4*x_0 + 3*x_1 + 3*x_2 + 1*x_3 + 3*x_4 + 4*x_5 == 8,equality,6,complete,nisq,gadget,lambda_2,5.0,0.9999058828818909,6,0,6,"{'Hadamard': 6, 'CNOT': 1290, 'RZ': 315, 'RX': 30}",1641,6,0,0,6,351,1290,0
a_6_equality_01,4*x_0 + 3*x_1 + 3*x_2 + 1*x_3 + 3*x_4 + 4*x_5 == 8,equality,6,complete,ftqc,gadget,lambda_2,5.0,0.9999058828818909,6,0,6,"{'Hadamard': 6, 'CNOT': 1290, 'T': 15180}",16476,6,0,0,6,15186,1290,15180
a_6_equality_01,4*x_0 + 3*x_1 + 3*x_2 + 1*x_3 + 3*x_4 + 4*x_5 == 8,equality,6,complete,nisq,penalty_cost_layer,unit_penalty,,,6,0,6,"{'CNOT': 30, 'RZ': 21}",51,6,0,0,6,21,30,0
a_6_equality_01,4*x_0 + 3*x_1 + 3*x_2 + 1*x_3 + 3*x_4 + 4*x_5 == 8,equality,6,complete,ftqc,penalty_cost_layer,unit_penalty,,,6,0,6,"{'CNOT': 30, 'T': 924}",954,6,0,0,6,924,30,924
a_6_equality_02,4*x_0 + 1*x_1 + 2*x_2 + 3*x_3 + 5*x_4 + 2*x_5 == 6,equality,6,complete,nisq,gadget,feasibility,1.0,0.8718967688173123,6,0,6,"{'Hadamard': 6, 'CNOT': 258, 'RZ': 63, 'RX': 6}",333,6,0,0,6,75,258,0
a_6_equality_02,4*x_0 + 1*x_1 + 2*x_2 + 3*x_3 + 5*x_4 + 2*x_5 == 6,equality,6,complete,ftqc,gadget,feasibility,1.0,0.8718967688173123,6,0,6,"{'Hadamard': 6, 'CNOT': 258, 'T': 3036}",3300,6,0,0,6,3042,258,3036
a_6_equality_02,4*x_0 + 1*x_1 + 2*x_2 + 3*x_3 + 5*x_4 + 2*x_5 == 6,equality,6,complete,nisq,gadget,fidelity,3.0,0.9991290155611668,6,0,6,"{'Hadamard': 6, 'CNOT': 774, 'RZ': 189, 'RX': 18}",987,6,0,0,6,213,774,0
a_6_equality_02,4*x_0 + 1*x_1 + 2*x_2 + 3*x_3 + 5*x_4 + 2*x_5 == 6,equality,6,complete,ftqc,gadget,fidelity,3.0,0.9991290155611668,6,0,6,"{'Hadamard': 6, 'CNOT': 774, 'T': 9108}",9888,6,0,0,6,9114,774,9108
a_6_equality_02,4*x_0 + 1*x_1 + 2*x_2 + 3*x_3 + 5*x_4 + 2*x_5 == 6,equality,6,complete,nisq,gadget,lambda_0.5,4.0,0.9996129094972954,6,0,6,"{'Hadamard': 6, 'CNOT': 1032, 'RZ': 252, 'RX': 24}",1314,6,0,0,6,282,1032,0
a_6_equality_02,4*x_0 + 1*x_1 + 2*x_2 + 3*x_3 + 5*x_4 + 2*x_5 == 6,equality,6,complete,ftqc,gadget,lambda_0.5,4.0,0.9996129094972954,6,0,6,"{'Hadamard': 6, 'CNOT': 1032, 'T': 12144}",13182,6,0,0,6,12150,1032,12144
a_6_equality_02,4*x_0 + 1*x_1 + 2*x_2 + 3*x_3 + 5*x_4 + 2*x_5 == 6,equality,6,complete,nisq,gadget,lambda_1,4.0,0.9998900338969696,6,0,6,"{'Hadamard': 6, 'CNOT': 1032, 'RZ': 252, 'RX': 24}",1314,6,0,0,6,282,1032,0
a_6_equality_02,4*x_0 + 1*x_1 + 2*x_2 + 3*x_3 + 5*x_4 + 2*x_5 == 6,equality,6,complete,ftqc,gadget,lambda_1,4.0,0.9998900338969696,6,0,6,"{'Hadamard': 6, 'CNOT': 1032, 'T': 12144}",13182,6,0,0,6,12150,1032,12144
a_6_equality_02,4*x_0 + 1*x_1 + 2*x_2 + 3*x_3 + 5*x_4 + 2*x_5 == 6,equality,6,complete,nisq,gadget,lambda_2,4.0,0.9993594110175399,6,0,6,"{'Hadamard': 6, 'CNOT': 1032, 'RZ': 252, 'RX': 24}",1314,6,0,0,6,282,1032,0
a_6_equality_02,4*x_0 + 1*x_1 + 2*x_2 + 3*x_3 + 5*x_4 + 2*x_5 == 6,equality,6,complete,ftqc,gadget,lambda_2,4.0,0.9993594110175399,6,0,6,"{'Hadamard': 6, 'CNOT': 1032, 'T': 12144}",13182,6,0,0,6,12150,1032,12144
a_6_equality_02,4*x_0 + 1*x_1 + 2*x_2 + 3*x_3 + 5*x_4 + 2*x_5 == 6,equality,6,complete,nisq,penalty_cost_layer,unit_penalty,,,6,0,6,"{'CNOT': 30, 'RZ': 21}",51,6,0,0,6,21,30,0
a_6_equality_02,4*x_0 + 1*x_1 + 2*x_2 + 3*x_3 + 5*x_4 + 2*x_5 == 6,equality,6,complete,ftqc,penalty_cost_layer,unit_penalty,,,6,0,6,"{'CNOT': 30, 'T': 924}",954,6,0,0,6,924,30,924
a_6_mixed_01,-3*x_0 + 5*x_1 + 5*x_2 - 2*x_3 + 5*x_4 - 2*x_5 <= 6,mixed,6,complete,nisq,gadget,feasibility,7.0,0.06428077259848161,6,0,6,"{'Hadamard': 6, 'CNOT': 966, 'RZ': 273, 'RX': 42}",1287,6,0,0,6,321,966,0
a_6_mixed_01,-3*x_0 + 5*x_1 + 5*x_2 - 2*x_3 + 5*x_4 - 2*x_5 <= 6,mixed,6,complete,ftqc,gadget,feasibility,7.0,0.06428077259848161,6,0,6,"{'Hadamard': 6, 'CNOT': 966, 'T': 13860}",14832,6,0,0,6,13866,966,13860
a_6_mixed_01,-3*x_0 + 5*x_1 + 5*x_2 - 2*x_3 + 5*x_4 - 2*x_5 <= 6,mixed,6,complete,nisq,gadget,fidelity,4.0,0.9995323856508698,6,0,6,"{'Hadamard': 6, 'CNOT': 552, 'RZ': 156, 'RX': 24}",738,6,0,0,6,186,552,0
a_6_mixed_01,-3*x_0 + 5*x_1 + 5*x_2 - 2*x_3 + 5*x_4 - 2*x_5 <= 6,mixed,6,complete,ftqc,gadget,fidelity,4.0,0.9995323856508698,6,0,6,"{'Hadamard': 6, 'CNOT': 552, 'T': 7920}",8478,6,0,0,6,7926,552,7920
a_6_mixed_01,-3*x_0 + 5*x_1 + 5*x_2 - 2*x_3 + 5*x_4 - 2*x_5 <= 6,mixed,6,complete,nisq,gadget,lambda_0.5,4.0,0.9990943860036406,6,0,6,"{'Hadamard': 6, 'CNOT': 552, 'RZ': 156, 'RX': 24}",738,6,0,0,6,186,552,0
a_6_mixed_01,-3*x_0 + 5*x_1 + 5*x_2 - 2*x_3 + 5*x_4 - 2*x_5 <= 6,mixed,6,complete,ftqc,gadget,lambda_0.5,4.0,0.9990943860036406,6,0,6,"{'Hadamard': 6, 'CNOT': 552, 'T': 7920}",8478,6,0,0,6,7926,552,7920
a_6_mixed_01,-3*x_0 + 5*x_1 + 5*x_2 - 2*x_3 + 5*x_4 - 2*x_5 <= 6,mixed,6,complete,nisq,gadget,lambda_1,4.0,0.9992831508080429,6,0,6,"{'Hadamard': 6, 'CNOT': 552, 'RZ': 156, 'RX': 24}",738,6,0,0,6,186,552,0
a_6_mixed_01,-3*x_0 + 5*x_1 + 5*x_2 - 2*x_3 + 5*x_4 - 2*x_5 <= 6,mixed,6,complete,ftqc,gadget,lambda_1,4.0,0.9992831508080429,6,0,6,"{'Hadamard': 6, 'CNOT': 552, 'T': 7920}",8478,6,0,0,6,7926,552,7920
a_6_mixed_01,-3*x_0 + 5*x_1 + 5*x_2 - 2*x_3 + 5*x_4 - 2*x_5 <= 6,mixed,6,complete,nisq,gadget,lambda_2,5.0,0.9998939196608,6,0,6,"{'Hadamard': 6, 'CNOT': 690, 'RZ': 195, 'RX': 30}",921,6,0,0,6,231,690,0
a_6_mixed_01,-3*x_0 + 5*x_1 + 5*x_2 - 2*x_3 + 5*x_4 - 2*x_5 <= 6,mixed,6,complete,ftqc,gadget,lambda_2,5.0,0.9998939196608,6,0,6,"{'Hadamard': 6, 'CNOT': 690, 'T': 9900}",10596,6,0,0,6,9906,690,9900
a_6_mixed_01,-3*x_0 + 5*x_1 + 5*x_2 - 2*x_3 + 5*x_4 - 2*x_5 <= 6,mixed,6,complete,nisq,penalty_cost_layer,unit_penalty,,,6,4,10,"{'CNOT': 90, 'RZ': 55}",145,10,0,0,10,55,90,0
a_6_mixed_01,-3*x_0 + 5*x_1 + 5*x_2 - 2*x_3 + 5*x_4 - 2*x_5 <= 6,mixed,6,complete,ftqc,penalty_cost_layer,unit_penalty,,,6,4,10,"{'CNOT': 90, 'T': 2420}",2510,10,0,0,10,2420,90,2420
a_6_mixed_02,1*x_0 - 4*x_1 + 4*x_2 + 4*x_3 - 4*x_4 + 3*x_5 <= 2,mixed,6,complete,nisq,gadget,feasibility,1.0,0.32893213704709195,6,0,6,"{'Hadamard': 6, 'CNOT': 48, 'RZ': 16, 'RX': 6}",76,6,0,0,6,28,48,0
a_6_mixed_02,1*x_0 - 4*x_1 + 4*x_2 + 4*x_3 - 4*x_4 + 3*x_5 <= 2,mixed,6,complete,ftqc,gadget,feasibility,1.0,0.32893213704709195,6,0,6,"{'Hadamard': 6, 'CNOT': 48, 'T': 968}",1022,6,0,0,6,974,48,968
a_6_mixed_02,1*x_0 - 4*x_1 + 4*x_2 + 4*x_3 - 4*x_4 + 3*x_5 <= 2,mixed,6,complete,nisq,gadget,fidelity,3.0,0.9996383921415073,6,0,6,"{'Hadamard': 6, 'CNOT': 144, 'RZ': 48, 'RX': 18}",216,6,0,0,6,72,144,0
a_6_mixed_02,1*x_0 - 4*x_1 + 4*x_2 + 4*x_3 - 4*x_4 + 3*x_5 <= 2,mixed,6,complete,ftqc,gadget,fidelity,3.0,0.9996383921415073,6,0,6,"{'Hadamard': 6, 'CNOT': 144, 'T': 2904}",3054,6,0,0,6,2910,144,2904
a_6_mixed_02,1*x_0 - 4*x_1 + 4*x_2 + 4*x_3 - 4*x_4 + 3*x_5 <= 2,mixed,6,complete,nisq,gadget,lambda_0.5,4.0,0.9996980272186335,6,0,6,"{'Hadamard': 6, 'CNOT': 192, 'RZ': 64, 'RX': 24}",286,6,0,0,6,94,192,0
a_6_mixed_02,1*x_0 - 4*x_1 + 4*x_2 + 4*x_3 - 4*x_4 + 3*x_5 <= 2,mixed,6,complete,ftqc,gadget,lambda_0.5,4.0,0.9996980272186335,6,0,6,"{'Hadamard': 6, 'CNOT': 192, 'T': 3872}",4070,6,0,0,6,3878,192,3872
a_6_mixed_02,1*x_0 - 4*x_1 + 4*x_2 + 4*x_3 - 4*x_4 + 3*x_5 <= 2,mixed,6,complete,nisq,gadget,lambda_1,4.0,0.9998626832557063,6,0,6,"{'Hadamard': 6, 'CNOT': 192, 'RZ': 64, 'RX': 24}",286,6,0,0,6,94,192,0
a_6_mixed_02,1*x_0 - 4*x_1 + 4*x_2 + 4*x_3 - 4*x_4 + 3*x_5 <= 2,mixed,6,complete,ftqc,gadget,lambda_1,4.0,0.9998626832557063,6,0,6,"{'Hadamard': 6, 'CNOT': 192, 'T': 3872}",4070,6,0,0,6,3878,192,3872
a_6_mixed_02,1*x_0 - 4*x_1 + 4*x_2 + 4*x_3 - 4*x_4 + 3*x_5 <= 2,mixed,6,complete,nisq,gadget,lambda_2,4.0,0.9996230916339276,6,0,6,"{'Hadamard': 6, 'CNOT': 192, 'RZ': 64, 'RX': 24}",286,6,0,0,6,94,192,0
a_6_mixed_02,1*x_0 - 4*x_1 + 4*x_2 + 4*x_3 - 4*x_4 + 3*x_5 <= 2,mixed,6,complete,ftqc,gadget,lambda_2,4.0,0.9996230916339276,6,0,6,"{'Hadamard': 6, 'CNOT': 192, 'T': 3872}",4070,6,0,0,6,3878,192,3872
a_6_mixed_02,1*x_0 - 4*x_1 + 4*x_2 + 4*x_3 - 4*x_4 + 3*x_5 <= 2,mixed,6,complete,nisq,penalty_cost_layer,unit_penalty,,,6,4,10,"{'CNOT': 90, 'RZ': 55}",145,10,0,0,10,55,90,0
a_6_mixed_02,1*x_0 - 4*x_1 + 4*x_2 + 4*x_3 - 4*x_4 + 3*x_5 <= 2,mixed,6,complete,ftqc,penalty_cost_layer,unit_penalty,,,6,4,10,"{'CNOT': 90, 'T': 2420}",2510,10,0,0,10,2420,90,2420
a_6_mixed_03,1*x_0 - 1*x_1 + 2*x_2 + 1*x_3 - 3*x_4 + 4*x_5 <= 2,mixed,6,complete,nisq,gadget,feasibility,2.0,0.0649300053106461,6,0,6,"{'Hadamard': 6, 'CNOT': 372, 'RZ': 86, 'RX': 12}",476,6,0,0,6,104,372,0
a_6_mixed_03,1*x_0 - 1*x_1 + 2*x_2 + 1*x_3 - 3*x_4 + 4*x_5 <= 2,mixed,6,complete,ftqc,gadget,feasibility,2.0,0.0649300053106461,6,0,6,"{'Hadamard': 6, 'CNOT': 372, 'T': 4312}",4690,6,0,0,6,4318,372,4312
a_6_mixed_03,1*x_0 - 1*x_1 + 2*x_2 + 1*x_3 - 3*x_4 + 4*x_5 <= 2,mixed,6,complete,nisq,gadget,fidelity,4.0,0.999949147629126,6,0,6,"{'Hadamard': 6, 'CNOT': 744, 'RZ': 172, 'RX': 24}",946,6,0,0,6,202,744,0
a_6_mixed_03,1*x_0 - 1*x_1 + 2*x_2 + 1*x_3 - 3*x_4 + 4*x_5 <= 2,mixed,6,complete,ftqc,gadget,fidelity,4.0,0.999949147629126,6,0,6,"{'Hadamard': 6, 'CNOT': 744, 'T': 8624}",9374,6,0,0,6,8630,744,8624
a_6_mixed_03,1*x_0 - 1*x_1 + 2*x_2 + 1*x_3 - 3*x_4 + 4*x_5 <= 2,mixed,6,complete,nisq,gadget,lambda_0.5,4.0,0.9998058424951837,6,0,6,"{'Hadamard': 6, 'CNOT': 744, 'RZ': 172, 'RX': 24}",946,6,0,0,6,202,744,0
a_6_mixed_03,1*x_0 - 1*x_1 + 2*x_2 + 1*x_3 - 3*x_4 + 4*x_5 <= 2,mixed,6,complete,ftqc,gadget,lambda_0.5,4.0,0.9998058424951837,6,0,6,"{'Hadamard': 6, 'CNOT': 744, 'T': 8624}",9374,6,0,0,6,8630,744,8624
a_6_mixed_03,1*x_0 - 1*x_1 + 2*x_2 + 1*x_3 - 3*x_4 + 4*x_5 <= 2,mixed,6,complete,nisq,gadget,lambda_1,4.0,0.9998896730829718,6,0,6,"{'Hadamard': 6, 'CNOT': 744, 'RZ': 172, 'RX': 24}",946,6,0,0,6,202,744,0
a_6_mixed_03,1*x_0 - 1*x_1 + 2*x_2 + 1*x_3 - 3*x_4 + 4*x_5 <= 2,mixed,6,complete,ftqc,gadget,lambda_1,4.0,0.9998896730829718,6,0,6,"{'Hadamard': 6, 'CNOT': 744, 'T': 8624}",9374,6,0,0,6,8630,744,8624
a_6_mixed_03,1*x_0 - 1*x_1 + 2*x_2 + 1*x_3 - 3*x_4 + 4*x_5 <= 2,mixed,6,complete,nisq,gadget,lambda_2,4.0,0.9995511705227358,6,0,6,"{'Hadamard': 6, 'CNOT': 744, 'RZ': 172, 'RX': 24}",946,6,0,0,6,202,744,0
a_6_mixed_03,1*x_0 - 1*x_1 + 2*x_2 + 1*x_3 - 3*x_4 + 4*x_5 <= 2,mixed,6,complete,ftqc,gadget,lambda_2,4.0,0.9995511705227358,6,0,6,"{'Hadamard': 6, 'CNOT': 744, 'T': 8624}",9374,6,0,0,6,8630,744,8624
a_6_mixed_03,1*x_0 - 1*x_1 + 2*x_2 + 1*x_3 - 3*x_4 + 4*x_5 <= 2,mixed,6,complete,nisq,penalty_cost_layer,unit_penalty,,,6,3,9,"{'CNOT': 72, 'RZ': 45}",117,9,0,0,9,45,72,0
a_6_mixed_03,1*x_0 - 1*x_1 + 2*x_2 + 1*x_3 - 3*x_4 + 4*x_5 <= 2,mixed,6,complete,ftqc,penalty_cost_layer,unit_penalty,,,6,3,9,"{'CNOT': 72, 'T': 1980}",2052,9,0,0,9,1980,72,1980
a_6_positive_01,3*x_0 + 4*x_1 + 1*x_2 + 4*x_3 + 3*x_4 + 5*x_5 <= 9,positive,6,complete,nisq,gadget,feasibility,8.0,0.06027899183364831,6,0,6,"{'Hadamard': 6, 'CNOT': 1232, 'RZ': 312, 'RX': 48}",1598,6,0,0,6,366,1232,0
a_6_positive_01,3*x_0 + 4*x_1 + 1*x_2 + 4*x_3 + 3*x_4 + 5*x_5 <= 9,positive,6,complete,ftqc,gadget,feasibility,8.0,0.06027899183364831,6,0,6,"{'Hadamard': 6, 'CNOT': 1232, 'T': 15840}",17078,6,0,0,6,15846,1232,15840
a_6_positive_01,3*x_0 + 4*x_1 + 1*x_2 + 4*x_3 + 3*x_4 + 5*x_5 <= 9,positive,6,complete,nisq,gadget,fidelity,4.0,0.999486037407427,6,0,6,"{'Hadamard': 6, 'CNOT': 616, 'RZ': 156, 'RX': 24}",802,6,0,0,6,186,616,0
a_6_positive_01,3*x_0 + 4*x_1 + 1*x_2 + 4*x_3 + 3*x_4 + 5*x_5 <= 9,positive,6,complete,ftqc,gadget,fidelity,4.0,0.999486037407427,6,0,6,"{'Hadamard': 6, 'CNOT': 616, 'T': 7920}",8542,6,0,0,6,7926,616,7920
a_6_positive_01,3*x_0 + 4*x_1 + 1*x_2 + 4*x_3 + 3*x_4 + 5*x_5 <= 9,positive,6,complete,nisq,gadget,lambda_0.5,4.0,0.9993704711831964,6,0,6,"{'Hadamard': 6, 'CNOT': 616, 'RZ': 156, 'RX': 24}",802,6,0,0,6,186,616,0
a_6_positive_01,3*x_0 + 4*x_1 + 1*x_2 + 4*x_3 + 3*x_4 + 5*x_5 <= 9,positive,6,complete,ftqc,gadget,lambda_0.5,4.0,0.9993704711831964,6,0,6,"{'Hadamard': 6, 'CNOT': 616, 'T': 7920}",8542,6,0,0,6,7926,616,7920
a_6_positive_01,3*x_0 + 4*x_1 + 1*x_2 + 4*x_3 + 3*x_4 + 5*x_5 <= 9,positive,6,complete,nisq,gadget,lambda_1,4.0,0.999474505819831,6,0,6,"{'Hadamard': 6, 'CNOT': 616, 'RZ': 156, 'RX': 24}",802,6,0,0,6,186,616,0
a_6_positive_01,3*x_0 + 4*x_1 + 1*x_2 + 4*x_3 + 3*x_4 + 5*x_5 <= 9,positive,6,complete,ftqc,gadget,lambda_1,4.0,0.999474505819831,6,0,6,"{'Hadamard': 6, 'CNOT': 616, 'T': 7920}",8542,6,0,0,6,7926,616,7920
a_6_positive_01,3*x_0 + 4*x_1 + 1*x_2 + 4*x_3 + 3*x_4 + 5*x_5 <= 9,positive,6,complete,nisq,gadget,lambda_2,5.0,0.9998993452690247,6,0,6,"{'Hadamard': 6, 'CNOT': 770, 'RZ': 195, 'RX': 30}",1001,6,0,0,6,231,770,0
a_6_positive_01,3*x_0 + 4*x_1 + 1*x_2 + 4*x_3 + 3*x_4 + 5*x_5 <= 9,positive,6,complete,ftqc,gadget,lambda_2,5.0,0.9998993452690247,6,0,6,"{'Hadamard': 6, 'CNOT': 770, 'T': 9900}",10676,6,0,0,6,9906,770,9900
a_6_positive_01,3*x_0 + 4*x_1 + 1*x_2 + 4*x_3 + 3*x_4 + 5*x_5 <= 9,positive,6,complete,nisq,penalty_cost_layer,unit_penalty,,,6,4,10,"{'CNOT': 90, 'RZ': 55}",145,10,0,0,10,55,90,0
a_6_positive_01,3*x_0 + 4*x_1 + 1*x_2 + 4*x_3 + 3*x_4 + 5*x_5 <= 9,positive,6,complete,ftqc,penalty_cost_layer,unit_penalty,,,6,4,10,"{'CNOT': 90, 'T': 2420}",2510,10,0,0,10,2420,90,2420
a_6_positive_02,5*x_0 + 1*x_1 + 5*x_2 + 5*x_3 + 2*x_4 + 2*x_5 <= 12,positive,6,complete,nisq,gadget,feasibility,3.0,0.05419571201046294,6,0,6,"{'Hadamard': 6, 'CNOT': 414, 'RZ': 117, 'RX': 18}",555,6,0,0,6,141,414,0
a_6_positive_02,5*x_0 + 1*x_1 + 5*x_2 + 5*x_3 + 2*x_4 + 2*x_5 <= 12,positive,6,complete,ftqc,gadget,feasibility,3.0,0.05419571201046294,6,0,6,"{'Hadamard': 6, 'CNOT': 414, 'T': 5940}",6360,6,0,0,6,5946,414,5940
a_6_positive_02,5*x_0 + 1*x_1 + 5*x_2 + 5*x_3 + 2*x_4 + 2*x_5 <= 12,positive,6,complete,nisq,gadget,fidelity,4.0,0.99919308034248,6,0,6,"{'Hadamard': 6, 'CNOT': 552, 'RZ': 156, 'RX': 24}",738,6,0,0,6,186,552,0
a_6_positive_02,5*x_0 + 1*x_1 + 5*x_2 + 5*x_3 + 2*x_4 + 2*x_5 <= 12,positive,6,complete,ftqc,gadget,fidelity,4.0,0.99919308034248,6,0,6,"{'Hadamard': 6, 'CNOT': 552, 'T': 7920}",8478,6,0,0,6,7926,552,7920
a_6_positive_02,5*x_0 + 1*x_1 + 5*x_2 + 5*x_3 + 2*x_4 + 2*x_5 <= 12,positive,6,complete,nisq,gadget,lambda_0.5,5.0,0.9999828126781029,6,0,6,"{'Hadamard': 6, 'CNOT': 690, 'RZ': 195, 'RX': 30}",921,6,0,0,6,231,690,0
a_6_positive_02,5*x_0 + 1*x_1 + 5*x_2 + 5*x_3 + 2*x_4 + 2*x_5 <= 12,positive,6,complete,ftqc,gadget,lambda_0.5,5.0,0.9999828126781029,6,0,6,"{'Hadamard': 6, 'CNOT': 690, 'T': 9900}",10596,6,0,0,6,9906,690,9900
a_6_positive_02,5*x_0 + 1*x_1 + 5*x_2 + 5*x_3 + 2*x_4 + 2*x_5 <= 12,positive,6,complete,nisq,gadget,lambda_1,4.0,0.9995762307733635,6,0,6,"{'Hadamard': 6, 'CNOT': 552, 'RZ': 156, 'RX': 24}",738,6,0,0,6,186,552,0
a_6_positive_02,5*x_0 + 1*x_1 + 5*x_2 + 5*x_3 + 2*x_4 + 2*x_5 <= 12,positive,6,complete,ftqc,gadget,lambda_1,4.0,0.9995762307733635,6,0,6,"{'Hadamard': 6, 'CNOT': 552, 'T': 7920}",8478,6,0,0,6,7926,552,7920
a_6_positive_02,5*x_0 + 1*x_1 + 5*x_2 + 5*x_3 + 2*x_4 + 2*x_5 <= 12,positive,6,complete,nisq,gadget,lambda_2,5.0,0.999828114327073,6,0,6,"{'Hadamard': 6, 'CNOT': 690, 'RZ': 195, 'RX': 30}",921,6,0,0,6,231,690,0
a_6_positive_02,5*x_0 + 1*x_1 + 5*x_2 + 5*x_3 + 2*x_4 + 2*x_5 <= 12,positive,6,complete,ftqc,gadget,lambda_2,5.0,0.999828114327073,6,0,6,"{'Hadamard': 6, 'CNOT': 690, 'T': 9900}",10596,6,0,0,6,9906,690,9900
a_6_positive_02,5*x_0 + 1*x_1 + 5*x_2 + 5*x_3 + 2*x_4 + 2*x_5 <= 12,positive,6,complete,nisq,penalty_cost_layer,unit_penalty,,,6,4,10,"{'CNOT': 90, 'RZ': 55}",145,10,0,0,10,55,90,0
a_6_positive_02,5*x_0 + 1*x_1 + 5*x_2 + 5*x_3 + 2*x_4 + 2*x_5 <= 12,positive,6,complete,ftqc,penalty_cost_layer,unit_penalty,,,6,4,10,"{'CNOT': 90, 'T': 2420}",2510,10,0,0,10,2420,90,2420
a_6_positive_03,2*x_0 + 5*x_1 + 3*x_2 + 5*x_3 + 3*x_4 + 3*x_5 <= 8,positive,6,complete,nisq,gadget,feasibility,1.0,0.08421337114926943,6,0,6,"{'Hadamard': 6, 'CNOT': 168, 'RZ': 43, 'RX': 6}",223,6,0,0,6,55,168,0
a_6_positive_03,2*x_0 + 5*x_1 + 3*x_2 + 5*x_3 + 3*x_4 + 3*x_5 <= 8,positive,6,complete,ftqc,gadget,feasibility,1.0,0.08421337114926943,6,0,6,"{'Hadamard': 6, 'CNOT': 168, 'T': 2156}",2330,6,0,0,6,2162,168,2156
a_6_positive_03,2*x_0 + 5*x_1 + 3*x_2 + 5*x_3 + 3*x_4 + 3*x_5 <= 8,positive,6,complete,nisq,gadget,fidelity,4.0,0.9998742670048647,6,0,6,"{'Hadamard': 6, 'CNOT': 672, 'RZ': 172, 'RX': 24}",874,6,0,0,6,202,672,0
a_6_positive_03,2*x_0 + 5*x_1 + 3*x_2 + 5*x_3 + 3*x_4 + 3*x_5 <= 8,positive,6,complete,ftqc,gadget,fidelity,4.0,0.9998742670048647,6,0,6,"{'Hadamard': 6, 'CNOT': 672, 'T': 8624}",9302,6,0,0,6,8630,672,8624
a_6_positive_03,2*x_0 + 5*x_1 + 3*x_2 + 5*x_3 + 3*x_4 + 3*x_5 <= 8,positive,6,complete,nisq,gadget,lambda_0.5,4.0,0.9994615178872716,6,0,6,"{'Hadamard': 6, 'CNOT': 672, 'RZ': 172, 'RX': 24}",874,6,0,0,6,202,672,0
a_6_positive_03,2*x_0 + 5*x_1 + 3*x_2 + 5*x_3 + 3*x_4 + 3*x_5 <= 8,positive,6,complete,ftqc,gadget,lambda_0.5,4.0,0.9994615178872716,6,0,6,"{'Hadamard': 6, 'CNOT': 672, 'T': 8624}",9302,6,0,0,6,8630,672,8624
a_6_positive_03,2*x_0 + 5*x_1 + 3*x_2 + 5*x_3 + 3*x_4 + 3*x_5 <= 8,positive,6,complete,nisq,gadget,lambda_1,4.0,0.9991118323331746,6,0,6,"{'Hadamard': 6, 'CNOT': 672, 'RZ': 172, 'RX': 24}",874,6,0,0,6,202,672,0
a_6_positive_03,2*x_0 + 5*x_1 + 3*x_2 + 5*x_3 + 3*x_4 + 3*x_5 <= 8,positive,6,complete,ftqc,gadget,lambda_1,4.0,0.9991118323331746,6,0,6,"{'Hadamard': 6, 'CNOT': 672, 'T': 8624}",9302,6,0,0,6,8630,672,8624
a_6_positive_03,2*x_0 + 5*x_1 + 3*x_2 + 5*x_3 + 3*x_4 + 3*x_5 <= 8,positive,6,complete,nisq,gadget,lambda_2,4.0,0.9994581659243362,6,0,6,"{'Hadamard': 6, 'CNOT': 672, 'RZ': 172, 'RX': 24}",874,6,0,0,6,202,672,0
a_6_positive_03,2*x_0 + 5*x_1 + 3*x_2 + 5*x_3 + 3*x_4 + 3*x_5 <= 8,positive,6,complete,ftqc,gadget,lambda_2,4.0,0.9994581659243362,6,0,6,"{'Hadamard': 6, 'CNOT': 672, 'T': 8624}",9302,6,0,0,6,8630,672,8624
a_6_positive_03,2*x_0 + 5*x_1 + 3*x_2 + 5*x_3 + 3*x_4 + 3*x_5 <= 8,positive,6,complete,nisq,penalty_cost_layer,unit_penalty,,,6,4,10,"{'CNOT': 90, 'RZ': 55}",145,10,0,0,10,55,90,0
a_6_positive_03,2*x_0 + 5*x_1 + 3*x_2 + 5*x_3 + 3*x_4 + 3*x_5 <= 8,positive,6,complete,ftqc,penalty_cost_layer,unit_penalty,,,6,4,10,"{'CNOT': 90, 'T': 2420}",2510,10,0,0,10,2420,90,2420
a_6_quadratic_01,1*x_0*x_0 + 3*x_0*x_1 + 2*x_0*x_2 + 1*x_0*x_3 + 2*x_0*x_4 + 1*x_0*x_5 + 1*x_1*x_1 + 2*x_1*x_2 + 3*x_1*x_3 + 1*x_1*x_4 + 1*x_1*x_5 + 1*x_2*x_2 + 3*x_2*x_3 + 3*x_2*x_4 + 2*x_2*x_5 + 3*x_3*x_3 + 2*x_3*x_4 + 2*x_3*x_5 + 3*x_4*x_4 + 2*x_4*x_5 + 3*x_5*x_5 <= 19,quadratic,6,complete,nisq,gadget,feasibility,1.0,0.5079627497997085,6,0,6,"{'Hadamard': 6, 'CNOT': 184, 'RZ': 45, 'RX': 6}",241,6,0,0,6,57,184,0
a_6_quadratic_01,1*x_0*x_0 + 3*x_0*x_1 + 2*x_0*x_2 + 1*x_0*x_3 + 2*x_0*x_4 + 1*x_0*x_5 + 1*x_1*x_1 + 2*x_1*x_2 + 3*x_1*x_3 + 1*x_1*x_4 + 1*x_1*x_5 + 1*x_2*x_2 + 3*x_2*x_3 + 3*x_2*x_4 + 2*x_2*x_5 + 3*x_3*x_3 + 2*x_3*x_4 + 2*x_3*x_5 + 3*x_4*x_4 + 2*x_4*x_5 + 3*x_5*x_5 <= 19,quadratic,6,complete,ftqc,gadget,feasibility,1.0,0.5079627497997085,6,0,6,"{'Hadamard': 6, 'CNOT': 184, 'T': 2244}",2434,6,0,0,6,2250,184,2244
a_6_quadratic_01,1*x_0*x_0 + 3*x_0*x_1 + 2*x_0*x_2 + 1*x_0*x_3 + 2*x_0*x_4 + 1*x_0*x_5 + 1*x_1*x_1 + 2*x_1*x_2 + 3*x_1*x_3 + 1*x_1*x_4 + 1*x_1*x_5 + 1*x_2*x_2 + 3*x_2*x_3 + 3*x_2*x_4 + 2*x_2*x_5 + 3*x_3*x_3 + 2*x_3*x_4 + 2*x_3*x_5 + 3*x_4*x_4 + 2*x_4*x_5 + 3*x_5*x_5 <= 19,quadratic,6,complete,nisq,gadget,fidelity,4.0,0.9999990215631561,6,0,6,"{'Hadamard': 6, 'CNOT': 736, 'RZ': 180, 'RX': 24}",946,6,0,0,6,210,736,0
a_6_quadratic_01,1*x_0*x_0 + 3*x_0*x_1 + 2*x_0*x_2 + 1*x_0*x_3 + 2*x_0*x_4 + 1*x_0*x_5 + 1*x_1*x_1 + 2*x_1*x_2 + 3*x_1*x_3 + 1*x_1*x_4 + 1*x_1*x_5 + 1*x_2*x_2 + 3*x_2*x_3 + 3*x_2*x_4 + 2*x_2*x_5 + 3*x_3*x_3 + 2*x_3*x_4 + 2*x_3*x_5 + 3*x_4*x_4 + 2*x_4*x_5 + 3*x_5*x_5 <= 19,quadratic,6,complete,ftqc,gadget,fidelity,4.0,0.9999990215631561,6,0,6,"{'Hadamard': 6, 'CNOT': 736, 'T': 8976}",9718,6,0,0,6,8982,736,8976
a_6_quadratic_01,1*x_0*x_0 + 3*x_0*x_1 + 2*x_0*x_2 + 1*x_0*x_3 + 2*x_0*x_4 + 1*x_0*x_5 + 1*x_1*x_1 + 2*x_1*x_2 + 3*x_1*x_3 + 1*x_1*x_4 + 1*x_1*x_5 + 1*x_2*x_2 + 3*x_2*x_3 + 3*x_2*x_4 + 2*x_2*x_5 + 3*x_3*x_3 + 2*x_3*x_4 + 2*x_3*x_5 + 3*x_4*x_4 + 2*x_4*x_5 + 3*x_5*x_5 <= 19,quadratic,6,complete,nisq,gadget,lambda_0.5,4.0,0.9999819204309799,6,0,6,"{'Hadamard': 6, 'CNOT': 736, 'RZ': 180, 'RX': 24}",946,6,0,0,6,210,736,0
a_6_quadratic_01,1*x_0*x_0 + 3*x_0*x_1 + 2*x_0*x_2 + 1*x_0*x_3 + 2*x_0*x_4 + 1*x_0*x_5 + 1*x_1*x_1 + 2*x_1*x_2 + 3*x_1*x_3 + 1*x_1*x_4 + 1*x_1*x_5 + 1*x_2*x_2 + 3*x_2*x_3 + 3*x_2*x_4 + 2*x_2*x_5 + 3*x_3*x_3 + 2*x_3*x_4 + 2*x_3*x_5 + 3*x_4*x_4 + 2*x_4*x_5 + 3*x_5*x_5 <= 19,quadratic,6,complete,ftqc,gadget,lambda_0.5,4.0,0.9999819204309799,6,0,6,"{'Hadamard': 6, 'CNOT': 736, 'T': 8976}",9718,6,0,0,6,8982,736,8976
a_6_quadratic_01,1*x_0*x_0 + 3*x_0*x_1 + 2*x_0*x_2 + 1*x_0*x_3 + 2*x_0*x_4 + 1*x_0*x_5 + 1*x_1*x_1 + 2*x_1*x_2 + 3*x_1*x_3 + 1*x_1*x_4 + 1*x_1*x_5 + 1*x_2*x_2 + 3*x_2*x_3 + 3*x_2*x_4 + 2*x_2*x_5 + 3*x_3*x_3 + 2*x_3*x_4 + 2*x_3*x_5 + 3*x_4*x_4 + 2*x_4*x_5 + 3*x_5*x_5 <= 19,quadratic,6,complete,nisq,gadget,lambda_1,4.0,0.9999503106374034,6,0,6,"{'Hadamard': 6, 'CNOT': 736, 'RZ': 180, 'RX': 24}",946,6,0,0,6,210,736,0
a_6_quadratic_01,1*x_0*x_0 + 3*x_0*x_1 + 2*x_0*x_2 + 1*x_0*x_3 + 2*x_0*x_4 + 1*x_0*x_5 + 1*x_1*x_1 + 2*x_1*x_2 + 3*x_1*x_3 + 1*x_1*x_4 + 1*x_1*x_5 + 1*x_2*x_2 + 3*x_2*x_3 + 3*x_2*x_4 + 2*x_2*x_5 + 3*x_3*x_3 + 2*x_3*x_4 + 2*x_3*x_5 + 3*x_4*x_4 + 2*x_4*x_5 + 3*x_5*x_5 <= 19,quadratic,6,complete,ftqc,gadget,lambda_1,4.0,0.9999503106374034,6,0,6,"{'Hadamard': 6, 'CNOT': 736, 'T': 8976}",9718,6,0,0,6,8982,736,8976
a_6_quadratic_01,1*x_0*x_0 + 3*x_0*x_1 + 2*x_0*x_2 + 1*x_0*x_3 + 2*x_0*x_4 + 1*x_0*x_5 + 1*x_1*x_1 + 2*x_1*x_2 + 3*x_1*x_3 + 1*x_1*x_4 + 1*x_1*x_5 + 1*x_2*x_2 + 3*x_2*x_3 + 3*x_2*x_4 + 2*x_2*x_5 + 3*x_3*x_3 + 2*x_3*x_4 + 2*x_3*x_5 + 3*x_4*x_4 + 2*x_4*x_5 + 3*x_5*x_5 <= 19,quadratic,6,complete,nisq,gadget,lambda_2,4.0,0.999927505603872,6,0,6,"{'Hadamard': 6, 'CNOT': 736, 'RZ': 180, 'RX': 24}",946,6,0,0,6,210,736,0
a_6_quadratic_01,1*x_0*x_0 + 3*x_0*x_1 + 2*x_0*x_2 + 1*x_0*x_3 + 2*x_0*x_4 + 1*x_0*x_5 + 1*x_1*x_1 + 2*x_1*x_2 + 3*x_1*x_3 + 1*x_1*x_4 + 1*x_1*x_5 + 1*x_2*x_2 + 3*x_2*x_3 + 3*x_2*x_4 + 2*x_2*x_5 + 3*x_3*x_3 + 2*x_3*x_4 + 2*x_3*x_5 + 3*x_4*x_4 + 2*x_4*x_5 + 3*x_5*x_5 <= 19,quadratic,6,complete,ftqc,gadget,lambda_2,4.0,0.999927505603872,6,0,6,"{'Hadamard': 6, 'CNOT': 736, 'T': 8976}",9718,6,0,0,6,8982,736,8976
a_6_quadratic_01,1*x_0*x_0 + 3*x_0*x_1 + 2*x_0*x_2 + 1*x_0*x_3 + 2*x_0*x_4 + 1*x_0*x_5 + 1*x_1*x_1 + 2*x_1*x_2 + 3*x_1*x_3 + 1*x_1*x_4 + 1*x_1*x_5 + 1*x_2*x_2 + 3*x_2*x_3 + 3*x_2*x_4 + 2*x_2*x_5 + 3*x_3*x_3 + 2*x_3*x_4 + 2*x_3*x_5 + 3*x_4*x_4 + 2*x_4*x_5 + 3*x_5*x_5 <= 19,quadratic,6,complete,nisq,penalty_cost_layer,unit_penalty,,,6,5,11,"{'CNOT': 580, 'RZ': 176}",756,11,0,0,11,176,580,0
a_6_quadratic_01,1*x_0*x_0 + 3*x_0*x_1 + 2*x_0*x_2 + 1*x_0*x_3 + 2*x_0*x_4 + 1*x_0*x_5 + 1*x_1*x_1 + 2*x_1*x_2 + 3*x_1*x_3 + 1*x_1*x_4 + 1*x_1*x_5 + 1*x_2*x_2 + 3*x_2*x_3 + 3*x_2*x_4 + 2*x_2*x_5 + 3*x_3*x_3 + 2*x_3*x_4 + 2*x_3*x_5 + 3*x_4*x_4 + 2*x_4*x_5 + 3*x_5*x_5 <= 19,quadratic,6,complete,ftqc,penalty_cost_layer,unit_penalty,,,6,5,11,"{'CNOT': 580, 'T': 7744}",8324,11,0,0,11,7744,580,7744
a_6_quadratic_02,1*x_0*x_0 + 3*x_0*x_1 + 2*x_0*x_2 + 3*x_0*x_3 + 2*x_0*x_4 + 3*x_0*x_5 + 2*x_1*x_1 + 2*x_1*x_2 + 2*x_1*x_3 + 2*x_1*x_4 + 1*x_1*x_5 + 2*x_2*x_2 + 1*x_2*x_3 + 1*x_2*x_4 + 2*x_2*x_5 + 1*x_3*x_3 + 3*x_3*x_4 + 2*x_3*x_5 + 1*x_4*x_4 + 2*x_4*x_5 + 2*x_5*x_5 <= 26,quadratic,6,complete,nisq,gadget,feasibility,1.0,0.4184634183812857,6,0,6,"{'Hadamard': 6, 'CNOT': 158, 'RZ': 43, 'RX': 6}",213,6,0,0,6,55,158,0
a_6_quadratic_02,1*x_0*x_0 + 3*x_0*x_1 + 2*x_0*x_2 + 3*x_0*x_3 + 2*x_0*x_4 + 3*x_0*x_5 + 2*x_1*x_1 + 2*x_1*x_2 + 2*x_1*x_3 + 2*x_1*x_4 + 1*x_1*x_5 + 2*x_2*x_2 + 1*x_2*x_3 + 1*x_2*x_4 + 2*x_2*x_5 + 1*x_3*x_3 + 3*x_3*x_4 + 2*x_3*x_5 + 1*x_4*x_4 + 2*x_4*x_5 + 2*x_5*x_5 <= 26,quadratic,6,complete,ftqc,gadget,feasibility,1.0,0.4184634183812857,6,0,6,"{'Hadamard': 6, 'CNOT': 158, 'T': 2156}",2320,6,0,0,6,2162,158,2156
a_6_quadratic_02,1*x_0*x_0 + 3*x_0*x_1 + 2*x_0*x_2 + 3*x_0*x_3 + 2*x_0*x_4 + 3*x_0*x_5 + 2*x_1*x_1 + 2*x_1*x_2 + 2*x_1*x_3 + 2*x_1*x_4 + 1*x_1*x_5 + 2*x_2*x_2 + 1*x_2*x_3 + 1*x_2*x_4 + 2*x_2*x_5 + 1*x_3*x_3 + 3*x_3*x_4 + 2*x_3*x_5 + 1*x_4*x_4 + 2*x_4*x_5 + 2*x_5*x_5 <= 26,quadratic,6,complete,nisq,gadget,fidelity,4.0,0.9998375326161562,6,0,6,"{'Hadamard': 6, 'CNOT': 632, 'RZ': 172, 'RX': 24}",834,6,0,0,6,202,632,0
a_6_quadratic_02,1*x_0*x_0 + 3*x_0*x_1 + 2*x_0*x_2 + 3*x_0*x_3 + 2*x_0*x_4 + 3*x_0*x_5 + 2*x_1*x_1 + 2*x_1*x_2 + 2*x_1*x_3 + 2*x_1*x_4 + 1*x_1*x_5 + 2*x_2*x_2 + 1*x_2*x_3 + 1*x_2*x_4 + 2*x_2*x_5 + 1*x_3*x_3 + 3*x_3*x_4 + 2*x_3*x_5 + 1*x_4*x_4 + 2*x_4*x_5 + 2*x_5*x_5 <= 26,quadratic,6,complete,ftqc,gadget,fidelity,4.0,0.9998375326161562,6,0,6,"{'Hadamard': 6, 'CNOT': 632, 'T': 8624}",9262,6,0,0,6,8630,632,8624
a_6_quadratic_02,1*x_0*x_0 + 3*x_0*x_1 + 2*x_0*x_2 + 3*x_0*x_3 + 2*x_0*x_4 + 3*x_0*x_5 + 2*x_1*x_1 + 2*x_1*x_2 + 2*x_1*x_3 + 2*x_1*x_4 + 1*x_1*x_5 + 2*x_2*x_2 + 1*x_2*x_3 + 1*x_2*x_4 + 2*x_2*x_5 + 1*x_3*x_3 + 3*x_3*x_4 + 2*x_3*x_5 + 1*x_4*x_4 + 2*x_4*x_5 + 2*x_5*x_5 <= 26,quadratic,6,complete,nisq,gadget,lambda_0.5,4.0,0.9992585180666228,6,0,6,"{'Hadamard': 6, 'CNOT': 632, 'RZ': 172, 'RX': 24}",834,6,0,0,6,202,632,0
a_6_quadratic_02,1*x_0*x_0 + 3*x_0*x_1 + 2*x_0*x_2 + 3*x_0*x_3 + 2*x_0*x_4 + 3*x_0*x_5 + 2*x_1*x_1 + 2*x_1*x_2 + 2*x_1*x_3 + 2*x_1*x_4 + 1*x_1*x_5 + 2*x_2*x_2 + 1*x_2*x_3 + 1*x_2*x_4 + 2*x_2*x_5 + 1*x_3*x_3 + 3*x_3*x_4 + 2*x_3*x_5 + 1*x_4*x_4 + 2*x_4*x_5 + 2*x_5*x_5 <= 26,quadratic,6,complete,ftqc,gadget,lambda_0.5,4.0,0.9992585180666228,6,0,6,"{'Hadamard': 6, 'CNOT': 632, 'T': 8624}",9262,6,0,0,6,8630,632,8624
a_6_quadratic_02,1*x_0*x_0 + 3*x_0*x_1 + 2*x_0*x_2 + 3*x_0*x_3 + 2*x_0*x_4 + 3*x_0*x_5 + 2*x_1*x_1 + 2*x_1*x_2 + 2*x_1*x_3 + 2*x_1*x_4 + 1*x_1*x_5 + 2*x_2*x_2 + 1*x_2*x_3 + 1*x_2*x_4 + 2*x_2*x_5 + 1*x_3*x_3 + 3*x_3*x_4 + 2*x_3*x_5 + 1*x_4*x_4 + 2*x_4*x_5 + 2*x_5*x_5 <= 26,quadratic,6,complete,nisq,gadget,lambda_1,4.0,0.9996003111859489,6,0,6,"{'Hadamard': 6, 'CNOT': 632, 'RZ': 172, 'RX': 24}",834,6,0,0,6,202,632,0
a_6_quadratic_02,1*x_0*x_0 + 3*x_0*x_1 + 2*x_0*x_2 + 3*x_0*x_3 + 2*x_0*x_4 + 3*x_0*x_5 + 2*x_1*x_1 + 2*x_1*x_2 + 2*x_1*x_3 + 2*x_1*x_4 + 1*x_1*x_5 + 2*x_2*x_2 + 1*x_2*x_3 + 1*x_2*x_4 + 2*x_2*x_5 + 1*x_3*x_3 + 3*x_3*x_4 + 2*x_3*x_5 + 1*x_4*x_4 + 2*x_4*x_5 + 2*x_5*x_5 <= 26,quadratic,6,complete,ftqc,gadget,lambda_1,4.0,0.9996003111859489,6,0,6,"{'Hadamard': 6, 'CNOT': 632, 'T': 8624}",9262,6,0,0,6,8630,632,8624
a_6_quadratic_02,1*x_0*x_0 + 3*x_0*x_1 + 2*x_0*x_2 + 3*x_0*x_3 + 2*x_0*x_4 + 3*x_0*x_5 + 2*x_1*x_1 + 2*x_1*x_2 + 2*x_1*x_3 + 2*x_1*x_4 + 1*x_1*x_5 + 2*x_2*x_2 + 1*x_2*x_3 + 1*x_2*x_4 + 2*x_2*x_5 + 1*x_3*x_3 + 3*x_3*x_4 + 2*x_3*x_5 + 1*x_4*x_4 + 2*x_4*x_5 + 2*x_5*x_5 <= 26,quadratic,6,complete,nisq,gadget,lambda_2,3.0,0.9993148964125024,6,0,6,"{'Hadamard': 6, 'CNOT': 474, 'RZ': 129, 'RX': 18}",627,6,0,0,6,153,474,0
a_6_quadratic_02,1*x_0*x_0 + 3*x_0*x_1 + 2*x_0*x_2 + 3*x_0*x_3 + 2*x_0*x_4 + 3*x_0*x_5 + 2*x_1*x_1 + 2*x_1*x_2 + 2*x_1*x_3 + 2*x_1*x_4 + 1*x_1*x_5 + 2*x_2*x_2 + 1*x_2*x_3 + 1*x_2*x_4 + 2*x_2*x_5 + 1*x_3*x_3 + 3*x_3*x_4 + 2*x_3*x_5 + 1*x_4*x_4 + 2*x_4*x_5 + 2*x_5*x_5 <= 26,quadratic,6,complete,ftqc,gadget,lambda_2,3.0,0.9993148964125024,6,0,6,"{'Hadamard': 6, 'CNOT': 474, 'T': 6468}",6948,6,0,0,6,6474,474,6468
a_6_quadratic_02,1*x_0*x_0 + 3*x_0*x_1 + 2*x_0*x_2 + 3*x_0*x_3 + 2*x_0*x_4 + 3*x_0*x_5 + 2*x_1*x_1 + 2*x_1*x_2 + 2*x_1*x_3 + 2*x_1*x_4 + 1*x_1*x_5 + 2*x_2*x_2 + 1*x_2*x_3 + 1*x_2*x_4 + 2*x_2*x_5 + 1*x_3*x_3 + 3*x_3*x_4 + 2*x_3*x_5 + 1*x_4*x_4 + 2*x_4*x_5 + 2*x_5*x_5 <= 26,quadratic,6,complete,nisq,penalty_cost_layer,unit_penalty,,,6,5,11,"{'CNOT': 580, 'RZ': 176}",756,11,0,0,11,176,580,0
a_6_quadratic_02,1*x_0*x_0 + 3*x_0*x_1 + 2*x_0*x_2 + 3*x_0*x_3 + 2*x_0*x_4 + 3*x_0*x_5 + 2*x_1*x_1 + 2*x_1*x_2 + 2*x_1*x_3 + 2*x_1*x_4 + 1*x_1*x_5 + 2*x_2*x_2 + 1*x_2*x_3 + 1*x_2*x_4 + 2*x_2*x_5 + 1*x_3*x_3 + 3*x_3*x_4 + 2*x_3*x_5 + 1*x_4*x_4 + 2*x_4*x_5 + 2*x_5*x_5 <= 26,quadratic,6,complete,ftqc,penalty_cost_layer,unit_penalty,,,6,5,11,"{'CNOT': 580, 'T': 7744}",8324,11,0,0,11,7744,580,7744
a_7_equality_01,4*x_0 + 4*x_1 + 3*x_2 + 4*x_3 + 1*x_4 + 5*x_5 + 3*x_6 == 16,equality,7,complete,nisq,gadget,feasibility,1.0,0.4619243395567861,7,0,7,"{'Hadamard': 7, 'CNOT': 642, 'RZ': 127, 'RX': 7}",783,7,0,0,7,141,642,0
a_7_equality_01,4*x_0 + 4*x_1 + 3*x_2 + 4*x_3 + 1*x_4 + 5*x_5 + 3*x_6 == 16,equality,7,complete,ftqc,gadget,feasibility,1.0,0.4619243395567861,7,0,7,"{'Hadamard': 7, 'CNOT': 642, 'T': 5896}",6545,7,0,0,7,5903,642,5896
a_7_equality_01,4*x_0 + 4*x_1 + 3*x_2 + 4*x_3 + 1*x_4 + 5*x_5 + 3*x_6 == 16,equality,7,complete,nisq,gadget,fidelity,4.0,0.9998817420353646,7,0,7,"{'Hadamard': 7, 'CNOT': 2568, 'RZ': 508, 'RX': 28}",3111,7,0,0,7,543,2568,0
a_7_equality_01,4*x_0 + 4*x_1 + 3*x_2 + 4*x_3 + 1*x_4 + 5*x_5 + 3*x_6 == 16,equality,7,complete,ftqc,gadget,fidelity,4.0,0.9998817420353646,7,0,7,"{'Hadamard': 7, 'CNOT': 2568, 'T': 23584}",26159,7,0,0,7,23591,2568,23584
a_7_equality_01,4*x_0 + 4*x_1 + 3*x_2 + 4*x_3 + 1*x_4 + 5*x_5 + 3*x_6 == 16,equality,7,complete,nisq,gadget,lambda_0.5,4.0,0.9996325818525306,7,0,7,"{'Hadamard': 7, 'CNOT': 2568, 'RZ': 508, 'RX': 28}",3111,7,0,0,7,543,2568,0
a_7_equality_01,4*x_0 + 4*x_1 + 3*x_2 + 4*x_3 + 1*x_4 + 5*x_5 + 3*x_6 == 16,equality,7,complete,ftqc,gadget,lambda_0.5,4.0,0.9996325818525306,7,0,7,"{'Hadamard': 7, 'CNOT': 2568, 'T': 23584}",26159,7,0,0,7,23591,2568,23584
a_7_equality_01,4*x_0 + 4*x_1 + 3*x_2 + 4*x_3 + 1*x_4 + 5*x_5 + 3*x_6 == 16,equality,7,complete,nisq,gadget,lambda_1,5.0,0.9998851808779038,7,0,7,"{'Hadamard': 7, 'CNOT': 3210, 'RZ': 635, 'RX': 35}",3887,7,0,0,7,677,3210,0
a_7_equality_01,4*x_0 + 4*x_1 + 3*x_2 + 4*x_3 + 1*x_4 + 5*x_5 + 3*x_6 == 16,equality,7,complete,ftqc,gadget,lambda_1,5.0,0.9998851808779038,7,0,7,"{'Hadamard': 7, 'CNOT': 3210, 'T': 29480}",32697,7,0,0,7,29487,3210,29480
a_7_equality_01,4*x_0 + 4*x_1 + 3*x_2 + 4*x_3 + 1*x_4 + 5*x_5 + 3*x_6 == 16,equality,7,complete,nisq,gadget,lambda_2,5.0,0.9992602341057605,7,0,7,"{'Hadamard': 7, 'CNOT': 3210, 'RZ': 635, 'RX': 35}",3887,7,0,0,7,677,3210,0
a_7_equality_01,4*x_0 + 4*x_1 + 3*x_2 + 4*x_3 + 1*x_4 + 5*x_5 + 3*x_6 == 16,equality,7,complete,ftqc,gadget,lambda_2,5.0,0.9992602341057605,7,0,7,"{'Hadamard': 7, 'CNOT': 3210, 'T': 29480}",32697,7,0,0,7,29487,3210,29480
a_7_equality_01,4*x_0 + 4*x_1 + 3*x_2 + 4*x_3 + 1*x_4 + 5*x_5 + 3*x_6 == 16,equality,7,complete,nisq,penalty_cost_layer,unit_penalty,,,7,0,7,"{'CNOT': 42, 'RZ': 28}",70,7,0,0,7,28,42,0
a_7_equality_01,4*x_0 + 4*x_1 + 3*x_2 + 4*x_3 + 1*x_4 + 5*x_5 + 3*x_6 == 16,equality,7,complete,ftqc,penalty_cost_layer,unit_penalty,,,7,0,7,"{'CNOT': 42, 'T': 1232}",1274,7,0,0,7,1232,42,1232
a_7_equality_02,1*x_0 + 3*x_1 + 4*x_2 + 3*x_3 + 3*x_4 + 1*x_5 + 2*x_6 == 6,equality,7,complete,nisq,gadget,feasibility,1.0,0.7103649903275214,7,0,7,"{'Hadamard': 7, 'CNOT': 642, 'RZ': 127, 'RX': 7}",783,7,0,0,7,141,642,0
a_7_equality_02,1*x_0 + 3*x_1 + 4*x_2 + 3*x_3 + 3*x_4 + 1*x_5 + 2*x_6 == 6,equality,7,complete,ftqc,gadget,feasibility,1.0,0.7103649903275214,7,0,7,"{'Hadamard': 7, 'CNOT': 642, 'T': 5896}",6545,7,0,0,7,5903,642,5896
a_7_equality_02,1*x_0 + 3*x_1 + 4*x_2 + 3*x_3 + 3*x_4 + 1*x_5 + 2*x_6 == 6,equality,7,complete,nisq,gadget,fidelity,4.0,0.999736415740184,7,0,7,"{'Hadamard': 7, 'CNOT': 2568, 'RZ': 508, 'RX': 28}",3111,7,0,0,7,543,2568,0
a_7_equality_02,1*x_0 + 3*x_1 + 4*x_2 + 3*x_3 + 3*x_4 + 1*x_5 + 2*x_6 == 6,equality,7,complete,ftqc,gadget,fidelity,4.0,0.999736415740184,7,0,7,"{'Hadamard': 7, 'CNOT': 2568, 'T': 23584}",26159,7,0,0,7,23591,2568,23584
a_7_equality_02,1*x_0 + 3*x_1 + 4*x_2 + 3*x_3 + 3*x_4 + 1*x_5 + 2*x_6 == 6,equality,7,complete,nisq,gadget,lambda_0.5,4.0,0.9998189199588716,7,0,7,"{'Hadamard': 7, 'CNOT': 2568, 'RZ': 508, 'RX': 28}",3111,7,0,0,7,543,2568,0
a_7_equality_02,1*x_0 + 3*x_1 + 4*x_2 + 3*x_3 + 3*x_4 + 1*x_5 + 2*x_6 == 6,equality,7,complete,ftqc,gadget,lambda_0.5,4.0,0.9998189199588716,7,0,7,"{'Hadamard': 7, 'CNOT': 2568, 'T': 23584}",26159,7,0,0,7,23591,2568,23584
a_7_equality_02,1*x_0 + 3*x_1 + 4*x_2 + 3*x_3 + 3*x_4 + 1*x_5 + 2*x_6 == 6,equality,7,complete,nisq,gadget,lambda_1,4.0,0.9996833743485056,7,0,7,"{'Hadamard': 7, 'CNOT': 2568, 'RZ': 508, 'RX': 28}",3111,7,0,0,7,543,2568,0
a_7_equality_02,1*x_0 + 3*x_1 + 4*x_2 + 3*x_3 + 3*x_4 + 1*x_5 + 2*x_6 == 6,equality,7,complete,ftqc,gadget,lambda_1,4.0,0.9996833743485056,7,0,7,"{'Hadamard': 7, 'CNOT': 2568, 'T': 23584}",26159,7,0,0,7,23591,2568,23584
a_7_equality_02,1*x_0 + 3*x_1 + 4*x_2 + 3*x_3 + 3*x_4 + 1*x_5 + 2*x_6 == 6,equality,7,complete,nisq,gadget,lambda_2,4.0,0.9991195668845965,7,0,7,"{'Hadamard': 7, 'CNOT': 2568, 'RZ': 508, 'RX': 28}",3111,7,0,0,7,543,2568,0
a_7_equality_02,1*x_0 + 3*x_1 + 4*x_2 + 3*x_3 + 3*x_4 + 1*x_5 + 2*x_6 == 6,equality,7,complete,ftqc,gadget,lambda_2,4.0,0.9991195668845965,7,0,7,"{'Hadamard': 7, 'CNOT': 2568, 'T': 23584}",26159,7,0,0,7,23591,2568,23584
a_7_equality_02,1*x_0 + 3*x_1 + 4*x_2 + 3*x_3 + 3*x_4 + 1*x_5 + 2*x_6 == 6,equality,7,complete,nisq,penalty_cost_layer,unit_penalty,,,7,0,7,"{'CNOT': 42, 'RZ': 28}",70,7,0,0,7,28,42,0
a_7_equality_02,1*x_0 + 3*x_1 + 4*x_2 + 3*x_3 + 3*x_4 + 1*x_5 + 2*x_6 == 6,equality,7,complete,ftqc,penalty_cost_layer,unit_penalty,,,7,0,7,"{'CNOT': 42, 'T': 1232}",1274,7,0,0,7,1232,42,1232
a_7_equality_03,2*x_0 + 4*x_1 + 4*x_2 + 4*x_3 + 2*x_4 + 5*x_5 + 1*x_6 == 9,equality,7,complete,nisq,gadget,feasibility,1.0,0.8092185830983917,7,0,7,"{'Hadamard': 7, 'CNOT': 642, 'RZ': 127, 'RX': 7}",783,7,0,0,7,141,642,0
a_7_equality_03,2*x_0 + 4*x_1 + 4*x_2 + 4*x_3 + 2*x_4 + 5*x_5 + 1*x_6 == 9,equality,7,complete,ftqc,gadget,feasibility,1.0,0.8092185830983917,7,0,7,"{'Hadamard': 7, 'CNOT': 642, 'T': 5896}",6545,7,0,0,7,5903,642,5896
a_7_equality_03,2*x_0 + 4*x_1 + 4*x_2 + 4*x_3 + 2*x_4 + 5*x_5 + 1*x_6 == 9,equality,7,complete,nisq,gadget,fidelity,3.0,0.9997556709549167,7,0,7,"{'Hadamard': 7, 'CNOT': 1926, 'RZ': 381, 'RX': 21}",2335,7,0,0,7,409,1926,0
a_7_equality_03,2*x_0 + 4*x_1 + 4*x_2 + 4*x_3 + 2*x_4 + 5*x_5 + 1*x_6 == 9,equality,7,complete,ftqc,gadget,fidelity,3.0,0.9997556709549167,7,0,7,"{'Hadamard': 7, 'CNOT': 1926, 'T': 17688}",19621,7,0,0,7,17695,1926,17688
a_7_equality_03,2*x_0 + 4*x_1 + 4*x_2 + 4*x_3 + 2*x_4 + 5*x_5 + 1*x_6 == 9,equality,7,complete,nisq,gadget,lambda_0.5,4.0,0.9999743731870089,7,0,7,"{'Hadamard': 7, 'CNOT': 2568, 'RZ': 508, 'RX': 28}",3111,7,0,0,7,543,2568,0
a_7_equality_03,2*x_0 + 4*x_1 + 4*x_2 + 4*x_3 + 2*x_4 + 5*x_5 + 1*x_6 == 9,equality,7,complete,ftqc,gadget,lambda_0.5,4.0,0.9999743731870089,7,0,7,"{'Hadamard': 7, 'CNOT': 2568, 'T': 23584}",26159,7,0,0,7,23591,2568,23584
a_7_equality_03,2*x_0 + 4*x_1 + 4*x_2 + 4*x_3 + 2*x_4 + 5*x_5 + 1*x_6 == 9,equality,7,complete,nisq,gadget,lambda_1,4.0,0.9999840331314548,7,0,7,"{'Hadamard': 7, 'CNOT': 2568, 'RZ': 508, 'RX': 28}",3111,7,0,0,7,543,2568,0
a_7_equality_03,2*x_0 + 4*x_1 + 4*x_2 + 4*x_3 + 2*x_4 + 5*x_5 + 1*x_6 == 9,equality,7,complete,ftqc,gadget,lambda_1,4.0,0.9999840331314548,7,0,7,"{'Hadamard': 7, 'CNOT': 2568, 'T': 23584}",26159,7,0,0,7,23591,2568,23584
a_7_equality_03,2*x_0 + 4*x_1 + 4*x_2 + 4*x_3 + 2*x_4 + 5*x_5 + 1*x_6 == 9,equality,7,complete,nisq,gadget,lambda_2,4.0,0.9998806695860682,7,0,7,"{'Hadamard': 7, 'CNOT': 2568, 'RZ': 508, 'RX': 28}",3111,7,0,0,7,543,2568,0
a_7_equality_03,2*x_0 + 4*x_1 + 4*x_2 + 4*x_3 + 2*x_4 + 5*x_5 + 1*x_6 == 9,equality,7,complete,ftqc,gadget,lambda_2,4.0,0.9998806695860682,7,0,7,"{'Hadamard': 7, 'CNOT': 2568, 'T': 23584}",26159,7,0,0,7,23591,2568,23584
a_7_equality_03,2*x_0 + 4*x_1 + 4*x_2 + 4*x_3 + 2*x_4 + 5*x_5 + 1*x_6 == 9,equality,7,complete,nisq,penalty_cost_layer,unit_penalty,,,7,0,7,"{'CNOT': 42, 'RZ': 28}",70,7,0,0,7,28,42,0
a_7_equality_03,2*x_0 + 4*x_1 + 4*x_2 + 4*x_3 + 2*x_4 + 5*x_5 + 1*x_6 == 9,equality,7,complete,ftqc,penalty_cost_layer,unit_penalty,,,7,0,7,"{'CNOT': 42, 'T': 1232}",1274,7,0,0,7,1232,42,1232
a_7_mixed_01,3*x_0 - 5*x_1 + 5*x_2 - 1*x_3 - 2*x_4 + 5*x_5 - 1*x_6 <= 2,mixed,7,complete,nisq,gadget,feasibility,1.0,0.416646964156882,7,0,7,"{'Hadamard': 7, 'CNOT': 370, 'RZ': 79, 'RX': 7}",463,7,0,0,7,93,370,0
a_7_mixed_01,3*x_0 - 5*x_1 + 5*x_2 - 1*x_3 - 2*x_4 + 5*x_5 - 1*x_6 <= 2,mixed,7,complete,ftqc,gadget,feasibility,1.0,0.416646964156882,7,0,7,"{'Hadamard': 7, 'CNOT': 370, 'T': 3784}",4161,7,0,0,7,3791,370,3784
a_7_mixed_01,3*x_0 - 5*x_1 + 5*x_2 - 1*x_3 - 2*x_4 + 5*x_5 - 1*x_6 <= 2,mixed,7,complete,nisq,gadget,fidelity,5.0,0.9995761874858965,7,0,7,"{'Hadamard': 7, 'CNOT': 1850, 'RZ': 395, 'RX': 35}",2287,7,0,0,7,437,1850,0
a_7_mixed_01,3*x_0 - 5*x_1 + 5*x_2 - 1*x_3 - 2*x_4 + 5*x_5 - 1*x_6 <= 2,mixed,7,complete,ftqc,gadget,fidelity,5.0,0.9995761874858965,7,0,7,"{'Hadamard': 7, 'CNOT': 1850, 'T': 18920}",20777,7,0,0,7,18927,1850,18920
a_7_mixed_01,3*x_0 - 5*x_1 + 5*x_2 - 1*x_3 - 2*x_4 + 5*x_5 - 1*x_6 <= 2,mixed,7,complete,nisq,gadget,lambda_0.5,5.0,0.9993756692233831,7,0,7,"{'Hadamard': 7, 'CNOT': 1850, 'RZ': 395, 'RX': 35}",2287,7,0,0,7,437,1850,0
a_7_mixed_01,3*x_0 - 5*x_1 + 5*x_2 - 1*x_3 - 2*x_4 + 5*x_5 - 1*x_6 <= 2,mixed,7,complete,ftqc,gadget,lambda_0.5,5.0,0.9993756692233831,7,0,7,"{'Hadamard': 7, 'CNOT': 1850, 'T': 18920}",20777,7,0,0,7,18927,1850,18920
a_7_mixed_01,3*x_0 - 5*x_1 + 5*x_2 - 1*x_3 - 2*x_4 + 5*x_5 - 1*x_6 <= 2,mixed,7,complete,nisq,gadget,lambda_1,5.0,0.9997823865944309,7,0,7,"{'Hadamard': 7, 'CNOT': 1850, 'RZ': 395, 'RX': 35}",2287,7,0,0,7,437,1850,0
a_7_mixed_01,3*x_0 - 5*x_1 + 5*x_2 - 1*x_3 - 2*x_4 + 5*x_5 - 1*x_6 <= 2,mixed,7,complete,ftqc,gadget,lambda_1,5.0,0.9997823865944309,7,0,7,"{'Hadamard': 7, 'CNOT': 1850, 'T': 18920}",20777,7,0,0,7,18927,1850,18920
a_7_mixed_01,3*x_0 - 5*x_1 + 5*x_2 - 1*x_3 - 2*x_4 + 5*x_5 - 1*x_6 <= 2,mixed,7,complete,nisq,gadget,lambda_2,6.0,0.9997775193199979,7,0,7,"{'Hadamard': 7, 'CNOT': 2220, 'RZ': 474, 'RX': 42}",2743,7,0,0,7,523,2220,0
a_7_mixed_01,3*x_0 - 5*x_1 + 5*x_2 - 1*x_3 - 2*x_4 + 5*x_5 - 1*x_6 <= 2,mixed,7,complete,ftqc,gadget,lambda_2,6.0,0.9997775193199979,7,0,7,"{'Hadamard': 7, 'CNOT': 2220, 'T': 22704}",24931,7,0,0,7,22711,2220,22704
a_7_mixed_01,3*x_0 - 5*x_1 + 5*x_2 - 1*x_3 - 2*x_4 + 5*x_5 - 1*x_6 <= 2,mixed,7,complete,nisq,penalty_cost_layer,unit_penalty,,,7,4,11,"{'CNOT': 110, 'RZ': 66}",176,11,0,0,11,66,110,0
a_7_mixed_01,3*x_0 - 5*x_1 + 5*x_2 - 1*x_3 - 2*x_4 + 5*x_5 - 1*x_6 <= 2,mixed,7,complete,ftqc,penalty_cost_layer,unit_penalty,,,7,4,11,"{'CNOT': 110, 'T': 2904}",3014,11,0,0,11,2904,110,2904
a_7_mixed_02,3*x_0 - 4*x_1 - 5*x_2 - 4*x_3 - 3*x_4 - 3*x_5 - 3*x_6 <= -8,mixed,7,complete,nisq,gadget,feasibility,1.0,0.4898281490397484,7,0,7,"{'Hadamard': 7, 'CNOT': 642, 'RZ': 127, 'RX': 7}",783,7,0,0,7,141,642,0
a_7_mixed_02,3*x_0 - 4*x_1 - 5*x_2 - 4*x_3 - 3*x_4 - 3*x_5 - 3*x_6 <= -8,mixed,7,complete,ftqc,gadget,feasibility,1.0,0.4898281490397484,7,0,7,"{'Hadamard': 7, 'CNOT': 642, 'T': 5896}",6545,7,0,0,7,5903,642,5896
a_7_mixed_02,3*x_0 - 4*x_1 - 5*x_2 - 4*x_3 - 3*x_4 - 3*x_5 - 3*x_6 <= -8,mixed,7,complete,nisq,gadget,fidelity,3.0,0.9996029558787465,7,0,7,"{'Hadamard': 7, 'CNOT': 1926, 'RZ': 381, 'RX': 21}",2335,7,0,0,7,409,1926,0
a_7_mixed_02,3*x_0 - 4*x_1 - 5*x_2 - 4*x_3 - 3*x_4 - 3*x_5 - 3*x_6 <= -8,mixed,7,complete,ftqc,gadget,fidelity,3.0,0.9996029558787465,7,0,7,"{'Hadamard': 7, 'CNOT': 1926, 'T': 17688}",19621,7,0,0,7,17695,1926,17688
a_7_mixed_02,3*x_0 - 4*x_1 - 5*x_2 - 4*x_3 - 3*x_4 - 3*x_5 - 3*x_6 <= -8,mixed,7,complete,nisq,gadget,lambda_0.5,4.0,0.9999480813920767,7,0,7,"{'Hadamard': 7, 'CNOT': 2568, 'RZ': 508, 'RX': 28}",3111,7,0,0,7,543,2568,0
a_7_mixed_02,3*x_0 - 4*x_1 - 5*x_2 - 4*x_3 - 3*x_4 - 3*x_5 - 3*x_6 <= -8,mixed,7,complete,ftqc,gadget,lambda_0.5,4.0,0.9999480813920767,7,0,7,"{'Hadamard': 7, 'CNOT': 2568, 'T': 23584}",26159,7,0,0,7,23591,2568,23584
a_7_mixed_02,3*x_0 - 4*x_1 - 5*x_2 - 4*x_3 - 3*x_4 - 3*x_5 - 3*x_6 <= -8,mixed,7,complete,nisq,gadget,lambda_1,4.0,0.999972668773306,7,0,7,"{'Hadamard': 7, 'CNOT': 2568, 'RZ': 508, 'RX': 28}",3111,7,0,0,7,543,2568,0
a_7_mixed_02,3*x_0 - 4*x_1 - 5*x_2 - 4*x_3 - 3*x_4 - 3*x_5 - 3*x_6 <= -8,mixed,7,complete,ftqc,gadget,lambda_1,4.0,0.999972668773306,7,0,7,"{'Hadamard': 7, 'CNOT': 2568, 'T': 23584}",26159,7,0,0,7,23591,2568,23584
a_7_mixed_02,3*x_0 - 4*x_1 - 5*x_2 - 4*x_3 - 3*x_4 - 3*x_5 - 3*x_6 <= -8,mixed,7,complete,nisq,gadget,lambda_2,4.0,0.9999433875662268,7,0,7,"{'Hadamard': 7, 'CNOT': 2568, 'RZ': 508, 'RX': 28}",3111,7,0,0,7,543,2568,0
a_7_mixed_02,3*x_0 - 4*x_1 - 5*x_2 - 4*x_3 - 3*x_4 - 3*x_5 - 3*x_6 <= -8,mixed,7,complete,ftqc,gadget,lambda_2,4.0,0.9999433875662268,7,0,7,"{'Hadamard': 7, 'CNOT': 2568, 'T': 23584}",26159,7,0,0,7,23591,2568,23584
a_7_mixed_02,3*x_0 - 4*x_1 - 5*x_2 - 4*x_3 - 3*x_4 - 3*x_5 - 3*x_6 <= -8,mixed,7,complete,nisq,penalty_cost_layer,unit_penalty,,,7,4,11,"{'CNOT': 110, 'RZ': 66}",176,11,0,0,11,66,110,0
a_7_mixed_02,3*x_0 - 4*x_1 - 5*x_2 - 4*x_3 - 3*x_4 - 3*x_5 - 3*x_6 <= -8,mixed,7,complete,ftqc,penalty_cost_layer,unit_penalty,,,7,4,11,"{'CNOT': 110, 'T': 2904}",3014,11,0,0,11,2904,110,2904
a_7_positive_01,2*x_0 + 4*x_1 + 1*x_2 + 1*x_3 + 4*x_4 + 2*x_5 + 3*x_6 <= 5,positive,7,complete,nisq,gadget,feasibility,1.0,0.5064256918619818,7,0,7,"{'Hadamard': 7, 'CNOT': 642, 'RZ': 127, 'RX': 7}",783,7,0,0,7,141,642,0
a_7_positive_01,2*x_0 + 4*x_1 + 1*x_2 + 1*x_3 + 4*x_4 + 2*x_5 + 3*x_6 <= 5,positive,7,complete,ftqc,gadget,feasibility,1.0,0.5064256918619818,7,0,7,"{'Hadamard': 7, 'CNOT': 642, 'T': 5896}",6545,7,0,0,7,5903,642,5896
a_7_positive_01,2*x_0 + 4*x_1 + 1*x_2 + 1*x_3 + 4*x_4 + 2*x_5 + 3*x_6 <= 5,positive,7,complete,nisq,gadget,fidelity,4.0,0.9999063591250082,7,0,7,"{'Hadamard': 7, 'CNOT': 2568, 'RZ': 508, 'RX': 28}",3111,7,0,0,7,543,2568,0
a_7_positive_01,2*x_0 + 4*x_1 + 1*x_2 + 1*x_3 + 4*x_4 + 2*x_5 + 3*x_6 <= 5,positive,7,complete,ftqc,gadget,fidelity,4.0,0.9999063591250082,7,0,7,"{'Hadamard': 7, 'CNOT': 2568, 'T': 23584}",26159,7,0,0,7,23591,2568,23584
a_7_positive_01,2*x_0 + 4*x_1 + 1*x_2 + 1*x_3 + 4*x_4 + 2*x_5 + 3*x_6 <= 5,positive,7,complete,nisq,gadget,lambda_0.5,4.0,0.9998754987391436,7,0,7,"{'Hadamard': 7, 'CNOT': 2568, 'RZ': 508, 'RX': 28}",3111,7,0,0,7,543,2568,0
a_7_positive_01,2*x_0 + 4*x_1 + 1*x_2 + 1*x_3 + 4*x_4 + 2*x_5 + 3*x_6 <= 5,positive,7,complete,ftqc,gadget,lambda_0.5,4.0,0.9998754987391436,7,0,7,"{'Hadamard': 7, 'CNOT': 2568, 'T': 23584}",26159,7,0,0,7,23591,2568,23584
a_7_positive_01,2*x_0 + 4*x_1 + 1*x_2 + 1*x_3 + 4*x_4 + 2*x_5 + 3*x_6 <= 5,positive,7,complete,nisq,gadget,lambda_1,4.0,0.9993594289587273,7,0,7,"{'Hadamard': 7, 'CNOT': 2568, 'RZ': 508, 'RX': 28}",3111,7,0,0,7,543,2568,0
a_7_positive_01,2*x_0 + 4*x_1 + 1*x_2 + 1*x_3 + 4*x_4 + 2*x_5 + 3*x_6 <= 5,positive,7,complete,ftqc,gadget,lambda_1,4.0,0.9993594289587273,7,0,7,"{'Hadamard': 7, 'CNOT': 2568, 'T': 23584}",26159,7,0,0,7,23591,2568,23584
a_7_positive_01,2*x_0 + 4*x_1 + 1*x_2 + 1*x_3 + 4*x_4 + 2*x_5 + 3*x_6 <= 5,positive,7,complete,nisq,gadget,lambda_2,4.0,0.9994155526449003,7,0,7,"{'Hadamard': 7, 'CNOT': 2568, 'RZ': 508, 'RX': 28}",3111,7,0,0,7,543,2568,0
a_7_positive_01,2*x_0 + 4*x_1 + 1*x_2 + 1*x_3 + 4*x_4 + 2*x_5 + 3*x_6 <= 5,positive,7,complete,ftqc,gadget,lambda_2,4.0,0.9994155526449003,7,0,7,"{'Hadamard': 7, 'CNOT': 2568, 'T': 23584}",26159,7,0,0,7,23591,2568,23584
a_7_positive_01,2*x_0 + 4*x_1 + 1*x_2 + 1*x_3 + 4*x_4 + 2*x_5 + 3*x_6 <= 5,positive,7,complete,nisq,penalty_cost_layer,unit_penalty,,,7,3,10,"{'CNOT': 90, 'RZ': 55}",145,10,0,0,10,55,90,0
a_7_positive_01,2*x_0 + 4*x_1 + 1*x_2 + 1*x_3 + 4*x_4 + 2*x_5 + 3*x_6 <= 5,positive,7,complete,ftqc,penalty_cost_layer,unit_penalty,,,7,3,10,"{'CNOT': 90, 'T': 2420}",2510,10,0,0,10,2420,90,2420
a_7_positive_02,5*x_0 + 5*x_1 + 4*x_2 + 2*x_3 + 1*x_4 + 2*x_5 + 1*x_6 <= 9,positive,7,complete,nisq,gadget,feasibility,1.0,0.32502822109204715,7,0,7,"{'Hadamard': 7, 'CNOT': 642, 'RZ': 127, 'RX': 7}",783,7,0,0,7,141,642,0
a_7_positive_02,5*x_0 + 5*x_1 + 4*x_2 + 2*x_3 + 1*x_4 + 2*x_5 + 1*x_6 <= 9,positive,7,complete,ftqc,gadget,feasibility,1.0,0.32502822109204715,7,0,7,"{'Hadamard': 7, 'CNOT': 642, 'T': 5896}",6545,7,0,0,7,5903,642,5896
a_7_positive_02,5*x_0 + 5*x_1 + 4*x_2 + 2*x_3 + 1*x_4 + 2*x_5 + 1*x_6 <= 9,positive,7,complete,nisq,gadget,fidelity,3.0,0.9991229907482551,7,0,7,"{'Hadamard': 7, 'CNOT': 1926, 'RZ': 381, 'RX': 21}",2335,7,0,0,7,409,1926,0
a_7_positive_02,5*x_0 + 5*x_1 + 4*x_2 + 2*x_3 + 1*x_4 + 2*x_5 + 1*x_6 <= 9,positive,7,complete,ftqc,gadget,fidelity,3.0,0.9991229907482551,7,0,7,"{'Hadamard': 7, 'CNOT': 1926, 'T': 17688}",19621,7,0,0,7,17695,1926,17688
a_7_positive_02,5*x_0 + 5*x_1 + 4*x_2 + 2*x_3 + 1*x_4 + 2*x_5 + 1*x_6 <= 9,positive,7,complete,nisq,gadget,lambda_0.5,4.0,0.9995743297491797,7,0,7,"{'Hadamard': 7, 'CNOT': 2568, 'RZ': 508, 'RX': 28}",3111,7,0,0,7,543,2568,0
a_7_positive_02,5*x_0 + 5*x_1 + 4*x_2 + 2*x_3 + 1*x_4 + 2*x_5 + 1*x_6 <= 9,positive,7,complete,ftqc,gadget,lambda_0.5,4.0,0.9995743297491797,7,0,7,"{'Hadamard': 7, 'CNOT': 2568, 'T': 23584}",26159,7,0,0,7,23591,2568,23584
a_7_positive_02,5*x_0 + 5*x_1 + 4*x_2 + 2*x_3 + 1*x_4 + 2*x_5 + 1*x_6 <= 9,positive,7,complete,nisq,gadget,lambda_1,4.0,0.999771288881887,7,0,7,"{'Hadamard': 7, 'CNOT': 2568, 'RZ': 508, 'RX': 28}",3111,7,0,0,7,543,2568,0
a_7_positive_02,5*x_0 + 5*x_1 + 4*x_2 + 2*x_3 + 1*x_4 + 2*x_5 + 1*x_6 <= 9,positive,7,complete,ftqc,gadget,lambda_1,4.0,0.999771288881887,7,0,7,"{'Hadamard': 7, 'CNOT': 2568, 'T': 23584}",26159,7,0,0,7,23591,2568,23584
a_7_positive_02,5*x_0 + 5*x_1 + 4*x_2 + 2*x_3 + 1*x_4 + 2*x_5 + 1*x_6 <= 9,positive,7,complete,nisq,gadget,lambda_2,4.0,0.9994036058907254,7,0,7,"{'Hadamard': 7, 'CNOT': 2568, 'RZ': 508, 'RX': 28}",3111,7,0,0,7,543,2568,0
a_7_positive_02,5*x_0 + 5*x_1 + 4*x_2 + 2*x_3 + 1*x_4 + 2*x_5 + 1*x_6 <= 9,positive,7,complete,ftqc,gadget,lambda_2,4.0,0.9994036058907254,7,0,7,"{'Hadamard': 7, 'CNOT': 2568, 'T': 23584}",26159,7,0,0,7,23591,2568,23584
a_7_positive_02,5*x_0 + 5*x_1 + 4*x_2 + 2*x_3 + 1*x_4 + 2*x_5 + 1*x_6 <= 9,positive,7,complete,nisq,penalty_cost_layer,unit_penalty,,,7,4,11,"{'CNOT': 110, 'RZ': 66}",176,11,0,0,11,66,110,0
a_7_positive_02,5*x_0 + 5*x_1 + 4*x_2 + 2*x_3 + 1*x_4 + 2*x_5 + 1*x_6 <= 9,positive,7,complete,ftqc,penalty_cost_layer,unit_penalty,,,7,4,11,"{'CNOT': 110, 'T': 2904}",3014,11,0,0,11,2904,110,2904
a_7_quadratic_01,1*x_0*x_0 + 2*x_0*x_1 + 1*x_0*x_2 + 2*x_0*x_3 + 2*x_0*x_4 + 2*x_0*x_5 + 3*x_0*x_6 + 3*x_1*x_1 + 3*x_1*x_2 + 3*x_1*x_3 + 1*x_1*x_4 + 1*x_1*x_5 + 3*x_1*x_6 + 1*x_2*x_2 + 1*x_2*x_3 + 2*x_2*x_4 + 2*x_2*x_5 + 2*x_2*x_6 + 2*x_3*x_3 + 1*x_3*x_4 + 3*x_3*x_5 + 1*x_3*x_6 + 1*x_4*x_4 + 1*x_4*x_5 + 2*x_4*x_6 + 2*x_5*x_5 + 2*x_5*x_6 + 3*x_6*x_6 <= 28,quadratic,7,complete,nisq,gadget,feasibility,1.0,0.10902537560424862,7,0,7,"{'Hadamard': 7, 'CNOT': 642, 'RZ': 127, 'RX': 7}",783,7,0,0,7,141,642,0
a_7_quadratic_01,1*x_0*x_0 + 2*x_0*x_1 + 1*x_0*x_2 + 2*x_0*x_3 + 2*x_0*x_4 + 2*x_0*x_5 + 3*x_0*x_6 + 3*x_1*x_1 + 3*x_1*x_2 + 3*x_1*x_3 + 1*x_1*x_4 + 1*x_1*x_5 + 3*x_1*x_6 + 1*x_2*x_2 + 1*x_2*x_3 + 2*x_2*x_4 + 2*x_2*x_5 + 2*x_2*x_6 + 2*x_3*x_3 + 1*x_3*x_4 + 3*x_3*x_5 + 1*x_3*x_6 + 1*x_4*x_4 + 1*x_4*x_5 + 2*x_4*x_6 + 2*x_5*x_5 + 2*x_5*x_6 + 3*x_6*x_6 <= 28,quadratic,7,complete,ftqc,gadget,feasibility,1.0,0.10902537560424862,7,0,7,"{'Hadamard': 7, 'CNOT': 642, 'T': 5896}",6545,7,0,0,7,5903,642,5896
a_7_quadratic_01,1*x_0*x_0 + 2*x_0*x_1 + 1*x_0*x_2 + 2*x_0*x_3 + 2*x_0*x_4 + 2*x_0*x_5 + 3*x_0*x_6 + 3*x_1*x_1 + 3*x_1*x_2 + 3*x_1*x_3 + 1*x_1*x_4 + 1*x_1*x_5 + 3*x_1*x_6 + 1*x_2*x_2 + 1*x_2*x_3 + 2*x_2*x_4 + 2*x_2*x_5 + 2*x_2*x_6 + 2*x_3*x_3 + 1*x_3*x_4 + 3*x_3*x_5 + 1*x_3*x_6 + 1*x_4*x_4 + 1*x_4*x_5 + 2*x_4*x_6 + 2*x_5*x_5 + 2*x_5*x_6 + 3*x_6*x_6 <= 28,quadratic,7,complete,nisq,gadget,fidelity,3.0,0.9998814951450513,7,0,7,"{'Hadamard': 7, 'CNOT': 1926, 'RZ': 381, 'RX': 21}",2335,7,0,0,7,409,1926,0
a_7_quadratic_01,1*x_0*x_0 + 2*x_0*x_1 + 1*x_0*x_2 + 2*x_0*x_3 + 2*x_0*x_4 + 2*x_0*x_5 + 3*x_0*x_6 + 3*x_1*x_1 + 3*x_1*x_2 + 3*x_1*x_3 + 1*x_1*x_4 + 1*x_1*x_5 + 3*x_1*x_6 + 1*x_2*x_2 + 1*x_2*x_3 + 2*x_2*x_4 + 2*x_2*x_5 + 2*x_2*x_6 + 2*x_3*x_3 + 1*x_3*x_4 + 3*x_3*x_5 + 1*x_3*x_6 + 1*x_4*x_4 + 1*x_4*x_5 + 2*x_4*x_6 + 2*x_5*x_5 + 2*x_5*x_6 + 3*x_6*x_6 <= 28,quadratic,7,complete,ftqc,gadget,fidelity,3.0,0.9998814951450513,7,0,7,"{'Hadamard': 7, 'CNOT': 1926, 'T': 17688}",19621,7,0,0,7,17695,1926,17688
a_7_quadratic_01,1*x_0*x_0 + 2*x_0*x_1 + 1*x_0*x_2 + 2*x_0*x_3 + 2*x_0*x_4 + 2*x_0*x_5 + 3*x_0*x_6 + 3*x_1*x_1 + 3*x_1*x_2 + 3*x_1*x_3 + 1*x_1*x_4 + 1*x_1*x_5 + 3*x_1*x_6 + 1*x_2*x_2 + 1*x_2*x_3 + 2*x_2*x_4 + 2*x_2*x_5 + 2*x_2*x_6 + 2*x_3*x_3 + 1*x_3*x_4 + 3*x_3*x_5 + 1*x_3*x_6 + 1*x_4*x_4 + 1*x_4*x_5 + 2*x_4*x_6 + 2*x_5*x_5 + 2*x_5*x_6 + 3*x_6*x_6 <= 28,quadratic,7,complete,nisq,gadget,lambda_0.5,3.0,0.9993142881402974,7,0,7,"{'Hadamard': 7, 'CNOT': 1926, 'RZ': 381, 'RX': 21}",2335,7,0,0,7,409,1926,0
a_7_quadratic_01,1*x_0*x_0 + 2*x_0*x_1 + 1*x_0*x_2 + 2*x_0*x_3 + 2*x_0*x_4 + 2*x_0*x_5 + 3*x_0*x_6 + 3*x_1*x_1 + 3*x_1*x_2 + 3*x_1*x_3 + 1*x_1*x_4 + 1*x_1*x_5 + 3*x_1*x_6 + 1*x_2*x_2 + 1*x_2*x_3 + 2*x_2*x_4 + 2*x_2*x_5 + 2*x_2*x_6 + 2*x_3*x_3 + 1*x_3*x_4 + 3*x_3*x_5 + 1*x_3*x_6 + 1*x_4*x_4 + 1*x_4*x_5 + 2*x_4*x_6 + 2*x_5*x_5 + 2*x_5*x_6 + 3*x_6*x_6 <= 28,quadratic,7,complete,ftqc,gadget,lambda_0.5,3.0,0.9993142881402974,7,0,7,"{'Hadamard': 7, 'CNOT': 1926, 'T': 17688}",19621,7,0,0,7,17695,1926,17688
a_7_quadratic_01,1*x_0*x_0 + 2*x_0*x_1 + 1*x_0*x_2 + 2*x_0*x_3 + 2*x_0*x_4 + 2*x_0*x_5 + 3*x_0*x_6 + 3*x_1*x_1 + 3*x_1*x_2 + 3*x_1*x_3 + 1*x_1*x_4 + 1*x_1*x_5 + 3*x_1*x_6 + 1*x_2*x_2 + 1*x_2*x_3 + 2*x_2*x_4 + 2*x_2*x_5 + 2*x_2*x_6 + 2*x_3*x_3 + 1*x_3*x_4 + 3*x_3*x_5 + 1*x_3*x_6 + 1*x_4*x_4 + 1*x_4*x_5 + 2*x_4*x_6 + 2*x_5*x_5 + 2*x_5*x_6 + 3*x_6*x_6 <= 28,quadratic,7,complete,nisq,gadget,lambda_1,3.0,0.9998556566641896,7,0,7,"{'Hadamard': 7, 'CNOT': 1926, 'RZ': 381, 'RX': 21}",2335,7,0,0,7,409,1926,0
a_7_quadratic_01,1*x_0*x_0 + 2*x_0*x_1 + 1*x_0*x_2 + 2*x_0*x_3 + 2*x_0*x_4 + 2*x_0*x_5 + 3*x_0*x_6 + 3*x_1*x_1 + 3*x_1*x_2 + 3*x_1*x_3 + 1*x_1*x_4 + 1*x_1*x_5 + 3*x_1*x_6 + 1*x_2*x_2 + 1*x_2*x_3 + 2*x_2*x_4 + 2*x_2*x_5 + 2*x_2*x_6 + 2*x_3*x_3 + 1*x_3*x_4 + 3*x_3*x_5 + 1*x_3*x_6 + 1*x_4*x_4 + 1*x_4*x_5 + 2*x_4*x_6 + 2*x_5*x_5 + 2*x_5*x_6 + 3*x_6*x_6 <= 28,quadratic,7,complete,ftqc,gadget,lambda_1,3.0,0.9998556566641896,7,0,7,"{'Hadamard': 7, 'CNOT': 1926, 'T': 17688}",19621,7,0,0,7,17695,1926,17688
a_7_quadratic_01,1*x_0*x_0 + 2*x_0*x_1 + 1*x_0*x_2 + 2*x_0*x_3 + 2*x_0*x_4 + 2*x_0*x_5 + 3*x_0*x_6 + 3*x_1*x_1 + 3*x_1*x_2 + 3*x_1*x_3 + 1*x_1*x_4 + 1*x_1*x_5 + 3*x_1*x_6 + 1*x_2*x_2 + 1*x_2*x_3 + 2*x_2*x_4 + 2*x_2*x_5 + 2*x_2*x_6 + 2*x_3*x_3 + 1*x_3*x_4 + 3*x_3*x_5 + 1*x_3*x_6 + 1*x_4*x_4 + 1*x_4*x_5 + 2*x_4*x_6 + 2*x_5*x_5 + 2*x_5*x_6 + 3*x_6*x_6 <= 28,quadratic,7,complete,nisq,gadget,lambda_2,3.0,0.9995656612484628,7,0,7,"{'Hadamard': 7, 'CNOT': 1926, 'RZ': 381, 'RX': 21}",2335,7,0,0,7,409,1926,0
a_7_quadratic_01,1*x_0*x_0 + 2*x_0*x_1 + 1*x_0*x_2 + 2*x_0*x_3 + 2*x_0*x_4 + 2*x_0*x_5 + 3*x_0*x_6 + 3*x_1*x_1 + 3*x_1*x_2 + 3*x_1*x_3 + 1*x_1*x_4 + 1*x_1*x_5 + 3*x_1*x_6 + 1*x_2*x_2 + 1*x_2*x_3 + 2*x_2*x_4 + 2*x_2*x_5 + 2*x_2*x_6 + 2*x_3*x_3 + 1*x_3*x_4 + 3*x_3*x_5 + 1*x_3*x_6 + 1*x_4*x_4 + 1*x_4*x_5 + 2*x_4*x_6 + 2*x_5*x_5 + 2*x_5*x_6 + 3*x_6*x_6 <= 28,quadratic,7,complete,ftqc,gadget,lambda_2,3.0,0.9995656612484628,7,0,7,"{'Hadamard': 7, 'CNOT': 1926, 'T': 17688}",19621,7,0,0,7,17695,1926,17688
a_7_quadratic_01,1*x_0*x_0 + 2*x_0*x_1 + 1*x_0*x_2 + 2*x_0*x_3 + 2*x_0*x_4 + 2*x_0*x_5 + 3*x_0*x_6 + 3*x_1*x_1 + 3*x_1*x_2 + 3*x_1*x_3 + 1*x_1*x_4 + 1*x_1*x_5 + 3*x_1*x_6 + 1*x_2*x_2 + 1*x_2*x_3 + 2*x_2*x_4 + 2*x_2*x_5 + 2*x_2*x_6 + 2*x_3*x_3 + 1*x_3*x_4 + 3*x_3*x_5 + 1*x_3*x_6 + 1*x_4*x_4 + 1*x_4*x_5 + 2*x_4*x_6 + 2*x_5*x_5 + 2*x_5*x_6 + 3*x_6*x_6 <= 28,quadratic,7,complete,nisq,penalty_cost_layer,unit_penalty,,,7,5,12,"{'CNOT': 902, 'RZ': 253}",1155,12,0,0,12,253,902,0
a_7_quadratic_01,1*x_0*x_0 + 2*x_0*x_1 + 1*x_0*x_2 + 2*x_0*x_3 + 2*x_0*x_4 + 2*x_0*x_5 + 3*x_0*x_6 + 3*x_1*x_1 + 3*x_1*x_2 + 3*x_1*x_3 + 1*x_1*x_4 + 1*x_1*x_5 + 3*x_1*x_6 + 1*x_2*x_2 + 1*x_2*x_3 + 2*x_2*x_4 + 2*x_2*x_5 + 2*x_2*x_6 + 2*x_3*x_3 + 1*x_3*x_4 + 3*x_3*x_5 + 1*x_3*x_6 + 1*x_4*x_4 + 1*x_4*x_5 + 2*x_4*x_6 + 2*x_5*x_5 + 2*x_5*x_6 + 3*x_6*x_6 <= 28,quadratic,7,complete,ftqc,penalty_cost_layer,unit_penalty,,,7,5,12,"{'CNOT': 902, 'T': 11132}",12034,12,0,0,12,11132,902,11132
a_7_quadratic_02,1*x_0*x_0 + 2*x_0*x_1 + 2*x_0*x_2 + 1*x_0*x_3 + 3*x_0*x_4 + 1*x_0*x_5 + 3*x_0*x_6 + 1*x_1*x_1 + 3*x_1*x_2 + 2*x_1*x_3 + 3*x_1*x_4 + 1*x_1*x_5 + 2*x_1*x_6 + 3*x_2*x_2 + 3*x_2*x_3 + 3*x_2*x_4 + 3*x_2*x_5 + 3*x_2*x_6 + 2*x_3*x_3 + 2*x_3*x_4 + 2*x_3*x_5 + 2*x_3*x_6 + 1*x_4*x_4 + 2*x_4*x_5 + 3*x_4*x_6 + 3*x_5*x_5 + 2*x_5*x_6 + 3*x_6*x_6 <= 33,quadratic,7,complete,nisq,gadget,feasibility,1.0,0.773995068895882,7,0,7,"{'Hadamard': 7, 'CNOT': 642, 'RZ': 127, 'RX': 7}",783,7,0,0,7,141,642,0
a_7_quadratic_02,1*x_0*x_0 + 2*x_0*x_1 + 2*x_0*x_2 + 1*x_0*x_3 + 3*x_0*x_4 + 1*x_0*x_5 + 3*x_0*x_6 + 1*x_1*x_1 + 3*x_1*x_2 + 2*x_1*x_3 + 3*x_1*x_4 + 1*x_1*x_5 + 2*x_1*x_6 + 3*x_2*x_2 + 3*x_2*x_3 + 3*x_2*x_4 + 3*x_2*x_5 + 3*x_2*x_6 + 2*x_3*x_3 + 2*x_3*x_4 + 2*x_3*x_5 + 2*x_3*x_6 + 1*x_4*x_4 + 2*x_4*x_5 + 3*x_4*x_6 + 3*x_5*x_5 + 2*x_5*x_6 + 3*x_6*x_6 <= 33,quadratic,7,complete,ftqc,gadget,feasibility,1.0,0.773995068895882,7,0,7,"{'Hadamard': 7, 'CNOT': 642, 'T': 5896}",6545,7,0,0,7,5903,642,5896
a_7_quadratic_02,1*x_0*x_0 + 2*x_0*x_1 + 2*x_0*x_2 + 1*x_0*x_3 + 3*x_0*x_4 + 1*x_0*x_5 + 3*x_0*x_6 + 1*x_1*x_1 + 3*x_1*x_2 + 2*x_1*x_3 + 3*x_1*x_4 + 1*x_1*x_5 + 2*x_1*x_6 + 3*x_2*x_2 + 3*x_2*x_3 + 3*x_2*x_4 + 3*x_2*x_5 + 3*x_2*x_6 + 2*x_3*x_3 + 2*x_3*x_4 + 2*x_3*x_5 + 2*x_3*x_6 + 1*x_4*x_4 + 2*x_4*x_5 + 3*x_4*x_6 + 3*x_5*x_5 + 2*x_5*x_6 + 3*x_6*x_6 <= 33,quadratic,7,complete,nisq,gadget,fidelity,3.0,0.9996925009301448,7,0,7,"{'Hadamard': 7, 'CNOT': 1926, 'RZ': 381, 'RX': 21}",2335,7,0,0,7,409,1926,0
a_7_quadratic_02,1*x_0*x_0 + 2*x_0*x_1 + 2*x_0*x_2 + 1*x_0*x_3 + 3*x_0*x_4 + 1*x_0*x_5 + 3*x_0*x_6 + 1*x_1*x_1 + 3*x_1*x_2 + 2*x_1*x_3 + 3*x_1*x_4 + 1*x_1*x_5 + 2*x_1*x_6 + 3*x_2*x_2 + 3*x_2*x_3 + 3*x_2*x_4 + 3*x_2*x_5 + 3*x_2*x_6 + 2*x_3*x_3 + 2*x_3*x_4 + 2*x_3*x_5 + 2*x_3*x_6 + 1*x_4*x_4 + 2*x_4*x_5 + 3*x_4*x_6 + 3*x_5*x_5 + 2*x_5*x_6 + 3*x_6*x_6 <= 33,quadratic,7,complete,ftqc,gadget,fidelity,3.0,0.9996925009301448,7,0,7,"{'Hadamard': 7, 'CNOT': 1926, 'T': 17688}",19621,7,0,0,7,17695,1926,17688
a_7_quadratic_02,1*x_0*x_0 + 2*x_0*x_1 + 2*x_0*x_2 + 1*x_0*x_3 + 3*x_0*x_4 + 1*x_0*x_5 + 3*x_0*x_6 + 1*x_1*x_1 + 3*x_1*x_2 + 2*x_1*x_3 + 3*x_1*x_4 + 1*x_1*x_5 + 2*x_1*x_6 + 3*x_2*x_2 + 3*x_2*x_3 + 3*x_2*x_4 + 3*x_2*x_5 + 3*x_2*x_6 + 2*x_3*x_3 + 2*x_3*x_4 + 2*x_3*x_5 + 2*x_3*x_6 + 1*x_4*x_4 + 2*x_4*x_5 + 3*x_4*x_6 + 3*x_5*x_5 + 2*x_5*x_6 + 3*x_6*x_6 <= 33,quadratic,7,complete,nisq,gadget,lambda_0.5,3.0,0.9995850091802678,7,0,7,"{'Hadamard': 7, 'CNOT': 1926, 'RZ': 381, 'RX': 21}",2335,7,0,0,7,409,1926,0
a_7_quadratic_02,1*x_0*x_0 + 2*x_0*x_1 + 2*x_0*x_2 + 1*x_0*x_3 + 3*x_0*x_4 + 1*x_0*x_5 + 3*x_0*x_6 + 1*x_1*x_1 + 3*x_1*x_2 + 2*x_1*x_3 + 3*x_1*x_4 + 1*x_1*x_5 + 2*x_1*x_6 + 3*x_2*x_2 + 3*x_2*x_3 + 3*x_2*x_4 + 3*x_2*x_5 + 3*x_2*x_6 + 2*x_3*x_3 + 2*x_3*x_4 + 2*x_3*x_5 + 2*x_3*x_6 + 1*x_4*x_4 + 2*x_4*x_5 + 3*x_4*x_6 + 3*x_5*x_5 + 2*x_5*x_6 + 3*x_6*x_6 <= 33,quadratic,7,complete,ftqc,gadget,lambda_0.5,3.0,0.9995850091802678,7,0,7,"{'Hadamard': 7, 'CNOT': 1926, 'T': 17688}",19621,7,0,0,7,17695,1926,17688
a_7_quadratic_02,1*x_0*x_0 + 2*x_0*x_1 + 2*x_0*x_2 + 1*x_0*x_3 + 3*x_0*x_4 + 1*x_0*x_5 + 3*x_0*x_6 + 1*x_1*x_1 + 3*x_1*x_2 + 2*x_1*x_3 + 3*x_1*x_4 + 1*x_1*x_5 + 2*x_1*x_6 + 3*x_2*x_2 + 3*x_2*x_3 + 3*x_2*x_4 + 3*x_2*x_5 + 3*x_2*x_6 + 2*x_3*x_3 + 2*x_3*x_4 + 2*x_3*x_5 + 2*x_3*x_6 + 1*x_4*x_4 + 2*x_4*x_5 + 3*x_4*x_6 + 3*x_5*x_5 + 2*x_5*x_6 + 3*x_6*x_6 <= 33,quadratic,7,complete,nisq,gadget,lambda_1,3.0,0.9999347857696148,7,0,7,"{'Hadamard': 7, 'CNOT': 1926, 'RZ': 381, 'RX': 21}",2335,7,0,0,7,409,1926,0
a_7_quadratic_02,1*x_0*x_0 + 2*x_0*x_1 + 2*x_0*x_2 + 1*x_0*x_3 + 3*x_0*x_4 + 1*x_0*x_5 + 3*x_0*x_6 + 1*x_1*x_1 + 3*x_1*x_2 + 2*x_1*x_3 + 3*x_1*x_4 + 1*x_1*x_5 + 2*x_1*x_6 + 3*x_2*x_2 + 3*x_2*x_3 + 3*x_2*x_4 + 3*x_2*x_5 + 3*x_2*x_6 + 2*x_3*x_3 + 2*x_3*x_4 + 2*x_3*x_5 + 2*x_3*x_6 + 1*x_4*x_4 + 2*x_4*x_5 + 3*x_4*x_6 + 3*x_5*x_5 + 2*x_5*x_6 + 3*x_6*x_6 <= 33,quadratic,7,complete,ftqc,gadget,lambda_1,3.0,0.9999347857696148,7,0,7,"{'Hadamard': 7, 'CNOT': 1926, 'T': 17688}",19621,7,0,0,7,17695,1926,17688
a_7_quadratic_02,1*x_0*x_0 + 2*x_0*x_1 + 2*x_0*x_2 + 1*x_0*x_3 + 3*x_0*x_4 + 1*x_0*x_5 + 3*x_0*x_6 + 1*x_1*x_1 + 3*x_1*x_2 + 2*x_1*x_3 + 3*x_1*x_4 + 1*x_1*x_5 + 2*x_1*x_6 + 3*x_2*x_2 + 3*x_2*x_3 + 3*x_2*x_4 + 3*x_2*x_5 + 3*x_2*x_6 + 2*x_3*x_3 + 2*x_3*x_4 + 2*x_3*x_5 + 2*x_3*x_6 + 1*x_4*x_4 + 2*x_4*x_5 + 3*x_4*x_6 + 3*x_5*x_5 + 2*x_5*x_6 + 3*x_6*x_6 <= 33,quadratic,7,complete,nisq,gadget,lambda_2,3.0,0.9996235812451186,7,0,7,"{'Hadamard': 7, 'CNOT': 1926, 'RZ': 381, 'RX': 21}",2335,7,0,0,7,409,1926,0
a_7_quadratic_02,1*x_0*x_0 + 2*x_0*x_1 + 2*x_0*x_2 + 1*x_0*x_3 + 3*x_0*x_4 + 1*x_0*x_5 + 3*x_0*x_6 + 1*x_1*x_1 + 3*x_1*x_2 + 2*x_1*x_3 + 3*x_1*x_4 + 1*x_1*x_5 + 2*x_1*x_6 + 3*x_2*x_2 + 3*x_2*x_3 + 3*x_2*x_4 + 3*x_2*x_5 + 3*x_2*x_6 + 2*x_3*x_3 + 2*x_3*x_4 + 2*x_3*x_5 + 2*x_3*x_6 + 1*x_4*x_4 + 2*x_4*x_5 + 3*x_4*x_6 + 3*x_5*x_5 + 2*x_5*x_6 + 3*x_6*x_6 <= 33,quadratic,7,complete,ftqc,gadget,lambda_2,3.0,0.9996235812451186,7,0,7,"{'Hadamard': 7, 'CNOT': 1926, 'T': 17688}",19621,7,0,0,7,17695,1926,17688
a_7_quadratic_02,1*x_0*x_0 + 2*x_0*x_1 + 2*x_0*x_2 + 1*x_0*x_3 + 3*x_0*x_4 + 1*x_0*x_5 + 3*x_0*x_6 + 1*x_1*x_1 + 3*x_1*x_2 + 2*x_1*x_3 + 3*x_1*x_4 + 1*x_1*x_5 + 2*x_1*x_6 + 3*x_2*x_2 + 3*x_2*x_3 + 3*x_2*x_4 + 3*x_2*x_5 + 3*x_2*x_6 + 2*x_3*x_3 + 2*x_3*x_4 + 2*x_3*x_5 + 2*x_3*x_6 + 1*x_4*x_4 + 2*x_4*x_5 + 3*x_4*x_6 + 3*x_5*x_5 + 2*x_5*x_6 + 3*x_6*x_6 <= 33,quadratic,7,complete,nisq,penalty_cost_layer,unit_penalty,,,7,6,13,"{'CNOT': 1010, 'RZ': 287}",1297,13,0,0,13,287,1010,0
a_7_quadratic_02,1*x_0*x_0 + 2*x_0*x_1 + 2*x_0*x_2 + 1*x_0*x_3 + 3*x_0*x_4 + 1*x_0*x_5 + 3*x_0*x_6 + 1*x_1*x_1 + 3*x_1*x_2 + 2*x_1*x_3 + 3*x_1*x_4 + 1*x_1*x_5 + 2*x_1*x_6 + 3*x_2*x_2 + 3*x_2*x_3 + 3*x_2*x_4 + 3*x_2*x_5 + 3*x_2*x_6 + 2*x_3*x_3 + 2*x_3*x_4 + 2*x_3*x_5 + 2*x_3*x_6 + 1*x_4*x_4 + 2*x_4*x_5 + 3*x_4*x_6 + 3*x_5*x_5 + 2*x_5*x_6 + 3*x_6*x_6 <= 33,quadratic,7,complete,ftqc,penalty_cost_layer,unit_penalty,,,7,6,13,"{'CNOT': 1010, 'T': 12628}",13638,13,0,0,13,12628,1010,12628
a_7_quadratic_03,2*x_0*x_0 + 3*x_0*x_1 + 3*x_0*x_2 + 2*x_0*x_3 + 2*x_0*x_4 + 1*x_0*x_5 + 3*x_0*x_6 + 1*x_1*x_1 + 1*x_1*x_2 + 1*x_1*x_3 + 3*x_1*x_4 + 1*x_1*x_5 + 1*x_1*x_6 + 1*x_2*x_2 + 1*x_2*x_3 + 1*x_2*x_4 + 1*x_2*x_5 + 3*x_2*x_6 + 1*x_3*x_3 + 2*x_3*x_4 + 1*x_3*x_5 + 1*x_3*x_6 + 3*x_4*x_4 + 3*x_4*x_5 + 2*x_4*x_6 + 2*x_5*x_5 + 3*x_5*x_6 + 3*x_6*x_6 <= 25,quadratic,7,complete,nisq,gadget,feasibility,1.0,0.032272384508511796,7,0,7,"{'Hadamard': 7, 'CNOT': 642, 'RZ': 127, 'RX': 7}",783,7,0,0,7,141,642,0
a_7_quadratic_03,2*x_0*x_0 + 3*x_0*x_1 + 3*x_0*x_2 + 2*x_0*x_3 + 2*x_0*x_4 + 1*x_0*x_5 + 3*x_0*x_6 + 1*x_1*x_1 + 1*x_1*x_2 + 1*x_1*x_3 + 3*x_1*x_4 + 1*x_1*x_5 + 1*x_1*x_6 + 1*x_2*x_2 + 1*x_2*x_3 + 1*x_2*x_4 + 1*x_2*x_5 + 3*x_2*x_6 + 1*x_3*x_3 + 2*x_3*x_4 + 1*x_3*x_5 + 1*x_3*x_6 + 3*x_4*x_4 + 3*x_4*x_5 + 2*x_4*x_6 + 2*x_5*x_5 + 3*x_5*x_6 + 3*x_6*x_6 <= 25,quadratic,7,complete,ftqc,gadget,feasibility,1.0,0.032272384508511796,7,0,7,"{'Hadamard': 7, 'CNOT': 642, 'T': 5896}",6545,7,0,0,7,5903,642,5896
a_7_quadratic_03,2*x_0*x_0 + 3*x_0*x_1 + 3*x_0*x_2 + 2*x_0*x_3 + 2*x_0*x_4 + 1*x_0*x_5 + 3*x_0*x_6 + 1*x_1*x_1 + 1*x_1*x_2 + 1*x_1*x_3 + 3*x_1*x_4 + 1*x_1*x_5 + 1*x_1*x_6 + 1*x_2*x_2 + 1*x_2*x_3 + 1*x_2*x_4 + 1*x_2*x_5 + 3*x_2*x_6 + 1*x_3*x_3 + 2*x_3*x_4 + 1*x_3*x_5 + 1*x_3*x_6 + 3*x_4*x_4 + 3*x_4*x_5 + 2*x_4*x_6 + 2*x_5*x_5 + 3*x_5*x_6 + 3*x_6*x_6 <= 25,quadratic,7,complete,nisq,gadget,fidelity,3.0,0.9996562342194066,7,0,7,"{'Hadamard': 7, 'CNOT': 1926, 'RZ': 381, 'RX': 21}",2335,7,0,0,7,409,1926,0
a_7_quadratic_03,2*x_0*x_0 + 3*x_0*x_1 + 3*x_0*x_2 + 2*x_0*x_3 + 2*x_0*x_4 + 1*x_0*x_5 + 3*x_0*x_6 + 1*x_1*x_1 + 1*x_1*x_2 + 1*x_1*x_3 + 3*x_1*x_4 + 1*x_1*x_5 + 1*x_1*x_6 + 1*x_2*x_2 + 1*x_2*x_3 + 1*x_2*x_4 + 1*x_2*x_5 + 3*x_2*x_6 + 1*x_3*x_3 + 2*x_3*x_4 + 1*x_3*x_5 + 1*x_3*x_6 + 3*x_4*x_4 + 3*x_4*x_5 + 2*x_4*x_6 + 2*x_5*x_5 + 3*x_5*x_6 + 3*x_6*x_6 <= 25,quadratic,7,complete,ftqc,gadget,fidelity,3.0,0.9996562342194066,7,0,7,"{'Hadamard': 7, 'CNOT': 1926, 'T': 17688}",19621,7,0,0,7,17695,1926,17688
a_7_quadratic_03,2*x_0*x_0 + 3*x_0*x_1 + 3*x_0*x_2 + 2*x_0*x_3 + 2*x_0*x_4 + 1*x_0*x_5 + 3*x_0*x_6 + 1*x_1*x_1 + 1*x_1*x_2 + 1*x_1*x_3 + 3*x_1*x_4 + 1*x_1*x_5 + 1*x_1*x_6 + 1*x_2*x_2 + 1*x_2*x_3 + 1*x_2*x_4 + 1*x_2*x_5 + 3*x_2*x_6 + 1*x_3*x_3 + 2*x_3*x_4 + 1*x_3*x_5 + 1*x_3*x_6 + 3*x_4*x_4 + 3*x_4*x_5 + 2*x_4*x_6 + 2*x_5*x_5 + 3*x_5*x_6 + 3*x_6*x_6 <= 25,quadratic,7,complete,nisq,gadget,lambda_0.5,3.0,0.999156774244196,7,0,7,"{'Hadamard': 7, 'CNOT': 1926, 'RZ': 381, 'RX': 21}",2335,7,0,0,7,409,1926,0
a_7_quadratic_03,2*x_0*x_0 + 3*x_0*x_1 + 3*x_0*x_2 + 2*x_0*x_3 + 2*x_0*x_4 + 1*x_0*x_5 + 3*x_0*x_6 + 1*x_1*x_1 + 1*x_1*x_2 + 1*x_1*x_3 + 3*x_1*x_4 + 1*x_1*x_5 + 1*x_1*x_6 + 1*x_2*x_2 + 1*x_2*x_3 + 1*x_2*x_4 + 1*x_2*x_5 + 3*x_2*x_6 + 1*x_3*x_3 + 2*x_3*x_4 + 1*x_3*x_5 + 1*x_3*x_6 + 3*x_4*x_4 + 3*x_4*x_5 + 2*x_4*x_6 + 2*x_5*x_5 + 3*x_5*x_6 + 3*x_6*x_6 <= 25,quadratic,7,complete,ftqc,gadget,lambda_0.5,3.0,0.999156774244196,7,0,7,"{'Hadamard': 7, 'CNOT': 1926, 'T': 17688}",19621,7,0,0,7,17695,1926,17688
a_7_quadratic_03,2*x_0*x_0 + 3*x_0*x_1 + 3*x_0*x_2 + 2*x_0*x_3 + 2*x_0*x_4 + 1*x_0*x_5 + 3*x_0*x_6 + 1*x_1*x_1 + 1*x_1*x_2 + 1*x_1*x_3 + 3*x_1*x_4 + 1*x_1*x_5 + 1*x_1*x_6 + 1*x_2*x_2 + 1*x_2*x_3 + 1*x_2*x_4 + 1*x_2*x_5 + 3*x_2*x_6 + 1*x_3*x_3 + 2*x_3*x_4 + 1*x_3*x_5 + 1*x_3*x_6 + 3*x_4*x_4 + 3*x_4*x_5 + 2*x_4*x_6 + 2*x_5*x_5 + 3*x_5*x_6 + 3*x_6*x_6 <= 25,quadratic,7,complete,nisq,gadget,lambda_1,3.0,0.9992313955111284,7,0,7,"{'Hadamard': 7, 'CNOT': 1926, 'RZ': 381, 'RX': 21}",2335,7,0,0,7,409,1926,0
a_7_quadratic_03,2*x_0*x_0 + 3*x_0*x_1 + 3*x_0*x_2 + 2*x_0*x_3 + 2*x_0*x_4 + 1*x_0*x_5 + 3*x_0*x_6 + 1*x_1*x_1 + 1*x_1*x_2 + 1*x_1*x_3 + 3*x_1*x_4 + 1*x_1*x_5 + 1*x_1*x_6 + 1*x_2*x_2 + 1*x_2*x_3 + 1*x_2*x_4 + 1*x_2*x_5 + 3*x_2*x_6 + 1*x_3*x_3 + 2*x_3*x_4 + 1*x_3*x_5 + 1*x_3*x_6 + 3*x_4*x_4 + 3*x_4*x_5 + 2*x_4*x_6 + 2*x_5*x_5 + 3*x_5*x_6 + 3*x_6*x_6 <= 25,quadratic,7,complete,ftqc,gadget,lambda_1,3.0,0.9992313955111284,7,0,7,"{'Hadamard': 7, 'CNOT': 1926, 'T': 17688}",19621,7,0,0,7,17695,1926,17688
a_7_quadratic_03,2*x_0*x_0 + 3*x_0*x_1 + 3*x_0*x_2 + 2*x_0*x_3 + 2*x_0*x_4 + 1*x_0*x_5 + 3*x_0*x_6 + 1*x_1*x_1 + 1*x_1*x_2 + 1*x_1*x_3 + 3*x_1*x_4 + 1*x_1*x_5 + 1*x_1*x_6 + 1*x_2*x_2 + 1*x_2*x_3 + 1*x_2*x_4 + 1*x_2*x_5 + 3*x_2*x_6 + 1*x_3*x_3 + 2*x_3*x_4 + 1*x_3*x_5 + 1*x_3*x_6 + 3*x_4*x_4 + 3*x_4*x_5 + 2*x_4*x_6 + 2*x_5*x_5 + 3*x_5*x_6 + 3*x_6*x_6 <= 25,quadratic,7,complete,nisq,gadget,lambda_2,3.0,0.9994556195250278,7,0,7,"{'Hadamard': 7, 'CNOT': 1926, 'RZ': 381, 'RX': 21}",2335,7,0,0,7,409,1926,0
a_7_quadratic_03,2*x_0*x_0 + 3*x_0*x_1 + 3*x_0*x_2 + 2*x_0*x_3 + 2*x_0*x_4 + 1*x_0*x_5 + 3*x_0*x_6 + 1*x_1*x_1 + 1*x_1*x_2 + 1*x_1*x_3 + 3*x_1*x_4 + 1*x_1*x_5 + 1*x_1*x_6 + 1*x_2*x_2 + 1*x_2*x_3 + 1*x_2*x_4 + 1*x_2*x_5 + 3*x_2*x_6 + 1*x_3*x_3 + 2*x_3*x_4 + 1*x_3*x_5 + 1*x_3*x_6 + 3*x_4*x_4 + 3*x_4*x_5 + 2*x_4*x_6 + 2*x_5*x_5 + 3*x_5*x_6 + 3*x_6*x_6 <= 25,quadratic,7,complete,ftqc,gadget,lambda_2,3.0,0.9994556195250278,7,0,7,"{'Hadamard': 7, 'CNOT': 1926, 'T': 17688}",19621,7,0,0,7,17695,1926,17688
a_7_quadratic_03,2*x_0*x_0 + 3*x_0*x_1 + 3*x_0*x_2 + 2*x_0*x_3 + 2*x_0*x_4 + 1*x_0*x_5 + 3*x_0*x_6 + 1*x_1*x_1 + 1*x_1*x_2 + 1*x_1*x_3 + 3*x_1*x_4 + 1*x_1*x_5 + 1*x_1*x_6 + 1*x_2*x_2 + 1*x_2*x_3 + 1*x_2*x_4 + 1*x_2*x_5 + 3*x_2*x_6 + 1*x_3*x_3 + 2*x_3*x_4 + 1*x_3*x_5 + 1*x_3*x_6 + 3*x_4*x_4 + 3*x_4*x_5 + 2*x_4*x_6 + 2*x_5*x_5 + 3*x_5*x_6 + 3*x_6*x_6 <= 25,quadratic,7,complete,nisq,penalty_cost_layer,unit_penalty,,,7,5,12,"{'CNOT': 902, 'RZ': 253}",1155,12,0,0,12,253,902,0
a_7_quadratic_03,2*x_0*x_0 + 3*x_0*x_1 + 3*x_0*x_2 + 2*x_0*x_3 + 2*x_0*x_4 + 1*x_0*x_5 + 3*x_0*x_6 + 1*x_1*x_1 + 1*x_1*x_2 + 1*x_1*x_3 + 3*x_1*x_4 + 1*x_1*x_5 + 1*x_1*x_6 + 1*x_2*x_2 + 1*x_2*x_3 + 1*x_2*x_4 + 1*x_2*x_5 + 3*x_2*x_6 + 1*x_3*x_3 + 2*x_3*x_4 + 1*x_3*x_5 + 1*x_3*x_6 + 3*x_4*x_4 + 3*x_4*x_5 + 2*x_4*x_6 + 2*x_5*x_5 + 3*x_5*x_6 + 3*x_6*x_6 <= 25,quadratic,7,complete,ftqc,penalty_cost_layer,unit_penalty,,,7,5,12,"{'CNOT': 902, 'T': 11132}",12034,12,0,0,12,11132,902,11132
a_8_equality_01,4*x_0 + 1*x_1 + 1*x_2 + 3*x_3 + 1*x_4 + 2*x_5 + 4*x_6 + 1*x_7 == 9,equality,8,complete,nisq,gadget,feasibility,1.0,0.8853060618109404,8,0,8,"{'Hadamard': 8, 'CNOT': 1538, 'RZ': 255, 'RX': 8}",1809,8,0,0,8,271,1538,0
a_8_equality_01,4*x_0 + 1*x_1 + 1*x_2 + 3*x_3 + 1*x_4 + 2*x_5 + 4*x_6 + 1*x_7 == 9,equality,8,complete,ftqc,gadget,feasibility,1.0,0.8853060618109404,8,0,8,"{'Hadamard': 8, 'CNOT': 1538, 'T': 11572}",13118,8,0,0,8,11580,1538,11572
a_8_equality_01,4*x_0 + 1*x_1 + 1*x_2 + 3*x_3 + 1*x_4 + 2*x_5 + 4*x_6 + 1*x_7 == 9,equality,8,complete,nisq,gadget,fidelity,4.0,0.9995047392299576,8,0,8,"{'Hadamard': 8, 'CNOT': 6152, 'RZ': 1020, 'RX': 32}",7212,8,0,0,8,1060,6152,0
a_8_equality_01,4*x_0 + 1*x_1 + 1*x_2 + 3*x_3 + 1*x_4 + 2*x_5 + 4*x_6 + 1*x_7 == 9,equality,8,complete,ftqc,gadget,fidelity,4.0,0.9995047392299576,8,0,8,"{'Hadamard': 8, 'CNOT': 6152, 'T': 46288}",52448,8,0,0,8,46296,6152,46288
a_8_equality_01,4*x_0 + 1*x_1 + 1*x_2 + 3*x_3 + 1*x_4 + 2*x_5 + 4*x_6 + 1*x_7 == 9,equality,8,complete,nisq,gadget,lambda_0.5,5.0,0.9998902774032943,8,0,8,"{'Hadamard': 8, 'CNOT': 7690, 'RZ': 1275, 'RX': 40}",9013,8,0,0,8,1323,7690,0
a_8_equality_01,4*x_0 + 1*x_1 + 1*x_2 + 3*x_3 + 1*x_4 + 2*x_5 + 4*x_6 + 1*x_7 == 9,equality,8,complete,ftqc,gadget,lambda_0.5,5.0,0.9998902774032943,8,0,8,"{'Hadamard': 8, 'CNOT': 7690, 'T': 57860}",65558,8,0,0,8,57868,7690,57860
a_8_equality_01,4*x_0 + 1*x_1 + 1*x_2 + 3*x_3 + 1*x_4 + 2*x_5 + 4*x_6 + 1*x_7 == 9,equality,8,complete,nisq,gadget,lambda_1,5.0,0.9996897172782957,8,0,8,"{'Hadamard': 8, 'CNOT': 7690, 'RZ': 1275, 'RX': 40}",9013,8,0,0,8,1323,7690,0
a_8_equality_01,4*x_0 + 1*x_1 + 1*x_2 + 3*x_3 + 1*x_4 + 2*x_5 + 4*x_6 + 1*x_7 == 9,equality,8,complete,ftqc,gadget,lambda_1,5.0,0.9996897172782957,8,0,8,"{'Hadamard': 8, 'CNOT': 7690, 'T': 57860}",65558,8,0,0,8,57868,7690,57860
a_8_equality_01,4*x_0 + 1*x_1 + 1*x_2 + 3*x_3 + 1*x_4 + 2*x_5 + 4*x_6 + 1*x_7 == 9,equality,8,complete,nisq,gadget,lambda_2,6.0,0.9993540406130164,8,0,8,"{'Hadamard': 8, 'CNOT': 9228, 'RZ': 1530, 'RX': 48}",10814,8,0,0,8,1586,9228,0
a_8_equality_01,4*x_0 + 1*x_1 + 1*x_2 + 3*x_3 + 1*x_4 + 2*x_5 + 4*x_6 + 1*x_7 == 9,equality,8,complete,ftqc,gadget,lambda_2,6.0,0.9993540406130164,8,0,8,"{'Hadamard': 8, 'CNOT': 9228, 'T': 69432}",78668,8,0,0,8,69440,9228,69432
a_8_equality_01,4*x_0 + 1*x_1 + 1*x_2 + 3*x_3 + 1*x_4 + 2*x_5 + 4*x_6 + 1*x_7 == 9,equality,8,complete,nisq,penalty_cost_layer,unit_penalty,,,8,0,8,"{'CNOT': 56, 'RZ': 36}",92,8,0,0,8,36,56,0
a_8_equality_01,4*x_0 + 1*x_1 + 1*x_2 + 3*x_3 + 1*x_4 + 2*x_5 + 4*x_6 + 1*x_7 == 9,equality,8,complete,ftqc,penalty_cost_layer,unit_penalty,,,8,0,8,"{'CNOT': 56, 'T': 1584}",1640,8,0,0,8,1584,56,1584
a_8_equality_02,1*x_0 + 1*x_1 + 3*x_2 + 4*x_3 + 1*x_4 + 2*x_5 + 5*x_6 + 5*x_7 == 11,equality,8,complete,nisq,gadget,feasibility,1.0,0.9365731537688979,8,0,8,"{'Hadamard': 8, 'CNOT': 770, 'RZ': 127, 'RX': 8}",913,8,0,0,8,143,770,0
a_8_equality_02,1*x_0 + 1*x_1 + 3*x_2 + 4*x_3 + 1*x_4 + 2*x_5 + 5*x_6 + 5*x_7 == 11,equality,8,complete,ftqc,gadget,feasibility,1.0,0.9365731537688979,8,0,8,"{'Hadamard': 8, 'CNOT': 770, 'T': 5940}",6718,8,0,0,8,5948,770,5940
a_8_equality_02,1*x_0 + 1*x_1 + 3*x_2 + 4*x_3 + 1*x_4 + 2*x_5 + 5*x_6 + 5*x_7 == 11,equality,8,complete,nisq,gadget,fidelity,4.0,0.999800870533996,8,0,8,"{'Hadamard': 8, 'CNOT': 3080, 'RZ': 508, 'RX': 32}",3628,8,0,0,8,548,3080,0
a_8_equality_02,1*x_0 + 1*x_1 + 3*x_2 + 4*x_3 + 1*x_4 + 2*x_5 + 5*x_6 + 5*x_7 == 11,equality,8,complete,ftqc,gadget,fidelity,4.0,0.999800870533996,8,0,8,"{'Hadamard': 8, 'CNOT': 3080, 'T': 23760}",26848,8,0,0,8,23768,3080,23760
a_8_equality_02,1*x_0 + 1*x_1 + 3*x_2 + 4*x_3 + 1*x_4 + 2*x_5 + 5*x_6 + 5*x_7 == 11,equality,8,complete,nisq,gadget,lambda_0.5,4.0,0.9995274376685366,8,0,8,"{'Hadamard': 8, 'CNOT': 3080, 'RZ': 508, 'RX': 32}",3628,8,0,0,8,548,3080,0
a_8_equality_02,1*x_0 + 1*x_1 + 3*x_2 + 4*x_3 + 1*x_4 + 2*x_5 + 5*x_6 + 5*x_7 == 11,equality,8,complete,ftqc,gadget,lambda_0.5,4.0,0.9995274376685366,8,0,8,"{'Hadamard': 8, 'CNOT': 3080, 'T': 23760}",26848,8,0,0,8,23768,3080,23760
a_8_equality_02,1*x_0 + 1*x_1 + 3*x_2 + 4*x_3 + 1*x_4 + 2*x_5 + 5*x_6 + 5*x_7 == 11,equality,8,complete,nisq,gadget,lambda_1,5.0,0.9999576811061377,8,0,8,"{'Hadamard': 8, 'CNOT': 3850, 'RZ': 635, 'RX': 40}",4533,8,0,0,8,683,3850,0
a_8_equality_02,1*x_0 + 1*x_1 + 3*x_2 + 4*x_3 + 1*x_4 + 2*x_5 + 5*x_6 + 5*x_7 == 11,equality,8,complete,ftqc,gadget,lambda_1,5.0,0.9999576811061377,8,0,8,"{'Hadamard': 8, 'CNOT': 3850, 'T': 29700}",33558,8,0,0,8,29708,3850,29700
a_8_equality_02,1*x_0 + 1*x_1 + 3*x_2 + 4*x_3 + 1*x_4 + 2*x_5 + 5*x_6 + 5*x_7 == 11,equality,8,complete,nisq,gadget,lambda_2,5.0,0.9996619959964564,8,0,8,"{'Hadamard': 8, 'CNOT': 3850, 'RZ': 635, 'RX': 40}",4533,8,0,0,8,683,3850,0
a_8_equality_02,1*x_0 + 1*x_1 + 3*x_2 + 4*x_3 + 1*x_4 + 2*x_5 + 5*x_6 + 5*x_7 == 11,equality,8,complete,ftqc,gadget,lambda_2,5.0,0.9996619959964564,8,0,8,"{'Hadamard': 8, 'CNOT': 3850, 'T': 29700}",33558,8,0,0,8,29708,3850,29700
a_8_equality_02,1*x_0 + 1*x_1 + 3*x_2 + 4*x_3 + 1*x_4 + 2*x_5 + 5*x_6 + 5*x_7 == 11,equality,8,complete,nisq,penalty_cost_layer,unit_penalty,,,8,0,8,"{'CNOT': 56, 'RZ': 36}",92,8,0,0,8,36,56,0
a_8_equality_02,1*x_0 + 1*x_1 + 3*x_2 + 4*x_3 + 1*x_4 + 2*x_5 + 5*x_6 + 5*x_7 == 11,equality,8,complete,ftqc,penalty_cost_layer,unit_penalty,,,8,0,8,"{'CNOT': 56, 'T': 1584}",1640,8,0,0,8,1584,56,1584
a_8_mixed_01,-1*x_0 + 2*x_1 + 5*x_2 - 2*x_3 + 5*x_4 - 3*x_5 + 4*x_6 + 3*x_7 <= 6,mixed,8,complete,nisq,gadget,feasibility,1.0,0.30933775023287186,8,0,8,"{'Hadamard': 8, 'CNOT': 540, 'RZ': 94, 'RX': 8}",650,8,0,0,8,110,540,0
a_8_mixed_01,-1*x_0 + 2*x_1 + 5*x_2 - 2*x_3 + 5*x_4 - 3*x_5 + 4*x_6 + 3*x_7 <= 6,mixed,8,complete,ftqc,gadget,feasibility,1.0,0.30933775023287186,8,0,8,"{'Hadamard': 8, 'CNOT': 540, 'T': 4488}",5036,8,0,0,8,4496,540,4488
a_8_mixed_01,-1*x_0 + 2*x_1 + 5*x_2 - 2*x_3 + 5*x_4 - 3*x_5 + 4*x_6 + 3*x_7 <= 6,mixed,8,complete,nisq,gadget,fidelity,8.0,0.9993898489244126,8,0,8,"{'Hadamard': 8, 'CNOT': 4320, 'RZ': 752, 'RX': 64}",5144,8,0,0,8,824,4320,0
a_8_mixed_01,-1*x_0 + 2*x_1 + 5*x_2 - 2*x_3 + 5*x_4 - 3*x_5 + 4*x_6 + 3*x_7 <= 6,mixed,8,complete,ftqc,gadget,fidelity,8.0,0.9993898489244126,8,0,8,"{'Hadamard': 8, 'CNOT': 4320, 'T': 35904}",40232,8,0,0,8,35912,4320,35904
a_8_mixed_01,-1*x_0 + 2*x_1 + 5*x_2 - 2*x_3 + 5*x_4 - 3*x_5 + 4*x_6 + 3*x_7 <= 6,mixed,8,complete,nisq,gadget,lambda_0.5,8.0,0.9974980549324494,8,0,8,"{'Hadamard': 8, 'CNOT': 4320, 'RZ': 752, 'RX': 64}",5144,8,0,0,8,824,4320,0
a_8_mixed_01,-1*x_0 + 2*x_1 + 5*x_2 - 2*x_3 + 5*x_4 - 3*x_5 + 4*x_6 + 3*x_7 <= 6,mixed,8,complete,ftqc,gadget,lambda_0.5,8.0,0.9974980549324494,8,0,8,"{'Hadamard': 8, 'CNOT': 4320, 'T': 35904}",40232,8,0,0,8,35912,4320,35904
a_8_mixed_01,-1*x_0 + 2*x_1 + 5*x_2 - 2*x_3 + 5*x_4 - 3*x_5 + 4*x_6 + 3*x_7 <= 6,mixed,8,complete,nisq,gadget,lambda_1,7.0,0.9978300805878558,8,0,8,"{'Hadamard': 8, 'CNOT': 3780, 'RZ': 658, 'RX': 56}",4502,8,0,0,8,722,3780,0
a_8_mixed_01,-1*x_0 + 2*x_1 + 5*x_2 - 2*x_3 + 5*x_4 - 3*x_5 + 4*x_6 + 3*x_7 <= 6,mixed,8,complete,ftqc,gadget,lambda_1,7.0,0.9978300805878558,8,0,8,"{'Hadamard': 8, 'CNOT': 3780, 'T': 31416}",35204,8,0,0,8,31424,3780,31416
a_8_mixed_01,-1*x_0 + 2*x_1 + 5*x_2 - 2*x_3 + 5*x_4 - 3*x_5 + 4*x_6 + 3*x_7 <= 6,mixed,8,complete,nisq,gadget,lambda_2,7.0,0.9959687453862733,8,0,8,"{'Hadamard': 8, 'CNOT': 3780, 'RZ': 658, 'RX': 56}",4502,8,0,0,8,722,3780,0
a_8_mixed_01,-1*x_0 + 2*x_1 + 5*x_2 - 2*x_3 + 5*x_4 - 3*x_5 + 4*x_6 + 3*x_7 <= 6,mixed,8,complete,ftqc,gadget,lambda_2,7.0,0.9959687453862733,8,0,8,"{'Hadamard': 8, 'CNOT': 3780, 'T': 31416}",35204,8,0,0,8,31424,3780,31416
a_8_mixed_01,-1*x_0 + 2*x_1 + 5*x_2 - 2*x_3 + 5*x_4 - 3*x_5 + 4*x_6 + 3*x_7 <= 6,mixed,8,complete,nisq,penalty_cost_layer,unit_penalty,,,8,4,12,"{'CNOT': 132, 'RZ': 78}",210,12,0,0,12,78,132,0
a_8_mixed_01,-1*x_0 + 2*x_1 + 5*x_2 - 2*x_3 + 5*x_4 - 3*x_5 + 4*x_6 + 3*x_7 <= 6,mixed,8,complete,ftqc,penalty_cost_layer,unit_penalty,,,8,4,12,"{'CNOT': 132, 'T': 3432}",3564,12,0,0,12,3432,132,3432
a_8_mixed_02,4*x_0 - 2*x_1 + 1*x_2 - 1*x_3 + 3*x_4 + 5*x_5 + 1*x_6 - 3*x_7 <= 3,mixed,8,complete,nisq,gadget,feasibility,1.0,0.33640417406845813,8,0,8,"{'Hadamard': 8, 'CNOT': 1158, 'RZ': 190, 'RX': 8}",1364,8,0,0,8,206,1158,0
a_8_mixed_02,4*x_0 - 2*x_1 + 1*x_2 - 1*x_3 + 3*x_4 + 5*x_5 + 1*x_6 - 3*x_7 <= 3,mixed,8,complete,ftqc,gadget,feasibility,1.0,0.33640417406845813,8,0,8,"{'Hadamard': 8, 'CNOT': 1158, 'T': 8712}",9878,8,0,0,8,8720,1158,8712
a_8_mixed_02,4*x_0 - 2*x_1 + 1*x_2 - 1*x_3 + 3*x_4 + 5*x_5 + 1*x_6 - 3*x_7 <= 3,mixed,8,complete,nisq,gadget,fidelity,5.0,0.9999327156914999,8,0,8,"{'Hadamard': 8, 'CNOT': 5790, 'RZ': 950, 'RX': 40}",6788,8,0,0,8,998,5790,0
a_8_mixed_02,4*x_0 - 2*x_1 + 1*x_2 - 1*x_3 + 3*x_4 + 5*x_5 + 1*x_6 - 3*x_7 <= 3,mixed,8,complete,ftqc,gadget,fidelity,5.0,0.9999327156914999,8,0,8,"{'Hadamard': 8, 'CNOT': 5790, 'T': 43560}",49358,8,0,0,8,43568,5790,43560
a_8_mixed_02,4*x_0 - 2*x_1 + 1*x_2 - 1*x_3 + 3*x_4 + 5*x_5 + 1*x_6 - 3*x_7 <= 3,mixed,8,complete,nisq,gadget,lambda_0.5,5.0,0.9994825450407463,8,0,8,"{'Hadamard': 8, 'CNOT': 5790, 'RZ': 950, 'RX': 40}",6788,8,0,0,8,998,5790,0
a_8_mixed_02,4*x_0 - 2*x_1 + 1*x_2 - 1*x_3 + 3*x_4 + 5*x_5 + 1*x_6 - 3*x_7 <= 3,mixed,8,complete,ftqc,gadget,lambda_0.5,5.0,0.9994825450407463,8,0,8,"{'Hadamard': 8, 'CNOT': 5790, 'T': 43560}",49358,8,0,0,8,43568,5790,43560
a_8_mixed_02,4*x_0 - 2*x_1 + 1*x_2 - 1*x_3 + 3*x_4 + 5*x_5 + 1*x_6 - 3*x_7 <= 3,mixed,8,complete,nisq,gadget,lambda_1,5.0,0.999682076762324,8,0,8,"{'Hadamard': 8, 'CNOT': 5790, 'RZ': 950, 'RX': 40}",6788,8,0,0,8,998,5790,0
a_8_mixed_02,4*x_0 - 2*x_1 + 1*x_2 - 1*x_3 + 3*x_4 + 5*x_5 + 1*x_6 - 3*x_7 <= 3,mixed,8,complete,ftqc,gadget,lambda_1,5.0,0.999682076762324,8,0,8,"{'Hadamard': 8, 'CNOT': 5790, 'T': 43560}",49358,8,0,0,8,43568,5790,43560
a_8_mixed_02,4*x_0 - 2*x_1 + 1*x_2 - 1*x_3 + 3*x_4 + 5*x_5 + 1*x_6 - 3*x_7 <= 3,mixed,8,complete,nisq,gadget,lambda_2,6.0,0.9998824036091247,8,0,8,"{'Hadamard': 8, 'CNOT': 6948, 'RZ': 1140, 'RX': 48}",8144,8,0,0,8,1196,6948,0
a_8_mixed_02,4*x_0 - 2*x_1 + 1*x_2 - 1*x_3 + 3*x_4 + 5*x_5 + 1*x_6 - 3*x_7 <= 3,mixed,8,complete,ftqc,gadget,lambda_2,6.0,0.9998824036091247,8,0,8,"{'Hadamard': 8, 'CNOT': 6948, 'T': 52272}",59228,8,0,0,8,52280,6948,52272
a_8_mixed_02,4*x_0 - 2*x_1 + 1*x_2 - 1*x_3 + 3*x_4 + 5*x_5 + 1*x_6 - 3*x_7 <= 3,mixed,8,complete,nisq,penalty_cost_layer,unit_penalty,,,8,4,12,"{'CNOT': 132, 'RZ': 78}",210,12,0,0,12,78,132,0
a_8_mixed_02,4*x_0 - 2*x_1 + 1*x_2 - 1*x_3 + 3*x_4 + 5*x_5 + 1*x_6 - 3*x_7 <= 3,mixed,8,complete,ftqc,penalty_cost_layer,unit_penalty,,,8,4,12,"{'CNOT': 132, 'T': 3432}",3564,12,0,0,12,3432,132,3432
a_8_mixed_03,5*x_0 - 1*x_1 + 4*x_2 - 3*x_3 + 4*x_4 + 4*x_5 - 3*x_6 + 2*x_7 <= 5,mixed,8,complete,nisq,gadget,feasibility,1.0,0.3033823518788677,8,0,8,"{'Hadamard': 8, 'CNOT': 1118, 'RZ': 197, 'RX': 8}",1331,8,0,0,8,213,1118,0
a_8_mixed_03,5*x_0 - 1*x_1 + 4*x_2 - 3*x_3 + 4*x_4 + 4*x_5 - 3*x_6 + 2*x_7 <= 5,mixed,8,complete,ftqc,gadget,feasibility,1.0,0.3033823518788677,8,0,8,"{'Hadamard': 8, 'CNOT': 1118, 'T': 9020}",10146,8,0,0,8,9028,1118,9020
a_8_mixed_03,5*x_0 - 1*x_1 + 4*x_2 - 3*x_3 + 4*x_4 + 4*x_5 - 3*x_6 + 2*x_7 <= 5,mixed,8,complete,nisq,gadget,fidelity,4.0,0.9990213560509318,8,0,8,"{'Hadamard': 8, 'CNOT': 4472, 'RZ': 788, 'RX': 32}",5300,8,0,0,8,828,4472,0
a_8_mixed_03,5*x_0 - 1*x_1 + 4*x_2 - 3*x_3 + 4*x_4 + 4*x_5 - 3*x_6 + 2*x_7 <= 5,mixed,8,complete,ftqc,gadget,fidelity,4.0,0.9990213560509318,8,0,8,"{'Hadamard': 8, 'CNOT': 4472, 'T': 36080}",40560,8,0,0,8,36088,4472,36080
a_8_mixed_03,5*x_0 - 1*x_1 + 4*x_2 - 3*x_3 + 4*x_4 + 4*x_5 - 3*x_6 + 2*x_7 <= 5,mixed,8,complete,nisq,gadget,lambda_0.5,5.0,0.9991748255499885,8,0,8,"{'Hadamard': 8, 'CNOT': 5590, 'RZ': 985, 'RX': 40}",6623,8,0,0,8,1033,5590,0
a_8_mixed_03,5*x_0 - 1*x_1 + 4*x_2 - 3*x_3 + 4*x_4 + 4*x_5 - 3*x_6 + 2*x_7 <= 5,mixed,8,complete,ftqc,gadget,lambda_0.5,5.0,0.9991748255499885,8,0,8,"{'Hadamard': 8, 'CNOT': 5590, 'T': 45100}",50698,8,0,0,8,45108,5590,45100
a_8_mixed_03,5*x_0 - 1*x_1 + 4*x_2 - 3*x_3 + 4*x_4 + 4*x_5 - 3*x_6 + 2*x_7 <= 5,mixed,8,complete,nisq,gadget,lambda_1,5.0,0.9997526638835297,8,0,8,"{'Hadamard': 8, 'CNOT': 5590, 'RZ': 985, 'RX': 40}",6623,8,0,0,8,1033,5590,0
a_8_mixed_03,5*x_0 - 1*x_1 + 4*x_2 - 3*x_3 + 4*x_4 + 4*x_5 - 3*x_6 + 2*x_7 <= 5,mixed,8,complete,ftqc,gadget,lambda_1,5.0,0.9997526638835297,8,0,8,"{'Hadamard': 8, 'CNOT': 5590, 'T': 45100}",50698,8,0,0,8,45108,5590,45100
a_8_mixed_03,5*x_0 - 1*x_1 + 4*x_2 - 3*x_3 + 4*x_4 + 4*x_5 - 3*x_6 + 2*x_7 <= 5,mixed,8,complete,nisq,gadget,lambda_2,5.0,0.999291579552652,8,0,8,"{'Hadamard': 8, 'CNOT': 5590, 'RZ': 985, 'RX': 40}",6623,8,0,0,8,1033,5590,0
a_8_mixed_03,5*x_0 - 1*x_1 + 4*x_2 - 3*x_3 + 4*x_4 + 4*x_5 - 3*x_6 + 2*x_7 <= 5,mixed,8,complete,ftqc,gadget,lambda_2,5.0,0.999291579552652,8,0,8,"{'Hadamard': 8, 'CNOT': 5590, 'T': 45100}",50698,8,0,0,8,45108,5590,45100
a_8_mixed_03,5*x_0 - 1*x_1 + 4*x_2 - 3*x_3 + 4*x_4 + 4*x_5 - 3*x_6 + 2*x_7 <= 5,mixed,8,complete,nisq,penalty_cost_layer,unit_penalty,,,8,4,12,"{'CNOT': 132, 'RZ': 78}",210,12,0,0,12,78,132,0
a_8_mixed_03,5*x_0 - 1*x_1 + 4*x_2 - 3*x_3 + 4*x_4 + 4*x_5 - 3*x_6 + 2*x_7 <= 5,mixed,8,complete,ftqc,penalty_cost_layer,unit_penalty,,,8,4,12,"{'CNOT': 132, 'T': 3432}",3564,12,0,0,12,3432,132,3432
a_8_positive_01,1*x_0 + 1*x_1 + 5*x_2 + 5*x_3 + 3*x_4 + 1*x_5 + 4*x_6 + 2*x_7 <= 8,positive,8,complete,nisq,gadget,feasibility,1.0,0.42333013337888764,8,0,8,"{'Hadamard': 8, 'CNOT': 1538, 'RZ': 255, 'RX': 8}",1809,8,0,0,8,271,1538,0
a_8_positive_01,1*x_0 + 1*x_1 + 5*x_2 + 5*x_3 + 3*x_4 + 1*x_5 + 4*x_6 + 2*x_7 <= 8,positive,8,complete,ftqc,gadget,feasibility,1.0,0.42333013337888764,8,0,8,"{'Hadamard': 8, 'CNOT': 1538, 'T': 11572}",13118,8,0,0,8,11580,1538,11572
a_8_positive_01,1*x_0 + 1*x_1 + 5*x_2 + 5*x_3 + 3*x_4 + 1*x_5 + 4*x_6 + 2*x_7 <= 8,positive,8,complete,nisq,gadget,fidelity,4.0,0.9997096518347184,8,0,8,"{'Hadamard': 8, 'CNOT': 6152, 'RZ': 1020, 'RX': 32}",7212,8,0,0,8,1060,6152,0
a_8_positive_01,1*x_0 + 1*x_1 + 5*x_2 + 5*x_3 + 3*x_4 + 1*x_5 + 4*x_6 + 2*x_7 <= 8,positive,8,complete,ftqc,gadget,fidelity,4.0,0.9997096518347184,8,0,8,"{'Hadamard': 8, 'CNOT': 6152, 'T': 46288}",52448,8,0,0,8,46296,6152,46288
a_8_positive_01,1*x_0 + 1*x_1 + 5*x_2 + 5*x_3 + 3*x_4 + 1*x_5 + 4*x_6 + 2*x_7 <= 8,positive,8,complete,nisq,gadget,lambda_0.5,5.0,0.9999080455124225,8,0,8,"{'Hadamard': 8, 'CNOT': 7690, 'RZ': 1275, 'RX': 40}",9013,8,0,0,8,1323,7690,0
a_8_positive_01,1*x_0 + 1*x_1 + 5*x_2 + 5*x_3 + 3*x_4 + 1*x_5 + 4*x_6 + 2*x_7 <= 8,positive,8,complete,ftqc,gadget,lambda_0.5,5.0,0.9999080455124225,8,0,8,"{'Hadamard': 8, 'CNOT': 7690, 'T': 57860}",65558,8,0,0,8,57868,7690,57860
a_8_positive_01,1*x_0 + 1*x_1 + 5*x_2 + 5*x_3 + 3*x_4 + 1*x_5 + 4*x_6 + 2*x_7 <= 8,positive,8,complete,nisq,gadget,lambda_1,4.0,0.999264354945495,8,0,8,"{'Hadamard': 8, 'CNOT': 6152, 'RZ': 1020, 'RX': 32}",7212,8,0,0,8,1060,6152,0
a_8_positive_01,1*x_0 + 1*x_1 + 5*x_2 + 5*x_3 + 3*x_4 + 1*x_5 + 4*x_6 + 2*x_7 <= 8,positive,8,complete,ftqc,gadget,lambda_1,4.0,0.999264354945495,8,0,8,"{'Hadamard': 8, 'CNOT': 6152, 'T': 46288}",52448,8,0,0,8,46296,6152,46288
a_8_positive_01,1*x_0 + 1*x_1 + 5*x_2 + 5*x_3 + 3*x_4 + 1*x_5 + 4*x_6 + 2*x_7 <= 8,positive,8,complete,nisq,gadget,lambda_2,5.0,0.9992858415909891,8,0,8,"{'Hadamard': 8, 'CNOT': 7690, 'RZ': 1275, 'RX': 40}",9013,8,0,0,8,1323,7690,0
a_8_positive_01,1*x_0 + 1*x_1 + 5*x_2 + 5*x_3 + 3*x_4 + 1*x_5 + 4*x_6 + 2*x_7 <= 8,positive,8,complete,ftqc,gadget,lambda_2,5.0,0.9992858415909891,8,0,8,"{'Hadamard': 8, 'CNOT': 7690, 'T': 57860}",65558,8,0,0,8,57868,7690,57860
a_8_positive_01,1*x_0 + 1*x_1 + 5*x_2 + 5*x_3 + 3*x_4 + 1*x_5 + 4*x_6 + 2*x_7 <= 8,positive,8,complete,nisq,penalty_cost_layer,unit_penalty,,,8,4,12,"{'CNOT': 132, 'RZ': 78}",210,12,0,0,12,78,132,0
a_8_positive_01,1*x_0 + 1*x_1 + 5*x_2 + 5*x_3 + 3*x_4 + 1*x_5 + 4*x_6 + 2*x_7 <= 8,positive,8,complete,ftqc,penalty_cost_layer,unit_penalty,,,8,4,12,"{'CNOT': 132, 'T': 3432}",3564,12,0,0,12,3432,132,3432
a_8_positive_02,5*x_0 + 3*x_1 + 2*x_2 + 1*x_3 + 5*x_4 + 4*x_5 + 5*x_6 + 4*x_7 <= 16,positive,8,complete,nisq,gadget,feasibility,1.0,0.5669369158355394,8,0,8,"{'Hadamard': 8, 'CNOT': 1538, 'RZ': 255, 'RX': 8}",1809,8,0,0,8,271,1538,0
a_8_positive_02,5*x_0 + 3*x_1 + 2*x_2 + 1*x_3 + 5*x_4 + 4*x_5 + 5*x_6 + 4*x_7 <= 16,positive,8,complete,ftqc,gadget,feasibility,1.0,0.5669369158355394,8,0,8,"{'Hadamard': 8, 'CNOT': 1538, 'T': 11572}",13118,8,0,0,8,11580,1538,11572
a_8_positive_02,5*x_0 + 3*x_1 + 2*x_2 + 1*x_3 + 5*x_4 + 4*x_5 + 5*x_6 + 4*x_7 <= 16,positive,8,complete,nisq,gadget,fidelity,4.0,0.9999471230451048,8,0,8,"{'Hadamard': 8, 'CNOT': 6152, 'RZ': 1020, 'RX': 32}",7212,8,0,0,8,1060,6152,0
a_8_positive_02,5*x_0 + 3*x_1 + 2*x_2 + 1*x_3 + 5*x_4 + 4*x_5 + 5*x_6 + 4*x_7 <= 16,positive,8,complete,ftqc,gadget,fidelity,4.0,0.9999471230451048,8,0,8,"{'Hadamard': 8, 'CNOT': 6152, 'T': 46288}",52448,8,0,0,8,46296,6152,46288
a_8_positive_02,5*x_0 + 3*x_1 + 2*x_2 + 1*x_3 + 5*x_4 + 4*x_5 + 5*x_6 + 4*x_7 <= 16,positive,8,complete,nisq,gadget,lambda_0.5,4.0,0.9998095898775882,8,0,8,"{'Hadamard': 8, 'CNOT': 6152, 'RZ': 1020, 'RX': 32}",7212,8,0,0,8,1060,6152,0
a_8_positive_02,5*x_0 + 3*x_1 + 2*x_2 + 1*x_3 + 5*x_4 + 4*x_5 + 5*x_6 + 4*x_7 <= 16,positive,8,complete,ftqc,gadget,lambda_0.5,4.0,0.9998095898775882,8,0,8,"{'Hadamard': 8, 'CNOT': 6152, 'T': 46288}",52448,8,0,0,8,46296,6152,46288
a_8_positive_02,5*x_0 + 3*x_1 + 2*x_2 + 1*x_3 + 5*x_4 + 4*x_5 + 5*x_6 + 4*x_7 <= 16,positive,8,complete,nisq,gadget,lambda_1,4.0,0.9998183869537186,8,0,8,"{'Hadamard': 8, 'CNOT': 6152, 'RZ': 1020, 'RX': 32}",7212,8,0,0,8,1060,6152,0
a_8_positive_02,5*x_0 + 3*x_1 + 2*x_2 + 1*x_3 + 5*x_4 + 4*x_5 + 5*x_6 + 4*x_7 <= 16,positive,8,complete,ftqc,gadget,lambda_1,4.0,0.9998183869537186,8,0,8,"{'Hadamard': 8, 'CNOT': 6152, 'T': 46288}",52448,8,0,0,8,46296,6152,46288
a_8_positive_02,5*x_0 + 3*x_1 + 2*x_2 + 1*x_3 + 5*x_4 + 4*x_5 + 5*x_6 + 4*x_7 <= 16,positive,8,complete,nisq,gadget,lambda_2,4.0,0.9993314420582935,8,0,8,"{'Hadamard': 8, 'CNOT': 6152, 'RZ': 1020, 'RX': 32}",7212,8,0,0,8,1060,6152,0
a_8_positive_02,5*x_0 + 3*x_1 + 2*x_2 + 1*x_3 + 5*x_4 + 4*x_5 + 5*x_6 + 4*x_7 <= 16,positive,8,complete,ftqc,gadget,lambda_2,4.0,0.9993314420582935,8,0,8,"{'Hadamard': 8, 'CNOT': 6152, 'T': 46288}",52448,8,0,0,8,46296,6152,46288
a_8_positive_02,5*x_0 + 3*x_1 + 2*x_2 + 1*x_3 + 5*x_4 + 4*x_5 + 5*x_6 + 4*x_7 <= 16,positive,8,complete,nisq,penalty_cost_layer,unit_penalty,,,8,5,13,"{'CNOT': 156, 'RZ': 91}",247,13,0,0,13,91,156,0
a_8_positive_02,5*x_0 + 3*x_1 + 2*x_2 + 1*x_3 + 5*x_4 + 4*x_5 + 5*x_6 + 4*x_7 <= 16,positive,8,complete,ftqc,penalty_cost_layer,unit_penalty,,,8,5,13,"{'CNOT': 156, 'T': 4004}",4160,13,0,0,13,4004,156,4004
a_8_positive_03,5*x_0 + 5*x_1 + 5*x_2 + 4*x_3 + 4*x_4 + 5*x_5 + 2*x_6 + 3*x_7 <= 13,positive,8,complete,nisq,gadget,feasibility,1.0,0.25807265648625277,8,0,8,"{'Hadamard': 8, 'CNOT': 1538, 'RZ': 255, 'RX': 8}",1809,8,0,0,8,271,1538,0
a_8_positive_03,5*x_0 + 5*x_1 + 5*x_2 + 4*x_3 + 4*x_4 + 5*x_5 + 2*x_6 + 3*x_7 <= 13,positive,8,complete,ftqc,gadget,feasibility,1.0,0.25807265648625277,8,0,8,"{'Hadamard': 8, 'CNOT': 1538, 'T': 11572}",13118,8,0,0,8,11580,1538,11572
a_8_positive_03,5*x_0 + 5*x_1 + 5*x_2 + 4*x_3 + 4*x_4 + 5*x_5 + 2*x_6 + 3*x_7 <= 13,positive,8,complete,nisq,gadget,fidelity,4.0,0.9997098510276283,8,0,8,"{'Hadamard': 8, 'CNOT': 6152, 'RZ': 1020, 'RX': 32}",7212,8,0,0,8,1060,6152,0
a_8_positive_03,5*x_0 + 5*x_1 + 5*x_2 + 4*x_3 + 4*x_4 + 5*x_5 + 2*x_6 + 3*x_7 <= 13,positive,8,complete,ftqc,gadget,fidelity,4.0,0.9997098510276283,8,0,8,"{'Hadamard': 8, 'CNOT': 6152, 'T': 46288}",52448,8,0,0,8,46296,6152,46288
a_8_positive_03,5*x_0 + 5*x_1 + 5*x_2 + 4*x_3 + 4*x_4 + 5*x_5 + 2*x_6 + 3*x_7 <= 13,positive,8,complete,nisq,gadget,lambda_0.5,5.0,0.9999748233279667,8,0,8,"{'Hadamard': 8, 'CNOT': 7690, 'RZ': 1275, 'RX': 40}",9013,8,0,0,8,1323,7690,0
a_8_positive_03,5*x_0 + 5*x_1 + 5*x_2 + 4*x_3 + 4*x_4 + 5*x_5 + 2*x_6 + 3*x_7 <= 13,positive,8,complete,ftqc,gadget,lambda_0.5,5.0,0.9999748233279667,8,0,8,"{'Hadamard': 8, 'CNOT': 7690, 'T': 57860}",65558,8,0,0,8,57868,7690,57860
a_8_positive_03,5*x_0 + 5*x_1 + 5*x_2 + 4*x_3 + 4*x_4 + 5*x_5 + 2*x_6 + 3*x_7 <= 13,positive,8,complete,nisq,gadget,lambda_1,4.0,0.9991112403281827,8,0,8,"{'Hadamard': 8, 'CNOT': 6152, 'RZ': 1020, 'RX': 32}",7212,8,0,0,8,1060,6152,0
a_8_positive_03,5*x_0 + 5*x_1 + 5*x_2 + 4*x_3 + 4*x_4 + 5*x_5 + 2*x_6 + 3*x_7 <= 13,positive,8,complete,ftqc,gadget,lambda_1,4.0,0.9991112403281827,8,0,8,"{'Hadamard': 8, 'CNOT': 6152, 'T': 46288}",52448,8,0,0,8,46296,6152,46288
a_8_positive_03,5*x_0 + 5*x_1 + 5*x_2 + 4*x_3 + 4*x_4 + 5*x_5 + 2*x_6 + 3*x_7 <= 13,positive,8,complete,nisq,gadget,lambda_2,5.0,0.9997694771267592,8,0,8,"{'Hadamard': 8, 'CNOT': 7690, 'RZ': 1275, 'RX': 40}",9013,8,0,0,8,1323,7690,0
a_8_positive_03,5*x_0 + 5*x_1 + 5*x_2 + 4*x_3 + 4*x_4 + 5*x_5 + 2*x_6 + 3*x_7 <= 13,positive,8,complete,ftqc,gadget,lambda_2,5.0,0.9997694771267592,8,0,8,"{'Hadamard': 8, 'CNOT': 7690, 'T': 57860}",65558,8,0,0,8,57868,7690,57860
a_8_positive_03,5*x_0 + 5*x_1 + 5*x_2 + 4*x_3 + 4*x_4 + 5*x_5 + 2*x_6 + 3*x_7 <= 13,positive,8,complete,nisq,penalty_cost_layer,unit_penalty,,,8,4,12,"{'CNOT': 132, 'RZ': 78}",210,12,0,0,12,78,132,0
a_8_positive_03,5*x_0 + 5*x_1 + 5*x_2 + 4*x_3 + 4*x_4 + 5*x_5 + 2*x_6 + 3*x_7 <= 13,positive,8,complete,ftqc,penalty_cost_layer,unit_penalty,,,8,4,12,"{'CNOT': 132, 'T': 3432}",3564,12,0,0,12,3432,132,3432
a_8_quadratic_01,3*x_0*x_0 + 1*x_0*x_1 + 1*x_0*x_2 + 3*x_0*x_3 + 3*x_0*x_4 + 3*x_0*x_5 + 1*x_0*x_6 + 3*x_0*x_7 + 1*x_1*x_1 + 3*x_1*x_2 + 1*x_1*x_3 + 1*x_1*x_4 + 2*x_1*x_5 + 3*x_1*x_6 + 3*x_1*x_7 + 1*x_2*x_2 + 1*x_2*x_3 + 1*x_2*x_4 + 2*x_2*x_5 + 2*x_2*x_6 + 1*x_2*x_7 + 3*x_3*x_3 + 3*x_3*x_4 + 2*x_3*x_5 + 2*x_3*x_6 + 1*x_3*x_7 + 3*x_4*x_4 + 1*x_4*x_5 + 2*x_4*x_6 + 3*x_4*x_7 + 3*x_5*x_5 + 2*x_5*x_6 + 1*x_5*x_7 + 1*x_6*x_6 + 3*x_6*x_7 + 2*x_7*x_7 <= 35,quadratic,8,complete,nisq,gadget,feasibility,1.0,0.77403334744324,8,0,8,"{'Hadamard': 8, 'CNOT': 1538, 'RZ': 255, 'RX': 8}",1809,8,0,0,8,271,1538,0
a_8_quadratic_01,3*x_0*x_0 + 1*x_0*x_1 + 1*x_0*x_2 + 3*x_0*x_3 + 3*x_0*x_4 + 3*x_0*x_5 + 1*x_0*x_6 + 3*x_0*x_7 + 1*x_1*x_1 + 3*x_1*x_2 + 1*x_1*x_3 + 1*x_1*x_4 + 2*x_1*x_5 + 3*x_1*x_6 + 3*x_1*x_7 + 1*x_2*x_2 + 1*x_2*x_3 + 1*x_2*x_4 + 2*x_2*x_5 + 2*x_2*x_6 + 1*x_2*x_7 + 3*x_3*x_3 + 3*x_3*x_4 + 2*x_3*x_5 + 2*x_3*x_6 + 1*x_3*x_7 + 3*x_4*x_4 + 1*x_4*x_5 + 2*x_4*x_6 + 3*x_4*x_7 + 3*x_5*x_5 + 2*x_5*x_6 + 1*x_5*x_7 + 1*x_6*x_6 + 3*x_6*x_7 + 2*x_7*x_7 <= 35,quadratic,8,complete,ftqc,gadget,feasibility,1.0,0.77403334744324,8,0,8,"{'Hadamard': 8, 'CNOT': 1538, 'T': 11572}",13118,8,0,0,8,11580,1538,11572
a_8_quadratic_01,3*x_0*x_0 + 1*x_0*x_1 + 1*x_0*x_2 + 3*x_0*x_3 + 3*x_0*x_4 + 3*x_0*x_5 + 1*x_0*x_6 + 3*x_0*x_7 + 1*x_1*x_1 + 3*x_1*x_2 + 1*x_1*x_3 + 1*x_1*x_4 + 2*x_1*x_5 + 3*x_1*x_6 + 3*x_1*x_7 + 1*x_2*x_2 + 1*x_2*x_3 + 1*x_2*x_4 + 2*x_2*x_5 + 2*x_2*x_6 + 1*x_2*x_7 + 3*x_3*x_3 + 3*x_3*x_4 + 2*x_3*x_5 + 2*x_3*x_6 + 1*x_3*x_7 + 3*x_4*x_4 + 1*x_4*x_5 + 2*x_4*x_6 + 3*x_4*x_7 + 3*x_5*x_5 + 2*x_5*x_6 + 1*x_5*x_7 + 1*x_6*x_6 + 3*x_6*x_7 + 2*x_7*x_7 <= 35,quadratic,8,complete,nisq,gadget,fidelity,3.0,0.9994542753739118,8,0,8,"{'Hadamard': 8, 'CNOT': 4614, 'RZ': 765, 'RX': 24}",5411,8,0,0,8,797,4614,0
a_8_quadratic_01,3*x_0*x_0 + 1*x_0*x_1 + 1*x_0*x_2 + 3*x_0*x_3 + 3*x_0*x_4 + 3*x_0*x_5 + 1*x_0*x_6 + 3*x_0*x_7 + 1*x_1*x_1 + 3*x_1*x_2 + 1*x_1*x_3 + 1*x_1*x_4 + 2*x_1*x_5 + 3*x_1*x_6 + 3*x_1*x_7 + 1*x_2*x_2 + 1*x_2*x_3 + 1*x_2*x_4 + 2*x_2*x_5 + 2*x_2*x_6 + 1*x_2*x_7 + 3*x_3*x_3 + 3*x_3*x_4 + 2*x_3*x_5 + 2*x_3*x_6 + 1*x_3*x_7 + 3*x_4*x_4 + 1*x_4*x_5 + 2*x_4*x_6 + 3*x_4*x_7 + 3*x_5*x_5 + 2*x_5*x_6 + 1*x_5*x_7 + 1*x_6*x_6 + 3*x_6*x_7 + 2*x_7*x_7 <= 35,quadratic,8,complete,ftqc,gadget,fidelity,3.0,0.9994542753739118,8,0,8,"{'Hadamard': 8, 'CNOT': 4614, 'T': 34716}",39338,8,0,0,8,34724,4614,34716
a_8_quadratic_01,3*x_0*x_0 + 1*x_0*x_1 + 1*x_0*x_2 + 3*x_0*x_3 + 3*x_0*x_4 + 3*x_0*x_5 + 1*x_0*x_6 + 3*x_0*x_7 + 1*x_1*x_1 + 3*x_1*x_2 + 1*x_1*x_3 + 1*x_1*x_4 + 2*x_1*x_5 + 3*x_1*x_6 + 3*x_1*x_7 + 1*x_2*x_2 + 1*x_2*x_3 + 1*x_2*x_4 + 2*x_2*x_5 + 2*x_2*x_6 + 1*x_2*x_7 + 3*x_3*x_3 + 3*x_3*x_4 + 2*x_3*x_5 + 2*x_3*x_6 + 1*x_3*x_7 + 3*x_4*x_4 + 1*x_4*x_5 + 2*x_4*x_6 + 3*x_4*x_7 + 3*x_5*x_5 + 2*x_5*x_6 + 1*x_5*x_7 + 1*x_6*x_6 + 3*x_6*x_7 + 2*x_7*x_7 <= 35,quadratic,8,complete,nisq,gadget,lambda_0.5,3.0,0.9991123585016602,8,0,8,"{'Hadamard': 8, 'CNOT': 4614, 'RZ': 765, 'RX': 24}",5411,8,0,0,8,797,4614,0
a_8_quadratic_01,3*x_0*x_0 + 1*x_0*x_1 + 1*x_0*x_2 + 3*x_0*x_3 + 3*x_0*x_4 + 3*x_0*x_5 + 1*x_0*x_6 + 3*x_0*x_7 + 1*x_1*x_1 + 3*x_1*x_2 + 1*x_1*x_3 + 1*x_1*x_4 + 2*x_1*x_5 + 3*x_1*x_6 + 3*x_1*x_7 + 1*x_2*x_2 + 1*x_2*x_3 + 1*x_2*x_4 + 2*x_2*x_5 + 2*x_2*x_6 + 1*x_2*x_7 + 3*x_3*x_3 + 3*x_3*x_4 + 2*x_3*x_5 + 2*x_3*x_6 + 1*x_3*x_7 + 3*x_4*x_4 + 1*x_4*x_5 + 2*x_4*x_6 + 3*x_4*x_7 + 3*x_5*x_5 + 2*x_5*x_6 + 1*x_5*x_7 + 1*x_6*x_6 + 3*x_6*x_7 + 2*x_7*x_7 <= 35,quadratic,8,complete,ftqc,gadget,lambda_0.5,3.0,0.9991123585016602,8,0,8,"{'Hadamard': 8, 'CNOT': 4614, 'T': 34716}",39338,8,0,0,8,34724,4614,34716
a_8_quadratic_01,3*x_0*x_0 + 1*x_0*x_1 + 1*x_0*x_2 + 3*x_0*x_3 + 3*x_0*x_4 + 3*x_0*x_5 + 1*x_0*x_6 + 3*x_0*x_7 + 1*x_1*x_1 + 3*x_1*x_2 + 1*x_1*x_3 + 1*x_1*x_4 + 2*x_1*x_5 + 3*x_1*x_6 + 3*x_1*x_7 + 1*x_2*x_2 + 1*x_2*x_3 + 1*x_2*x_4 + 2*x_2*x_5 + 2*x_2*x_6 + 1*x_2*x_7 + 3*x_3*x_3 + 3*x_3*x_4 + 2*x_3*x_5 + 2*x_3*x_6 + 1*x_3*x_7 + 3*x_4*x_4 + 1*x_4*x_5 + 2*x_4*x_6 + 3*x_4*x_7 + 3*x_5*x_5 + 2*x_5*x_6 + 1*x_5*x_7 + 1*x_6*x_6 + 3*x_6*x_7 + 2*x_7*x_7 <= 35,quadratic,8,complete,nisq,gadget,lambda_1,3.0,0.9990157429083619,8,0,8,"{'Hadamard': 8, 'CNOT': 4614, 'RZ': 765, 'RX': 24}",5411,8,0,0,8,797,4614,0
a_8_quadratic_01,3*x_0*x_0 + 1*x_0*x_1 + 1*x_0*x_2 + 3*x_0*x_3 + 3*x_0*x_4 + 3*x_0*x_5 + 1*x_0*x_6 + 3*x_0*x_7 + 1*x_1*x_1 + 3*x_1*x_2 + 1*x_1*x_3 + 1*x_1*x_4 + 2*x_1*x_5 + 3*x_1*x_6 + 3*x_1*x_7 + 1*x_2*x_2 + 1*x_2*x_3 + 1*x_2*x_4 + 2*x_2*x_5 + 2*x_2*x_6 + 1*x_2*x_7 + 3*x_3*x_3 + 3*x_3*x_4 + 2*x_3*x_5 + 2*x_3*x_6 + 1*x_3*x_7 + 3*x_4*x_4 + 1*x_4*x_5 + 2*x_4*x_6 + 3*x_4*x_7 + 3*x_5*x_5 + 2*x_5*x_6 + 1*x_5*x_7 + 1*x_6*x_6 + 3*x_6*x_7 + 2*x_7*x_7 <= 35,quadratic,8,complete,ftqc,gadget,lambda_1,3.0,0.9990157429083619,8,0,8,"{'Hadamard': 8, 'CNOT': 4614, 'T': 34716}",39338,8,0,0,8,34724,4614,34716
a_8_quadratic_01,3*x_0*x_0 + 1*x_0*x_1 + 1*x_0*x_2 + 3*x_0*x_3 + 3*x_0*x_4 + 3*x_0*x_5 + 1*x_0*x_6 + 3*x_0*x_7 + 1*x_1*x_1 + 3*x_1*x_2 + 1*x_1*x_3 + 1*x_1*x_4 + 2*x_1*x_5 + 3*x_1*x_6 + 3*x_1*x_7 + 1*x_2*x_2 + 1*x_2*x_3 + 1*x_2*x_4 + 2*x_2*x_5 + 2*x_2*x_6 + 1*x_2*x_7 + 3*x_3*x_3 + 3*x_3*x_4 + 2*x_3*x_5 + 2*x_3*x_6 + 1*x_3*x_7 + 3*x_4*x_4 + 1*x_4*x_5 + 2*x_4*x_6 + 3*x_4*x_7 + 3*x_5*x_5 + 2*x_5*x_6 + 1*x_5*x_7 + 1*x_6*x_6 + 3*x_6*x_7 + 2*x_7*x_7 <= 35,quadratic,8,complete,nisq,gadget,lambda_2,4.0,0.9999340495226474,8,0,8,"{'Hadamard': 8, 'CNOT': 6152, 'RZ': 1020, 'RX': 32}",7212,8,0,0,8,1060,6152,0
a_8_quadratic_01,3*x_0*x_0 + 1*x_0*x_1 + 1*x_0*x_2 + 3*x_0*x_3 + 3*x_0*x_4 + 3*x_0*x_5 + 1*x_0*x_6 + 3*x_0*x_7 + 1*x_1*x_1 + 3*x_1*x_2 + 1*x_1*x_3 + 1*x_1*x_4 + 2*x_1*x_5 + 3*x_1*x_6 + 3*x_1*x_7 + 1*x_2*x_2 + 1*x_2*x_3 + 1*x_2*x_4 + 2*x_2*x_5 + 2*x_2*x_6 + 1*x_2*x_7 + 3*x_3*x_3 + 3*x_3*x_4 + 2*x_3*x_5 + 2*x_3*x_6 + 1*x_3*x_7 + 3*x_4*x_4 + 1*x_4*x_5 + 2*x_4*x_6 + 3*x_4*x_7 + 3*x_5*x_5 + 2*x_5*x_6 + 1*x_5*x_7 + 1*x_6*x_6 + 3*x_6*x_7 + 2*x_7*x_7 <= 35,quadratic,8,complete,ftqc,gadget,lambda_2,4.0,0.9999340495226474,8,0,8,"{'Hadamard': 8, 'CNOT': 6152, 'T': 46288}",52448,8,0,0,8,46296,6152,46288
a_8_quadratic_01,3*x_0*x_0 + 1*x_0*x_1 + 1*x_0*x_2 + 3*x_0*x_3 + 3*x_0*x_4 + 3*x_0*x_5 + 1*x_0*x_6 + 3*x_0*x_7 + 1*x_1*x_1 + 3*x_1*x_2 + 1*x_1*x_3 + 1*x_1*x_4 + 2*x_1*x_5 + 3*x_1*x_6 + 3*x_1*x_7 + 1*x_2*x_2 + 1*x_2*x_3 + 1*x_2*x_4 + 2*x_2*x_5 + 2*x_2*x_6 + 1*x_2*x_7 + 3*x_3*x_3 + 3*x_3*x_4 + 2*x_3*x_5 + 2*x_3*x_6 + 1*x_3*x_7 + 3*x_4*x_4 + 1*x_4*x_5 + 2*x_4*x_6 + 3*x_4*x_7 + 3*x_5*x_5 + 2*x_5*x_6 + 1*x_5*x_7 + 1*x_6*x_6 + 3*x_6*x_7 + 2*x_7*x_7 <= 35,quadratic,8,complete,nisq,penalty_cost_layer,unit_penalty,,,8,6,14,"{'CNOT': 1498, 'RZ': 399}",1897,14,0,0,14,399,1498,0
a_8_quadratic_01,3*x_0*x_0 + 1*x_0*x_1 + 1*x_0*x_2 + 3*x_0*x_3 + 3*x_0*x_4 + 3*x_0*x_5 + 1*x_0*x_6 + 3*x_0*x_7 + 1*x_1*x_1 + 3*x_1*x_2 + 1*x_1*x_3 + 1*x_1*x_4 + 2*x_1*x_5 + 3*x_1*x_6 + 3*x_1*x_7 + 1*x_2*x_2 + 1*x_2*x_3 + 1*x_2*x_4 + 2*x_2*x_5 + 2*x_2*x_6 + 1*x_2*x_7 + 3*x_3*x_3 + 3*x_3*x_4 + 2*x_3*x_5 + 2*x_3*x_6 + 1*x_3*x_7 + 3*x_4*x_4 + 1*x_4*x_5 + 2*x_4*x_6 + 3*x_4*x_7 + 3*x_5*x_5 + 2*x_5*x_6 + 1*x_5*x_7 + 1*x_6*x_6 + 3*x_6*x_7 + 2*x_7*x_7 <= 35,quadratic,8,complete,ftqc,penalty_cost_layer,unit_penalty,,,8,6,14,"{'CNOT': 1498, 'T': 17556}",19054,14,0,0,14,17556,1498,17556
a_8_quadratic_02,3*x_0*x_0 + 2*x_0*x_1 + 1*x_0*x_2 + 2*x_0*x_3 + 1*x_0*x_4 + 2*x_0*x_5 + 3*x_0*x_6 + 1*x_0*x_7 + 3*x_1*x_1 + 3*x_1*x_2 + 1*x_1*x_3 + 1*x_1*x_4 + 3*x_1*x_5 + 3*x_1*x_6 + 3*x_1*x_7 + 3*x_2*x_2 + 1*x_2*x_3 + 1*x_2*x_4 + 3*x_2*x_5 + 2*x_2*x_6 + 2*x_2*x_7 + 1*x_3*x_3 + 3*x_3*x_4 + 3*x_3*x_5 + 1*x_3*x_6 + 2*x_3*x_7 + 2*x_4*x_4 + 2*x_4*x_5 + 1*x_4*x_6 + 2*x_4*x_7 + 1*x_5*x_5 + 1*x_5*x_6 + 3*x_5*x_7 + 2*x_6*x_6 + 1*x_6*x_7 + 2*x_7*x_7 <= 28,quadratic,8,complete,nisq,gadget,feasibility,1.0,0.5000198321212121,8,0,8,"{'Hadamard': 8, 'CNOT': 1538, 'RZ': 255, 'RX': 8}",1809,8,0,0,8,271,1538,0
a_8_quadratic_02,3*x_0*x_0 + 2*x_0*x_1 + 1*x_0*x_2 + 2*x_0*x_3 + 1*x_0*x_4 + 2*x_0*x_5 + 3*x_0*x_6 + 1*x_0*x_7 + 3*x_1*x_1 + 3*x_1*x_2 + 1*x_1*x_3 + 1*x_1*x_4 + 3*x_1*x_5 + 3*x_1*x_6 + 3*x_1*x_7 + 3*x_2*x_2 + 1*x_2*x_3 + 1*x_2*x_4 + 3*x_2*x_5 + 2*x_2*x_6 + 2*x_2*x_7 + 1*x_3*x_3 + 3*x_3*x_4 + 3*x_3*x_5 + 1*x_3*x_6 + 2*x_3*x_7 + 2*x_4*x_4 + 2*x_4*x_5 + 1*x_4*x_6 + 2*x_4*x_7 + 1*x_5*x_5 + 1*x_5*x_6 + 3*x_5*x_7 + 2*x_6*x_6 + 1*x_6*x_7 + 2*x_7*x_7 <= 28,quadratic,8,complete,ftqc,gadget,feasibility,1.0,0.5000198321212121,8,0,8,"{'Hadamard': 8, 'CNOT': 1538, 'T': 11572}",13118,8,0,0,8,11580,1538,11572
a_8_quadratic_02,3*x_0*x_0 + 2*x_0*x_1 + 1*x_0*x_2 + 2*x_0*x_3 + 1*x_0*x_4 + 2*x_0*x_5 + 3*x_0*x_6 + 1*x_0*x_7 + 3*x_1*x_1 + 3*x_1*x_2 + 1*x_1*x_3 + 1*x_1*x_4 + 3*x_1*x_5 + 3*x_1*x_6 + 3*x_1*x_7 + 3*x_2*x_2 + 1*x_2*x_3 + 1*x_2*x_4 + 3*x_2*x_5 + 2*x_2*x_6 + 2*x_2*x_7 + 1*x_3*x_3 + 3*x_3*x_4 + 3*x_3*x_5 + 1*x_3*x_6 + 2*x_3*x_7 + 2*x_4*x_4 + 2*x_4*x_5 + 1*x_4*x_6 + 2*x_4*x_7 + 1*x_5*x_5 + 1*x_5*x_6 + 3*x_5*x_7 + 2*x_6*x_6 + 1*x_6*x_7 + 2*x_7*x_7 <= 28,quadratic,8,complete,nisq,gadget,fidelity,4.0,0.9999688079770586,8,0,8,"{'Hadamard': 8, 'CNOT': 6152, 'RZ': 1020, 'RX': 32}",7212,8,0,0,8,1060,6152,0
a_8_quadratic_02,3*x_0*x_0 + 2*x_0*x_1 + 1*x_0*x_2 + 2*x_0*x_3 + 1*x_0*x_4 + 2*x_0*x_5 + 3*x_0*x_6 + 1*x_0*x_7 + 3*x_1*x_1 + 3*x_1*x_2 + 1*x_1*x_3 + 1*x_1*x_4 + 3*x_1*x_5 + 3*x_1*x_6 + 3*x_1*x_7 + 3*x_2*x_2 + 1*x_2*x_3 + 1*x_2*x_4 + 3*x_2*x_5 + 2*x_2*x_6 + 2*x_2*x_7 + 1*x_3*x_3 + 3*x_3*x_4 + 3*x_3*x_5 + 1*x_3*x_6 + 2*x_3*x_7 + 2*x_4*x_4 + 2*x_4*x_5 + 1*x_4*x_6 + 2*x_4*x_7 + 1*x_5*x_5 + 1*x_5*x_6 + 3*x_5*x_7 + 2*x_6*x_6 + 1*x_6*x_7 + 2*x_7*x_7 <= 28,quadratic,8,complete,ftqc,gadget,fidelity,4.0,0.9999688079770586,8,0,8,"{'Hadamard': 8, 'CNOT': 6152, 'T': 46288}",52448,8,0,0,8,46296,6152,46288
a_8_quadratic_02,3*x_0*x_0 + 2*x_0*x_1 + 1*x_0*x_2 + 2*x_0*x_3 + 1*x_0*x_4 + 2*x_0*x_5 + 3*x_0*x_6 + 1*x_0*x_7 + 3*x_1*x_1 + 3*x_1*x_2 + 1*x_1*x_3 + 1*x_1*x_4 + 3*x_1*x_5 + 3*x_1*x_6 + 3*x_1*x_7 + 3*x_2*x_2 + 1*x_2*x_3 + 1*x_2*x_4 + 3*x_2*x_5 + 2*x_2*x_6 + 2*x_2*x_7 + 1*x_3*x_3 + 3*x_3*x_4 + 3*x_3*x_5 + 1*x_3*x_6 + 2*x_3*x_7 + 2*x_4*x_4 + 2*x_4*x_5 + 1*x_4*x_6 + 2*x_4*x_7 + 1*x_5*x_5 + 1*x_5*x_6 + 3*x_5*x_7 + 2*x_6*x_6 + 1*x_6*x_7 + 2*x_7*x_7 <= 28,quadratic,8,complete,nisq,gadget,lambda_0.5,4.0,0.9999007305558507,8,0,8,"{'Hadamard': 8, 'CNOT': 6152, 'RZ': 1020, 'RX': 32}",7212,8,0,0,8,1060,6152,0
a_8_quadratic_02,3*x_0*x_0 + 2*x_0*x_1 + 1*x_0*x_2 + 2*x_0*x_3 + 1*x_0*x_4 + 2*x_0*x_5 + 3*x_0*x_6 + 1*x_0*x_7 + 3*x_1*x_1 + 3*x_1*x_2 + 1*x_1*x_3 + 1*x_1*x_4 + 3*x_1*x_5 + 3*x_1*x_6 + 3*x_1*x_7 + 3*x_2*x_2 + 1*x_2*x_3 + 1*x_2*x_4 + 3*x_2*x_5 + 2*x_2*x_6 + 2*x_2*x_7 + 1*x_3*x_3 + 3*x_3*x_4 + 3*x_3*x_5 + 1*x_3*x_6 + 2*x_3*x_7 + 2*x_4*x_4 + 2*x_4*x_5 + 1*x_4*x_6 + 2*x_4*x_7 + 1*x_5*x_5 + 1*x_5*x_6 + 3*x_5*x_7 + 2*x_6*x_6 + 1*x_6*x_7 + 2*x_7*x_7 <= 28,quadratic,8,complete,ftqc,gadget,lambda_0.5,4.0,0.9999007305558507,8,0,8,"{'Hadamard': 8, 'CNOT': 6152, 'T': 46288}",52448,8,0,0,8,46296,6152,46288
a_8_quadratic_02,3*x_0*x_0 + 2*x_0*x_1 + 1*x_0*x_2 + 2*x_0*x_3 + 1*x_0*x_4 + 2*x_0*x_5 + 3*x_0*x_6 + 1*x_0*x_7 + 3*x_1*x_1 + 3*x_1*x_2 + 1*x_1*x_3 + 1*x_1*x_4 + 3*x_1*x_5 + 3*x_1*x_6 + 3*x_1*x_7 + 3*x_2*x_2 + 1*x_2*x_3 + 1*x_2*x_4 + 3*x_2*x_5 + 2*x_2*x_6 + 2*x_2*x_7 + 1*x_3*x_3 + 3*x_3*x_4 + 3*x_3*x_5 + 1*x_3*x_6 + 2*x_3*x_7 + 2*x_4*x_4 + 2*x_4*x_5 + 1*x_4*x_6 + 2*x_4*x_7 + 1*x_5*x_5 + 1*x_5*x_6 + 3*x_5*x_7 + 2*x_6*x_6 + 1*x_6*x_7 + 2*x_7*x_7 <= 28,quadratic,8,complete,nisq,gadget,lambda_1,4.0,0.9999380718077191,8,0,8,"{'Hadamard': 8, 'CNOT': 6152, 'RZ': 1020, 'RX': 32}",7212,8,0,0,8,1060,6152,0
a_8_quadratic_02,3*x_0*x_0 + 2*x_0*x_1 + 1*x_0*x_2 + 2*x_0*x_3 + 1*x_0*x_4 + 2*x_0*x_5 + 3*x_0*x_6 + 1*x_0*x_7 + 3*x_1*x_1 + 3*x_1*x_2 + 1*x_1*x_3 + 1*x_1*x_4 + 3*x_1*x_5 + 3*x_1*x_6 + 3*x_1*x_7 + 3*x_2*x_2 + 1*x_2*x_3 + 1*x_2*x_4 + 3*x_2*x_5 + 2*x_2*x_6 + 2*x_2*x_7 + 1*x_3*x_3 + 3*x_3*x_4 + 3*x_3*x_5 + 1*x_3*x_6 + 2*x_3*x_7 + 2*x_4*x_4 + 2*x_4*x_5 + 1*x_4*x_6 + 2*x_4*x_7 + 1*x_5*x_5 + 1*x_5*x_6 + 3*x_5*x_7 + 2*x_6*x_6 + 1*x_6*x_7 + 2*x_7*x_7 <= 28,quadratic,8,complete,ftqc,gadget,lambda_1,4.0,0.9999380718077191,8,0,8,"{'Hadamard': 8, 'CNOT': 6152, 'T': 46288}",52448,8,0,0,8,46296,6152,46288
a_8_quadratic_02,3*x_0*x_0 + 2*x_0*x_1 + 1*x_0*x_2 + 2*x_0*x_3 + 1*x_0*x_4 + 2*x_0*x_5 + 3*x_0*x_6 + 1*x_0*x_7 + 3*x_1*x_1 + 3*x_1*x_2 + 1*x_1*x_3 + 1*x_1*x_4 + 3*x_1*x_5 + 3*x_1*x_6 + 3*x_1*x_7 + 3*x_2*x_2 + 1*x_2*x_3 + 1*x_2*x_4 + 3*x_2*x_5 + 2*x_2*x_6 + 2*x_2*x_7 + 1*x_3*x_3 + 3*x_3*x_4 + 3*x_3*x_5 + 1*x_3*x_6 + 2*x_3*x_7 + 2*x_4*x_4 + 2*x_4*x_5 + 1*x_4*x_6 + 2*x_4*x_7 + 1*x_5*x_5 + 1*x_5*x_6 + 3*x_5*x_7 + 2*x_6*x_6 + 1*x_6*x_7 + 2*x_7*x_7 <= 28,quadratic,8,complete,nisq,gadget,lambda_2,4.0,0.9994261125113573,8,0,8,"{'Hadamard': 8, 'CNOT': 6152, 'RZ': 1020, 'RX': 32}",7212,8,0,0,8,1060,6152,0
a_8_quadratic_02,3*x_0*x_0 + 2*x_0*x_1 + 1*x_0*x_2 + 2*x_0*x_3 + 1*x_0*x_4 + 2*x_0*x_5 + 3*x_0*x_6 + 1*x_0*x_7 + 3*x_1*x_1 + 3*x_1*x_2 + 1*x_1*x_3 + 1*x_1*x_4 + 3*x_1*x_5 + 3*x_1*x_6 + 3*x_1*x_7 + 3*x_2*x_2 + 1*x_2*x_3 + 1*x_2*x_4 + 3*x_2*x_5 + 2*x_2*x_6 + 2*x_2*x_7 + 1*x_3*x_3 + 3*x_3*x_4 + 3*x_3*x_5 + 1*x_3*x_6 + 2*x_3*x_7 + 2*x_4*x_4 + 2*x_4*x_5 + 1*x_4*x_6 + 2*x_4*x_7 + 1*x_5*x_5 + 1*x_5*x_6 + 3*x_5*x_7 + 2*x_6*x_6 + 1*x_6*x_7 + 2*x_7*x_7 <= 28,quadratic,8,complete,ftqc,gadget,lambda_2,4.0,0.9994261125113573,8,0,8,"{'Hadamard': 8, 'CNOT': 6152, 'T': 46288}",52448,8,0,0,8,46296,6152,46288
a_8_quadratic_02,3*x_0*x_0 + 2*x_0*x_1 + 1*x_0*x_2 + 2*x_0*x_3 + 1*x_0*x_4 + 2*x_0*x_5 + 3*x_0*x_6 + 1*x_0*x_7 + 3*x_1*x_1 + 3*x_1*x_2 + 1*x_1*x_3 + 1*x_1*x_4 + 3*x_1*x_5 + 3*x_1*x_6 + 3*x_1*x_7 + 3*x_2*x_2 + 1*x_2*x_3 + 1*x_2*x_4 + 3*x_2*x_5 + 2*x_2*x_6 + 2*x_2*x_7 + 1*x_3*x_3 + 3*x_3*x_4 + 3*x_3*x_5 + 1*x_3*x_6 + 2*x_3*x_7 + 2*x_4*x_4 + 2*x_4*x_5 + 1*x_4*x_6 + 2*x_4*x_7 + 1*x_5*x_5 + 1*x_5*x_6 + 3*x_5*x_7 + 2*x_6*x_6 + 1*x_6*x_7 + 2*x_7*x_7 <= 28,quadratic,8,complete,nisq,penalty_cost_layer,unit_penalty,,,8,5,13,"{'CNOT': 1360, 'RZ': 357}",1717,13,0,0,13,357,1360,0
a_8_quadratic_02,3*x_0*x_0 + 2*x_0*x_1 + 1*x_0*x_2 + 2*x_0*x_3 + 1*x_0*x_4 + 2*x_0*x_5 + 3*x_0*x_6 + 1*x_0*x_7 + 3*x_1*x_1 + 3*x_1*x_2 + 1*x_1*x_3 + 1*x_1*x_4 + 3*x_1*x_5 + 3*x_1*x_6 + 3*x_1*x_7 + 3*x_2*x_2 + 1*x_2*x_3 + 1*x_2*x_4 + 3*x_2*x_5 + 2*x_2*x_6 + 2*x_2*x_7 + 1*x_3*x_3 + 3*x_3*x_4 + 3*x_3*x_5 + 1*x_3*x_6 + 2*x_3*x_7 + 2*x_4*x_4 + 2*x_4*x_5 + 1*x_4*x_6 + 2*x_4*x_7 + 1*x_5*x_5 + 1*x_5*x_6 + 3*x_5*x_7 + 2*x_6*x_6 + 1*x_6*x_7 + 2*x_7*x_7 <= 28,quadratic,8,complete,ftqc,penalty_cost_layer,unit_penalty,,,8,5,13,"{'CNOT': 1360, 'T': 15708}",17068,13,0,0,13,15708,1360,15708
